Gene description	Synonyms
1,4-alpha-glucan branching enzyme 1	GBE-1; GBE1
1-acylglycerol-3-phosphate O-acyltransferase 1	1-acylglycerol-3-phosphate O-acyltransferase-1; AGPAT-1; AGPAT1
1-acylglycerol-3-phosphate O-acyltransferase 2	1-acylglycerol-3-phosphate O-acyltransferase-2; AGPAT-2; AGPAT2
1-acylglycerol-3-phosphate O-acyltransferase 3	1-acylglycerol-3-phosphate O-acyltransferase-3; AGPAT-3; AGPAT3
1-acylglycerol-3-phosphate O-acyltransferase 4	1-acylglycerol-3-phosphate O-acyltransferase-4; AGPAT-4; AGPAT4
1-acylglycerol-3-phosphate O-acyltransferase 5	1-acylglycerol-3-phosphate O-acyltransferase-5; AGPAT-5; AGPAT5
1-aminocyclopropane-1-carboxylate synthase homolog (inactive)	ACCS
15-hydroxyprostaglandin dehydrogenase	HPGD
2',3'-cyclic nucleotide 3' phosphodiesterase	CNP
2'-5'-oligoadenylate synthetase 1	2'-5'-oligoadenylate synthetase-1; OAS-1; OAS1
2'-5'-oligoadenylate synthetase 2	2'-5'-oligoadenylate synthetase-2; OAS-2; OAS2
2'-5'-oligoadenylate synthetase 3	2'-5'-oligoadenylate synthetase-3; OAS-3; OAS3
2'-5'-oligoadenylate synthetase like	OASL
2'-deoxynucleoside 5'-phosphate N-hydrolase 1	DNPH-1; DNPH1
2,4-dienoyl-CoA reductase 1	2,4-dienoyl-CoA reductase-1; DECR-1; DECR1
2,4-dienoyl-CoA reductase 2	2,4-dienoyl-CoA reductase-2; DECR-2; DECR2
2-aminoethanethiol dioxygenase	ADO
2-hydroxyacyl-CoA lyase 1	2-hydroxyacyl-CoA lyase-1; HACL-1; HACL1
2-oxoglutarate and iron dependent oxygenase domain containing 1	OGFOD-1; OGFOD1
2-oxoglutarate and iron dependent oxygenase domain containing 2	OGFOD-2; OGFOD2
2-oxoglutarate and iron dependent oxygenase domain containing 3	OGFOD-3; OGFOD3
2-phosphoxylose phosphatase 1	2-phosphoxylose phosphatase-1; PXYLP-1; PXYLP1
24-dehydrocholesterol reductase	DHCR-24; DHCR24
3'(2'), 5'-bisphosphate nucleotidase 1	BPNT-1; BPNT1
3'(2'), 5'-bisphosphate nucleotidase 2	BPNT-2; BPNT2
3'-phosphoadenosine 5'-phosphosulfate synthase 1	PAPSS-1; PAPSS1
3'-phosphoadenosine 5'-phosphosulfate synthase 2	PAPSS-2; PAPSS2
3-hydroxy-3-methylglutaryl-CoA lyase	HMGCL
3-hydroxy-3-methylglutaryl-CoA reductase	HMGCR
3-hydroxy-3-methylglutaryl-CoA synthase 1	3-hydroxy-3-methylglutaryl-CoA synthase-1; HMGCS-1; HMGCS1
3-hydroxy-3-methylglutaryl-CoA synthase 2	3-hydroxy-3-methylglutaryl-CoA synthase-2; HMGCS-2; HMGCS2
3-hydroxyacyl-CoA dehydratase 1	3-hydroxyacyl-CoA dehydratase-1; HACD-1; HACD1
3-hydroxyacyl-CoA dehydratase 2	3-hydroxyacyl-CoA dehydratase-2; HACD-2; HACD2
3-hydroxyacyl-CoA dehydratase 3	3-hydroxyacyl-CoA dehydratase-3; HACD-3; HACD3
3-hydroxyacyl-CoA dehydratase 4	3-hydroxyacyl-CoA dehydratase-4; HACD-4; HACD4
3-hydroxyanthranilate 3,4-dioxygenase	HAAO
3-hydroxybutyrate dehydrogenase 1	3-hydroxybutyrate dehydrogenase-1; BDH-1; BDH1
3-hydroxybutyrate dehydrogenase 2	3-hydroxybutyrate dehydrogenase-2; BDH-2; BDH2
3-hydroxyisobutyrate dehydrogenase	HIBADH
3-hydroxyisobutyryl-CoA hydrolase	HIBCH
3-hydroxymethyl-3-methylglutaryl-CoA lyase like 1	HMGCLL-1; HMGCLL1
3-ketodihydrosphingosine reductase	KDSR
3-oxoacid CoA-transferase 1	3-oxoacid CoA-transferase-1; OXCT-1; OXCT1
3-oxoacyl-ACP synthase, mitochondrial	OXSM
3-phosphoinositide dependent protein kinase 1	PDPK-1; PDPK1
4-aminobutyrate aminotransferase	ABAT
4-hydroxy-2-oxoglutarate aldolase 1	4-hydroxy-2-oxoglutarate aldolase-1; HOGA-1; HOGA1
4-hydroxyphenylpyruvate dioxygenase	HPD
4-hydroxyphenylpyruvate dioxygenase like	HPDL
5', 3'-nucleotidase, cytosolic	NT5C
5',3'-nucleotidase, mitochondrial	NT5M
5'-3' exoribonuclease 1	5'-3' exoribonuclease-1; XRN-1; XRN1
5'-3' exoribonuclease 2	5'-3' exoribonuclease-2; XRN-2; XRN2
5'-aminolevulinate synthase 1	5'-aminolevulinate synthase-1; ALAS-1; ALAS1
5'-aminolevulinate synthase 2	5'-aminolevulinate synthase-2; ALAS-2; ALAS2
5'-nucleotidase domain containing 1	NT5DC1
5'-nucleotidase domain containing 2	NT5DC2
5'-nucleotidase domain containing 3	NT5DC3
5'-nucleotidase ecto	NT5E
5'-nucleotidase, cytosolic IA	NT5C1A
5'-nucleotidase, cytosolic II	NT5C2
5'-nucleotidase, cytosolic IIIA	NT5C3A
5'-nucleotidase, cytosolic IIIB	NT5C3B
5-aminoimidazole-4-carboxamide ribonucleotide formyltransferase/IMP cyclohydrolase	ATIC
5-azacytidine induced 2	5-azacytidine induced-2; AZI-2; AZI2
5-hydroxymethylcytosine binding, ES cell specific	HMCES
5-hydroxytryptamine receptor 1A	HTR1A
5-hydroxytryptamine receptor 1B	HTR1B
5-hydroxytryptamine receptor 1D	HTR1D
5-hydroxytryptamine receptor 1E	HTR1E
5-hydroxytryptamine receptor 1F	HTR1F
5-hydroxytryptamine receptor 2A	HTR2A
5-hydroxytryptamine receptor 2B	HTR2B
5-hydroxytryptamine receptor 2C	HTR2C
5-hydroxytryptamine receptor 3A	HTR3A
5-hydroxytryptamine receptor 3B	HTR3B
5-hydroxytryptamine receptor 3C	HTR3C
5-hydroxytryptamine receptor 3D	HTR3D
5-hydroxytryptamine receptor 3E	HTR3E
5-hydroxytryptamine receptor 4	5-hydroxytryptamine receptor-4; HTR-4; HTR4
5-hydroxytryptamine receptor 5A	HTR5A
5-hydroxytryptamine receptor 6	5-hydroxytryptamine receptor-6; HTR-6; HTR6
5-hydroxytryptamine receptor 7	5-hydroxytryptamine receptor-7; HTR-7; HTR7
5-methyltetrahydrofolate-homocysteine methyltransferase	MTR
5-methyltetrahydrofolate-homocysteine methyltransferase reductase	MTRR
5-oxoprolinase, ATP-hydrolysing	OPLAH
5-phosphohydroxy-L-lysine phospho-lyase	PHYKPL
6-phosphofructo-2-kinase/fructose-2,6-biphosphatase 1	6-phosphofructo-2-kinase/fructose-2,6-biphosphatase-1; PFKFB-1; PFKFB1
6-phosphofructo-2-kinase/fructose-2,6-biphosphatase 2	6-phosphofructo-2-kinase/fructose-2,6-biphosphatase-2; PFKFB-2; PFKFB2
6-phosphofructo-2-kinase/fructose-2,6-biphosphatase 3	6-phosphofructo-2-kinase/fructose-2,6-biphosphatase-3; PFKFB-3; PFKFB3
6-phosphofructo-2-kinase/fructose-2,6-biphosphatase 4	6-phosphofructo-2-kinase/fructose-2,6-biphosphatase-4; PFKFB-4; PFKFB4
6-phosphogluconolactonase	PGLS
6-pyruvoyltetrahydropterin synthase	PTS
7-dehydrocholesterol reductase	DHCR-7; DHCR7
8-oxoguanine DNA glycosylase	OGG-1; OGG1
A-kinase anchor inhibitor 1	AKAIN-1; AKAIN1
A-kinase anchoring protein 1	AKAP-1; AKAP1
A-kinase anchoring protein 10	AKAP-10; AKAP10
A-kinase anchoring protein 11	AKAP-11; AKAP11
A-kinase anchoring protein 12	AKAP-12; AKAP12
A-kinase anchoring protein 13	AKAP-13; AKAP13
A-kinase anchoring protein 14	AKAP-14; AKAP14
A-kinase anchoring protein 17A	AKAP17A
A-kinase anchoring protein 3	AKAP-3; AKAP3
A-kinase anchoring protein 4	AKAP-4; AKAP4
A-kinase anchoring protein 5	AKAP-5; AKAP5
A-kinase anchoring protein 6	AKAP-6; AKAP6
A-kinase anchoring protein 7	AKAP-7; AKAP7
A-kinase anchoring protein 8	AKAP-8; AKAP8
A-kinase anchoring protein 8 like	AKAP8L
A-kinase anchoring protein 9	AKAP-9; AKAP9
A-kinase interacting protein 1	AKIP-1; AKIP1
A-Raf proto-oncogene, serine/threonine kinase	ARAF
AAR2 splicing factor	AAR-2; AAR2
AarF domain containing kinase 1	ADCK-1; ADCK1
AarF domain containing kinase 2	ADCK-2; ADCK2
AarF domain containing kinase 5	ADCK-5; ADCK5
Abelson helper integration site 1	AHI-1; AHI1
Abhydrolase domain containing 1	ABHD-1; ABHD1
Abhydrolase domain containing 10, depalmitoylase	ABHD-10; ABHD10
Abhydrolase domain containing 11	ABHD-11; ABHD11
Abhydrolase domain containing 12, lysophospholipase	ABHD-12; ABHD12
Abhydrolase domain containing 12B	ABHD12B
Abhydrolase domain containing 14B	ABHD14B
Abhydrolase domain containing 15	ABHD-15; ABHD15
Abhydrolase domain containing 16A, phospholipase	ABHD16A
Abhydrolase domain containing 17A, depalmitoylase	ABHD17A
Abhydrolase domain containing 17B, depalmitoylase	ABHD17B
Abhydrolase domain containing 17C, depalmitoylase	ABHD17C
Abhydrolase domain containing 2, acylglycerol lipase	ABHD-2; ABHD2
Abhydrolase domain containing 4, N-acyl phospholipase B	ABHD-4; ABHD4
Abhydrolase domain containing 5, lysophosphatidic acid acyltransferase	ABHD-5; ABHD5
Abhydrolase domain containing 6, acylglycerol lipase	ABHD-6; ABHD6
Abhydrolase domain containing 8	ABHD-8; ABHD8
ABI family member 3	ABI-3; ABI3
ABI family member 3 binding protein	ABI3BP
Abl interactor 1	ABI-1; ABI1; Abl interactor-1
Abl interactor 2	ABI-2; ABI2; Abl interactor-2
ABL proto-oncogene 1, non-receptor tyrosine kinase	ABL-1; ABL1
ABL proto-oncogene 2, non-receptor tyrosine kinase	ABL-2; ABL2
ABR activator of RhoGEF and GTPase	ABR
ABRA C-terminal like	ABRACL
Abraxas 1, BRCA1 A complex subunit	ABRAXAS-1; ABRAXAS1
Abraxas 2, BRISC complex subunit	ABRAXAS-2; ABRAXAS2
Absent in melanoma 2	AIM-2; AIM2
ACD shelterin complex subunit and telomerase recruitment factor	ACD
Acetoacetyl-CoA synthetase	AACS
Acetyl-CoA acetyltransferase 1	ACAT-1; ACAT1; Acetyl-CoA acetyltransferase-1
Acetyl-CoA acetyltransferase 2	ACAT-2; ACAT2; Acetyl-CoA acetyltransferase-2
Acetyl-CoA acyltransferase 1	ACAA-1; ACAA1; Acetyl-CoA acyltransferase-1
Acetyl-CoA acyltransferase 2	ACAA-2; ACAA2; Acetyl-CoA acyltransferase-2
Acetyl-CoA carboxylase alpha	ACACA
Acetyl-CoA carboxylase beta	ACACB
Acetylcholinesterase (Cartwright blood group)	ACHE
Acetylserotonin O-methyltransferase	ASMT
Acetylserotonin O-methyltransferase like	ASMTL
Achaete-scute family bHLH transcription factor 1	ASCL-1; ASCL1
Achaete-scute family bHLH transcription factor 2	ASCL-2; ASCL2
Achaete-scute family bHLH transcription factor 3	ASCL-3; ASCL3
Achaete-scute family bHLH transcription factor 4	ASCL-4; ASCL4
Acid phosphatase 1	Acid phosphatase-1; ACP-1; ACP1
Acid phosphatase 2, lysosomal	ACP-2; ACP2
Acid phosphatase 3	Acid phosphatase-3; ACP-3; ACP3
Acid phosphatase 4	Acid phosphatase-4; ACP-4; ACP4
Acid phosphatase 5, tartrate resistant	ACP-5; ACP5
Acid phosphatase 6, lysophosphatidic	ACP-6; ACP6
Acid sensing ion channel subunit 1	ASIC-1; ASIC1
Acid sensing ion channel subunit 2	ASIC-2; ASIC2
Acid sensing ion channel subunit 3	ASIC-3; ASIC3
Acid sensing ion channel subunit family member 4	ASIC-4; ASIC4
Acid sensing ion channel subunit family member 5	ASIC-5; ASIC5
Acidic nuclear phosphoprotein 32 family member A	ANP32A
Acidic nuclear phosphoprotein 32 family member B	ANP32B
Acidic nuclear phosphoprotein 32 family member E	ANP32E
Acidic residue methyltransferase 1	ARMT-1; ARMT1
Acireductone dioxygenase 1	Acireductone dioxygenase-1; ADI-1; ADI1
Aconitase 1	ACO-1; ACO1; Aconitase-1
Aconitase 2	ACO-2; ACO2; Aconitase-2
Aconitate decarboxylase 1	ACOD-1; ACOD1; Aconitate decarboxylase-1
Acrosin	ACR
Acrosomal vesicle protein 1	ACRV-1; ACRV1
Actin alpha 1, skeletal muscle	ACTA-1; ACTA1
Actin alpha 2, smooth muscle	ACTA-2; ACTA2
Actin alpha cardiac muscle 1	ACTC-1; ACTC1
Actin beta	ACTB
Actin beta like 2	ACTBL-2; ACTBL2
Actin binding LIM protein 1	ABLIM-1; ABLIM1
Actin binding LIM protein family member 2	ABLIM-2; ABLIM2
Actin binding LIM protein family member 3	ABLIM-3; ABLIM3
Actin binding Rho activating protein	ABRA
Actin binding transcription modulator	ABITRAM
Actin filament associated protein 1	AFAP-1; AFAP1
Actin filament associated protein 1 like 1	AFAP1L1
Actin filament associated protein 1 like 2	AFAP1L2
Actin gamma 1	ACTG-1; ACTG1; Actin gamma-1
Actin gamma 2, smooth muscle	ACTG-2; ACTG2
Actin like 6A	ACTL6A
Actin like 6B	ACTL6B
Actin like 7A	ACTL7A
Actin like 7B	ACTL7B
Actin like 8	Actin like-8; ACTL-8; ACTL8
Actin like 9	Actin like-9; ACTL-9; ACTL9
Actin related protein 10	ACTR-10; ACTR10
Actin related protein 1A	ACTR1A
Actin related protein 1B	ACTR1B
Actin related protein 2	ACTR-2; ACTR2
Actin related protein 2/3 complex inhibitor	ARPIN
Actin related protein 2/3 complex subunit 1A	ARPC1A
Actin related protein 2/3 complex subunit 1B	ARPC1B
Actin related protein 2/3 complex subunit 2	ARPC-2; ARPC2
Actin related protein 2/3 complex subunit 3	ARPC-3; ARPC3
Actin related protein 2/3 complex subunit 4	ARPC-4; ARPC4
Actin related protein 2/3 complex subunit 5	ARPC-5; ARPC5
Actin related protein 2/3 complex subunit 5 like	ARPC5L
Actin related protein 3	ACTR-3; ACTR3
Actin related protein 5	ACTR-5; ACTR5
Actin related protein 6	ACTR-6; ACTR6
Actin related protein 8	ACTR-8; ACTR8
Actinin alpha 1	Actinin alpha-1; ACTN-1; ACTN1
Actinin alpha 2	Actinin alpha-2; ACTN-2; ACTN2
Actinin alpha 3	Actinin alpha-3; ACTN-3; ACTN3
Actinin alpha 4	Actinin alpha-4; ACTN-4; ACTN4
Activated leukocyte cell adhesion molecule	ALCAM
Activating signal cointegrator 1 complex subunit 1	ASCC-1; ASCC1
Activating signal cointegrator 1 complex subunit 2	ASCC-2; ASCC2
Activating signal cointegrator 1 complex subunit 3	ASCC-3; ASCC3
Activating transcription factor 1	ATF-1; ATF1
Activating transcription factor 2	ATF-2; ATF2
Activating transcription factor 3	ATF-3; ATF3
Activating transcription factor 4	ATF-4; ATF4
Activating transcription factor 5	ATF-5; ATF5
Activating transcription factor 6	ATF-6; ATF6
Activating transcription factor 6 beta	ATF6B
Activating transcription factor 7	ATF-7; ATF7
Activating transcription factor 7 interacting protein	ATF7IP
Activating transcription factor 7 interacting protein 2	ATF7IP2
Activation induced cytidine deaminase	AICDA
Activator of basal transcription 1	ABT-1; ABT1
Activator of HSP90 ATPase activity 1	AHSA-1; AHSA1
Activator of transcription and developmental regulator AUTS2	AUTS-2; AUTS2
Activin A receptor like type 1	ACVRL-1; ACVRL1
Activin A receptor type 1	ACVR-1; ACVR1
Activin A receptor type 1B	ACVR1B
Activin A receptor type 1C	ACVR1C
Activin A receptor type 2A	ACVR2A
Activin A receptor type 2B	ACVR2B
Activity dependent neuroprotector homeobox	ADNP
Activity regulated cytoskeleton associated protein	ARC
Acyl-CoA binding domain containing 3	ACBD-3; ACBD3
Acyl-CoA binding domain containing 4	ACBD-4; ACBD4
Acyl-CoA binding domain containing 5	ACBD-5; ACBD5
Acyl-CoA binding domain containing 6	ACBD-6; ACBD6
Acyl-CoA binding domain containing 7	ACBD-7; ACBD7
Acyl-CoA dehydrogenase family member 10	ACAD-10; ACAD10
Acyl-CoA dehydrogenase family member 11	ACAD-11; ACAD11
Acyl-CoA dehydrogenase family member 8	ACAD-8; ACAD8
Acyl-CoA dehydrogenase family member 9	ACAD-9; ACAD9
Acyl-CoA dehydrogenase long chain	ACADL
Acyl-CoA dehydrogenase medium chain	ACADM
Acyl-CoA dehydrogenase short chain	ACADS
Acyl-CoA dehydrogenase short/branched chain	ACADSB
Acyl-CoA dehydrogenase very long chain	ACADVL
Acyl-CoA oxidase 1	ACOX-1; ACOX1; Acyl-CoA oxidase-1
Acyl-CoA oxidase 2	ACOX-2; ACOX2; Acyl-CoA oxidase-2
Acyl-CoA oxidase 3, pristanoyl	ACOX-3; ACOX3
Acyl-CoA synthetase bubblegum family member 1	ACSBG-1; ACSBG1
Acyl-CoA synthetase bubblegum family member 2	ACSBG-2; ACSBG2
Acyl-CoA synthetase family member 2	ACSF-2; ACSF2
Acyl-CoA synthetase family member 3	ACSF-3; ACSF3
Acyl-CoA synthetase long chain family member 1	ACSL-1; ACSL1
Acyl-CoA synthetase long chain family member 3	ACSL-3; ACSL3
Acyl-CoA synthetase long chain family member 4	ACSL-4; ACSL4
Acyl-CoA synthetase long chain family member 5	ACSL-5; ACSL5
Acyl-CoA synthetase long chain family member 6	ACSL-6; ACSL6
Acyl-CoA synthetase medium chain family member 1	ACSM-1; ACSM1
Acyl-CoA synthetase medium chain family member 2A	ACSM2A
Acyl-CoA synthetase medium chain family member 2B	ACSM2B
Acyl-CoA synthetase medium chain family member 3	ACSM-3; ACSM3
Acyl-CoA synthetase medium chain family member 5	ACSM-5; ACSM5
Acyl-CoA synthetase short chain family member 1	ACSS-1; ACSS1
Acyl-CoA synthetase short chain family member 2	ACSS-2; ACSS2
Acyl-CoA synthetase short chain family member 3	ACSS-3; ACSS3
Acyl-CoA thioesterase 1	ACOT-1; ACOT1; Acyl-CoA thioesterase-1
Acyl-CoA thioesterase 11	ACOT-11; ACOT11; Acyl-CoA thioesterase-11
Acyl-CoA thioesterase 12	ACOT-12; ACOT12; Acyl-CoA thioesterase-12
Acyl-CoA thioesterase 13	ACOT-13; ACOT13; Acyl-CoA thioesterase-13
Acyl-CoA thioesterase 2	ACOT-2; ACOT2; Acyl-CoA thioesterase-2
Acyl-CoA thioesterase 4	ACOT-4; ACOT4; Acyl-CoA thioesterase-4
Acyl-CoA thioesterase 7	ACOT-7; ACOT7; Acyl-CoA thioesterase-7
Acyl-CoA thioesterase 8	ACOT-8; ACOT8; Acyl-CoA thioesterase-8
Acyl-CoA thioesterase 9	ACOT-9; ACOT9; Acyl-CoA thioesterase-9
Acyl-CoA wax alcohol acyltransferase 1	AWAT-1; AWAT1
Acyl-CoA wax alcohol acyltransferase 2	AWAT-2; AWAT2
Acylaminoacyl-peptide hydrolase	APEH
Acylglycerol kinase	AGK
Acyloxyacyl hydrolase	AOAH
Acylphosphatase 1	Acylphosphatase-1; ACYP-1; ACYP1
Acylphosphatase 2	Acylphosphatase-2; ACYP-2; ACYP2
ADAM like decysin 1	ADAMDEC-1; ADAMDEC1
ADAM metallopeptidase domain 10	ADAM-10; ADAM10
ADAM metallopeptidase domain 12	ADAM-12; ADAM12
ADAM metallopeptidase domain 15	ADAM-15; ADAM15
ADAM metallopeptidase domain 17	ADAM-17; ADAM17
ADAM metallopeptidase domain 19	ADAM-19; ADAM19
ADAM metallopeptidase domain 21	ADAM-21; ADAM21
ADAM metallopeptidase domain 22	ADAM-22; ADAM22
ADAM metallopeptidase domain 23	ADAM-23; ADAM23
ADAM metallopeptidase domain 28	ADAM-28; ADAM28
ADAM metallopeptidase domain 29	ADAM-29; ADAM29
ADAM metallopeptidase domain 30	ADAM-30; ADAM30
ADAM metallopeptidase domain 32	ADAM-32; ADAM32
ADAM metallopeptidase domain 33	ADAM-33; ADAM33
ADAM metallopeptidase domain 7	ADAM-7; ADAM7
ADAM metallopeptidase domain 8	ADAM-8; ADAM8
ADAM metallopeptidase domain 9	ADAM-9; ADAM9
ADAM metallopeptidase with thrombospondin type 1 motif 1	ADAMTS-1; ADAMTS1
ADAM metallopeptidase with thrombospondin type 1 motif 10	ADAMTS-10; ADAMTS10
ADAM metallopeptidase with thrombospondin type 1 motif 12	ADAMTS-12; ADAMTS12
ADAM metallopeptidase with thrombospondin type 1 motif 13	ADAMTS-13; ADAMTS13
ADAM metallopeptidase with thrombospondin type 1 motif 18	ADAMTS-18; ADAMTS18
ADAM metallopeptidase with thrombospondin type 1 motif 3	ADAMTS-3; ADAMTS3
ADAM metallopeptidase with thrombospondin type 1 motif 4	ADAMTS-4; ADAMTS4
ADAM metallopeptidase with thrombospondin type 1 motif 5	ADAMTS-5; ADAMTS5
ADAM metallopeptidase with thrombospondin type 1 motif 7	ADAMTS-7; ADAMTS7
ADAM metallopeptidase with thrombospondin type 1 motif 9	ADAMTS-9; ADAMTS9
ADAMTS like 1	ADAMTS like-1; ADAMTSL-1; ADAMTSL1
ADAMTS like 2	ADAMTS like-2; ADAMTSL-2; ADAMTSL2
ADAMTS like 3	ADAMTS like-3; ADAMTSL-3; ADAMTSL3
ADAMTS like 4	ADAMTS like-4; ADAMTSL-4; ADAMTSL4
Adaptor protein, phosphotyrosine interacting with PH domain and leucine zipper 1	APPL-1; APPL1
Adaptor protein, phosphotyrosine interacting with PH domain and leucine zipper 2	APPL-2; APPL2
Adaptor related protein complex 1 associated regulatory protein	AP1AR
Adaptor related protein complex 1 subunit beta 1	AP1B1
Adaptor related protein complex 1 subunit gamma 1	AP1G1
Adaptor related protein complex 1 subunit gamma 2	AP1G2
Adaptor related protein complex 1 subunit mu 1	AP1M1
Adaptor related protein complex 1 subunit mu 2	AP1M2
Adaptor related protein complex 1 subunit sigma 1	AP1S1
Adaptor related protein complex 1 subunit sigma 2	AP1S2
Adaptor related protein complex 1 subunit sigma 3	AP1S3
Adaptor related protein complex 2 subunit alpha 1	AP2A1
Adaptor related protein complex 2 subunit alpha 2	AP2A2
Adaptor related protein complex 2 subunit beta 1	AP2B1
Adaptor related protein complex 2 subunit mu 1	AP2M1
Adaptor related protein complex 2 subunit sigma 1	AP2S1
Adaptor related protein complex 3 subunit beta 1	AP3B1
Adaptor related protein complex 3 subunit beta 2	AP3B2
Adaptor related protein complex 3 subunit delta 1	AP3D1
Adaptor related protein complex 3 subunit mu 1	AP3M1
Adaptor related protein complex 3 subunit mu 2	AP3M2
Adaptor related protein complex 3 subunit sigma 1	AP3S1
Adaptor related protein complex 4 subunit beta 1	AP4B1
Adaptor related protein complex 4 subunit epsilon 1	AP4E1
Adaptor related protein complex 4 subunit mu 1	AP4M1
Adaptor related protein complex 4 subunit sigma 1	AP4S1
Adaptor related protein complex 5 subunit beta 1	AP5B1
Adaptor related protein complex 5 subunit mu 1	AP5M1
Adaptor related protein complex 5 subunit sigma 1	AP5S1
Adaptor related protein complex 5 subunit zeta 1	AP5Z1
ADCYAP receptor type I	ADCYAP1R1
Adducin 1	ADD-1; ADD1; Adducin-1
Adducin 2	ADD-2; ADD2; Adducin-2
Adducin 3	ADD-3; ADD3; Adducin-3
Adenine nucleotide translocase lysine methyltransferase	ANTKMT
Adenine phosphoribosyltransferase	APRT
Adenosine A1 receptor	ADORA-1; ADORA1
Adenosine A2a receptor	ADORA2A
Adenosine A2b receptor	ADORA2B
Adenosine A3 receptor	ADORA-3; ADORA3
Adenosine deaminase	ADA
Adenosine deaminase 2	ADA-2; ADA2; Adenosine deaminase-2
Adenosine deaminase like	ADAL
Adenosine deaminase RNA specific	ADAR
Adenosine deaminase RNA specific B1	ADARB-1; ADARB1
Adenosine deaminase RNA specific B2 (inactive)	ADARB-2; ADARB2
Adenosine deaminase tRNA specific 1	ADAT-1; ADAT1
Adenosine deaminase tRNA specific 2	ADAT-2; ADAT2
Adenosine kinase	ADK
Adenosine monophosphate deaminase 1	AMPD-1; AMPD1
Adenosine monophosphate deaminase 2	AMPD-2; AMPD2
Adenosine monophosphate deaminase 3	AMPD-3; AMPD3
Adenosylhomocysteinase	AHCY
Adenosylhomocysteinase like 1	Adenosylhomocysteinase like-1; AHCYL-1; AHCYL1
Adenosylhomocysteinase like 2	Adenosylhomocysteinase like-2; AHCYL-2; AHCYL2
Adenosylmethionine decarboxylase 1	Adenosylmethionine decarboxylase-1; AMD-1; AMD1
Adenylate cyclase 1	ADCY-1; ADCY1; Adenylate cyclase-1
Adenylate cyclase 10	ADCY-10; ADCY10; Adenylate cyclase-10
Adenylate cyclase 2	ADCY-2; ADCY2; Adenylate cyclase-2
Adenylate cyclase 3	ADCY-3; ADCY3; Adenylate cyclase-3
Adenylate cyclase 4	ADCY-4; ADCY4; Adenylate cyclase-4
Adenylate cyclase 5	ADCY-5; ADCY5; Adenylate cyclase-5
Adenylate cyclase 6	ADCY-6; ADCY6; Adenylate cyclase-6
Adenylate cyclase 7	ADCY-7; ADCY7; Adenylate cyclase-7
Adenylate cyclase 8	ADCY-8; ADCY8; Adenylate cyclase-8
Adenylate cyclase 9	ADCY-9; ADCY9; Adenylate cyclase-9
Adenylate cyclase activating polypeptide 1	ADCYAP-1; ADCYAP1
Adenylate kinase 1	Adenylate kinase-1; AK-1; AK1
Adenylate kinase 2	Adenylate kinase-2; AK-2; AK2
Adenylate kinase 3	Adenylate kinase-3; AK-3; AK3
Adenylate kinase 4	Adenylate kinase-4; AK-4; AK4
Adenylate kinase 5	Adenylate kinase-5; AK-5; AK5
Adenylate kinase 6	Adenylate kinase-6; AK-6; AK6
Adenylate kinase 7	Adenylate kinase-7; AK-7; AK7
Adenylate kinase 8	Adenylate kinase-8; AK-8; AK8
Adenylate kinase 9	Adenylate kinase-9; AK-9; AK9
Adenylosuccinate lyase	ADSL
Adenylosuccinate synthase 1	Adenylosuccinate synthase-1; ADSS-1; ADSS1
Adenylosuccinate synthase 2	Adenylosuccinate synthase-2; ADSS-2; ADSS2
Adherens junctions associated protein 1	AJAP-1; AJAP1
Adhesion G protein-coupled receptor A2	ADGRA-2; ADGRA2
Adhesion G protein-coupled receptor A3	ADGRA-3; ADGRA3
Adhesion G protein-coupled receptor B1	ADGRB-1; ADGRB1
Adhesion G protein-coupled receptor B2	ADGRB-2; ADGRB2
Adhesion G protein-coupled receptor B3	ADGRB-3; ADGRB3
Adhesion G protein-coupled receptor D1	ADGRD-1; ADGRD1
Adhesion G protein-coupled receptor E2	ADGRE-2; ADGRE2
Adhesion G protein-coupled receptor E5	ADGRE-5; ADGRE5
Adhesion G protein-coupled receptor F1	ADGRF-1; ADGRF1
Adhesion G protein-coupled receptor F4	ADGRF-4; ADGRF4
Adhesion G protein-coupled receptor F5	ADGRF-5; ADGRF5
Adhesion G protein-coupled receptor G1	ADGRG-1; ADGRG1
Adhesion G protein-coupled receptor G2	ADGRG-2; ADGRG2
Adhesion G protein-coupled receptor G3	ADGRG-3; ADGRG3
Adhesion G protein-coupled receptor G4	ADGRG-4; ADGRG4
Adhesion G protein-coupled receptor G5	ADGRG-5; ADGRG5
Adhesion G protein-coupled receptor G6	ADGRG-6; ADGRG6
Adhesion G protein-coupled receptor G7	ADGRG-7; ADGRG7
Adhesion G protein-coupled receptor L1	ADGRL-1; ADGRL1
Adhesion G protein-coupled receptor L2	ADGRL-2; ADGRL2
Adhesion G protein-coupled receptor L3	ADGRL-3; ADGRL3
Adhesion G protein-coupled receptor L4	ADGRL-4; ADGRL4
Adhesion G protein-coupled receptor V1	ADGRV-1; ADGRV1
Adhesion molecule with Ig like domain 1	AMIGO-1; AMIGO1
Adhesion molecule with Ig like domain 2	AMIGO-2; AMIGO2
Adipocyte plasma membrane associated protein	APMAP
Adipogenesis associated Mth938 domain containing	AAMDC
Adipogenesis regulatory factor	ADIRF
Adiponectin receptor 1	Adiponectin receptor-1; ADIPOR-1; ADIPOR1
Adiponectin receptor 2	Adiponectin receptor-2; ADIPOR-2; ADIPOR2
Adiponectin, C1Q and collagen domain containing	ADIPOQ
ADNP homeobox 2	ADNP homeobox-2; ADNP-2; ADNP2
ADP dependent glucokinase	ADPGK
ADP ribosylation factor 1	ARF-1; ARF1
ADP ribosylation factor 3	ARF-3; ARF3
ADP ribosylation factor 4	ARF-4; ARF4
ADP ribosylation factor 5	ARF-5; ARF5
ADP ribosylation factor 6	ARF-6; ARF6
ADP ribosylation factor GTPase activating protein 1	ARFGAP-1; ARFGAP1
ADP ribosylation factor GTPase activating protein 2	ARFGAP-2; ARFGAP2
ADP ribosylation factor GTPase activating protein 3	ARFGAP-3; ARFGAP3
ADP ribosylation factor guanine nucleotide exchange factor 1	ARFGEF-1; ARFGEF1
ADP ribosylation factor guanine nucleotide exchange factor 2	ARFGEF-2; ARFGEF2
ADP ribosylation factor interacting protein 1	ARFIP-1; ARFIP1
ADP ribosylation factor interacting protein 2	ARFIP-2; ARFIP2
ADP ribosylation factor like GTPase 1	ARL-1; ARL1
ADP ribosylation factor like GTPase 11	ARL-11; ARL11
ADP ribosylation factor like GTPase 13B	ARL13B
ADP ribosylation factor like GTPase 14	ARL-14; ARL14
ADP ribosylation factor like GTPase 14 effector protein	ARL14EP
ADP ribosylation factor like GTPase 15	ARL-15; ARL15
ADP ribosylation factor like GTPase 2	ARL-2; ARL2
ADP ribosylation factor like GTPase 2 binding protein	ARL2BP
ADP ribosylation factor like GTPase 3	ARL-3; ARL3
ADP ribosylation factor like GTPase 4A	ARL4A
ADP ribosylation factor like GTPase 4C	ARL4C
ADP ribosylation factor like GTPase 4D	ARL4D
ADP ribosylation factor like GTPase 5A	ARL5A
ADP ribosylation factor like GTPase 5B	ARL5B
ADP ribosylation factor like GTPase 6	ARL-6; ARL6
ADP ribosylation factor like GTPase 6 interacting protein 1	ARL6IP1
ADP ribosylation factor like GTPase 6 interacting protein 4	ARL6IP4
ADP ribosylation factor like GTPase 6 interacting protein 5	ARL6IP5
ADP ribosylation factor like GTPase 6 interacting protein 6	ARL6IP6
ADP ribosylation factor like GTPase 8A	ARL8A
ADP ribosylation factor like GTPase 8B	ARL8B
ADP ribosylation factor related protein 1	ARFRP-1; ARFRP1
ADP-ribose/CDP-alcohol diphosphatase, manganese dependent	ADPRM
ADP-ribosylarginine hydrolase	ADPRH
ADP-ribosylserine hydrolase	ADPRS
ADP-ribosyltransferase 3 (inactive)	ART-3; ART3
Adrenoceptor alpha 1A	ADRA1A
Adrenoceptor alpha 1B	ADRA1B
Adrenoceptor alpha 1D	ADRA1D
Adrenoceptor alpha 2A	ADRA2A
Adrenoceptor alpha 2B	ADRA2B
Adrenoceptor alpha 2C	ADRA2C
Adrenoceptor beta 1	ADRB-1; ADRB1; Adrenoceptor beta-1
Adrenoceptor beta 2	ADRB-2; ADRB2; Adrenoceptor beta-2
Adrenoceptor beta 3	ADRB-3; ADRB3; Adrenoceptor beta-3
Adrenomedullin	ADM
Adrenomedullin 2	ADM-2; ADM2; Adrenomedullin-2
ADRM1 26S proteasome ubiquitin receptor	ADRM-1; ADRM1
Advanced glycosylation end-product specific receptor	AGER
Advillin	AVIL
AE binding protein 1	AEBP-1; AEBP1
AE binding protein 2	AEBP-2; AEBP2
Afadin, adherens junction formation factor	AFDN
Afamin	AFM
AFG1 like ATPase	AFG1L
AFG3 like matrix AAA peptidase subunit 2	AFG3L2
Aftiphilin	AFTPH
AGBL carboxypeptidase 1	AGBL carboxypeptidase-1; AGBL-1; AGBL1
AGBL carboxypeptidase 2	AGBL carboxypeptidase-2; AGBL-2; AGBL2
AGBL carboxypeptidase 5	AGBL carboxypeptidase-5; AGBL-5; AGBL5
Age-related maculopathy susceptibility 2	ARMS-2; ARMS2
Aggrecan	ACAN
Agmatinase	AGMAT
Agouti related neuropeptide	AGRP
Agouti signaling protein	ASIP
Agrin	AGRN
AHNAK nucleoprotein	AHNAK
AHNAK nucleoprotein 2	AHNAK nucleoprotein-2; AHNAK-2; AHNAK2
Ajuba LIM protein	AJUBA
Akirin 1	Akirin-1; AKIRIN-1; AKIRIN1
Akirin 2	AKIRIN-2; Akirin-2; AKIRIN2
AKNA domain containing 1	AKNAD-1; AKNAD1
AKT interacting protein	AKTIP
AKT serine/threonine kinase 1	AKT-1; AKT1
AKT serine/threonine kinase 2	AKT-2; AKT2
AKT serine/threonine kinase 3	AKT-3; AKT3
AKT1 substrate 1	AKT1 substrate-1; AKT1S1
Aladin WD repeat nucleoporin	AAAS
Alanine and arginine rich domain containing protein	AARD
Alanine--glyoxylate aminotransferase	AGXT
Alanine--glyoxylate aminotransferase 2	AGXT-2; AGXT2; Alanine--glyoxylate aminotransferase-2
Alanyl aminopeptidase, membrane	ANPEP
Alanyl-tRNA synthetase 1	AARS-1; AARS1; Alanyl-tRNA synthetase-1
Alanyl-tRNA synthetase 2, mitochondrial	AARS-2; AARS2
Alanyl-tRNA synthetase domain containing 1	AARSD-1; AARSD1
Albumin	ALB
Alcohol dehydrogenase 1A (class I), alpha polypeptide	ADH1A
Alcohol dehydrogenase 1B (class I), beta polypeptide	ADH1B
Alcohol dehydrogenase 1C (class I), gamma polypeptide	ADH1C
Alcohol dehydrogenase 4 (class II), pi polypeptide	ADH-4; ADH4
Alcohol dehydrogenase 5 (class III), chi polypeptide	ADH-5; ADH5
Alcohol dehydrogenase 6 (class V)	ADH-6; ADH6
Alcohol dehydrogenase 7 (class IV), mu or sigma polypeptide	ADH-7; ADH7
Alcohol dehydrogenase iron containing 1	ADHFE-1; ADHFE1
Aldehyde dehydrogenase 1 family member A1	ALDH1A1
Aldehyde dehydrogenase 1 family member A2	ALDH1A2
Aldehyde dehydrogenase 1 family member A3	ALDH1A3
Aldehyde dehydrogenase 1 family member B1	ALDH1B1
Aldehyde dehydrogenase 1 family member L1	ALDH1L1
Aldehyde dehydrogenase 1 family member L2	ALDH1L2
Aldehyde dehydrogenase 16 family member A1	ALDH16A1
Aldehyde dehydrogenase 18 family member A1	ALDH18A1
Aldehyde dehydrogenase 2 family member	ALDH-2; ALDH2
Aldehyde dehydrogenase 3 family member A1	ALDH3A1
Aldehyde dehydrogenase 3 family member A2	ALDH3A2
Aldehyde dehydrogenase 3 family member B1	ALDH3B1
Aldehyde dehydrogenase 4 family member A1	ALDH4A1
Aldehyde dehydrogenase 5 family member A1	ALDH5A1
Aldehyde dehydrogenase 6 family member A1	ALDH6A1
Aldehyde dehydrogenase 7 family member A1	ALDH7A1
Aldehyde dehydrogenase 8 family member A1	ALDH8A1
Aldehyde dehydrogenase 9 family member A1	ALDH9A1
Aldehyde oxidase 1	Aldehyde oxidase-1; AOX-1; AOX1
Aldo-keto reductase family 1 member A1	AKR1A1
Aldo-keto reductase family 1 member B	AKR1B1
Aldo-keto reductase family 1 member B10	AKR1B10
Aldo-keto reductase family 1 member B15	AKR1B15
Aldo-keto reductase family 1 member C1	AKR1C1
Aldo-keto reductase family 1 member C2	AKR1C2
Aldo-keto reductase family 1 member C3	AKR1C3
Aldo-keto reductase family 1 member C4	AKR1C4
Aldo-keto reductase family 1 member D1	AKR1D1
Aldo-keto reductase family 1 member E2	AKR1E2
Aldo-keto reductase family 7 member A2	AKR7A2
Aldo-keto reductase family 7 member A3	AKR7A3
Aldolase, fructose-bisphosphate A	ALDOA
Aldolase, fructose-bisphosphate B	ALDOB
Aldolase, fructose-bisphosphate C	ALDOC
ALF transcription elongation factor 1	AFF-1; AFF1
ALF transcription elongation factor 2	AFF-2; AFF2
ALF transcription elongation factor 3	AFF-3; AFF3
ALF transcription elongation factor 4	AFF-4; AFF4
ALG1 chitobiosyldiphosphodolichol beta-mannosyltransferase	ALG-1; ALG1
ALG10 alpha-1,2-glucosyltransferase	ALG-10; ALG10
ALG10 alpha-1,2-glucosyltransferase B	ALG10B
ALG11 alpha-1,2-mannosyltransferase	ALG-11; ALG11
ALG12 alpha-1,6-mannosyltransferase	ALG-12; ALG12
ALG13 UDP-N-acetylglucosaminyltransferase subunit	ALG-13; ALG13
ALG14 UDP-N-acetylglucosaminyltransferase subunit	ALG-14; ALG14
ALG2 alpha-1,3/1,6-mannosyltransferase	ALG-2; ALG2
ALG3 alpha-1,3- mannosyltransferase	ALG-3; ALG3
ALG5 dolichyl-phosphate beta-glucosyltransferase	ALG-5; ALG5
ALG6 alpha-1,3-glucosyltransferase	ALG-6; ALG6
ALG8 alpha-1,3-glucosyltransferase	ALG-8; ALG8
ALG9 alpha-1,2-mannosyltransferase	ALG-9; ALG9
ALK and LTK ligand 1	ALKAL-1; ALKAL1
ALK and LTK ligand 2	ALKAL-2; ALKAL2
ALK receptor tyrosine kinase	ALK
Alkaline ceramidase 1	ACER-1; ACER1; Alkaline ceramidase-1
Alkaline ceramidase 2	ACER-2; ACER2; Alkaline ceramidase-2
Alkaline ceramidase 3	ACER-3; ACER3; Alkaline ceramidase-3
Alkaline phosphatase, biomineralization associated	ALPL
Alkaline phosphatase, germ cell	ALPG
Alkaline phosphatase, intestinal	ALPI
Alkaline phosphatase, placental	ALPP
AlkB homolog 1, histone H2A dioxygenase	ALKBH-1; ALKBH1
AlkB homolog 2, alpha-ketoglutarate dependent dioxygenase	ALKBH-2; ALKBH2
AlkB homolog 3, alpha-ketoglutarate dependent dioxygenase	ALKBH-3; ALKBH3
AlkB homolog 4, lysine demethylase	ALKBH-4; ALKBH4
AlkB homolog 5, RNA demethylase	ALKBH-5; ALKBH5
AlkB homolog 6	AlkB homolog-6; ALKBH-6; ALKBH6
AlkB homolog 7	AlkB homolog-7; ALKBH-7; ALKBH7
AlkB homolog 8, tRNA methyltransferase	ALKBH-8; ALKBH8
Alkylglycerol monooxygenase	AGMO
Alkylglycerone phosphate synthase	AGPS
All-trans retinoic acid induced differentiation factor	ATRAID
Allograft inflammatory factor 1	AIF-1; AIF1
Allograft inflammatory factor 1 like	AIF1L
ALMS1 centrosome and basal body associated protein	ALMS-1; ALMS1
Alpha 1,4-galactosyltransferase (P blood group)	A4GALT
Alpha 2-HS glycoprotein	AHSG
Alpha and gamma adaptin binding protein	AAGAB
Alpha fetoprotein	AFP
Alpha glucosidase	GAA
Alpha hemoglobin stabilizing protein	AHSP
Alpha kinase 1	Alpha kinase-1; ALPK-1; ALPK1
Alpha kinase 2	Alpha kinase-2; ALPK-2; ALPK2
Alpha kinase 3	Alpha kinase-3; ALPK-3; ALPK3
Alpha tocopherol transfer protein	TTPA
Alpha tocopherol transfer protein like	TTPAL
Alpha tubulin acetyltransferase 1	ATAT-1; ATAT1
Alpha-1,3-mannosyl-glycoprotein 2-beta-N-acetylglucosaminyltransferase	MGAT-1; MGAT1
Alpha-1,3-mannosyl-glycoprotein 4-beta-N-acetylglucosaminyltransferase A	MGAT4A
Alpha-1,3-mannosyl-glycoprotein 4-beta-N-acetylglucosaminyltransferase B	MGAT4B
Alpha-1,4-N-acetylglucosaminyltransferase	A4GNT
Alpha-1,6-mannosyl-glycoprotein 2-beta-N-acetylglucosaminyltransferase	MGAT-2; MGAT2
Alpha-1,6-mannosylglycoprotein 6-beta-N-acetylglucosaminyltransferase	MGAT-5; MGAT5
Alpha-1,6-mannosylglycoprotein 6-beta-N-acetylglucosaminyltransferase B	MGAT5B
Alpha-1-B glycoprotein	A1BG
Alpha-1-microglobulin/bikunin precursor	AMBP
Alpha-2-glycoprotein 1, zinc-binding	AZGP-1; AZGP1
Alpha-2-macroglobulin	A2M
Alpha-2-macroglobulin like 1	A2ML1; Alpha-2-macroglobulin like-1
Alpha-L-fucosidase 1	Alpha-L-fucosidase-1; FUCA-1; FUCA1
Alpha-L-fucosidase 2	Alpha-L-fucosidase-2; FUCA-2; FUCA2
Alpha-L-iduronidase	IDUA
Alpha-methylacyl-CoA racemase	AMACR
Alpha-N-acetylgalactosaminidase	NAGA
ALS2 C-terminal like	ALS2CL
Alsin Rho guanine nucleotide exchange factor ALS2	ALS-2; ALS2
ALX homeobox 1	ALX homeobox-1; ALX-1; ALX1
ALX homeobox 3	ALX homeobox-3; ALX-3; ALX3
ALX homeobox 4	ALX homeobox-4; ALX-4; ALX4
Ameloblastin	AMBN
Amelogenin X-linked	AMELX
Amelogenin Y-linked	AMELY
Amelotin	AMTN
Amidohydrolase domain containing 1	AMDHD-1; AMDHD1
Amidohydrolase domain containing 2	AMDHD-2; AMDHD2
Amine oxidase copper containing 1	AOC-1; AOC1
Amine oxidase copper containing 2	AOC-2; AOC2
Amine oxidase copper containing 3	AOC-3; AOC3
Aminoacyl tRNA synthetase complex interacting multifunctional protein 1	AIMP-1; AIMP1
Aminoacyl tRNA synthetase complex interacting multifunctional protein 2	AIMP-2; AIMP2
Aminoacylase 1	ACY-1; ACY1; Aminoacylase-1
Aminoacylase 3	ACY-3; ACY3; Aminoacylase-3
Aminoadipate aminotransferase	AADAT
Aminoadipate-semialdehyde dehydrogenase	AASDH
Aminoadipate-semialdehyde dehydrogenase-phosphopantetheinyl transferase	AASDHPPT
Aminoadipate-semialdehyde synthase	AASS
Aminocarboxymuconate semialdehyde decarboxylase	ACMSD
Aminolevulinate dehydratase	ALAD
Aminomethyltransferase	AMT
Aminopeptidase like 1	Aminopeptidase like-1; NPEPL-1; NPEPL1
Aminopeptidase O (putative)	AOPEP
Aminopeptidase puromycin sensitive	NPEPPS
AMMECR nuclear protein 1	AMMECR-1; AMMECR1
AMMECR1 like	AMMECR1L
Amnion associated transmembrane protein	AMN
Amphiphysin	AMPH
Amphiregulin	AREG
Amylase alpha 1A	AMY1A
Amylase alpha 1B	AMY1B
Amylase alpha 1C	AMY1C
Amylase alpha 2A	AMY2A
Amylase alpha 2B	AMY2B
Amylo-alpha-1, 6-glucosidase, 4-alpha-glucanotransferase	AGL
Amyloid beta precursor like protein 1	APLP-1; APLP1
Amyloid beta precursor like protein 2	APLP-2; APLP2
Amyloid beta precursor protein	APP
Amyloid beta precursor protein binding family A member 1	APBA-1; APBA1
Amyloid beta precursor protein binding family A member 2	APBA-2; APBA2
Amyloid beta precursor protein binding family A member 3	APBA-3; APBA3
Amyloid beta precursor protein binding family B member 1	APBB-1; APBB1
Amyloid beta precursor protein binding family B member 1 interacting protein	APBB1IP
Amyloid beta precursor protein binding family B member 2	APBB-2; APBB2
Amyloid beta precursor protein binding family B member 3	APBB-3; APBB3
Amyloid beta precursor protein binding protein 2	APPBP-2; APPBP2
Amyloid P component, serum	APCS
Anaphase promoting complex subunit 1	ANAPC-1; ANAPC1
Anaphase promoting complex subunit 10	ANAPC-10; ANAPC10
Anaphase promoting complex subunit 11	ANAPC-11; ANAPC11
Anaphase promoting complex subunit 13	ANAPC-13; ANAPC13
Anaphase promoting complex subunit 15	ANAPC-15; ANAPC15
Anaphase promoting complex subunit 16	ANAPC-16; ANAPC16
Anaphase promoting complex subunit 2	ANAPC-2; ANAPC2
Anaphase promoting complex subunit 4	ANAPC-4; ANAPC4
Anaphase promoting complex subunit 5	ANAPC-5; ANAPC5
Anaphase promoting complex subunit 7	ANAPC-7; ANAPC7
Androgen dependent TFPI regulating protein	ADTRP
Androgen induced 1	AIG-1; AIG1; Androgen induced-1
Androgen receptor	AR
Angel homolog 1	Angel homolog-1; ANGEL-1; ANGEL1
Angel homolog 2	Angel homolog-2; ANGEL-2; ANGEL2
Angio associated migratory cell protein	AAMP
Angiogenic factor with G-patch and FHA domains 1	AGGF-1; AGGF1
Angiogenin	ANG
Angiomotin	AMOT
Angiomotin like 1	AMOTL-1; AMOTL1; Angiomotin like-1
Angiomotin like 2	AMOTL-2; AMOTL2; Angiomotin like-2
Angiopoietin 1	Angiopoietin-1; ANGPT-1; ANGPT1
Angiopoietin 2	Angiopoietin-2; ANGPT-2; ANGPT2
Angiopoietin 4	Angiopoietin-4; ANGPT-4; ANGPT4
Angiopoietin like 2	Angiopoietin like-2; ANGPTL-2; ANGPTL2
Angiopoietin like 3	Angiopoietin like-3; ANGPTL-3; ANGPTL3
Angiopoietin like 4	Angiopoietin like-4; ANGPTL-4; ANGPTL4
Angiopoietin like 5	Angiopoietin like-5; ANGPTL-5; ANGPTL5
Angiopoietin like 6	Angiopoietin like-6; ANGPTL-6; ANGPTL6
Angiopoietin like 7	Angiopoietin like-7; ANGPTL-7; ANGPTL7
Angiopoietin like 8	Angiopoietin like-8; ANGPTL-8; ANGPTL8
Angiotensin converting enzyme 2	ACE-2; ACE2
Angiotensin I converting enzyme	ACE
Angiotensin II receptor associated protein	AGTRAP
Angiotensin II receptor type 1	AGTR-1; AGTR1
Angiotensin II receptor type 2	AGTR-2; AGTR2
Angiotensinogen	AGT
Anillin, actin binding protein	ANLN
ANKH inorganic pyrophosphate transport regulator	ANKH
Ankyrin 1	ANK-1; ANK1; Ankyrin-1
Ankyrin 2	ANK-2; ANK2; Ankyrin-2
Ankyrin 3	ANK-3; ANK3; Ankyrin-3
Ankyrin repeat and BTB domain containing 1	ABTB-1; ABTB1
Ankyrin repeat and EF-hand domain containing 1	ANKEF-1; ANKEF1
Ankyrin repeat and FYVE domain containing 1	ANKFY-1; ANKFY1
Ankyrin repeat and IBR domain containing 1	ANKIB-1; ANKIB1
Ankyrin repeat and KH domain containing 1	ANKHD-1; ANKHD1
Ankyrin repeat and kinase domain containing 1	ANKK-1; ANKK1
Ankyrin repeat and LEM domain containing 1	ANKLE-1; ANKLE1
Ankyrin repeat and LEM domain containing 2	ANKLE-2; ANKLE2
Ankyrin repeat and MYND domain containing 2	ANKMY-2; ANKMY2
Ankyrin repeat and SOCS box containing 1	ASB-1; ASB1
Ankyrin repeat and SOCS box containing 10	ASB-10; ASB10
Ankyrin repeat and SOCS box containing 11	ASB-11; ASB11
Ankyrin repeat and SOCS box containing 12	ASB-12; ASB12
Ankyrin repeat and SOCS box containing 13	ASB-13; ASB13
Ankyrin repeat and SOCS box containing 15	ASB-15; ASB15
Ankyrin repeat and SOCS box containing 16	ASB-16; ASB16
Ankyrin repeat and SOCS box containing 2	ASB-2; ASB2
Ankyrin repeat and SOCS box containing 3	ASB-3; ASB3
Ankyrin repeat and SOCS box containing 4	ASB-4; ASB4
Ankyrin repeat and SOCS box containing 6	ASB-6; ASB6
Ankyrin repeat and SOCS box containing 7	ASB-7; ASB7
Ankyrin repeat and SOCS box containing 8	ASB-8; ASB8
Ankyrin repeat and SOCS box containing 9	ASB-9; ASB9
Ankyrin repeat and sterile alpha motif domain containing 1A	ANKS1A
Ankyrin repeat and sterile alpha motif domain containing 1B	ANKS1B
Ankyrin repeat and sterile alpha motif domain containing 3	ANKS-3; ANKS3
Ankyrin repeat and sterile alpha motif domain containing 4B	ANKS4B
Ankyrin repeat and sterile alpha motif domain containing 6	ANKS-6; ANKS6
Ankyrin repeat and zinc finger peptidyl tRNA hydrolase 1	ANKZF-1; ANKZF1
Ankyrin repeat domain 1	ANKRD-1; ANKRD1
Ankyrin repeat domain 10	ANKRD-10; ANKRD10
Ankyrin repeat domain 12	ANKRD-12; ANKRD12
Ankyrin repeat domain 13A	ANKRD13A
Ankyrin repeat domain 13B	ANKRD13B
Ankyrin repeat domain 13C	ANKRD13C
Ankyrin repeat domain 13D	ANKRD13D
Ankyrin repeat domain 16	ANKRD-16; ANKRD16
Ankyrin repeat domain 17	ANKRD-17; ANKRD17
Ankyrin repeat domain 18B	ANKRD18B
Ankyrin repeat domain 2	ANKRD-2; ANKRD2
Ankyrin repeat domain 23	ANKRD-23; ANKRD23
Ankyrin repeat domain 27	ANKRD-27; ANKRD27
Ankyrin repeat domain 28	ANKRD-28; ANKRD28
Ankyrin repeat domain 29	ANKRD-29; ANKRD29
Ankyrin repeat domain 30A	ANKRD30A
Ankyrin repeat domain 33	ANKRD-33; ANKRD33
Ankyrin repeat domain 34A	ANKRD34A
Ankyrin repeat domain 36B	ANKRD36B
Ankyrin repeat domain 36C	ANKRD36C
Ankyrin repeat domain 37	ANKRD-37; ANKRD37
Ankyrin repeat domain 39	ANKRD-39; ANKRD39
Ankyrin repeat domain 40	ANKRD-40; ANKRD40
Ankyrin repeat domain 44	ANKRD-44; ANKRD44
Ankyrin repeat domain 45	ANKRD-45; ANKRD45
Ankyrin repeat domain 46	ANKRD-46; ANKRD46
Ankyrin repeat domain 49	ANKRD-49; ANKRD49
Ankyrin repeat domain 52	ANKRD-52; ANKRD52
Ankyrin repeat domain 53	ANKRD-53; ANKRD53
Ankyrin repeat domain 54	ANKRD-54; ANKRD54
Ankyrin repeat domain 55	ANKRD-55; ANKRD55
Ankyrin repeat domain 9	ANKRD-9; ANKRD9
Ankyrin repeat domain containing 11	ANKRD-11; ANKRD11
Ankyrin repeat domain containing 26	ANKRD-26; ANKRD26
Ankyrin repeat domain containing 50	ANKRD-50; ANKRD50
Ankyrin repeat family A member 2	ANKRA-2; ANKRA2
Ankyrin repeat, SAM and basic leucine zipper domain containing 1	ASZ-1; ASZ1
Annexin A1	ANXA-1; ANXA1
Annexin A10	ANXA-10; ANXA10
Annexin A11	ANXA-11; ANXA11
Annexin A13	ANXA-13; ANXA13
Annexin A2	ANXA-2; ANXA2
Annexin A2 receptor	ANXA2R
Annexin A3	ANXA-3; ANXA3
Annexin A4	ANXA-4; ANXA4
Annexin A5	ANXA-5; ANXA5
Annexin A6	ANXA-6; ANXA6
Annexin A7	ANXA-7; ANXA7
Annexin A8	ANXA-8; ANXA8
Annexin A9	ANXA-9; ANXA9
Anoctamin 1	ANO-1; ANO1; Anoctamin-1
Anoctamin 10	ANO-10; ANO10; Anoctamin-10
Anoctamin 2	ANO-2; ANO2; Anoctamin-2
Anoctamin 3	ANO-3; ANO3; Anoctamin-3
Anoctamin 5	ANO-5; ANO5; Anoctamin-5
Anoctamin 6	ANO-6; ANO6; Anoctamin-6
Anoctamin 7	ANO-7; ANO7; Anoctamin-7
Anoctamin 8	ANO-8; ANO8; Anoctamin-8
Anoctamin 9	ANO-9; ANO9; Anoctamin-9
Anosmin 1	ANOS-1; ANOS1; Anosmin-1
Anterior gradient 2, protein disulphide isomerase family member	AGR-2; AGR2
Anterior gradient 3, protein disulphide isomerase family member	AGR-3; AGR3
Anti-Mullerian hormone	AMH
Anti-Mullerian hormone receptor type 2	AMHR-2; AMHR2
Anti-silencing function 1A histone chaperone	ASF1A
Anti-silencing function 1B histone chaperone	ASF1B
Antioxidant 1 copper chaperone	ATOX-1; ATOX1
Antizyme inhibitor 1	Antizyme inhibitor-1; AZIN-1; AZIN1
Antizyme inhibitor 2	Antizyme inhibitor-2; AZIN-2; AZIN2
ANTXR cell adhesion molecule 1	ANTXR-1; ANTXR1
ANTXR cell adhesion molecule 2	ANTXR-2; ANTXR2
AP2 associated kinase 1	AAK-1; AAK1
APAF1 interacting protein	APIP
APC down-regulated 1	APC down-regulated-1; APCDD-1; APCDD1
APC down-regulated 1 like	APCDD1L
APC membrane recruitment protein 1	AMER-1; AMER1
APC membrane recruitment protein 2	AMER-2; AMER2
APC membrane recruitment protein 3	AMER-3; AMER3
APC regulator of WNT signaling pathway	APC
APC regulator of WNT signaling pathway 2	APC-2; APC2
Apelin receptor	APLNR
Apelin receptor early endogenous ligand	APELA
Aph-1 homolog A, gamma-secretase subunit	APH1A
Aph-1 homolog B, gamma-secretase subunit	APH1B
APOBEC1 complementation factor	A1CF
Apolipoprotein A1	APOA-1; APOA1
Apolipoprotein A2	APOA-2; APOA2
Apolipoprotein A4	APOA-4; APOA4
Apolipoprotein A5	APOA-5; APOA5
Apolipoprotein B	APOB
Apolipoprotein B mRNA editing enzyme catalytic polypeptide like 4	APOBEC-4; APOBEC4
Apolipoprotein B mRNA editing enzyme catalytic subunit 1	APOBEC-1; APOBEC1
Apolipoprotein B mRNA editing enzyme catalytic subunit 2	APOBEC-2; APOBEC2
Apolipoprotein B mRNA editing enzyme catalytic subunit 3A	APOBEC3A
Apolipoprotein B mRNA editing enzyme catalytic subunit 3B	APOBEC3B
Apolipoprotein B mRNA editing enzyme catalytic subunit 3C	APOBEC3C
Apolipoprotein B mRNA editing enzyme catalytic subunit 3D	APOBEC3D
Apolipoprotein B mRNA editing enzyme catalytic subunit 3F	APOBEC3F
Apolipoprotein B mRNA editing enzyme catalytic subunit 3G	APOBEC3G
Apolipoprotein B mRNA editing enzyme catalytic subunit 3H	APOBEC3H
Apolipoprotein B receptor	APOBR
Apolipoprotein C1	APOC-1; APOC1
Apolipoprotein C2	APOC-2; APOC2
Apolipoprotein C3	APOC-3; APOC3
Apolipoprotein C4	APOC-4; APOC4
Apolipoprotein D	APOD
Apolipoprotein E	APOE
Apolipoprotein F	APOF
Apolipoprotein H	APOH
Apolipoprotein L1	APOL-1; APOL1
Apolipoprotein L2	APOL-2; APOL2
Apolipoprotein L3	APOL-3; APOL3
Apolipoprotein L6	APOL-6; APOL6
Apolipoprotein M	APOM
Apolipoprotein O	APOO
Apolipoprotein O like	APOOL
Apoptosis and caspase activation inhibitor	AVEN
Apoptosis antagonizing transcription factor	AATF
Apoptosis associated tyrosine kinase	AATK
Apoptosis enhancing nuclease	AEN
Apoptosis inducing factor mitochondria associated 1	AIFM-1; AIFM1
Apoptosis inducing factor mitochondria associated 2	AIFM-2; AIFM2
Apoptosis inducing factor mitochondria associated 3	AIFM-3; AIFM3
Apoptosis inhibitor 5	API-5; API5; Apoptosis inhibitor-5
Apoptosis resistant E3 ubiquitin protein ligase 1	AREL-1; AREL1
Apoptotic chromatin condensation inducer 1	ACIN-1; ACIN1
Apoptotic peptidase activating factor 1	APAF-1; APAF1
Aprataxin	APTX
Aprataxin and PNKP like factor	APLF
Apurinic/apyrimidinic endodeoxyribonuclease 1	APEX-1; APEX1; Apurinic/apyrimidinic endodeoxyribonuclease-1
Apurinic/apyrimidinic endodeoxyribonuclease 2	APEX-2; APEX2; Apurinic/apyrimidinic endodeoxyribonuclease-2
Aquaporin 1 (Colton blood group)	AQP-1; AQP1
Aquaporin 10	AQP-10; AQP10; Aquaporin-10
Aquaporin 11	AQP-11; AQP11; Aquaporin-11
Aquaporin 12B	AQP12B
Aquaporin 2	AQP-2; AQP2; Aquaporin-2
Aquaporin 3 (Gill blood group)	AQP-3; AQP3
Aquaporin 4	AQP-4; AQP4; Aquaporin-4
Aquaporin 5	AQP-5; AQP5; Aquaporin-5
Aquaporin 6	AQP-6; AQP6; Aquaporin-6
Aquaporin 7	AQP-7; AQP7; Aquaporin-7
Aquaporin 8	AQP-8; AQP8; Aquaporin-8
Aquaporin 9	AQP-9; AQP9; Aquaporin-9
Aquarius intron-binding spliceosomal factor	AQR
Arachidonate 12-lipoxygenase, 12R type	ALOX12B
Arachidonate 12-lipoxygenase, 12S type	ALOX-12; ALOX12
Arachidonate 15-lipoxygenase	ALOX-15; ALOX15
Arachidonate 15-lipoxygenase type B	ALOX15B
Arachidonate 5-lipoxygenase	ALOX-5; ALOX5
Arachidonate 5-lipoxygenase activating protein	ALOX5AP
Arachidonate lipoxygenase 3	ALOXE-3; ALOXE3; Arachidonate lipoxygenase-3
Aralkylamine N-acetyltransferase	AANAT
Archain 1	Archain-1; ARCN-1; ARCN1
ArfGAP with coiled-coil, ankyrin repeat and PH domains 1	ACAP-1; ACAP1
ArfGAP with coiled-coil, ankyrin repeat and PH domains 2	ACAP-2; ACAP2
ArfGAP with coiled-coil, ankyrin repeat and PH domains 3	ACAP-3; ACAP3
ArfGAP with dual PH domains 1	ADAP-1; ADAP1
ArfGAP with dual PH domains 2	ADAP-2; ADAP2
ArfGAP with FG repeats 1	AGFG-1; AGFG1
ArfGAP with FG repeats 2	AGFG-2; AGFG2
ArfGAP with GTPase domain, ankyrin repeat and PH domain 1	AGAP-1; AGAP1
ArfGAP with GTPase domain, ankyrin repeat and PH domain 2	AGAP-2; AGAP2
ArfGAP with GTPase domain, ankyrin repeat and PH domain 3	AGAP-3; AGAP3
ArfGAP with RhoGAP domain, ankyrin repeat and PH domain 1	ARAP-1; ARAP1
ArfGAP with RhoGAP domain, ankyrin repeat and PH domain 2	ARAP-2; ARAP2
ArfGAP with RhoGAP domain, ankyrin repeat and PH domain 3	ARAP-3; ARAP3
ArfGAP with SH3 domain, ankyrin repeat and PH domain 1	ASAP-1; ASAP1
ArfGAP with SH3 domain, ankyrin repeat and PH domain 2	ASAP-2; ASAP2
ArfGAP with SH3 domain, ankyrin repeat and PH domain 3	ASAP-3; ASAP3
ARFGEF family member 3	ARFGEF-3; ARFGEF3
Arginase 1	ARG-1; ARG1; Arginase-1
Arginase 2	ARG-2; ARG2; Arginase-2
Arginine and glutamate rich 1	ARGLU-1; ARGLU1
Arginine and serine rich coiled-coil 1	RSRC-1; RSRC1
Arginine and serine rich coiled-coil 2	RSRC-2; RSRC2
Arginine and serine rich protein 1	RSRP-1; RSRP1
Arginine vasopressin	AVP
Arginine vasopressin induced 1	AVPI-1; AVPI1
Arginine vasopressin receptor 1A	AVPR1A
Arginine vasopressin receptor 1B	AVPR1B
Arginine vasopressin receptor 2	AVPR-2; AVPR2
Arginine-glutamic acid dipeptide repeats	RERE
Argininosuccinate lyase	ASL
Argininosuccinate synthase 1	Argininosuccinate synthase-1; ASS-1; ASS1
Arginyl aminopeptidase	RNPEP
Arginyl aminopeptidase like 1	RNPEPL-1; RNPEPL1
Arginyl-tRNA synthetase 1	Arginyl-tRNA synthetase-1; RARS-1; RARS1
Arginyl-tRNA synthetase 2, mitochondrial	RARS-2; RARS2
Arginyltransferase 1	Arginyltransferase-1; ATE-1; ATE1
Argonaute RISC catalytic component 2	AGO-2; AGO2
Argonaute RISC catalytic component 3	AGO-3; AGO3
Argonaute RISC component 1	AGO-1; AGO1
Argonaute RISC component 4	AGO-4; AGO4
Ariadne RBR E3 ubiquitin protein ligase 1	ARIH-1; ARIH1
Ariadne RBR E3 ubiquitin protein ligase 2	ARIH-2; ARIH2
Aristaless related homeobox	ARX
Armadillo like helical domain containing 3	ARMH-3; ARMH3
Armadillo like helical domain containing 4	ARMH-4; ARMH4
Armadillo repeat containing 1	ARMC-1; ARMC1
Armadillo repeat containing 10	ARMC-10; ARMC10
Armadillo repeat containing 12	ARMC-12; ARMC12
Armadillo repeat containing 2	ARMC-2; ARMC2
Armadillo repeat containing 5	ARMC-5; ARMC5
Armadillo repeat containing 6	ARMC-6; ARMC6
Armadillo repeat containing 7	ARMC-7; ARMC7
Armadillo repeat containing 8	ARMC-8; ARMC8
Armadillo repeat containing 9	ARMC-9; ARMC9
Armadillo repeat containing X-linked 1	ARMCX-1; ARMCX1
Armadillo repeat containing X-linked 3	ARMCX-3; ARMCX3
Armadillo repeat containing X-linked 4	ARMCX-4; ARMCX4
Armadillo repeat containing X-linked 5	ARMCX-5; ARMCX5
Arrestin 3	ARR-3; ARR3; Arrestin-3
Arrestin beta 1	ARRB-1; ARRB1; Arrestin beta-1
Arrestin beta 2	ARRB-2; ARRB2; Arrestin beta-2
Arrestin domain containing 1	ARRDC-1; ARRDC1
Arrestin domain containing 2	ARRDC-2; ARRDC2
Arrestin domain containing 3	ARRDC-3; ARRDC3
Arrestin domain containing 4	ARRDC-4; ARRDC4
Arsenite methyltransferase	AS3MT
Artemin	ARTN
ARV1 homolog, fatty acid homeostasis modulator	ARV-1; ARV1
ARVCF delta catenin family member	ARVCF
Aryl hydrocarbon receptor	AHR
Aryl hydrocarbon receptor interacting protein	AIP
Aryl hydrocarbon receptor interacting protein like 1	AIPL-1; AIPL1
Aryl hydrocarbon receptor nuclear translocator	ARNT
Aryl hydrocarbon receptor nuclear translocator 2	ARNT-2; ARNT2
Arylacetamide deacetylase	AADAC
Arylformamidase	AFMID
Arylsulfatase A	ARSA
Arylsulfatase B	ARSB
Arylsulfatase D	ARSD
Arylsulfatase F	ARSF
Arylsulfatase family member I	ARSI
Arylsulfatase family member K	ARSK
Arylsulfatase G	ARSG
Arylsulfatase L	ARSL
ASH1 like histone lysine methyltransferase	ASH1L
ASH2 like, histone lysine methyltransferase complex subunit	ASH2L
Asialoglycoprotein receptor 1	ASGR-1; ASGR1; Asialoglycoprotein receptor-1
Asialoglycoprotein receptor 2	ASGR-2; ASGR2; Asialoglycoprotein receptor-2
ASNSD1 upstream open reading frame	ASDURF
Asparaginase	ASPG
Asparaginase and isoaspartyl peptidase 1	ASRGL-1; ASRGL1
Asparagine synthetase (glutamine-hydrolyzing)	ASNS
Asparaginyl-tRNA synthetase 1	Asparaginyl-tRNA synthetase-1; NARS-1; NARS1
Asparaginyl-tRNA synthetase 2, mitochondrial	NARS-2; NARS2
Aspartate beta-hydroxylase	ASPH
Aspartate beta-hydroxylase domain containing 1	ASPHD-1; ASPHD1
Aspartate dehydrogenase domain containing	ASPDH
Aspartate rich 1	Aspartate rich-1; DRICH-1; DRICH1
Aspartic peptidase retroviral like 1	ASPRV-1; ASPRV1
Aspartoacylase	ASPA
Aspartyl aminopeptidase	DNPEP
Aspartyl-tRNA synthetase 1	Aspartyl-tRNA synthetase-1; DARS-1; DARS1
Aspartyl-tRNA synthetase 2, mitochondrial	DARS-2; DARS2
Aspartylglucosaminidase	AGA
Asporin	ASPN
ASPSCR1 tether for SLC2A4, UBX domain containing	ASPSCR-1; ASPSCR1
Assembly factor for spindle microtubules	ASPM
Astacin like metalloendopeptidase	ASTL
Asteroid homolog 1	ASTE-1; ASTE1; Asteroid homolog-1
Astrotactin 1	ASTN-1; ASTN1; Astrotactin-1
Astrotactin 2	ASTN-2; ASTN2; Astrotactin-2
ASXL transcriptional regulator 1	ASXL-1; ASXL1
ASXL transcriptional regulator 2	ASXL-2; ASXL2
AT-hook containing transcription factor 1	AHCTF-1; AHCTF1
AT-hook DNA binding motif containing 1	AHDC-1; AHDC1
AT-hook transcription factor	AKNA
AT-rich interaction domain 1A	ARID1A
AT-rich interaction domain 1B	ARID1B
AT-rich interaction domain 2	ARID-2; ARID2
AT-rich interaction domain 3A	ARID3A
AT-rich interaction domain 3B	ARID3B
AT-rich interaction domain 3C	ARID3C
AT-rich interaction domain 4A	ARID4A
AT-rich interaction domain 4B	ARID4B
AT-rich interaction domain 5A	ARID5A
AT-rich interaction domain 5B	ARID5B
Ataxin 1	Ataxin-1; ATXN-1; ATXN1
Ataxin 1 like	ATXN1L
Ataxin 10	Ataxin-10; ATXN-10; ATXN10
Ataxin 2	Ataxin-2; ATXN-2; ATXN2
Ataxin 2 like	ATXN2L
Ataxin 3	Ataxin-3; ATXN-3; ATXN3
Ataxin 3 like	ATXN3L
Ataxin 7	Ataxin-7; ATXN-7; ATXN7
Ataxin 7 like 1	ATXN7L1
Ataxin 7 like 2	ATXN7L2
Ataxin 7 like 3	ATXN7L3
Ataxin 7 like 3B	ATXN7L3B
ATCAY kinesin light chain interacting caytaxin	ATCAY
Atlastin GTPase 1	ATL-1; ATL1; Atlastin GTPase-1
Atlastin GTPase 2	ATL-2; ATL2; Atlastin GTPase-2
Atlastin GTPase 3	ATL-3; ATL3; Atlastin GTPase-3
ATM interactor	ATMIN
ATM serine/threonine kinase	ATM
Atonal bHLH transcription factor 7	ATOH-7; ATOH7
Atonal bHLH transcription factor 8	ATOH-8; ATOH8
Atos homolog A	ATOSA
Atos homolog B	ATOSB
ATP binding cassette subfamily A member 1	ABCA-1; ABCA1
ATP binding cassette subfamily A member 12	ABCA-12; ABCA12
ATP binding cassette subfamily A member 2	ABCA-2; ABCA2
ATP binding cassette subfamily A member 3	ABCA-3; ABCA3
ATP binding cassette subfamily A member 4	ABCA-4; ABCA4
ATP binding cassette subfamily A member 5	ABCA-5; ABCA5
ATP binding cassette subfamily A member 6	ABCA-6; ABCA6
ATP binding cassette subfamily A member 7	ABCA-7; ABCA7
ATP binding cassette subfamily A member 8	ABCA-8; ABCA8
ATP binding cassette subfamily A member 9	ABCA-9; ABCA9
ATP binding cassette subfamily B member 1	ABCB-1; ABCB1
ATP binding cassette subfamily B member 10	ABCB-10; ABCB10
ATP binding cassette subfamily B member 11	ABCB-11; ABCB11
ATP binding cassette subfamily B member 4	ABCB-4; ABCB4
ATP binding cassette subfamily B member 5	ABCB-5; ABCB5
ATP binding cassette subfamily B member 6 (Langereis blood group)	ABCB-6; ABCB6
ATP binding cassette subfamily B member 7	ABCB-7; ABCB7
ATP binding cassette subfamily B member 8	ABCB-8; ABCB8
ATP binding cassette subfamily B member 9	ABCB-9; ABCB9
ATP binding cassette subfamily C member 1	ABCC-1; ABCC1
ATP binding cassette subfamily C member 10	ABCC-10; ABCC10
ATP binding cassette subfamily C member 11	ABCC-11; ABCC11
ATP binding cassette subfamily C member 2	ABCC-2; ABCC2
ATP binding cassette subfamily C member 3	ABCC-3; ABCC3
ATP binding cassette subfamily C member 4	ABCC-4; ABCC4
ATP binding cassette subfamily C member 5	ABCC-5; ABCC5
ATP binding cassette subfamily C member 6	ABCC-6; ABCC6
ATP binding cassette subfamily C member 8	ABCC-8; ABCC8
ATP binding cassette subfamily C member 9	ABCC-9; ABCC9
ATP binding cassette subfamily D member 1	ABCD-1; ABCD1
ATP binding cassette subfamily D member 2	ABCD-2; ABCD2
ATP binding cassette subfamily D member 3	ABCD-3; ABCD3
ATP binding cassette subfamily D member 4	ABCD-4; ABCD4
ATP binding cassette subfamily E member 1	ABCE-1; ABCE1
ATP binding cassette subfamily F member 1	ABCF-1; ABCF1
ATP binding cassette subfamily F member 2	ABCF-2; ABCF2
ATP binding cassette subfamily F member 3	ABCF-3; ABCF3
ATP binding cassette subfamily G member 1	ABCG-1; ABCG1
ATP binding cassette subfamily G member 2 (Junior blood group)	ABCG-2; ABCG2
ATP binding cassette subfamily G member 4	ABCG-4; ABCG4
ATP binding cassette subfamily G member 5	ABCG-5; ABCG5
ATP binding cassette subfamily G member 8	ABCG-8; ABCG8
ATP citrate lyase	ACLY
ATP synthase c subunit lysine N-methyltransferase	ATPSCKMT
ATP synthase F1 subunit alpha	ATP5F1A
ATP synthase F1 subunit beta	ATP5F1B
ATP synthase F1 subunit delta	ATP5F1D
ATP synthase F1 subunit epsilon	ATP5F1E
ATP synthase F1 subunit gamma	ATP5F1C
ATP synthase inhibitory factor subunit 1	ATP5IF1
ATP synthase membrane subunit c locus 1	ATP5MC1
ATP synthase membrane subunit c locus 2	ATP5MC2
ATP synthase membrane subunit c locus 3	ATP5MC3
ATP synthase membrane subunit e	ATP5ME
ATP synthase membrane subunit f	ATP5MF
ATP synthase membrane subunit g	ATP5MG
ATP synthase membrane subunit j	ATP5MJ
ATP synthase membrane subunit k	ATP5MK
ATP synthase mitochondrial F1 complex assembly factor 1	ATPAF-1; ATPAF1
ATP synthase mitochondrial F1 complex assembly factor 2	ATPAF-2; ATPAF2
ATP synthase peripheral stalk subunit d	ATP5PD
ATP synthase peripheral stalk subunit F6	ATP5PF
ATP synthase peripheral stalk subunit OSCP	ATP5PO
ATP synthase peripheral stalk-membrane subunit b	ATP5PB
ATP/GTP binding carboxypeptidase 1	AGTPBP-1; AGTPBP1
ATP23 metallopeptidase and ATP synthase assembly factor homolog	ATP-23; ATP23
ATPase 13A1	ATP13A1
ATPase 13A3	ATP13A3
ATPase cation transporting 13A2	ATP13A2
ATPase copper transporting alpha	ATP7A
ATPase copper transporting beta	ATP7B
ATPase family AAA domain containing 1	ATAD-1; ATAD1
ATPase family AAA domain containing 2	ATAD-2; ATAD2
ATPase family AAA domain containing 2B	ATAD2B
ATPase family AAA domain containing 3A	ATAD3A
ATPase family AAA domain containing 3B	ATAD3B
ATPase family AAA domain containing 5	ATAD-5; ATAD5
ATPase H+ transporting accessory protein 1	ATP6AP1
ATPase H+ transporting accessory protein 2	ATP6AP2
ATPase H+ transporting V0 subunit a1	ATP6V0A1
ATPase H+ transporting V0 subunit a2	ATP6V0A2
ATPase H+ transporting V0 subunit a4	ATP6V0A4
ATPase H+ transporting V0 subunit b	ATP6V0B
ATPase H+ transporting V0 subunit c	ATP6V0C
ATPase H+ transporting V0 subunit d1	ATP6V0D1
ATPase H+ transporting V0 subunit d2	ATP6V0D2
ATPase H+ transporting V0 subunit e1	ATP6V0E1
ATPase H+ transporting V1 subunit A	ATP6V1A
ATPase H+ transporting V1 subunit B1	ATP6V1B1
ATPase H+ transporting V1 subunit B2	ATP6V1B2
ATPase H+ transporting V1 subunit C1	ATP6V1C1
ATPase H+ transporting V1 subunit C2	ATP6V1C2
ATPase H+ transporting V1 subunit D	ATP6V1D
ATPase H+ transporting V1 subunit E1	ATP6V1E1
ATPase H+ transporting V1 subunit E2	ATP6V1E2
ATPase H+ transporting V1 subunit F	ATP6V1F
ATPase H+ transporting V1 subunit G1	ATP6V1G1
ATPase H+ transporting V1 subunit G2	ATP6V1G2
ATPase H+ transporting V1 subunit G3	ATP6V1G3
ATPase H+ transporting V1 subunit H	ATP6V1H
ATPase H+/K+ transporting non-gastric alpha2 subunit	ATP12A
ATPase H+/K+ transporting subunit alpha	ATP4A
ATPase H+/K+ transporting subunit beta	ATP4B
ATPase Na+/K+ transporting family member beta 4	ATP1B4
ATPase Na+/K+ transporting subunit alpha 1	ATP1A1
ATPase Na+/K+ transporting subunit alpha 2	ATP1A2
ATPase Na+/K+ transporting subunit alpha 3	ATP1A3
ATPase Na+/K+ transporting subunit alpha 4	ATP1A4
ATPase Na+/K+ transporting subunit beta 1	ATP1B1
ATPase Na+/K+ transporting subunit beta 2	ATP1B2
ATPase Na+/K+ transporting subunit beta 3	ATP1B3
ATPase phospholipid transporting 10A (putative)	ATP10A
ATPase phospholipid transporting 10B (putative)	ATP10B
ATPase phospholipid transporting 10D (putative)	ATP10D
ATPase phospholipid transporting 11A	ATP11A
ATPase phospholipid transporting 11B (putative)	ATP11B
ATPase phospholipid transporting 11C	ATP11C
ATPase phospholipid transporting 8A1	ATP8A1
ATPase phospholipid transporting 8A2	ATP8A2
ATPase phospholipid transporting 8B1	ATP8B1
ATPase phospholipid transporting 8B2	ATP8B2
ATPase phospholipid transporting 8B4 (putative)	ATP8B4
ATPase phospholipid transporting 9A (putative)	ATP9A
ATPase plasma membrane Ca2+ transporting 1	ATP2B1
ATPase plasma membrane Ca2+ transporting 2	ATP2B2
ATPase plasma membrane Ca2+ transporting 3	ATP2B3
ATPase plasma membrane Ca2+ transporting 4	ATP2B4
ATPase sarcoplasmic/endoplasmic reticulum Ca2+ transporting 1	ATP2A1
ATPase sarcoplasmic/endoplasmic reticulum Ca2+ transporting 2	ATP2A2
ATPase sarcoplasmic/endoplasmic reticulum Ca2+ transporting 3	ATP2A3
ATPase secretory pathway Ca2+ transporting 1	ATP2C1
ATPase secretory pathway Ca2+ transporting 2	ATP2C2
ATR interacting protein	ATRIP
ATR serine/threonine kinase	ATR
Atrophin 1	ATN-1; ATN1; Atrophin-1
ATRX chromatin remodeler	ATRX
Attractin	ATRN
Atypical chemokine receptor 1 (Duffy blood group)	ACKR-1; ACKR1
Atypical chemokine receptor 2	ACKR-2; ACKR2
Atypical chemokine receptor 3	ACKR-3; ACKR3
Atypical chemokine receptor 4	ACKR-4; ACKR4
AU RNA binding methylglutaconyl-CoA hydratase	AUH
AUP1 lipid droplet regulating VLDL assembly factor	AUP-1; AUP1
Aurora kinase A	AURKA
Aurora kinase A and ninein interacting protein	AUNIP
Aurora kinase A interacting protein 1	AURKAIP-1; AURKAIP1
Aurora kinase B	AURKB
Aurora kinase C	AURKC
Autocrine motility factor receptor	AMFR
Autoimmune regulator	AIRE
Autophagy and beclin 1 regulator 1	AMBRA-1; AMBRA1
Autophagy related 10	ATG-10; ATG10; Autophagy related-10
Autophagy related 101	ATG-101; ATG101; Autophagy related-101
Autophagy related 12	ATG-12; ATG12; Autophagy related-12
Autophagy related 13	ATG-13; ATG13; Autophagy related-13
Autophagy related 14	ATG-14; ATG14; Autophagy related-14
Autophagy related 16 like 1	ATG16L1
Autophagy related 16 like 2	ATG16L2
Autophagy related 2A	ATG2A
Autophagy related 2B	ATG2B
Autophagy related 3	ATG-3; ATG3; Autophagy related-3
Autophagy related 4A cysteine peptidase	ATG4A
Autophagy related 4B cysteine peptidase	ATG4B
Autophagy related 4C cysteine peptidase	ATG4C
Autophagy related 4D cysteine peptidase	ATG4D
Autophagy related 5	ATG-5; ATG5; Autophagy related-5
Autophagy related 7	ATG-7; ATG7; Autophagy related-7
Autophagy related 9A	ATG9A
Autophagy related 9B	ATG9B
AVL9 cell migration associated	AVL-9; AVL9
Axin 1	Axin-1; AXIN-1; AXIN1
Axin 2	Axin-2; AXIN-2; AXIN2
Axin interactor, dorsalization associated	AIDA
AXL receptor tyrosine kinase	AXL
Azurocidin 1	AZU-1; AZU1; Azurocidin-1
B and T lymphocyte associated	BTLA
B cell linker	BLNK
B cell receptor associated protein 29	BCAP-29; BCAP29
B cell receptor associated protein 31	BCAP-31; BCAP31
B cell scaffold protein with ankyrin repeats 1	BANK-1; BANK1
B double prime 1, subunit of RNA polymerase III transcription initiation factor IIIB	BDP-1; BDP1
B-Raf proto-oncogene, serine/threonine kinase	BRAF
B-TFIID TATA-box binding protein associated factor 1	BTAF-1; BTAF1
B9 domain containing 1	B9D1
B9 domain containing 2	B9D2
BAALC binder of MAP3K1 and KLF4	BAALC
Bactericidal permeability increasing protein	BPI
Baculoviral IAP repeat containing 2	BIRC-2; BIRC2
Baculoviral IAP repeat containing 3	BIRC-3; BIRC3
Baculoviral IAP repeat containing 5	BIRC-5; BIRC5
Baculoviral IAP repeat containing 6	BIRC-6; BIRC6
Baculoviral IAP repeat containing 7	BIRC-7; BIRC7
BAF chromatin remodeling complex subunit BCL11A	BCL11A
BAF chromatin remodeling complex subunit BCL11B	BCL11B
BAF chromatin remodeling complex subunit BCL7A	BCL7A
BAF chromatin remodeling complex subunit BCL7B	BCL7B
BAF chromatin remodeling complex subunit BCL7C	BCL7C
BAF nuclear assembly factor 1	BANF-1; BANF1
BAG cochaperone 1	BAG cochaperone-1; BAG-1; BAG1
BAG cochaperone 2	BAG cochaperone-2; BAG-2; BAG2
BAG cochaperone 3	BAG cochaperone-3; BAG-3; BAG3
BAG cochaperone 4	BAG cochaperone-4; BAG-4; BAG4
BAG cochaperone 5	BAG cochaperone-5; BAG-5; BAG5
BAG cochaperone 6	BAG cochaperone-6; BAG-6; BAG6
BAH domain and coiled-coil containing 1	BAHCC-1; BAHCC1
BAI1 associated protein 3	BAIAP-3; BAIAP3
BANF family member 2	BANF-2; BANF2
BAR/IMD domain containing adaptor protein 2	BAIAP-2; BAIAP2
BAR/IMD domain containing adaptor protein 2 like 1	BAIAP2L1
BAR/IMD domain containing adaptor protein 2 like 2	BAIAP2L2
Bardet-Biedl syndrome 1	Bardet-Biedl syndrome-1; BBS-1; BBS1
Bardet-Biedl syndrome 10	Bardet-Biedl syndrome-10; BBS-10; BBS10
Bardet-Biedl syndrome 12	Bardet-Biedl syndrome-12; BBS-12; BBS12
Bardet-Biedl syndrome 2	Bardet-Biedl syndrome-2; BBS-2; BBS2
Bardet-Biedl syndrome 4	Bardet-Biedl syndrome-4; BBS-4; BBS4
Bardet-Biedl syndrome 5	Bardet-Biedl syndrome-5; BBS-5; BBS5
Bardet-Biedl syndrome 7	Bardet-Biedl syndrome-7; BBS-7; BBS7
Bardet-Biedl syndrome 9	Bardet-Biedl syndrome-9; BBS-9; BBS9
BarH like homeobox 2	BARHL-2; BARHL2
Barttin CLCNK type accessory subunit beta	BSND
BARX homeobox 1	BARX homeobox-1; BARX-1; BARX1
BARX homeobox 2	BARX homeobox-2; BARX-2; BARX2
Basal cell adhesion molecule (Lutheran blood group)	BCAM
Base methyltransferase of 25S rRNA 2 homolog	BMT-2; BMT2
Basic charge Y-linked 2	BPY-2; BPY2
Basic charge Y-linked 2B	BPY2B
Basic charge Y-linked 2C	BPY2C
Basic helix-loop-helix ARNT like 1	BMAL-1; BMAL1
Basic helix-loop-helix ARNT like 2	BMAL-2; BMAL2
Basic helix-loop-helix family member a15	BHLHA-15; BHLHA15
Basic helix-loop-helix family member a9	BHLHA-9; BHLHA9
Basic helix-loop-helix family member e23	BHLHE-23; BHLHE23
Basic helix-loop-helix family member e40	BHLHE-40; BHLHE40
Basic helix-loop-helix family member e41	BHLHE-41; BHLHE41
Basic leucine zipper and W2 domains 1	BZW-1; BZW1
Basic leucine zipper and W2 domains 2	BZW-2; BZW2
Basic leucine zipper ATF-like transcription factor	BATF
Basic leucine zipper ATF-like transcription factor 2	BATF-2; BATF2
Basic leucine zipper ATF-like transcription factor 3	BATF-3; BATF3
Basic leucine zipper nuclear factor 1	BLZF-1; BLZF1
Basic transcription factor 3	BTF-3; BTF3
Basic transcription factor 3 like 4	BTF3L4
Basic, immunoglobulin-like variable motif containing	BIVM
Basigin (Ok blood group)	BSG
Basonuclin 1	Basonuclin-1; BNC-1; BNC1
Basonuclin 2	Basonuclin-2; BNC-2; BNC2
Bassoon presynaptic cytomatrix protein	BSN
BBSome interacting protein 1	BBIP-1; BBIP1
BBX high mobility group box domain containing	BBX
BCAR1 scaffold protein, Cas family member	BCAR-1; BCAR1
BCAR3 adaptor protein, NSP family member	BCAR-3; BCAR3
BCAS2 pre-mRNA processing factor	BCAS-2; BCAS2
BCAS3 microtubule associated cell migration factor	BCAS-3; BCAS3
BCDIN3 domain containing RNA methyltransferase	BCDIN3D
BCL10 immune signaling adaptor	BCL-10; BCL10
BCL2 antagonist/killer 1	BAK-1; BAK1; BCL2 antagonist/killer-1
BCL2 apoptosis regulator	BCL-2; BCL2
BCL2 associated agonist of cell death	BAD
BCL2 associated transcription factor 1	BCLAF-1; BCLAF1
BCL2 associated X, apoptosis regulator	BAX
BCL2 binding component 3	BBC-3; BBC3
BCL2 family apoptosis regulator BOK	BOK
BCL2 interacting killer	BIK
BCL2 interacting protein 1	BNIP-1; BNIP1
BCL2 interacting protein 2	BNIP-2; BNIP2
BCL2 interacting protein 3	BNIP-3; BNIP3
BCL2 interacting protein 3 like	BNIP3L
BCL2 interacting protein 5	BNIP-5; BNIP5
BCL2 interacting protein like	BNIPL
BCL2 like 1	BCL2 like-1; BCL2L1
BCL2 like 10	BCL2 like-10; BCL2L10
BCL2 like 11	BCL2 like-11; BCL2L11
BCL2 like 12	BCL2 like-12; BCL2L12
BCL2 like 13	BCL2 like-13; BCL2L13
BCL2 like 14	BCL2 like-14; BCL2L14
BCL2 like 15	BCL2 like-15; BCL2L15
BCL2 like 2	BCL2 like-2; BCL2L2
Bcl2 modifying factor	BMF
BCL2 related protein A1	BCL2A1
BCL2L2-PABPN1 readthrough	BCL2L2-PABPN1
BCL3 transcription coactivator	BCL-3; BCL3
BCL6 corepressor	BCOR
BCL6 corepressor like 1	BCORL-1; BCORL1
BCL6 transcription repressor	BCL-6; BCL6
BCL9 like	BCL9L
BCL9 transcription coactivator	BCL-9; BCL9
BCLAF1 and THRAP3 family member 3	BCLAF-3; BCLAF3
BCR activator of RhoGEF and GTPase	BCR
BCS1 homolog, ubiquinol-cytochrome c reductase complex chaperone	BCS1L
Beaded filament structural protein 1	BFSP-1; BFSP1
Beaded filament structural protein 2	BFSP-2; BFSP2
Beclin 1	Beclin-1; BECN-1; BECN1
Beclin 2	Beclin-2; BECN-2; BECN2
BEN domain containing 2	BEND-2; BEND2
BEN domain containing 3	BEND-3; BEND3
BEN domain containing 5	BEND-5; BEND5
BEN domain containing 6	BEND-6; BEND6
BEN domain containing 7	BEND-7; BEND7
Bestrophin 1	BEST-1; BEST1; Bestrophin-1
Bestrophin 2	BEST-2; BEST2; Bestrophin-2
Bestrophin 3	BEST-3; BEST3; Bestrophin-3
Bet1 golgi vesicular membrane trafficking protein	BET-1; BET1
Bet1 golgi vesicular membrane trafficking protein like	BET1L
Beta 3-glucosyltransferase	B3GLCT
Beta-1,3-galactosyltransferase 1	B3GALT1; Beta-1,3-galactosyltransferase-1
Beta-1,3-galactosyltransferase 2	B3GALT2; Beta-1,3-galactosyltransferase-2
Beta-1,3-galactosyltransferase 4	B3GALT4; Beta-1,3-galactosyltransferase-4
Beta-1,3-galactosyltransferase 5	B3GALT5; Beta-1,3-galactosyltransferase-5
Beta-1,3-galactosyltransferase 6	B3GALT6; Beta-1,3-galactosyltransferase-6
Beta-1,3-glucuronyltransferase 1	B3GAT1; Beta-1,3-glucuronyltransferase-1
Beta-1,3-glucuronyltransferase 2	B3GAT2; Beta-1,3-glucuronyltransferase-2
Beta-1,3-glucuronyltransferase 3	B3GAT3; Beta-1,3-glucuronyltransferase-3
Beta-1,3-N-acetylgalactosaminyltransferase 1 (globoside blood group)	B3GALNT1
Beta-1,3-N-acetylgalactosaminyltransferase 2	B3GALNT2; Beta-1,3-N-acetylgalactosaminyltransferase-2
Beta-1,4-galactosyltransferase 1	B4GALT1; Beta-1,4-galactosyltransferase-1
Beta-1,4-galactosyltransferase 2	B4GALT2; Beta-1,4-galactosyltransferase-2
Beta-1,4-galactosyltransferase 3	B4GALT3; Beta-1,4-galactosyltransferase-3
Beta-1,4-galactosyltransferase 4	B4GALT4; Beta-1,4-galactosyltransferase-4
Beta-1,4-galactosyltransferase 5	B4GALT5; Beta-1,4-galactosyltransferase-5
Beta-1,4-galactosyltransferase 6	B4GALT6; Beta-1,4-galactosyltransferase-6
Beta-1,4-galactosyltransferase 7	B4GALT7; Beta-1,4-galactosyltransferase-7
Beta-1,4-glucuronyltransferase 1	B4GAT1; Beta-1,4-glucuronyltransferase-1
Beta-1,4-mannosyl-glycoprotein 4-beta-N-acetylglucosaminyltransferase	MGAT-3; MGAT3
Beta-1,4-N-acetyl-galactosaminyltransferase 1	B4GALNT1; Beta-1,4-N-acetyl-galactosaminyltransferase-1
Beta-1,4-N-acetyl-galactosaminyltransferase 2	B4GALNT2; Beta-1,4-N-acetyl-galactosaminyltransferase-2
Beta-1,4-N-acetyl-galactosaminyltransferase 3	B4GALNT3; Beta-1,4-N-acetyl-galactosaminyltransferase-3
Beta-1,4-N-acetyl-galactosaminyltransferase 4	B4GALNT4; Beta-1,4-N-acetyl-galactosaminyltransferase-4
Beta-2-microglobulin	B2M
Beta-carotene oxygenase 1	BCO-1; BCO1; Beta-carotene oxygenase-1
Beta-carotene oxygenase 2	BCO-2; BCO2; Beta-carotene oxygenase-2
Beta-secretase 1	BACE-1; BACE1; Beta-secretase-1
Beta-secretase 2	BACE-2; BACE2; Beta-secretase-2
Beta-transducin repeat containing E3 ubiquitin protein ligase	BTRC
Beta-ureidopropionase 1	Beta-ureidopropionase-1; UPB-1; UPB1
Betacellulin	BTC
Betaine--homocysteine S-methyltransferase	BHMT
Betaine--homocysteine S-methyltransferase 2	Betaine--homocysteine S-methyltransferase-2; BHMT-2; BHMT2
BH3 interacting domain death agonist	BID
BH3-like motif containing, cell death inducer	BLID
BicC family RNA binding protein 1	BICC-1; BICC1
BICD cargo adaptor 1	BICD-1; BICD1
BICD cargo adaptor 2	BICD-2; BICD2
BICD family like cargo adaptor 2	BICDL-2; BICDL2
BICRA like chromatin remodeling complex associated protein	BICRAL
Bifunctional apoptosis regulator	BFAR
Biglycan	BGN
Bile acid-CoA:amino acid N-acyltransferase	BAAT
Biliverdin reductase A	BLVRA
Biliverdin reductase B	BLVRB
Biogenesis of lysosomal organelles complex 1 subunit 1	BLOC1S1
Biogenesis of lysosomal organelles complex 1 subunit 2	BLOC1S2
Biogenesis of lysosomal organelles complex 1 subunit 3	BLOC1S3
Biogenesis of lysosomal organelles complex 1 subunit 4	BLOC1S4
Biogenesis of lysosomal organelles complex 1 subunit 5	BLOC1S5
Biogenesis of lysosomal organelles complex 1 subunit 6	BLOC1S6
Biogenesis of ribosomes BRX1	BRIX-1; BRIX1
Biorientation of chromosomes in cell division 1	BOD-1; BOD1
Biorientation of chromosomes in cell division 1 like 1	BOD1L1
Biorientation of chromosomes in cell division 1 like 2	BOD1L2
Biotinidase	BTD
Biphenyl hydrolase like	BPHL
Bisphosphoglycerate mutase	BPGM
BLCAP apoptosis inducing factor	BLCAP
Bleomycin hydrolase	BLMH
BLK proto-oncogene, Src family tyrosine kinase	BLK
BLM RecQ like helicase	BLM
BLOC-1 related complex subunit 5	BORCS-5; BORCS5
BLOC-1 related complex subunit 6	BORCS-6; BORCS6
BLOC-1 related complex subunit 8	BORCS-8; BORCS8
Blood vessel epicardial substance	BVES
BMERB domain containing 1	BMERB-1; BMERB1
BMI1 proto-oncogene, polycomb ring finger	BMI-1; BMI1
BMP and activin membrane bound inhibitor	BAMBI
BMP binding endothelial regulator	BMPER
BMP/retinoic acid inducible neural specific 1	BRINP-1; BRINP1
BMP/retinoic acid inducible neural specific 3	BRINP-3; BRINP3
BMP2 inducible kinase	BMP2K
BMS1 ribosome biogenesis factor	BMS-1; BMS1
BMX non-receptor tyrosine kinase	BMX
BOC cell adhesion associated, oncogene regulated	BOC
BolA family member 1	BOLA-1; BOLA1
BolA family member 2	BOLA-2; BOLA2
BolA family member 2B	BOLA2B
BolA family member 3	BOLA-3; BOLA3
Bombesin receptor subtype 3	BRS-3; BRS3
Bone gamma-carboxyglutamate protein	BGLAP
Bone marrow stromal cell antigen 1	BST-1; BST1
Bone marrow stromal cell antigen 2	BST-2; BST2
Bone morphogenetic protein 1	BMP-1; BMP1
Bone morphogenetic protein 10	BMP-10; BMP10
Bone morphogenetic protein 15	BMP-15; BMP15
Bone morphogenetic protein 2	BMP-2; BMP2
Bone morphogenetic protein 3	BMP-3; BMP3
Bone morphogenetic protein 4	BMP-4; BMP4
Bone morphogenetic protein 5	BMP-5; BMP5
Bone morphogenetic protein 6	BMP-6; BMP6
Bone morphogenetic protein 7	BMP-7; BMP7
Bone morphogenetic protein receptor type 1A	BMPR1A
Bone morphogenetic protein receptor type 1B	BMPR1B
Bone morphogenetic protein receptor type 2	BMPR-2; BMPR2
BOP1 ribosomal biogenesis factor	BOP-1; BOP1
BORA aurora kinase A activator	BORA
Boule homolog, RNA binding protein	BOLL
BPI fold containing family A member 1	BPIFA-1; BPIFA1
BPI fold containing family A member 2	BPIFA-2; BPIFA2
BPI fold containing family B member 1	BPIFB-1; BPIFB1
BPI fold containing family B member 2	BPIFB-2; BPIFB2
BPI fold containing family B member 3	BPIFB-3; BPIFB3
BPI fold containing family B member 6	BPIFB-6; BPIFB6
BR serine/threonine kinase 1	BRSK-1; BRSK1
BR serine/threonine kinase 2	BRSK-2; BRSK2
Bradykinin receptor B1	BDKRB-1; BDKRB1
Bradykinin receptor B2	BDKRB-2; BDKRB2
Brain abundant membrane attached signal protein 1	BASP-1; BASP1
Brain derived neurotrophic factor	BDNF
Brain enriched guanylate kinase associated	BEGAIN
Brain enriched myelin associated protein 1	BCAS-1; BCAS1
Brain expressed X-linked 1	BEX-1; BEX1
Brain expressed X-linked 2	BEX-2; BEX2
Brain expressed X-linked 3	BEX-3; BEX3
Brain expressed X-linked 4	BEX-4; BEX4
Brain expressed X-linked 5	BEX-5; BEX5
Brain protein I3	BRI-3; BRI3
Branched chain amino acid transaminase 1	BCAT-1; BCAT1
Branched chain amino acid transaminase 2	BCAT-2; BCAT2
Branched chain keto acid dehydrogenase E1 subunit alpha	BCKDHA
Branched chain keto acid dehydrogenase E1 subunit beta	BCKDHB
Branched chain keto acid dehydrogenase kinase	BCKDK
BRCA1 associated ATM activator 1	BRAT-1; BRAT1
BRCA1 associated protein	BRAP
BRCA1 associated protein 1	BAP-1; BAP1
BRCA1 associated RING domain 1	BARD-1; BARD1
BRCA1 DNA repair associated	BRCA-1; BRCA1
BRCA1 interacting helicase 1	BRIP-1; BRIP1
BRCA1/BRCA2-containing complex subunit 3	BRCC-3; BRCC3
BRCA2 and CDKN1A interacting protein	BCCIP
BRCA2 DNA repair associated	BRCA-2; BRCA2
BRD4 interacting chromatin remodeling complex associated protein	BICRA
Break repair meiotic recombinase recruitment factor 1	BRME-1; BRME1
Breast carcinoma amplified sequence 4	BCAS-4; BCAS4
Brevican	BCAN
BRF1 RNA polymerase III transcription initiation factor subunit	BRF-1; BRF1
BRF2 RNA polymerase III transcription initiation factor subunit	BRF-2; BRF2
BRI3 binding protein	BRI3BP
BRICHOS domain containing 5	BRICD-5; BRICD5
BRICK1 subunit of SCAR/WAVE actin nucleating complex	BRK-1; BRK1
Bridge-like lipid transfer protein family member 1	BLTP-1; BLTP1
Bridge-like lipid transfer protein family member 2	BLTP-2; BLTP2
Bridge-like lipid transfer protein family member 3A	BLTP3A
Bridge-like lipid transfer protein family member 3B	BLTP3B
Bridging integrator 1	BIN-1; BIN1; Bridging integrator-1
Bridging integrator 2	BIN-2; BIN2; Bridging integrator-2
Bridging integrator 3	BIN-3; BIN3; Bridging integrator-3
BRISC and BRCA1 A complex member 1	BABAM-1; BABAM1
BRISC and BRCA1 A complex member 2	BABAM-2; BABAM2
BRMS1 like transcriptional repressor	BRMS1L
BRMS1 transcriptional repressor and anoikis regulator	BRMS-1; BRMS1
BRO1 domain and CAAX motif containing	BROX
Bromo adjacent homology domain containing 1	BAHD-1; BAHD1
Bromodomain adjacent to zinc finger domain 1A	BAZ1A
Bromodomain adjacent to zinc finger domain 1B	BAZ1B
Bromodomain adjacent to zinc finger domain 2A	BAZ2A
Bromodomain adjacent to zinc finger domain 2B	BAZ2B
Bromodomain and PHD finger containing 1	BRPF-1; BRPF1
Bromodomain and PHD finger containing 3	BRPF-3; BRPF3
Bromodomain and WD repeat domain containing 1	BRWD-1; BRWD1
Bromodomain and WD repeat domain containing 3	BRWD-3; BRWD3
Bromodomain containing 1	BRD-1; BRD1; Bromodomain containing-1
Bromodomain containing 2	BRD-2; BRD2; Bromodomain containing-2
Bromodomain containing 3	BRD-3; BRD3; Bromodomain containing-3
Bromodomain containing 4	BRD-4; BRD4; Bromodomain containing-4
Bromodomain containing 7	BRD-7; BRD7; Bromodomain containing-7
Bromodomain containing 8	BRD-8; BRD8; Bromodomain containing-8
Bromodomain containing 9	BRD-9; BRD9; Bromodomain containing-9
Bromodomain PHD finger transcription factor	BPTF
Bromodomain testis associated	BRDT
Bruton tyrosine kinase	BTK
BSCL2 lipid droplet biogenesis associated, seipin	BSCL-2; BSCL2
BSD domain containing 1	BSDC-1; BSDC1
BTB domain and CNC homolog 1	BACH-1; BACH1
BTB domain and CNC homolog 2	BACH-2; BACH2
BTB domain containing 1	BTBD-1; BTBD1
BTB domain containing 10	BTBD-10; BTBD10
BTB domain containing 16	BTBD-16; BTBD16
BTB domain containing 18	BTBD-18; BTBD18
BTB domain containing 2	BTBD-2; BTBD2
BTB domain containing 3	BTBD-3; BTBD3
BTB domain containing 6	BTBD-6; BTBD6
BTB domain containing 7	BTBD-7; BTBD7
BTB domain containing 8	BTBD-8; BTBD8
BTB domain containing 9	BTBD-9; BTBD9
BTG anti-proliferation factor 1	BTG-1; BTG1
BTG anti-proliferation factor 2	BTG-2; BTG2
BTG anti-proliferation factor 3	BTG-3; BTG3
BTG anti-proliferation factor 4	BTG-4; BTG4
BTG3 associated nuclear protein	BANP
BUB1 mitotic checkpoint serine/threonine kinase	BUB-1; BUB1
BUB1 mitotic checkpoint serine/threonine kinase B	BUB1B
BUB3 mitotic checkpoint protein	BUB-3; BUB3
Bublin coiled coil protein	BBLN
BUD13 homolog	BUD-13; BUD13
BUD23 rRNA methyltransferase and ribosome maturation factor	BUD-23; BUD23
BUD31 homolog	BUD-31; BUD31
Butyrophilin like 3	BTNL-3; BTNL3; Butyrophilin like-3
Butyrophilin like 8	BTNL-8; BTNL8; Butyrophilin like-8
Butyrophilin like 9	BTNL-9; BTNL9; Butyrophilin like-9
Butyrophilin subfamily 1 member A1	BTN1A1
Butyrophilin subfamily 2 member A1	BTN2A1
Butyrophilin subfamily 2 member A2	BTN2A2
Butyrophilin subfamily 3 member A1	BTN3A1
Butyrophilin subfamily 3 member A2	BTN3A2
Butyrophilin subfamily 3 member A3	BTN3A3
Butyrylcholinesterase	BCHE
Bystin like	BYSL
C-C motif chemokine ligand 1	CCL-1; CCL1
C-C motif chemokine ligand 11	CCL-11; CCL11
C-C motif chemokine ligand 13	CCL-13; CCL13
C-C motif chemokine ligand 14	CCL-14; CCL14
C-C motif chemokine ligand 15	CCL-15; CCL15
C-C motif chemokine ligand 16	CCL-16; CCL16
C-C motif chemokine ligand 17	CCL-17; CCL17
C-C motif chemokine ligand 18	CCL-18; CCL18
C-C motif chemokine ligand 19	CCL-19; CCL19
C-C motif chemokine ligand 2	CCL-2; CCL2
C-C motif chemokine ligand 20	CCL-20; CCL20
C-C motif chemokine ligand 21	CCL-21; CCL21
C-C motif chemokine ligand 22	CCL-22; CCL22
C-C motif chemokine ligand 23	CCL-23; CCL23
C-C motif chemokine ligand 24	CCL-24; CCL24
C-C motif chemokine ligand 25	CCL-25; CCL25
C-C motif chemokine ligand 26	CCL-26; CCL26
C-C motif chemokine ligand 27	CCL-27; CCL27
C-C motif chemokine ligand 28	CCL-28; CCL28
C-C motif chemokine ligand 3	CCL-3; CCL3
C-C motif chemokine ligand 3 like 1	CCL3L1
C-C motif chemokine ligand 4	CCL-4; CCL4
C-C motif chemokine ligand 4 like 2	CCL4L2
C-C motif chemokine ligand 5	CCL-5; CCL5
C-C motif chemokine ligand 7	CCL-7; CCL7
C-C motif chemokine ligand 8	CCL-8; CCL8
C-C motif chemokine receptor 1	CCR-1; CCR1
C-C motif chemokine receptor 10	CCR-10; CCR10
C-C motif chemokine receptor 2	CCR-2; CCR2
C-C motif chemokine receptor 3	CCR-3; CCR3
C-C motif chemokine receptor 4	CCR-4; CCR4
C-C motif chemokine receptor 5	CCR-5; CCR5
C-C motif chemokine receptor 6	CCR-6; CCR6
C-C motif chemokine receptor 7	CCR-7; CCR7
C-C motif chemokine receptor 8	CCR-8; CCR8
C-C motif chemokine receptor 9	CCR-9; CCR9
C-C motif chemokine receptor like 2	CCRL-2; CCRL2
C-Maf inducing protein	CMIP
C-reactive protein	CRP
C-terminal binding protein 1	CTBP-1; CTBP1
C-terminal binding protein 2	CTBP-2; CTBP2
C-terminal Src kinase	CSK
C-type lectin domain containing 10A	CLEC10A
C-type lectin domain containing 11A	CLEC11A
C-type lectin domain containing 14A	CLEC14A
C-type lectin domain containing 16A	CLEC16A
C-type lectin domain containing 17A	CLEC17A
C-type lectin domain containing 19A	CLEC19A
C-type lectin domain containing 5A	CLEC5A
C-type lectin domain containing 6A	CLEC6A
C-type lectin domain containing 7A	CLEC7A
C-type lectin domain containing 9A	CLEC9A
C-type lectin domain family 1 member A	CLEC1A
C-type lectin domain family 1 member B	CLEC1B
C-type lectin domain family 12 member A	CLEC12A
C-type lectin domain family 12 member B	CLEC12B
C-type lectin domain family 18 member A	CLEC18A
C-type lectin domain family 2 member A	CLEC2A
C-type lectin domain family 2 member B	CLEC2B
C-type lectin domain family 2 member D	CLEC2D
C-type lectin domain family 3 member A	CLEC3A
C-type lectin domain family 3 member B	CLEC3B
C-type lectin domain family 4 member A	CLEC4A
C-type lectin domain family 4 member C	CLEC4C
C-type lectin domain family 4 member D	CLEC4D
C-type lectin domain family 4 member E	CLEC4E
C-type lectin domain family 4 member G	CLEC4G
C-type lectin domain family 4 member M	CLEC4M
C-X-C motif chemokine ligand 1	CXCL-1; CXCL1
C-X-C motif chemokine ligand 10	CXCL-10; CXCL10
C-X-C motif chemokine ligand 11	CXCL-11; CXCL11
C-X-C motif chemokine ligand 12	CXCL-12; CXCL12
C-X-C motif chemokine ligand 13	CXCL-13; CXCL13
C-X-C motif chemokine ligand 14	CXCL-14; CXCL14
C-X-C motif chemokine ligand 17	CXCL-17; CXCL17
C-X-C motif chemokine ligand 2	CXCL-2; CXCL2
C-X-C motif chemokine ligand 3	CXCL-3; CXCL3
C-X-C motif chemokine ligand 5	CXCL-5; CXCL5
C-X-C motif chemokine ligand 6	CXCL-6; CXCL6
C-X-C motif chemokine ligand 8	CXCL-8; CXCL8
C-X-C motif chemokine ligand 9	CXCL-9; CXCL9
C-X-C motif chemokine receptor 1	CXCR-1; CXCR1
C-X-C motif chemokine receptor 2	CXCR-2; CXCR2
C-X-C motif chemokine receptor 3	CXCR-3; CXCR3
C-X-C motif chemokine receptor 4	CXCR-4; CXCR4
C-X-C motif chemokine receptor 5	CXCR-5; CXCR5
C-X3-C motif chemokine ligand 1	CX3CL1
C-X3-C motif chemokine receptor 1	CX3CR1
C-X9-C motif containing 1	CMC-1; CMC1
C-X9-C motif containing 2	CMC-2; CMC2
C-X9-C motif containing 4	CMC-4; CMC4
C1D nuclear receptor corepressor	C1D
C1GALT1 specific chaperone 1	C1GALT1C1
C1q and TNF related 1	C1QTNF1
C1q and TNF related 12	C1QTNF12
C1q and TNF related 2	C1QTNF2
C1q and TNF related 3	C1QTNF3
C1q and TNF related 4	C1QTNF4
C1q and TNF related 5	C1QTNF5
C1q and TNF related 6	C1QTNF6
C1q and TNF related 8	C1QTNF8
C1q and TNF related 9	C1QTNF9
C1q and TNF related 9B	C1QTNF9B
C2 calcium dependent domain containing 2	C2CD2
C2 calcium dependent domain containing 4C	C2CD4C
C2 calcium dependent domain containing 5	C2CD5
C2 calcium dependent domain containing 6	C2CD6
C2 domain containing 3 centriole elongation regulator	C2CD3
C2CD2 like	C2CD2L
C3 and PZP like alpha-2-macroglobulin domain containing 8	CPAMD-8; CPAMD8
C9orf72-SMCR8 complex subunit	C9orf72
CACN subunit beta associated regulatory protein	CBARP
Cactin, spliceosome C complex subunit	CACTIN
Cadherin 1	Cadherin-1; CDH-1; CDH1
Cadherin 10	Cadherin-10; CDH-10; CDH10
Cadherin 11	Cadherin-11; CDH-11; CDH11
Cadherin 13	Cadherin-13; CDH-13; CDH13
Cadherin 15	Cadherin-15; CDH-15; CDH15
Cadherin 16	Cadherin-16; CDH-16; CDH16
Cadherin 17	Cadherin-17; CDH-17; CDH17
Cadherin 2	Cadherin-2; CDH-2; CDH2
Cadherin 24	Cadherin-24; CDH-24; CDH24
Cadherin 26	Cadherin-26; CDH-26; CDH26
Cadherin 3	Cadherin-3; CDH-3; CDH3
Cadherin 5	Cadherin-5; CDH-5; CDH5
Cadherin 6	Cadherin-6; CDH-6; CDH6
Cadherin EGF LAG seven-pass G-type receptor 1	CELSR-1; CELSR1
Cadherin EGF LAG seven-pass G-type receptor 2	CELSR-2; CELSR2
Cadherin EGF LAG seven-pass G-type receptor 3	CELSR-3; CELSR3
Cadherin related 23	Cadherin related-23; CDH-23; CDH23
Cadherin related family member 1	CDHR-1; CDHR1
Cadherin related family member 2	CDHR-2; CDHR2
Cadherin related family member 3	CDHR-3; CDHR3
Cadherin related family member 5	CDHR-5; CDHR5
Calbindin 1	CALB-1; CALB1; Calbindin-1
Calcineurin binding protein 1	CABIN-1; CABIN1
Calcineurin like EF-hand protein 1	CHP-1; CHP1
Calcineurin like EF-hand protein 2	CHP-2; CHP2
Calcineurin like phosphoesterase domain containing 1	CPPED-1; CPPED1
Calcitonin receptor like receptor	CALCRL
Calcitonin related polypeptide alpha	CALCA
Calcitonin related polypeptide beta	CALCB
Calcium activated nucleotidase 1	CANT-1; CANT1
Calcium and integrin binding 1	CIB-1; CIB1
Calcium and integrin binding family member 2	CIB-2; CIB2
Calcium and integrin binding family member 3	CIB-3; CIB3
Calcium and integrin binding family member 4	CIB-4; CIB4
Calcium binding and coiled-coil domain 1	CALCOCO-1; CALCOCO1
Calcium binding and coiled-coil domain 2	CALCOCO-2; CALCOCO2
Calcium binding protein 1	CABP-1; CABP1
Calcium binding protein 2	CABP-2; CABP2
Calcium binding protein 39	CAB-39; CAB39
Calcium binding protein 39 like	CAB39L
Calcium binding protein 4	CABP-4; CABP4
Calcium binding protein 5	CABP-5; CABP5
Calcium binding protein 7	CABP-7; CABP7
Calcium binding tyrosine phosphorylation regulated	CABYR
Calcium channel flower domain containing 1	CACFD-1; CACFD1
Calcium dependent secretion activator	CADPS
Calcium dependent secretion activator 2	CADPS-2; CADPS2
Calcium homeostasis endoplasmic reticulum protein	CHERP
Calcium homeostasis modulator 1	CALHM-1; CALHM1
Calcium homeostasis modulator 3	CALHM-3; CALHM3
Calcium homeostasis modulator family member 2	CALHM-2; CALHM2
Calcium homeostasis modulator family member 4	CALHM-4; CALHM4
Calcium homeostasis modulator family member 5	CALHM-5; CALHM5
Calcium homeostasis modulator family member 6	CALHM-6; CALHM6
Calcium modulating ligand	CAMLG
Calcium regulated heat stable protein 1	CARHSP-1; CARHSP1
Calcium release activated channel regulator 2A	CRACR2A
Calcium release activated channel regulator 2B	CRACR2B
Calcium responsive transcription factor	CARF
Calcium sensing receptor	CASR
Calcium voltage-gated channel auxiliary subunit alpha2delta 1	CACNA2D1
Calcium voltage-gated channel auxiliary subunit alpha2delta 2	CACNA2D2
Calcium voltage-gated channel auxiliary subunit alpha2delta 3	CACNA2D3
Calcium voltage-gated channel auxiliary subunit alpha2delta 4	CACNA2D4
Calcium voltage-gated channel auxiliary subunit beta 1	CACNB-1; CACNB1
Calcium voltage-gated channel auxiliary subunit beta 2	CACNB-2; CACNB2
Calcium voltage-gated channel auxiliary subunit beta 3	CACNB-3; CACNB3
Calcium voltage-gated channel auxiliary subunit beta 4	CACNB-4; CACNB4
Calcium voltage-gated channel auxiliary subunit gamma 1	CACNG-1; CACNG1
Calcium voltage-gated channel auxiliary subunit gamma 2	CACNG-2; CACNG2
Calcium voltage-gated channel auxiliary subunit gamma 4	CACNG-4; CACNG4
Calcium voltage-gated channel auxiliary subunit gamma 6	CACNG-6; CACNG6
Calcium voltage-gated channel auxiliary subunit gamma 7	CACNG-7; CACNG7
Calcium voltage-gated channel subunit alpha1 A	CACNA1A
Calcium voltage-gated channel subunit alpha1 B	CACNA1B
Calcium voltage-gated channel subunit alpha1 C	CACNA1C
Calcium voltage-gated channel subunit alpha1 D	CACNA1D
Calcium voltage-gated channel subunit alpha1 E	CACNA1E
Calcium voltage-gated channel subunit alpha1 F	CACNA1F
Calcium voltage-gated channel subunit alpha1 G	CACNA1G
Calcium voltage-gated channel subunit alpha1 H	CACNA1H
Calcium voltage-gated channel subunit alpha1 I	CACNA1I
Calcium voltage-gated channel subunit alpha1 S	CACNA1S
Calcium/calmodulin dependent protein kinase I	CAMK-1; CAMK1
Calcium/calmodulin dependent protein kinase ID	CAMK1D
Calcium/calmodulin dependent protein kinase IG	CAMK1G
Calcium/calmodulin dependent protein kinase II alpha	CAMK2A
Calcium/calmodulin dependent protein kinase II beta	CAMK2B
Calcium/calmodulin dependent protein kinase II delta	CAMK2D
Calcium/calmodulin dependent protein kinase II gamma	CAMK2G
Calcium/calmodulin dependent protein kinase IV	CAMK-4; CAMK4
Calcium/calmodulin dependent protein kinase kinase 1	CAMKK-1; CAMKK1
Calcium/calmodulin dependent protein kinase kinase 2	CAMKK-2; CAMKK2
Calcium/calmodulin dependent serine protein kinase	CASK
Calcyclin binding protein	CACYBP
Calcyon neuron specific vesicular protein	CALY
Calcyphosine	CAPS
Caldesmon 1	CALD-1; CALD1; Caldesmon-1
Calicin	CCIN
Calmegin	CLGN
Calmin	CLMN
Calmodulin 1	CALM-1; CALM1; Calmodulin-1
Calmodulin 2	CALM-2; CALM2; Calmodulin-2
Calmodulin 3	CALM-3; CALM3; Calmodulin-3
Calmodulin binding transcription activator 1	CAMTA-1; CAMTA1
Calmodulin binding transcription activator 2	CAMTA-2; CAMTA2
Calmodulin like 3	CALML-3; CALML3; Calmodulin like-3
Calmodulin like 5	CALML-5; CALML5; Calmodulin like-5
Calmodulin like 6	CALML-6; CALML6; Calmodulin like-6
Calmodulin regulated spectrin associated protein 1	CAMSAP-1; CAMSAP1
Calmodulin regulated spectrin associated protein family member 2	CAMSAP-2; CAMSAP2
Calmodulin regulated spectrin associated protein family member 3	CAMSAP-3; CAMSAP3
Calmodulin-lysine N-methyltransferase	CAMKMT
Calneuron 1	CALN-1; CALN1; Calneuron-1
Calnexin	CANX
Calpain 1	Calpain-1; CAPN-1; CAPN1
Calpain 10	Calpain-10; CAPN-10; CAPN10
Calpain 13	Calpain-13; CAPN-13; CAPN13
Calpain 15	Calpain-15; CAPN-15; CAPN15
Calpain 2	Calpain-2; CAPN-2; CAPN2
Calpain 3	Calpain-3; CAPN-3; CAPN3
Calpain 5	Calpain-5; CAPN-5; CAPN5
Calpain 6	Calpain-6; CAPN-6; CAPN6
Calpain 7	Calpain-7; CAPN-7; CAPN7
Calpain 8	Calpain-8; CAPN-8; CAPN8
Calpain 9	Calpain-9; CAPN-9; CAPN9
Calpain small subunit 1	CAPNS-1; CAPNS1
Calpain small subunit 2	CAPNS-2; CAPNS2
Calpastatin	CAST
Calponin 1	Calponin-1; CNN-1; CNN1
Calponin 2	Calponin-2; CNN-2; CNN2
Calponin 3	Calponin-3; CNN-3; CNN3
Calreticulin	CALR
Calreticulin 3	CALR-3; CALR3; Calreticulin-3
Calsequestrin 1	Calsequestrin-1; CASQ-1; CASQ1
Calsequestrin 2	Calsequestrin-2; CASQ-2; CASQ2
Calsyntenin 1	Calsyntenin-1; CLSTN-1; CLSTN1
Calsyntenin 2	Calsyntenin-2; CLSTN-2; CLSTN2
Calsyntenin 3	Calsyntenin-3; CLSTN-3; CLSTN3
Calumenin	CALU
CAMP regulated phosphoprotein 19	ARPP-19; ARPP19
CAMP regulated phosphoprotein 21	ARPP-21; ARPP21
CAMP responsive element binding protein 1	CREB-1; CREB1
CAMP responsive element binding protein 3	CREB-3; CREB3
CAMP responsive element binding protein 3 like 1	CREB3L1
CAMP responsive element binding protein 3 like 2	CREB3L2
CAMP responsive element binding protein 3 like 3	CREB3L3
CAMP responsive element binding protein 3 like 4	CREB3L4
CAMP responsive element binding protein 5	CREB-5; CREB5
CAMP responsive element binding protein like 2	CREBL-2; CREBL2
CAMP responsive element modulator	CREM
CAMP-dependent protein kinase inhibitor alpha	PKIA
CAMP-dependent protein kinase inhibitor beta	PKIB
CAMP-dependent protein kinase inhibitor gamma	PKIG
Cancer antigen 1	CAGE-1; CAGE1; Cancer antigen-1
Cancer/testis antigen 1A	CTAG1A
Cancer/testis antigen 1B	CTAG1B
Cancer/testis antigen 2	Cancer/testis antigen-2; CTAG-2; CTAG2
Cancer/testis antigen 55	Cancer/testis antigen-55; CT-55; CT55
Cancer/testis antigen 83	Cancer/testis antigen-83; CT-83; CT83
Cancer/testis antigen family 45 member A1	CT45A1
Cancer/testis antigen family 45 member A10	CT45A10
Cancer/testis antigen family 45 member A3	CT45A3
Cannabinoid receptor 1	Cannabinoid receptor-1; CNR-1; CNR1
Cannabinoid receptor 2	Cannabinoid receptor-2; CNR-2; CNR2
Cannabinoid receptor interacting protein 1	CNRIP-1; CNRIP1
Canopy FGF signaling regulator 2	CNPY-2; CNPY2
Canopy FGF signaling regulator 3	CNPY-3; CNPY3
Canopy FGF signaling regulator 4	CNPY-4; CNPY4
Cap binding complex dependent translation initiation factor	CTIF
Cap methyltransferase 1	Cap methyltransferase-1; CMTR-1; CMTR1
Cap methyltransferase 2	Cap methyltransferase-2; CMTR-2; CMTR2
CAP-Gly domain containing linker protein 1	CLIP-1; CLIP1
CAP-Gly domain containing linker protein 2	CLIP-2; CLIP2
CAP-Gly domain containing linker protein 3	CLIP-3; CLIP3
CAP-Gly domain containing linker protein family member 4	CLIP-4; CLIP4
Capicua transcriptional repressor	CIC
Capping actin protein of muscle Z-line subunit alpha 1	CAPZA-1; CAPZA1
Capping actin protein of muscle Z-line subunit alpha 2	CAPZA-2; CAPZA2
Capping actin protein of muscle Z-line subunit alpha 3	CAPZA-3; CAPZA3
Capping actin protein of muscle Z-line subunit beta	CAPZB
Capping actin protein, gelsolin like	CAPG
Capping protein inhibiting regulator of actin dynamics	CRACD
Capping protein regulator and myosin 1 linker 1	CARMIL-1; CARMIL1
Capping protein regulator and myosin 1 linker 2	CARMIL-2; CARMIL2
Caprin family member 2	CAPRIN-2; CAPRIN2
Carbamoyl-phosphate synthase 1	Carbamoyl-phosphate synthase-1; CPS-1; CPS1
Carbamoyl-phosphate synthetase 2, aspartate transcarbamylase, and dihydroorotase	CAD
Carbohydrate sulfotransferase 1	Carbohydrate sulfotransferase-1; CHST-1; CHST1
Carbohydrate sulfotransferase 10	Carbohydrate sulfotransferase-10; CHST-10; CHST10
Carbohydrate sulfotransferase 11	Carbohydrate sulfotransferase-11; CHST-11; CHST11
Carbohydrate sulfotransferase 13	Carbohydrate sulfotransferase-13; CHST-13; CHST13
Carbohydrate sulfotransferase 14	Carbohydrate sulfotransferase-14; CHST-14; CHST14
Carbohydrate sulfotransferase 15	Carbohydrate sulfotransferase-15; CHST-15; CHST15
Carbohydrate sulfotransferase 2	Carbohydrate sulfotransferase-2; CHST-2; CHST2
Carbohydrate sulfotransferase 3	Carbohydrate sulfotransferase-3; CHST-3; CHST3
Carbohydrate sulfotransferase 4	Carbohydrate sulfotransferase-4; CHST-4; CHST4
Carbohydrate sulfotransferase 6	Carbohydrate sulfotransferase-6; CHST-6; CHST6
Carbohydrate sulfotransferase 7	Carbohydrate sulfotransferase-7; CHST-7; CHST7
Carbohydrate sulfotransferase 8	Carbohydrate sulfotransferase-8; CHST-8; CHST8
Carbonic anhydrase 1	CA-1; CA1; Carbonic anhydrase-1
Carbonic anhydrase 11	CA-11; CA11; Carbonic anhydrase-11
Carbonic anhydrase 12	CA-12; CA12; Carbonic anhydrase-12
Carbonic anhydrase 13	CA-13; CA13; Carbonic anhydrase-13
Carbonic anhydrase 14	CA-14; CA14; Carbonic anhydrase-14
Carbonic anhydrase 2	CA-2; CA2; Carbonic anhydrase-2
Carbonic anhydrase 3	CA-3; CA3; Carbonic anhydrase-3
Carbonic anhydrase 4	CA-4; CA4; Carbonic anhydrase-4
Carbonic anhydrase 5A	CA5A
Carbonic anhydrase 5B	CA5B
Carbonic anhydrase 6	CA-6; CA6; Carbonic anhydrase-6
Carbonic anhydrase 7	CA-7; CA7; Carbonic anhydrase-7
Carbonic anhydrase 8	CA-8; CA8; Carbonic anhydrase-8
Carbonic anhydrase 9	CA-9; CA9; Carbonic anhydrase-9
Carbonyl reductase 1	Carbonyl reductase-1; CBR-1; CBR1
Carbonyl reductase 3	Carbonyl reductase-3; CBR-3; CBR3
Carbonyl reductase 4	Carbonyl reductase-4; CBR-4; CBR4
Carboxyl ester lipase	CEL
Carboxylesterase 1	Carboxylesterase-1; CES-1; CES1
Carboxylesterase 2	Carboxylesterase-2; CES-2; CES2
Carboxylesterase 3	Carboxylesterase-3; CES-3; CES3
Carboxymethylenebutenolidase homolog	CMBL
Carboxypeptidase A1	CPA-1; CPA1
Carboxypeptidase A2	CPA-2; CPA2
Carboxypeptidase A3	CPA-3; CPA3
Carboxypeptidase A4	CPA-4; CPA4
Carboxypeptidase A6	CPA-6; CPA6
Carboxypeptidase B1	CPB-1; CPB1
Carboxypeptidase B2	CPB-2; CPB2
Carboxypeptidase D	CPD
Carboxypeptidase E	CPE
Carboxypeptidase M	CPM
Carboxypeptidase N subunit 1	CPN-1; CPN1
Carboxypeptidase N subunit 2	CPN-2; CPN2
Carboxypeptidase O	CPO
Carboxypeptidase Q	CPQ
Carboxypeptidase vitellogenic like	CPVL
Carboxypeptidase Z	CPZ
Cardiolipin synthase 1	Cardiolipin synthase-1; CRLS-1; CRLS1
Cardiomyopathy associated 5	Cardiomyopathy associated-5; CMYA-5; CMYA5
Cardiotrophin 1	Cardiotrophin-1; CTF-1; CTF1
Cardiotrophin like cytokine factor 1	CLCF-1; CLCF1
Carnitine O-acetyltransferase	CRAT
Carnitine O-octanoyltransferase	CROT
Carnitine palmitoyltransferase 1A	CPT1A
Carnitine palmitoyltransferase 1B	CPT1B
Carnitine palmitoyltransferase 1C	CPT1C
Carnitine palmitoyltransferase 2	Carnitine palmitoyltransferase-2; CPT-2; CPT2
Carnosine dipeptidase 1	Carnosine dipeptidase-1; CNDP-1; CNDP1
Carnosine dipeptidase 2	Carnosine dipeptidase-2; CNDP-2; CNDP2
Carnosine N-methyltransferase 1	CARNMT-1; CARNMT1; Carnosine N-methyltransferase-1
Carnosine synthase 1	Carnosine synthase-1; CARNS-1; CARNS1
CART prepropeptide	CARTPT
Cartilage acidic protein 1	CRTAC-1; CRTAC1
Cartilage associated protein	CRTAP
Cartilage intermediate layer protein	CILP
Cartilage oligomeric matrix protein	COMP
Cas scaffold protein family member 4	CASS-4; CASS4
CAS1 domain containing 1	CASD-1; CASD1
CASC3 exon junction complex subunit	CASC-3; CASC3
Casein alpha s1	CSN1S1
Casein beta	CSN-2; CSN2
Casein kappa	CSN-3; CSN3
Casein kinase 1 alpha 1	CSNK1A1
Casein kinase 1 delta	CSNK1D
Casein kinase 1 epsilon	CSNK1E
Casein kinase 1 gamma 1	CSNK1G1
Casein kinase 1 gamma 2	CSNK1G2
Casein kinase 1 gamma 3	CSNK1G3
Casein kinase 2 alpha 1	CSNK2A1
Casein kinase 2 alpha 2	CSNK2A2
Casein kinase 2 alpha 3	CSNK2A3
Casein kinase 2 beta	CSNK2B
Caseinolytic mitochondrial matrix peptidase chaperone subunit B	CLPB
Caseinolytic mitochondrial matrix peptidase chaperone subunit X	CLPX
Caseinolytic mitochondrial matrix peptidase proteolytic subunit	CLPP
CASK interacting protein 1	CASKIN-1; CASKIN1
CASK interacting protein 2	CASKIN-2; CASKIN2
CASP2 and RIPK1 domain containing adaptor with death domain	CRADD
CASP8 and FADD like apoptosis regulator	CFLAR
Caspase 1	CASP-1; CASP1; Caspase-1
Caspase 10	CASP-10; CASP10; Caspase-10
Caspase 14	CASP-14; CASP14; Caspase-14
Caspase 2	CASP-2; CASP2; Caspase-2
Caspase 3	CASP-3; CASP3; Caspase-3
Caspase 4	CASP-4; CASP4; Caspase-4
Caspase 5	CASP-5; CASP5; Caspase-5
Caspase 6	CASP-6; CASP6; Caspase-6
Caspase 7	CASP-7; CASP7; Caspase-7
Caspase 8	CASP-8; CASP8; Caspase-8
Caspase 9	CASP-9; CASP9; Caspase-9
Caspase activity and apoptosis inhibitor 1	CAAP-1; CAAP1
Caspase recruitment domain family member 10	CARD-10; CARD10
Caspase recruitment domain family member 11	CARD-11; CARD11
Caspase recruitment domain family member 14	CARD-14; CARD14
Caspase recruitment domain family member 16	CARD-16; CARD16
Caspase recruitment domain family member 18	CARD-18; CARD18
Caspase recruitment domain family member 19	CARD-19; CARD19
Caspase recruitment domain family member 6	CARD-6; CARD6
Caspase recruitment domain family member 8	CARD-8; CARD8
Caspase recruitment domain family member 9	CARD-9; CARD9
Castor zinc finger 1	CASZ-1; CASZ1
Catalase	CAT
Catechol-O-methyltransferase	COMT
Catechol-O-methyltransferase domain containing 1	COMTD-1; COMTD1
Catenin alpha 1	Catenin alpha-1; CTNNA-1; CTNNA1
Catenin alpha 2	Catenin alpha-2; CTNNA-2; CTNNA2
Catenin alpha 3	Catenin alpha-3; CTNNA-3; CTNNA3
Catenin alpha like 1	CTNNAL-1; CTNNAL1
Catenin beta 1	Catenin beta-1; CTNNB-1; CTNNB1
Catenin beta interacting protein 1	CTNNBIP-1; CTNNBIP1
Catenin beta like 1	CTNNBL-1; CTNNBL1
Catenin delta 1	Catenin delta-1; CTNND-1; CTNND1
Catenin delta 2	Catenin delta-2; CTNND-2; CTNND2
Cathelicidin antimicrobial peptide	CAMP
Cathepsin A	CTSA
Cathepsin B	CTSB
Cathepsin C	CTSC
Cathepsin D	CTSD
Cathepsin E	CTSE
Cathepsin F	CTSF
Cathepsin G	CTSG
Cathepsin H	CTSH
Cathepsin K	CTSK
Cathepsin L	CTSL
Cathepsin O	CTSO
Cathepsin S	CTSS
Cathepsin V	CTSV
Cathepsin W	CTSW
Cathepsin Z	CTSZ
Cation channel sperm associated 1	CATSPER-1; CATSPER1
Cation channel sperm associated 2	CATSPER-2; CATSPER2
Cation channel sperm associated 4	CATSPER-4; CATSPER4
Cation channel sperm associated auxiliary subunit delta	CATSPERD
Caudal type homeobox 1	CDX-1; CDX1
Caudal type homeobox 2	CDX-2; CDX2
Caudal type homeobox 4	CDX-4; CDX4
Caveolae associated protein 1	CAVIN-1; CAVIN1
Caveolae associated protein 2	CAVIN-2; CAVIN2
Caveolae associated protein 3	CAVIN-3; CAVIN3
Caveolae associated protein 4	CAVIN-4; CAVIN4
Caveolin 1	CAV-1; CAV1; Caveolin-1
Caveolin 2	CAV-2; CAV2; Caveolin-2
Caveolin 3	CAV-3; CAV3; Caveolin-3
CBFA2/RUNX1 partner transcriptional co-repressor 2	CBFA2T2
CBFA2/RUNX1 partner transcriptional co-repressor 3	CBFA2T3
Cbl proto-oncogene	CBL
Cbl proto-oncogene B	CBLB
Cbl proto-oncogene C	CBLC
Cbl proto-oncogene like 1	CBLL-1; CBLL1
Cbl proto-oncogene like 2	CBLL-2; CBLL2
Cbp/p300 interacting transactivator with Glu/Asp rich carboxy-terminal domain 1	CITED-1; CITED1
Cbp/p300 interacting transactivator with Glu/Asp rich carboxy-terminal domain 2	CITED-2; CITED2
Cbp/p300 interacting transactivator with Glu/Asp rich carboxy-terminal domain 4	CITED-4; CITED4
CBY1 interacting BAR domain containing 1	CIBAR-1; CIBAR1
CBY1 interacting BAR domain containing 2	CIBAR-2; CIBAR2
CCAAT enhancer binding protein alpha	CEBPA
CCAAT enhancer binding protein beta	CEBPB
CCAAT enhancer binding protein delta	CEBPD
CCAAT enhancer binding protein epsilon	CEBPE
CCAAT enhancer binding protein gamma	CEBPG
CCAAT enhancer binding protein zeta	CEBPZ
CCCTC-binding factor	CTCF
CCCTC-binding factor like	CTCFL
CCHC-type zinc finger nucleic acid binding protein	CNBP
CCM2 like scaffold protein	CCM2L
CCM2 scaffold protein	CCM-2; CCM2
CCR4-NOT transcription complex subunit 1	CNOT-1; CNOT1
CCR4-NOT transcription complex subunit 10	CNOT-10; CNOT10
CCR4-NOT transcription complex subunit 11	CNOT-11; CNOT11
CCR4-NOT transcription complex subunit 2	CNOT-2; CNOT2
CCR4-NOT transcription complex subunit 3	CNOT-3; CNOT3
CCR4-NOT transcription complex subunit 4	CNOT-4; CNOT4
CCR4-NOT transcription complex subunit 6	CNOT-6; CNOT6
CCR4-NOT transcription complex subunit 6 like	CNOT6L
CCR4-NOT transcription complex subunit 7	CNOT-7; CNOT7
CCR4-NOT transcription complex subunit 8	CNOT-8; CNOT8
CCR4-NOT transcription complex subunit 9	CNOT-9; CNOT9
CCZ1 homolog B, vacuolar protein trafficking and biogenesis associated	CCZ1B
CCZ1 homolog, vacuolar protein trafficking and biogenesis associated	CCZ-1; CCZ1
CD101 molecule	CD-101; CD101
CD109 molecule	CD-109; CD109
CD14 molecule	CD-14; CD14
CD151 molecule (Raph blood group)	CD-151; CD151
CD160 molecule	CD-160; CD160
CD163 molecule	CD-163; CD163
CD163 molecule like 1	CD163L1
CD164 molecule	CD-164; CD164
CD164 molecule like 2	CD164L2
CD180 molecule	CD-180; CD180
CD19 molecule	CD-19; CD19
CD1a molecule	CD1A
CD1b molecule	CD1B
CD1c molecule	CD1C
CD1d molecule	CD1D
CD1e molecule	CD1E
CD2 associated protein	CD2AP
CD2 cytoplasmic tail binding protein 2	CD2BP2
CD2 molecule	CD-2; CD2
CD200 molecule	CD-200; CD200
CD200 receptor 1	CD200 receptor-1; CD200R1
CD200 receptor 1 like	CD200R1L
CD207 molecule	CD-207; CD207
CD209 molecule	CD-209; CD209
CD22 molecule	CD-22; CD22
CD226 molecule	CD-226; CD226
CD24 molecule	CD-24; CD24
CD244 molecule	CD-244; CD244
CD247 molecule	CD-247; CD247
CD248 molecule	CD-248; CD248
CD27 molecule	CD-27; CD27
CD274 molecule	CD-274; CD274
CD276 molecule	CD-276; CD276
CD28 molecule	CD-28; CD28
CD3 delta subunit of T-cell receptor complex	CD3D
CD3 epsilon subunit of T-cell receptor complex	CD3E
CD3 gamma subunit of T-cell receptor complex	CD3G
CD300 molecule like family member b	CD300LB
CD300 molecule like family member d	CD300LD
CD300 molecule like family member f	CD300LF
CD300 molecule like family member g	CD300LG
CD300a molecule	CD300A
CD300c molecule	CD300C
CD300e molecule	CD300E
CD300H molecule (gene/pseudogene)	CD300H
CD302 molecule	CD-302; CD302
CD320 molecule	CD-320; CD320
CD33 molecule	CD-33; CD33
CD34 molecule	CD-34; CD34
CD36 molecule	CD-36; CD36
CD37 molecule	CD-37; CD37
CD38 molecule	CD-38; CD38
CD4 molecule	CD-4; CD4
CD40 ligand	CD40LG
CD40 molecule	CD-40; CD40
CD44 molecule (Indian blood group)	CD-44; CD44
CD46 molecule	CD-46; CD46
CD47 molecule	CD-47; CD47
CD48 molecule	CD-48; CD48
CD5 molecule	CD-5; CD5
CD5 molecule like	CD5L
CD52 molecule	CD-52; CD52
CD53 molecule	CD-53; CD53
CD55 molecule (Cromer blood group)	CD-55; CD55
CD58 molecule	CD-58; CD58
CD59 molecule (CD59 blood group)	CD-59; CD59
CD6 molecule	CD-6; CD6
CD63 molecule	CD-63; CD63
CD68 molecule	CD-68; CD68
CD69 molecule	CD-69; CD69
CD7 molecule	CD-7; CD7
CD70 molecule	CD-70; CD70
CD72 molecule	CD-72; CD72
CD74 molecule	CD-74; CD74
CD79a molecule	CD79A
CD79b molecule	CD79B
CD80 molecule	CD-80; CD80
CD81 molecule	CD-81; CD81
CD82 molecule	CD-82; CD82
CD83 molecule	CD-83; CD83
CD84 molecule	CD-84; CD84
CD86 molecule	CD-86; CD86
CD8a molecule	CD8A
CD8b molecule	CD8B
CD9 molecule	CD-9; CD9
CD93 molecule	CD-93; CD93
CD96 molecule	CD-96; CD96
CD99 molecule (Xg blood group)	CD-99; CD99
CD99 molecule like 2	CD99L2
CDAN1 interacting nuclease 1	CDIN-1; CDIN1
CDC like kinase 1	CLK-1; CLK1
CDC like kinase 2	CLK-2; CLK2
CDC like kinase 3	CLK-3; CLK3
CDC like kinase 4	CLK-4; CLK4
CDC28 protein kinase regulatory subunit 1B	CKS1B
CDC28 protein kinase regulatory subunit 2	CKS-2; CKS2
CDC42 binding protein kinase alpha	CDC42BPA
CDC42 binding protein kinase beta	CDC42BPB
CDC42 binding protein kinase gamma	CDC42BPG
CDC42 effector protein 1	CDC42EP1
CDC42 effector protein 2	CDC42EP2
CDC42 effector protein 3	CDC42EP3
CDC42 effector protein 4	CDC42EP4
Cdc42 guanine nucleotide exchange factor 9	ARHGEF-9; ARHGEF9
CDC42 small effector 1	CDC42SE1
CDC42 small effector 2	CDC42SE2
CDGSH iron sulfur domain 1	CISD-1; CISD1
CDGSH iron sulfur domain 2	CISD-2; CISD2
CDGSH iron sulfur domain 3	CISD-3; CISD3
CDK2 associated cullin domain 1	CACUL-1; CACUL1
Cdk5 and Abl enzyme substrate 1	CABLES-1; CABLES1
Cdk5 and Abl enzyme substrate 2	CABLES-2; CABLES2
CDK5 regulatory subunit associated protein 1	CDK5RAP1
CDK5 regulatory subunit associated protein 1 like 1	CDKAL-1; CDKAL1
CDK5 regulatory subunit associated protein 2	CDK5RAP2
CDK5 regulatory subunit associated protein 3	CDK5RAP3
CDKN1A interacting zinc finger protein 1	CIZ-1; CIZ1
CDKN2A interacting protein	CDKN2AIP
CDKN2A interacting protein N-terminal like	CDKN2AIPNL
CDP-diacylglycerol synthase 1	CDP-diacylglycerol synthase-1; CDS-1; CDS1
CDP-diacylglycerol synthase 2	CDP-diacylglycerol synthase-2; CDS-2; CDS2
CDP-diacylglycerol--inositol 3-phosphatidyltransferase	CDIPT
CDP-L-ribitol pyrophosphorylase A	CRPPA
CDV3 homolog	CDV-3; CDV3
CEA cell adhesion molecule 1	CEACAM-1; CEACAM1
CEA cell adhesion molecule 16, tectorial membrane component	CEACAM-16; CEACAM16
CEA cell adhesion molecule 3	CEACAM-3; CEACAM3
CEA cell adhesion molecule 4	CEACAM-4; CEACAM4
CEA cell adhesion molecule 5	CEACAM-5; CEACAM5
CEA cell adhesion molecule 6	CEACAM-6; CEACAM6
CEA cell adhesion molecule 7	CEACAM-7; CEACAM7
CEA cell adhesion molecule 8	CEACAM-8; CEACAM8
CEBPZ opposite strand	CEBPZOS
CECR2 histone acetyl-lysine reader	CECR-2; CECR2
Cell adhesion associated, oncogene regulated	CDON
Cell adhesion molecule 1	CADM-1; CADM1
Cell adhesion molecule 3	CADM-3; CADM3
Cell adhesion molecule 4	CADM-4; CADM4
Cell adhesion molecule L1 like	CHL-1; CHL1
Cell cycle and apoptosis regulator 2	CCAR-2; CCAR2
Cell cycle associated protein 1	CAPRIN-1; CAPRIN1
Cell cycle exit and neuronal differentiation 1	CEND-1; CEND1
Cell cycle progression 1	CCPG-1; CCPG1
Cell cycle regulator of NHEJ	CYREN
Cell death inducing DFFA like effector a	CIDEA
Cell death inducing DFFA like effector b	CIDEB
Cell death inducing DFFA like effector c	CIDEC
Cell death inducing p53 target 1	CDIP-1; CDIP1
Cell division cycle 123	CDC-123; CDC123
Cell division cycle 14A	CDC14A
Cell division cycle 14B	CDC14B
Cell division cycle 16	CDC-16; CDC16
Cell division cycle 20	CDC-20; CDC20
Cell division cycle 20B	CDC20B
Cell division cycle 23	CDC-23; CDC23
Cell division cycle 25A	CDC25A
Cell division cycle 25B	CDC25B
Cell division cycle 25C	CDC25C
Cell division cycle 26	CDC-26; CDC26
Cell division cycle 27	CDC-27; CDC27
Cell division cycle 34, ubiqiutin conjugating enzyme	CDC-34; CDC34
Cell division cycle 37 like 1, HSP90 cochaperone	CDC37L1
Cell division cycle 37, HSP90 cochaperone	CDC-37; CDC37
Cell division cycle 40	CDC-40; CDC40
Cell division cycle 42	CDC-42; CDC42
Cell division cycle 45	CDC-45; CDC45
Cell division cycle 5 like	CDC5L
Cell division cycle 6	CDC-6; CDC6
Cell division cycle 7	CDC-7; CDC7
Cell division cycle 73	CDC-73; CDC73
Cell division cycle and apoptosis regulator 1	CCAR-1; CCAR1
Cell division cycle associated 2	CDCA-2; CDCA2
Cell division cycle associated 3	CDCA-3; CDCA3
Cell division cycle associated 4	CDCA-4; CDCA4
Cell division cycle associated 5	CDCA-5; CDCA5
Cell division cycle associated 7	CDCA-7; CDCA7
Cell division cycle associated 7 like	CDCA7L
Cell division cycle associated 8	CDCA-8; CDCA8
Cell growth regulator with EF-hand domain 1	CGREF-1; CGREF1
Cell growth regulator with ring finger domain 1	CGRRF-1; CGRRF1
Cell migration inducing hyaluronidase 1	CEMIP
Cell migration inducing hyaluronidase 2	CEMIP-2; CEMIP2
Cellular communication network factor 1	CCN-1; CCN1
Cellular communication network factor 2	CCN-2; CCN2
Cellular communication network factor 3	CCN-3; CCN3
Cellular communication network factor 4	CCN-4; CCN4
Cellular communication network factor 5	CCN-5; CCN5
Cellular communication network factor 6	CCN-6; CCN6
Cellular inhibitor of PP2A	CIP2A
Cellular repressor of E1A stimulated genes 1	CREG-1; CREG1
Cellular repressor of E1A stimulated genes 2	CREG-2; CREG2
Cellular retinoic acid binding protein 1	CRABP-1; CRABP1
Cellular retinoic acid binding protein 2	CRABP-2; CRABP2
Cementum protein 1	Cementum protein-1; CEMP-1; CEMP1
Centlein	CNTLN
Centrin 1	Centrin-1; CETN-1; CETN1
Centrin 2	Centrin-2; CETN-2; CETN2
Centrin 3	Centrin-3; CETN-3; CETN3
Centriolar coiled-coil protein 110	CCP-110; CCP110
Centriolar satellite-associated tubulin polyglutamylase complex regulator 1	CSTPP-1; CSTPP1
Centriole, cilia and spindle associated protein	CCSAP
Centriolin	CNTRL
Centrobin, centriole duplication and spindle assembly protein	CNTROB
Centromere protein A	CENPA
Centromere protein B	CENPB
Centromere protein C	CENPC
Centromere protein E	CENPE
Centromere protein F	CENPF
Centromere protein H	CENPH
Centromere protein I	CENPI
Centromere protein J	CENPJ
Centromere protein K	CENPK
Centromere protein L	CENPL
Centromere protein M	CENPM
Centromere protein N	CENPN
Centromere protein O	CENPO
Centromere protein P	CENPP
Centromere protein Q	CENPQ
Centromere protein S	CENPS
Centromere protein T	CENPT
Centromere protein U	CENPU
Centromere protein V	CENPV
Centromere protein W	CENPW
Centromere protein X	CENPX
Centrosomal AT-AC splicing factor	CENATAC
Centrosomal protein 104	Centrosomal protein-104; CEP-104; CEP104
Centrosomal protein 112	Centrosomal protein-112; CEP-112; CEP112
Centrosomal protein 120	Centrosomal protein-120; CEP-120; CEP120
Centrosomal protein 126	Centrosomal protein-126; CEP-126; CEP126
Centrosomal protein 128	Centrosomal protein-128; CEP-128; CEP128
Centrosomal protein 131	Centrosomal protein-131; CEP-131; CEP131
Centrosomal protein 135	Centrosomal protein-135; CEP-135; CEP135
Centrosomal protein 152	Centrosomal protein-152; CEP-152; CEP152
Centrosomal protein 162	Centrosomal protein-162; CEP-162; CEP162
Centrosomal protein 164	Centrosomal protein-164; CEP-164; CEP164
Centrosomal protein 170	Centrosomal protein-170; CEP-170; CEP170
Centrosomal protein 170B	CEP170B
Centrosomal protein 19	Centrosomal protein-19; CEP-19; CEP19
Centrosomal protein 192	Centrosomal protein-192; CEP-192; CEP192
Centrosomal protein 20	Centrosomal protein-20; CEP-20; CEP20
Centrosomal protein 250	Centrosomal protein-250; CEP-250; CEP250
Centrosomal protein 290	Centrosomal protein-290; CEP-290; CEP290
Centrosomal protein 295	Centrosomal protein-295; CEP-295; CEP295
Centrosomal protein 350	Centrosomal protein-350; CEP-350; CEP350
Centrosomal protein 41	Centrosomal protein-41; CEP-41; CEP41
Centrosomal protein 43	Centrosomal protein-43; CEP-43; CEP43
Centrosomal protein 44	Centrosomal protein-44; CEP-44; CEP44
Centrosomal protein 55	Centrosomal protein-55; CEP-55; CEP55
Centrosomal protein 57	Centrosomal protein-57; CEP-57; CEP57
Centrosomal protein 57 like 1	CEP57L1
Centrosomal protein 63	Centrosomal protein-63; CEP-63; CEP63
Centrosomal protein 68	Centrosomal protein-68; CEP-68; CEP68
Centrosomal protein 70	Centrosomal protein-70; CEP-70; CEP70
Centrosomal protein 72	Centrosomal protein-72; CEP-72; CEP72
Centrosomal protein 76	Centrosomal protein-76; CEP-76; CEP76
Centrosomal protein 78	Centrosomal protein-78; CEP-78; CEP78
Centrosomal protein 83	Centrosomal protein-83; CEP-83; CEP83
Centrosomal protein 85	Centrosomal protein-85; CEP-85; CEP85
Centrosomal protein 85 like	CEP85L
Centrosomal protein 89	Centrosomal protein-89; CEP-89; CEP89
Centrosomal protein 95	Centrosomal protein-95; CEP-95; CEP95
Centrosomal protein 97	Centrosomal protein-97; CEP-97; CEP97
Centrosome and spindle pole associated protein 1	CSPP-1; CSPP1
Ceramide kinase	CERK
Ceramide kinase like	CERKL
Ceramide synthase 1	Ceramide synthase-1; CERS-1; CERS1
Ceramide synthase 2	Ceramide synthase-2; CERS-2; CERS2
Ceramide synthase 3	Ceramide synthase-3; CERS-3; CERS3
Ceramide synthase 4	Ceramide synthase-4; CERS-4; CERS4
Ceramide synthase 5	Ceramide synthase-5; CERS-5; CERS5
Ceramide synthase 6	Ceramide synthase-6; CERS-6; CERS6
Ceramide transporter 1	Ceramide transporter-1; CERT-1; CERT1
Ceramide-1-phosphate transfer protein	CPTP
Cerberus 1, DAN family BMP antagonist	CER-1; CER1
Cerebellar degeneration related protein 2	CDR-2; CDR2
Cerebellar degeneration related protein 2 like	CDR2L
Cerebellin 1 precursor	CBLN-1; CBLN1
Cerebellin 3 precursor	CBLN-3; CBLN3
Cerebellin 4 precursor	CBLN-4; CBLN4
Cereblon	CRBN
Cerebral dopamine neurotrophic factor	CDNF
Cerebral endothelial cell adhesion molecule	CERCAM
Ceruloplasmin	CP
CF transmembrane conductance regulator	CFTR
CFAP97 domain containing 1	CFAP97D1
CGG triplet repeat binding protein 1	CGGBP-1; CGGBP1
CGRP receptor component	CRCP
ChaC glutathione specific gamma-glutamylcyclotransferase 1	CHAC-1; CHAC1
ChaC glutathione specific gamma-glutamylcyclotransferase 2	CHAC-2; CHAC2
Chaperonin containing TCP1 subunit 2	CCT-2; CCT2
Chaperonin containing TCP1 subunit 3	CCT-3; CCT3
Chaperonin containing TCP1 subunit 4	CCT-4; CCT4
Chaperonin containing TCP1 subunit 5	CCT-5; CCT5
Chaperonin containing TCP1 subunit 6A	CCT6A
Chaperonin containing TCP1 subunit 6B	CCT6B
Chaperonin containing TCP1 subunit 7	CCT-7; CCT7
Chaperonin containing TCP1 subunit 8	CCT-8; CCT8
Charcot-Leyden crystal galectin	CLC
Charged multivesicular body protein 1A	CHMP1A
Charged multivesicular body protein 1B	CHMP1B
Charged multivesicular body protein 2A	CHMP2A
Charged multivesicular body protein 2B	CHMP2B
Charged multivesicular body protein 3	CHMP-3; CHMP3
Charged multivesicular body protein 4A	CHMP4A
Charged multivesicular body protein 4B	CHMP4B
Charged multivesicular body protein 4C	CHMP4C
Charged multivesicular body protein 5	CHMP-5; CHMP5
Charged multivesicular body protein 6	CHMP-6; CHMP6
Charged multivesicular body protein 7	CHMP-7; CHMP7
CHD1 helical C-terminal domain containing 1	CHCT-1; CHCT1
Checkpoint kinase 1	Checkpoint kinase-1; CHEK-1; CHEK1
Checkpoint kinase 2	Checkpoint kinase-2; CHEK-2; CHEK2
Checkpoint with forkhead and ring finger domains	CHFR
Chemerin chemokine-like receptor 1	CMKLR-1; CMKLR1
Chemerin chemokine-like receptor 2	CMKLR-2; CMKLR2
Chemokine like factor	CKLF
Chibby family member 1, beta catenin antagonist	CBY-1; CBY1
Chibby family member 2	CBY-2; CBY2
Chimerin 1	Chimerin-1; CHN-1; CHN1
Chimerin 2	Chimerin-2; CHN-2; CHN2
Chitinase 1	CHIT-1; CHIT1; Chitinase-1
Chitinase 3 like 1	CHI3L1
Chitinase 3 like 2	CHI3L2
Chitinase acidic	CHIA
Chitinase domain containing 1	CHID-1; CHID1
Chitobiase	CTBS
Chloride channel accessory 1	CLCA-1; CLCA1
Chloride channel accessory 2	CLCA-2; CLCA2
Chloride channel accessory 4	CLCA-4; CLCA4
Chloride channel CLIC like 1	CLCC-1; CLCC1
Chloride intracellular channel 1	CLIC-1; CLIC1
Chloride intracellular channel 2	CLIC-2; CLIC2
Chloride intracellular channel 3	CLIC-3; CLIC3
Chloride intracellular channel 4	CLIC-4; CLIC4
Chloride intracellular channel 5	CLIC-5; CLIC5
Chloride nucleotide-sensitive channel 1A	CLNS1A
Chloride voltage-gated channel 1	CLCN-1; CLCN1
Chloride voltage-gated channel 2	CLCN-2; CLCN2
Chloride voltage-gated channel 3	CLCN-3; CLCN3
Chloride voltage-gated channel 4	CLCN-4; CLCN4
Chloride voltage-gated channel 5	CLCN-5; CLCN5
Chloride voltage-gated channel 6	CLCN-6; CLCN6
Chloride voltage-gated channel 7	CLCN-7; CLCN7
Chloride voltage-gated channel Ka	CLCNKA
Chloride voltage-gated channel Kb	CLCNKB
CHM like Rab escort protein	CHML
CHM Rab escort protein	CHM
Cholecystokinin	CCK
Cholecystokinin A receptor	CCKAR
Cholecystokinin B receptor	CCKBR
Cholesterol 25-hydroxylase	CH25H
Cholesteryl ester transfer protein	CETP
Choline dehydrogenase	CHDH
Choline kinase alpha	CHKA
Choline kinase beta	CHKB
Choline O-acetyltransferase	CHAT
Choline phosphotransferase 1	Choline phosphotransferase-1; CHPT-1; CHPT1
Choline/ethanolamine phosphotransferase 1	CEPT-1; CEPT1; Choline/ethanolamine phosphotransferase-1
Cholinergic receptor muscarinic 1	CHRM-1; CHRM1
Cholinergic receptor muscarinic 2	CHRM-2; CHRM2
Cholinergic receptor muscarinic 3	CHRM-3; CHRM3
Cholinergic receptor muscarinic 4	CHRM-4; CHRM4
Cholinergic receptor muscarinic 5	CHRM-5; CHRM5
Cholinergic receptor nicotinic alpha 1 subunit	CHRNA-1; CHRNA1
Cholinergic receptor nicotinic alpha 10 subunit	CHRNA-10; CHRNA10
Cholinergic receptor nicotinic alpha 2 subunit	CHRNA-2; CHRNA2
Cholinergic receptor nicotinic alpha 3 subunit	CHRNA-3; CHRNA3
Cholinergic receptor nicotinic alpha 4 subunit	CHRNA-4; CHRNA4
Cholinergic receptor nicotinic alpha 5 subunit	CHRNA-5; CHRNA5
Cholinergic receptor nicotinic alpha 6 subunit	CHRNA-6; CHRNA6
Cholinergic receptor nicotinic alpha 7 subunit	CHRNA-7; CHRNA7
Cholinergic receptor nicotinic alpha 9 subunit	CHRNA-9; CHRNA9
Cholinergic receptor nicotinic beta 1 subunit	CHRNB-1; CHRNB1
Cholinergic receptor nicotinic beta 2 subunit	CHRNB-2; CHRNB2
Cholinergic receptor nicotinic beta 3 subunit	CHRNB-3; CHRNB3
Cholinergic receptor nicotinic beta 4 subunit	CHRNB-4; CHRNB4
Cholinergic receptor nicotinic delta subunit	CHRND
Cholinergic receptor nicotinic epsilon subunit	CHRNE
Cholinergic receptor nicotinic gamma subunit	CHRNG
Chondroadherin	CHAD
Chondroadherin like	CHADL
Chondroitin polymerizing factor	CHPF
Chondroitin sulfate N-acetylgalactosaminyltransferase 1	CSGALNACT-1; CSGALNACT1
Chondroitin sulfate N-acetylgalactosaminyltransferase 2	CSGALNACT-2; CSGALNACT2
Chondroitin sulfate proteoglycan 4	CSPG-4; CSPG4
Chondroitin sulfate proteoglycan 5	CSPG-5; CSPG5
Chondroitin sulfate synthase 1	CHSY-1; CHSY1
Chondrolectin	CHODL
Chondromodulin	CNMD
Chordin	CHRD
Chordin like 1	Chordin like-1; CHRDL-1; CHRDL1
Chordin like 2	Chordin like-2; CHRDL-2; CHRDL2
Chorionic gonadotropin subunit beta 3	CGB-3; CGB3
Chorionic gonadotropin subunit beta 5	CGB-5; CGB5
Chorionic gonadotropin subunit beta 8	CGB-8; CGB8
Chorionic somatomammotropin hormone 1	CSH-1; CSH1
Chorionic somatomammotropin hormone 2	CSH-2; CSH2
CHRNA7 (exons 5-10) and FAM7A (exons A-E) fusion	CHRFAM7A
Chromatin accessibility complex subunit 1	CHRAC-1; CHRAC1
Chromatin assembly factor 1 subunit A	CHAF1A
Chromatin assembly factor 1 subunit B	CHAF1B
Chromatin licensing and DNA replication factor 1	CDT-1; CDT1
Chromatin target of PRMT1	CHTOP
Chromobox 1	CBX-1; CBX1; Chromobox-1
Chromobox 2	CBX-2; CBX2; Chromobox-2
Chromobox 3	CBX-3; CBX3; Chromobox-3
Chromobox 4	CBX-4; CBX4; Chromobox-4
Chromobox 5	CBX-5; CBX5; Chromobox-5
Chromobox 6	CBX-6; CBX6; Chromobox-6
Chromobox 7	CBX-7; CBX7; Chromobox-7
Chromobox 8	CBX-8; CBX8; Chromobox-8
Chromodomain helicase DNA binding protein 1	CHD-1; CHD1
Chromodomain helicase DNA binding protein 1 like	CHD1L
Chromodomain helicase DNA binding protein 2	CHD-2; CHD2
Chromodomain helicase DNA binding protein 3	CHD-3; CHD3
Chromodomain helicase DNA binding protein 4	CHD-4; CHD4
Chromodomain helicase DNA binding protein 5	CHD-5; CHD5
Chromodomain helicase DNA binding protein 6	CHD-6; CHD6
Chromodomain helicase DNA binding protein 7	CHD-7; CHD7
Chromodomain helicase DNA binding protein 8	CHD-8; CHD8
Chromodomain helicase DNA binding protein 9	CHD-9; CHD9
Chromodomain Y like	CDYL
Chromodomain Y like 2	CDYL-2; CDYL2
Chromodomain Y-linked 1	CDY-1; CDY1; Chromodomain Y-linked-1
Chromodomain Y-linked 1B	CDY1B
Chromodomain Y-linked 2A	CDY2A
Chromodomain Y-linked 2B	CDY2B
Chromogranin A	CHGA
Chromogranin B	CHGB
Chromosome 1 open reading frame 105	C1orf105
Chromosome 1 open reading frame 109	C1orf109
Chromosome 1 open reading frame 112	C1orf112
Chromosome 1 open reading frame 116	C1orf116
Chromosome 1 open reading frame 131	C1orf131
Chromosome 1 open reading frame 159	C1orf159
Chromosome 1 open reading frame 174	C1orf174
Chromosome 1 open reading frame 198	C1orf198
Chromosome 1 open reading frame 21	C1orf21
Chromosome 1 open reading frame 216	C1orf216
Chromosome 1 open reading frame 226	C1orf226
Chromosome 1 open reading frame 35	C1orf35
Chromosome 1 open reading frame 50	C1orf50
Chromosome 1 open reading frame 52	C1orf52
Chromosome 1 open reading frame 53	C1orf53
Chromosome 1 open reading frame 56	C1orf56
Chromosome 1 open reading frame 68	C1orf68
Chromosome 1 open reading frame 74	C1orf74
Chromosome 1 open reading frame 94	C1orf94
Chromosome 10 open reading frame 120	C10orf120
Chromosome 10 open reading frame 62	C10orf62
Chromosome 10 open reading frame 67	C10orf67
Chromosome 10 open reading frame 71	C10orf71
Chromosome 10 open reading frame 82	C10orf82
Chromosome 10 open reading frame 88	C10orf88
Chromosome 11 open reading frame 1	C11orf1
Chromosome 11 open reading frame 24	C11orf24
Chromosome 11 open reading frame 52	C11orf52
Chromosome 11 open reading frame 54	C11orf54
Chromosome 11 open reading frame 58	C11orf58
Chromosome 11 open reading frame 65	C11orf65
Chromosome 11 open reading frame 68	C11orf68
Chromosome 11 open reading frame 80	C11orf80
Chromosome 11 open reading frame 87	C11orf87
Chromosome 12 open reading frame 29	C12orf29
Chromosome 12 open reading frame 4	C12orf4
Chromosome 12 open reading frame 40	C12orf40
Chromosome 12 open reading frame 43	C12orf43
Chromosome 12 open reading frame 50	C12orf50
Chromosome 12 open reading frame 57	C12orf57
Chromosome 12 open reading frame 60	C12orf60
Chromosome 12 open reading frame 73	C12orf73
Chromosome 12 open reading frame 75	C12orf75
Chromosome 14 open reading frame 119	C14orf119
Chromosome 14 open reading frame 180	C14orf180
Chromosome 14 open reading frame 39	C14orf39
Chromosome 14 open reading frame 93	C14orf93
Chromosome 15 open reading frame 39	C15orf39
Chromosome 15 open reading frame 40	C15orf40
Chromosome 15 open reading frame 48	C15orf48
Chromosome 16 open reading frame 54	C16orf54
Chromosome 16 open reading frame 74	C16orf74
Chromosome 16 open reading frame 87	C16orf87
Chromosome 16 open reading frame 89	C16orf89
Chromosome 16 open reading frame 92	C16orf92
Chromosome 17 open reading frame 49	C17orf49
Chromosome 17 open reading frame 50	C17orf50
Chromosome 17 open reading frame 67	C17orf67
Chromosome 17 open reading frame 75	C17orf75
Chromosome 17 open reading frame 80	C17orf80
Chromosome 17 open reading frame 97	C17orf97
Chromosome 17 open reading frame 99	C17orf99
Chromosome 18 open reading frame 21	C18orf21
Chromosome 18 open reading frame 25	C18orf25
Chromosome 18 open reading frame 32	C18orf32
Chromosome 18 open reading frame 54	C18orf54
Chromosome 19 open reading frame 12	C19orf12
Chromosome 19 open reading frame 18	C19orf18
Chromosome 19 open reading frame 25	C19orf25
Chromosome 19 open reading frame 33	C19orf33
Chromosome 19 open reading frame 38	C19orf38
Chromosome 19 open reading frame 44	C19orf44
Chromosome 19 open reading frame 47	C19orf47
Chromosome 19 open reading frame 53	C19orf53
Chromosome 19 open reading frame 54	C19orf54
Chromosome 19 open reading frame 73	C19orf73
Chromosome 2 open reading frame 15	C2orf15
Chromosome 2 open reading frame 42	C2orf42
Chromosome 2 open reading frame 49	C2orf49
Chromosome 2 open reading frame 50	C2orf50
Chromosome 2 open reading frame 68	C2orf68
Chromosome 2 open reading frame 69	C2orf69
Chromosome 2 open reading frame 72	C2orf72
Chromosome 2 open reading frame 74	C2orf74
Chromosome 2 open reading frame 76	C2orf76
Chromosome 2 open reading frame 88	C2orf88
Chromosome 20 open reading frame 141	C20orf141
Chromosome 20 open reading frame 173	C20orf173
Chromosome 20 open reading frame 202	C20orf202
Chromosome 20 open reading frame 27	C20orf27
Chromosome 20 open reading frame 85	C20orf85
Chromosome 21 open reading frame 91	C21orf91
Chromosome 22 open reading frame 15	C22orf15
Chromosome 22 open reading frame 23	C22orf23
Chromosome 22 open reading frame 39	C22orf39
Chromosome 3 open reading frame 33	C3orf33
Chromosome 3 open reading frame 38	C3orf38
Chromosome 3 open reading frame 52	C3orf52
Chromosome 3 open reading frame 56	C3orf56
Chromosome 3 open reading frame 62	C3orf62
Chromosome 4 open reading frame 17	C4orf17
Chromosome 4 open reading frame 19	C4orf19
Chromosome 4 open reading frame 3	C4orf3
Chromosome 4 open reading frame 33	C4orf33
Chromosome 4 open reading frame 45	C4orf45
Chromosome 4 open reading frame 46	C4orf46
Chromosome 4 open reading frame 48	C4orf48
Chromosome 5 open reading frame 15	C5orf15
Chromosome 5 open reading frame 22	C5orf22
Chromosome 5 open reading frame 24	C5orf24
Chromosome 5 open reading frame 46	C5orf46
Chromosome 5 open reading frame 49	C5orf49
Chromosome 6 open reading frame 120	C6orf120
Chromosome 6 open reading frame 132	C6orf132
Chromosome 6 open reading frame 141	C6orf141
Chromosome 6 open reading frame 15	C6orf15
Chromosome 6 open reading frame 226	C6orf226
Chromosome 6 open reading frame 47	C6orf47
Chromosome 6 open reading frame 58	C6orf58
Chromosome 6 open reading frame 89	C6orf89
Chromosome 7 open reading frame 25	C7orf25
Chromosome 7 open reading frame 31	C7orf31
Chromosome 7 open reading frame 50	C7orf50
Chromosome 8 open reading frame 33	C8orf33
Chromosome 8 open reading frame 48	C8orf48
Chromosome 8 open reading frame 74	C8orf74
Chromosome 8 open reading frame 82	C8orf82
Chromosome 9 open reading frame 152	C9orf152
Chromosome 9 open reading frame 153	C9orf153
Chromosome 9 open reading frame 24	C9orf24
Chromosome 9 open reading frame 40	C9orf40
Chromosome 9 open reading frame 43	C9orf43
Chromosome 9 open reading frame 57	C9orf57
Chromosome 9 open reading frame 64	C9orf64
Chromosome 9 open reading frame 78	C9orf78
Chromosome 9 open reading frame 85	C9orf85
Chromosome alignment maintaining phosphoprotein 1	CHAMP-1; CHAMP1
Chromosome segregation 1 like	CSE1L
Chromosome transmission fidelity factor 18	CHTF-18; CHTF18
Chromosome transmission fidelity factor 8	CHTF-8; CHTF8
Chromosome X open reading frame 38	CXorf-38; CXorf38
Chromosome X open reading frame 51B	CXorf51B
Chromosome X open reading frame 66	CXorf-66; CXorf66
Churchill domain containing 1	CHURC-1; CHURC1
Chymase 1	Chymase-1; CMA-1; CMA1
Chymotrypsin C	CTRC
Chymotrypsin like	CTRL
Chymotrypsin like elastase 1	CELA-1; CELA1
Chymotrypsin like elastase 2A	CELA2A
Chymotrypsin like elastase 2B	CELA2B
Chymotrypsin like elastase 3A	CELA3A
Chymotrypsin like elastase 3B	CELA3B
Cilia and flagella associated protein 100	CFAP-100; CFAP100
Cilia and flagella associated protein 107	CFAP-107; CFAP107
Cilia and flagella associated protein 126	CFAP-126; CFAP126
Cilia and flagella associated protein 141	CFAP-141; CFAP141
Cilia and flagella associated protein 161	CFAP-161; CFAP161
Cilia and flagella associated protein 20	CFAP-20; CFAP20
Cilia and flagella associated protein 206	CFAP-206; CFAP206
Cilia and flagella associated protein 210	CFAP-210; CFAP210
Cilia and flagella associated protein 221	CFAP-221; CFAP221
Cilia and flagella associated protein 251	CFAP-251; CFAP251
Cilia and flagella associated protein 276	CFAP-276; CFAP276
Cilia and flagella associated protein 298	CFAP-298; CFAP298
Cilia and flagella associated protein 299	CFAP-299; CFAP299
Cilia and flagella associated protein 300	CFAP-300; CFAP300
Cilia and flagella associated protein 36	CFAP-36; CFAP36
Cilia and flagella associated protein 410	CFAP-410; CFAP410
Cilia and flagella associated protein 418	CFAP-418; CFAP418
Cilia and flagella associated protein 43	CFAP-43; CFAP43
Cilia and flagella associated protein 44	CFAP-44; CFAP44
Cilia and flagella associated protein 45	CFAP-45; CFAP45
Cilia and flagella associated protein 47	CFAP-47; CFAP47
Cilia and flagella associated protein 52	CFAP-52; CFAP52
Cilia and flagella associated protein 53	CFAP-53; CFAP53
Cilia and flagella associated protein 58	CFAP-58; CFAP58
Cilia and flagella associated protein 65	CFAP-65; CFAP65
Cilia and flagella associated protein 69	CFAP-69; CFAP69
Cilia and flagella associated protein 77	CFAP-77; CFAP77
Cilia and flagella associated protein 91	CFAP-91; CFAP91
Cilia and flagella associated protein 95	CFAP-95; CFAP95
Cilia and flagella associated protein 97	CFAP-97; CFAP97
Ciliary associated calcium binding coiled-coil 1	CABCOCO-1; CABCOCO1
Ciliary neurotrophic factor	CNTF
Ciliary neurotrophic factor receptor	CNTFR
Ciliary rootlet coiled-coil, rootletin	CROCC
Ciliary rootlet coiled-coil, rootletin family member 2	CROCC-2; CROCC2
Ciliated left-right organizer metallopeptidase	CIROP
Ciliogenesis and planar polarity effector complex subunit 1	CPLANE-1; CPLANE1
Ciliogenesis and planar polarity effector complex subunit 2	CPLANE-2; CPLANE2
Ciliogenesis associated kinase 1	CILK-1; CILK1
Ciliogenesis associated TTC17 interacting protein	CATIP
Cingulin	CGN
Cingulin like 1	CGNL-1; CGNL1; Cingulin like-1
Circadian associated repressor of transcription	CIART
Citramalyl-CoA lyase	CLYBL
Citrate synthase	CS
Citrate synthase lysine methyltransferase	CSKMT
Citron rho-interacting serine/threonine kinase	CIT
CKLF like MARVEL transmembrane domain containing 2	CMTM-2; CMTM2
CKLF like MARVEL transmembrane domain containing 3	CMTM-3; CMTM3
CKLF like MARVEL transmembrane domain containing 4	CMTM-4; CMTM4
CKLF like MARVEL transmembrane domain containing 5	CMTM-5; CMTM5
CKLF like MARVEL transmembrane domain containing 6	CMTM-6; CMTM6
CKLF like MARVEL transmembrane domain containing 7	CMTM-7; CMTM7
CKLF like MARVEL transmembrane domain containing 8	CMTM-8; CMTM8
Clarin 1	Clarin-1; CLRN-1; CLRN1
Clarin 2	Clarin-2; CLRN-2; CLRN2
Clarin 3	Clarin-3; CLRN-3; CLRN3
Claspin	CLSPN
Class II major histocompatibility complex transactivator	CIITA
Clathrin heavy chain	CLTC
Clathrin heavy chain like 1	CLTCL-1; CLTCL1
Clathrin heavy chain linker domain containing 1	CLHC-1; CLHC1
Clathrin interactor 1	Clathrin interactor-1; CLINT-1; CLINT1
Clathrin light chain A	CLTA
Clathrin light chain B	CLTB
Claudin 1	Claudin-1; CLDN-1; CLDN1
Claudin 10	Claudin-10; CLDN-10; CLDN10
Claudin 11	Claudin-11; CLDN-11; CLDN11
Claudin 12	Claudin-12; CLDN-12; CLDN12
Claudin 14	Claudin-14; CLDN-14; CLDN14
Claudin 15	Claudin-15; CLDN-15; CLDN15
Claudin 16	Claudin-16; CLDN-16; CLDN16
Claudin 17	Claudin-17; CLDN-17; CLDN17
Claudin 18	Claudin-18; CLDN-18; CLDN18
Claudin 19	Claudin-19; CLDN-19; CLDN19
Claudin 2	Claudin-2; CLDN-2; CLDN2
Claudin 20	Claudin-20; CLDN-20; CLDN20
Claudin 22	Claudin-22; CLDN-22; CLDN22
Claudin 23	Claudin-23; CLDN-23; CLDN23
Claudin 3	Claudin-3; CLDN-3; CLDN3
Claudin 4	Claudin-4; CLDN-4; CLDN4
Claudin 5	Claudin-5; CLDN-5; CLDN5
Claudin 6	Claudin-6; CLDN-6; CLDN6
Claudin 7	Claudin-7; CLDN-7; CLDN7
Claudin 8	Claudin-8; CLDN-8; CLDN8
Claudin 9	Claudin-9; CLDN-9; CLDN9
Claudin domain containing 1	CLDND-1; CLDND1
Claudin domain containing 2	CLDND-2; CLDND2
Clavesin 1	Clavesin-1; CLVS-1; CLVS1
Clavesin 2	Clavesin-2; CLVS-2; CLVS2
Cleavage and polyadenylation specific factor 1	CPSF-1; CPSF1
Cleavage and polyadenylation specific factor 2	CPSF-2; CPSF2
Cleavage and polyadenylation specific factor 3	CPSF-3; CPSF3
Cleavage and polyadenylation specific factor 4	CPSF-4; CPSF4
Cleavage and polyadenylation specific factor 6	CPSF-6; CPSF6
Cleavage and polyadenylation specific factor 7	CPSF-7; CPSF7
Cleavage factor polyribonucleotide kinase subunit 1	CLP-1; CLP1
Cleavage stimulation factor subunit 1	CSTF-1; CSTF1
Cleavage stimulation factor subunit 2	CSTF-2; CSTF2
Cleavage stimulation factor subunit 2 tau variant	CSTF2T
Cleavage stimulation factor subunit 3	CSTF-3; CSTF3
CLK4 associating serine/arginine rich protein	CLASRP
CLN3 lysosomal/endosomal transmembrane protein, battenin	CLN-3; CLN3
CLN5 intracellular trafficking protein	CLN-5; CLN5
CLN6 transmembrane ER protein	CLN-6; CLN6
CLN8 transmembrane ER and ERGIC protein	CLN-8; CLN8
Clock circadian regulator	CLOCK
CLOCK interacting pacemaker	CIPC
CLPTM1 like	CLPTM1L
CLPTM1 regulator of GABA type A receptor forward trafficking	CLPTM-1; CLPTM1
Clustered mitochondria homolog	CLUH
Clusterin	CLU
Clusterin associated protein 1	CLUAP-1; CLUAP1
Cms1 ribosomal small subunit homolog	CMSS-1; CMSS1
CMT1A duplicated region transcript 4	CDRT-4; CDRT4
CNKSR family member 3	CNKSR-3; CNKSR3
Coactivator associated arginine methyltransferase 1	CARM-1; CARM1
Coactosin like F-actin binding protein 1	COTL-1; COTL1
Coagulation factor II thrombin receptor	F2R
Coagulation factor II thrombin receptor like 2	F2RL2
Coagulation factor II, thrombin	F-2; F2
Coagulation factor III, tissue factor	F-3; F3
Coagulation factor IX	F-9; F9
Coagulation factor V	F-5; F5
Coagulation factor VII	F-7; F7
Coagulation factor VIII	F-8; F8
Coagulation factor VIII associated 1	F8A1
Coagulation factor VIII associated 2	F8A2
Coagulation factor VIII associated 3	F8A3
Coagulation factor X	F-10; F10
Coagulation factor XI	F-11; F11
Coagulation factor XII	F-12; F12
Coagulation factor XIII A chain	F13A1
Coagulation factor XIII B chain	F13B
Cobalamin binding intrinsic factor	CBLIF
Cochlin	COCH
Codanin 1	CDAN-1; CDAN1; Codanin-1
Coenzyme A synthase	COASY
Coenzyme Q2, polyprenyltransferase	COQ-2; COQ2
Coenzyme Q3, methyltransferase	COQ-3; COQ3
Coenzyme Q4	COQ-4; COQ4
Coenzyme Q5, methyltransferase	COQ-5; COQ5
Coenzyme Q6, monooxygenase	COQ-6; COQ6
Coenzyme Q7, hydroxylase	COQ-7; COQ7
Coenzyme Q8A	COQ8A
Coenzyme Q8B	COQ8B
Coenzyme Q9	COQ-9; COQ9
Cofilin 1	CFL-1; CFL1; Cofilin-1
Cofilin 2	CFL-2; CFL2; Cofilin-2
Coiled-coil alpha-helical rod protein 1	CCHCR-1; CCHCR1
Coiled-coil and C2 domain containing 1A	CC2D1A
Coiled-coil and C2 domain containing 1B	CC2D1B
Coiled-coil and C2 domain containing 2A	CC2D2A
Coiled-coil domain containing 102A	CCDC102A
Coiled-coil domain containing 102B	CCDC102B
Coiled-coil domain containing 103	CCDC-103; CCDC103
Coiled-coil domain containing 105	CCDC-105; CCDC105
Coiled-coil domain containing 106	CCDC-106; CCDC106
Coiled-coil domain containing 107	CCDC-107; CCDC107
Coiled-coil domain containing 110	CCDC-110; CCDC110
Coiled-coil domain containing 112	CCDC-112; CCDC112
Coiled-coil domain containing 113	CCDC-113; CCDC113
Coiled-coil domain containing 115	CCDC-115; CCDC115
Coiled-coil domain containing 116	CCDC-116; CCDC116
Coiled-coil domain containing 117	CCDC-117; CCDC117
Coiled-coil domain containing 12	CCDC-12; CCDC12
Coiled-coil domain containing 120	CCDC-120; CCDC120
Coiled-coil domain containing 121	CCDC-121; CCDC121
Coiled-coil domain containing 124	CCDC-124; CCDC124
Coiled-coil domain containing 125	CCDC-125; CCDC125
Coiled-coil domain containing 127	CCDC-127; CCDC127
Coiled-coil domain containing 13	CCDC-13; CCDC13
Coiled-coil domain containing 134	CCDC-134; CCDC134
Coiled-coil domain containing 136	CCDC-136; CCDC136
Coiled-coil domain containing 137	CCDC-137; CCDC137
Coiled-coil domain containing 138	CCDC-138; CCDC138
Coiled-coil domain containing 14	CCDC-14; CCDC14
Coiled-coil domain containing 141	CCDC-141; CCDC141
Coiled-coil domain containing 146	CCDC-146; CCDC146
Coiled-coil domain containing 148	CCDC-148; CCDC148
Coiled-coil domain containing 150	CCDC-150; CCDC150
Coiled-coil domain containing 152	CCDC-152; CCDC152
Coiled-coil domain containing 153	CCDC-153; CCDC153
Coiled-coil domain containing 157	CCDC-157; CCDC157
Coiled-coil domain containing 158	CCDC-158; CCDC158
Coiled-coil domain containing 167	CCDC-167; CCDC167
Coiled-coil domain containing 17	CCDC-17; CCDC17
Coiled-coil domain containing 170	CCDC-170; CCDC170
Coiled-coil domain containing 172	CCDC-172; CCDC172
Coiled-coil domain containing 174	CCDC-174; CCDC174
Coiled-coil domain containing 179	CCDC-179; CCDC179
Coiled-coil domain containing 18	CCDC-18; CCDC18
Coiled-coil domain containing 184	CCDC-184; CCDC184
Coiled-coil domain containing 185	CCDC-185; CCDC185
Coiled-coil domain containing 186	CCDC-186; CCDC186
Coiled-coil domain containing 198	CCDC-198; CCDC198
Coiled-coil domain containing 22	CCDC-22; CCDC22
Coiled-coil domain containing 24	CCDC-24; CCDC24
Coiled-coil domain containing 25	CCDC-25; CCDC25
Coiled-coil domain containing 27	CCDC-27; CCDC27
Coiled-coil domain containing 28B	CCDC28B
Coiled-coil domain containing 32	CCDC-32; CCDC32
Coiled-coil domain containing 33	CCDC-33; CCDC33
Coiled-coil domain containing 34	CCDC-34; CCDC34
Coiled-coil domain containing 40	CCDC-40; CCDC40
Coiled-coil domain containing 42	CCDC-42; CCDC42
Coiled-coil domain containing 43	CCDC-43; CCDC43
Coiled-coil domain containing 47	CCDC-47; CCDC47
Coiled-coil domain containing 50	CCDC-50; CCDC50
Coiled-coil domain containing 51	CCDC-51; CCDC51
Coiled-coil domain containing 54	CCDC-54; CCDC54
Coiled-coil domain containing 57	CCDC-57; CCDC57
Coiled-coil domain containing 59	CCDC-59; CCDC59
Coiled-coil domain containing 6	CCDC-6; CCDC6
Coiled-coil domain containing 60	CCDC-60; CCDC60
Coiled-coil domain containing 61	CCDC-61; CCDC61
Coiled-coil domain containing 62	CCDC-62; CCDC62
Coiled-coil domain containing 65	CCDC-65; CCDC65
Coiled-coil domain containing 66	CCDC-66; CCDC66
Coiled-coil domain containing 68	CCDC-68; CCDC68
Coiled-coil domain containing 69	CCDC-69; CCDC69
Coiled-coil domain containing 7	CCDC-7; CCDC7
Coiled-coil domain containing 70	CCDC-70; CCDC70
Coiled-coil domain containing 71	CCDC-71; CCDC71
Coiled-coil domain containing 71 like	CCDC71L
Coiled-coil domain containing 74A	CCDC74A
Coiled-coil domain containing 74B	CCDC74B
Coiled-coil domain containing 77	CCDC-77; CCDC77
Coiled-coil domain containing 78	CCDC-78; CCDC78
Coiled-coil domain containing 8	CCDC-8; CCDC8
Coiled-coil domain containing 80	CCDC-80; CCDC80
Coiled-coil domain containing 81	CCDC-81; CCDC81
Coiled-coil domain containing 82	CCDC-82; CCDC82
Coiled-coil domain containing 83	CCDC-83; CCDC83
Coiled-coil domain containing 85A	CCDC85A
Coiled-coil domain containing 85B	CCDC85B
Coiled-coil domain containing 85C	CCDC85C
Coiled-coil domain containing 86	CCDC-86; CCDC86
Coiled-coil domain containing 87	CCDC-87; CCDC87
Coiled-coil domain containing 88A	CCDC88A
Coiled-coil domain containing 88B	CCDC88B
Coiled-coil domain containing 88C	CCDC88C
Coiled-coil domain containing 89	CCDC-89; CCDC89
Coiled-coil domain containing 9	CCDC-9; CCDC9
Coiled-coil domain containing 90B	CCDC90B
Coiled-coil domain containing 91	CCDC-91; CCDC91
Coiled-coil domain containing 92	CCDC-92; CCDC92
Coiled-coil domain containing 93	CCDC-93; CCDC93
Coiled-coil domain containing 96	CCDC-96; CCDC96
Coiled-coil domain containing 97	CCDC-97; CCDC97
Coiled-coil domain containing 9B	CCDC9B
Coiled-coil glutamate rich protein 1	CCER-1; CCER1
Coiled-coil serine rich protein 1	CCSER-1; CCSER1
Coiled-coil serine rich protein 2	CCSER-2; CCSER2
Coiled-coil-helix-coiled-coil-helix domain containing 1	CHCHD-1; CHCHD1
Coiled-coil-helix-coiled-coil-helix domain containing 10	CHCHD-10; CHCHD10
Coiled-coil-helix-coiled-coil-helix domain containing 2	CHCHD-2; CHCHD2
Coiled-coil-helix-coiled-coil-helix domain containing 3	CHCHD-3; CHCHD3
Coiled-coil-helix-coiled-coil-helix domain containing 4	CHCHD-4; CHCHD4
Coiled-coil-helix-coiled-coil-helix domain containing 5	CHCHD-5; CHCHD5
Coiled-coil-helix-coiled-coil-helix domain containing 6	CHCHD-6; CHCHD6
Coiled-coil-helix-coiled-coil-helix domain containing 7	CHCHD-7; CHCHD7
Coilin	COIL
Cold inducible RNA binding protein	CIRBP
Cold shock domain containing C2	CSDC-2; CSDC2
Cold shock domain containing E1	CSDE-1; CSDE1
Colipase	CLPS
Colipase like 2	CLPSL-2; CLPSL2; Colipase like-2
Collagen and calcium binding EGF domains 1	CCBE-1; CCBE1
Collagen beta(1-O)galactosyltransferase 1	COLGALT-1; COLGALT1; Collagen beta(1-O)galactosyltransferase-1
Collagen beta(1-O)galactosyltransferase 2	COLGALT-2; COLGALT2; Collagen beta(1-O)galactosyltransferase-2
Collagen like tail subunit of asymmetric acetylcholinesterase	COLQ
Collagen triple helix repeat containing 1	CTHRC-1; CTHRC1
Collagen type I alpha 1 chain	COL1A1
Collagen type I alpha 2 chain	COL1A2
Collagen type II alpha 1 chain	COL2A1
Collagen type III alpha 1 chain	COL3A1
Collagen type IV alpha 1 chain	COL4A1
Collagen type IV alpha 2 chain	COL4A2
Collagen type IV alpha 3 chain	COL4A3
Collagen type IV alpha 4 chain	COL4A4
Collagen type IV alpha 5 chain	COL4A5
Collagen type IV alpha 6 chain	COL4A6
Collagen type IX alpha 1 chain	COL9A1
Collagen type IX alpha 2 chain	COL9A2
Collagen type IX alpha 3 chain	COL9A3
Collagen type V alpha 1 chain	COL5A1
Collagen type V alpha 2 chain	COL5A2
Collagen type V alpha 3 chain	COL5A3
Collagen type VI alpha 1 chain	COL6A1
Collagen type VI alpha 2 chain	COL6A2
Collagen type VI alpha 3 chain	COL6A3
Collagen type VI alpha 6 chain	COL6A6
Collagen type VII alpha 1 chain	COL7A1
Collagen type VIII alpha 1 chain	COL8A1
Collagen type VIII alpha 2 chain	COL8A2
Collagen type X alpha 1 chain	COL10A1
Collagen type XI alpha 1 chain	COL11A1
Collagen type XI alpha 2 chain	COL11A2
Collagen type XII alpha 1 chain	COL12A1
Collagen type XIII alpha 1 chain	COL13A1
Collagen type XIV alpha 1 chain	COL14A1
Collagen type XIX alpha 1 chain	COL19A1
Collagen type XV alpha 1 chain	COL15A1
Collagen type XVI alpha 1 chain	COL16A1
Collagen type XVII alpha 1 chain	COL17A1
Collagen type XVIII alpha 1 chain	COL18A1
Collagen type XX alpha 1 chain	COL20A1
Collagen type XXIII alpha 1 chain	COL23A1
Collagen type XXIV alpha 1 chain	COL24A1
Collagen type XXV alpha 1 chain	COL25A1
Collagen type XXVI alpha 1 chain	COL26A1
Collagen type XXVII alpha 1 chain	COL27A1
Collapsin response mediator protein 1	CRMP-1; CRMP1
Collectin subfamily member 10	COLEC-10; COLEC10
Collectin subfamily member 11	COLEC-11; COLEC11
Collectin subfamily member 12	COLEC-12; COLEC12
Collectrin, amino acid transport regulator	CLTRN
Colony stimulating factor 1	CSF-1; CSF1
Colony stimulating factor 1 receptor	CSF1R
Colony stimulating factor 2	CSF-2; CSF2
Colony stimulating factor 2 receptor subunit alpha	CSF2RA
Colony stimulating factor 2 receptor subunit beta	CSF2RB
Colony stimulating factor 3	CSF-3; CSF3
Colony stimulating factor 3 receptor	CSF3R
COMM domain containing 10	COMMD-10; COMMD10
COMM domain containing 2	COMMD-2; COMMD2
COMM domain containing 3	COMMD-3; COMMD3
COMM domain containing 4	COMMD-4; COMMD4
COMM domain containing 5	COMMD-5; COMMD5
COMM domain containing 6	COMMD-6; COMMD6
COMM domain containing 7	COMMD-7; COMMD7
COMM domain containing 8	COMMD-8; COMMD8
COMM domain containing 9	COMMD-9; COMMD9
Complement C1q A chain	C1QA
Complement C1q binding protein	C1QBP
Complement C1q C chain	C1QC
Complement C1q like 1	C1QL1
Complement C1q like 4	C1QL4
Complement C1r subcomponent like	C1RL
Complement C1s	C1S
Complement C2	C-2; C2
Complement C3	C-3; C3
Complement C3a receptor 1	C3AR1
Complement C3b/C4b receptor 1 (Knops blood group)	CR-1; CR1
Complement C3b/C4b receptor 1 like	CR1L
Complement C3d receptor 2	CR-2; CR2
Complement C4A (Rodgers blood group)	C4A
Complement C4B (Chido blood group)	C4B
Complement C5	C-5; C5
Complement C5a receptor 1	C5AR1
Complement C5a receptor 2	C5AR2
Complement C6	C-6; C6
Complement C7	C-7; C7
Complement C8 alpha chain	C8A
Complement C8 beta chain	C8B
Complement C8 gamma chain	C8G
Complement C9	C-9; C9
Complement component 4 binding protein alpha	C4BPA
Complement component 4 binding protein beta	C4BPB
Complement factor B	CFB
Complement factor D	CFD
Complement factor H	CFH
Complement factor H related 1	CFHR-1; CFHR1
Complement factor H related 2	CFHR-2; CFHR2
Complement factor H related 3	CFHR-3; CFHR3
Complement factor H related 4	CFHR-4; CFHR4
Complement factor H related 5	CFHR-5; CFHR5
Complement factor I	CFI
Complement factor properdin	CFP
Complexin 1	Complexin-1; CPLX-1; CPLX1
Complexin 2	Complexin-2; CPLX-2; CPLX2
Complexin 4	Complexin-4; CPLX-4; CPLX4
Component of inhibitor of nuclear factor kappa B kinase complex	CHUK
Component of oligomeric golgi complex 1	COG-1; COG1
Component of oligomeric golgi complex 2	COG-2; COG2
Component of oligomeric golgi complex 3	COG-3; COG3
Component of oligomeric golgi complex 5	COG-5; COG5
Component of oligomeric golgi complex 6	COG-6; COG6
Component of oligomeric golgi complex 7	COG-7; COG7
Component of oligomeric golgi complex 8	COG-8; COG8
Cone-rod homeobox	CRX
Connector enhancer of kinase suppressor of Ras 1	CNKSR-1; CNKSR1
Connector enhancer of kinase suppressor of Ras 2	CNKSR-2; CNKSR2
Consortin, connexin sorting protein	CNST
Contactin 1	CNTN-1; CNTN1; Contactin-1
Contactin 2	CNTN-2; CNTN2; Contactin-2
Contactin 3	CNTN-3; CNTN3; Contactin-3
Contactin 4	CNTN-4; CNTN4; Contactin-4
Contactin 5	CNTN-5; CNTN5; Contactin-5
Contactin 6	CNTN-6; CNTN6; Contactin-6
Contactin associated protein 1	CNTNAP-1; CNTNAP1
Contactin associated protein 2	CNTNAP-2; CNTNAP2
Contactin associated protein family member 4	CNTNAP-4; CNTNAP4
Coordinator of PRMT5 and differentiation stimulator	COPRS
COP1 E3 ubiquitin ligase	COP-1; COP1
COP9 signalosome subunit 2	COPS-2; COPS2
COP9 signalosome subunit 3	COPS-3; COPS3
COP9 signalosome subunit 4	COPS-4; COPS4
COP9 signalosome subunit 5	COPS-5; COPS5
COP9 signalosome subunit 6	COPS-6; COPS6
COP9 signalosome subunit 7A	COPS7A
COP9 signalosome subunit 7B	COPS7B
COP9 signalosome subunit 8	COPS-8; COPS8
COP9 signalosome subunit 9	COPS-9; COPS9
COPI coat complex subunit alpha	COPA
COPI coat complex subunit beta 1	COPB-1; COPB1
COPI coat complex subunit beta 2	COPB-2; COPB2
COPI coat complex subunit epsilon	COPE
COPI coat complex subunit gamma 1	COPG-1; COPG1
COPI coat complex subunit gamma 2	COPG-2; COPG2
COPI coat complex subunit zeta 1	COPZ-1; COPZ1
Copine 1	Copine-1; CPNE-1; CPNE1
Copine 2	Copine-2; CPNE-2; CPNE2
Copine 3	Copine-3; CPNE-3; CPNE3
Copine 4	Copine-4; CPNE-4; CPNE4
Copine 5	Copine-5; CPNE-5; CPNE5
Copine 6	Copine-6; CPNE-6; CPNE6
Copine 7	Copine-7; CPNE-7; CPNE7
Copine 8	Copine-8; CPNE-8; CPNE8
Copine family member 9	CPNE-9; CPNE9
Copper chaperone for superoxide dismutase	CCS
Copper metabolism domain containing 1	COMMD-1; COMMD1
Coproporphyrinogen oxidase	CPOX
Cordon-bleu WH2 repeat protein	COBL
Cordon-bleu WH2 repeat protein like 1	COBLL-1; COBLL1
Core 1 synthase, glycoprotein-N-acetylgalactosamine 3-beta-galactosyltransferase 1	C1GALT1
Core-binding factor subunit beta	CBFB
Corepressor interacting with RBPJ, CIR1	CIR-1; CIR1
Corin, serine peptidase	CORIN
Cornichon family AMPA receptor auxiliary protein 1	CNIH-1; CNIH1
Cornichon family AMPA receptor auxiliary protein 2	CNIH-2; CNIH2
Cornichon family AMPA receptor auxiliary protein 3	CNIH-3; CNIH3
Cornichon family AMPA receptor auxiliary protein 4	CNIH-4; CNIH4
Cornifelin	CNFN
Cornulin	CRNN
Coronin 1A	CORO1A
Coronin 1B	CORO1B
Coronin 1C	CORO1C
Coronin 2A	CORO2A
Coronin 2B	CORO2B
Coronin 6	CORO-6; CORO6; Coronin-6
Coronin 7	CORO-7; CORO7; Coronin-7
Cortactin	CTTN
Cortactin binding protein 2	CTTNBP-2; CTTNBP2
Cortexin 3	Cortexin-3; CTXN-3; CTXN3
Corticotropin releasing hormone	CRH
Corticotropin releasing hormone binding protein	CRHBP
Corticotropin releasing hormone receptor 1	CRHR-1; CRHR1
Corticotropin releasing hormone receptor 2	CRHR-2; CRHR2
Cortistatin	CORT
CRACD like	CRACDL
Cramped chromatin regulator homolog 1	CRAMP-1; CRAMP1
Craniofacial development protein 1	CFDP-1; CFDP1
Creatine kinase B	CKB
Creatine kinase, M-type	CKM
Creatine kinase, mitochondrial 1A	CKMT1A
Creatine kinase, mitochondrial 1B	CKMT1B
Creatine kinase, mitochondrial 2	CKMT-2; CKMT2
CREB binding protein	CREBBP
CREB regulated transcription coactivator 1	CRTC-1; CRTC1
CREB regulated transcription coactivator 2	CRTC-2; CRTC2
CREB regulated transcription coactivator 3	CRTC-3; CRTC3
CREB/ATF bZIP transcription factor	CREBZF
CREB3 regulatory factor	CREBRF
Cripto, FRL-1, cryptic family 1	CFC-1; CFC1
CRK like proto-oncogene, adaptor protein	CRKL
CRK proto-oncogene, adaptor protein	CRK
Crooked neck pre-mRNA splicing factor 1	CRNKL-1; CRNKL1
Crumbs cell polarity complex component 1	CRB-1; CRB1
Crumbs cell polarity complex component 2	CRB-2; CRB2
Crumbs cell polarity complex component 3	CRB-3; CRB3
Cryptochrome circadian regulator 1	CRY-1; CRY1
Cryptochrome circadian regulator 2	CRY-2; CRY2
Crystallin alpha A	CRYAA
Crystallin alpha B	CRYAB
Crystallin beta A1	CRYBA-1; CRYBA1
Crystallin beta A2	CRYBA-2; CRYBA2
Crystallin beta A4	CRYBA-4; CRYBA4
Crystallin beta B1	CRYBB-1; CRYBB1
Crystallin beta B2	CRYBB-2; CRYBB2
Crystallin beta B3	CRYBB-3; CRYBB3
Crystallin beta-gamma domain containing 3	CRYBG-3; CRYBG3
Crystallin gamma B	CRYGB
Crystallin gamma C	CRYGC
Crystallin gamma D	CRYGD
Crystallin gamma S	CRYGS
Crystallin lambda 1	CRYL-1; CRYL1; Crystallin lambda-1
Crystallin mu	CRYM
Crystallin zeta	CRYZ
Crystallin zeta like 1	CRYZL-1; CRYZL1
CSAG family member 3	CSAG-3; CSAG3
CST telomere replication complex component 1	CTC-1; CTC1
CTD nuclear envelope phosphatase 1	CTDNEP-1; CTDNEP1
CTD nuclear envelope phosphatase 1 regulatory subunit 1	CNEP1R1
CTD phosphatase subunit 1	CTDP-1; CTDP1
CTD small phosphatase 1	CTDSP-1; CTDSP1
CTD small phosphatase 2	CTDSP-2; CTDSP2
CTD small phosphatase like	CTDSPL
CTD small phosphatase like 2	CTDSPL-2; CTDSPL2
CTP synthase 1	CTP synthase-1; CTPS-1; CTPS1
CTP synthase 2	CTP synthase-2; CTPS-2; CTPS2
CTR9 homolog, Paf1/RNA polymerase II complex component	CTR-9; CTR9
CTTNBP2 N-terminal like	CTTNBP2NL
CUB and Sushi multiple domains 1	CSMD-1; CSMD1
CUB and Sushi multiple domains 2	CSMD-2; CSMD2
CUB domain containing protein 1	CDCP-1; CDCP1
Cubilin	CUBN
CUE domain containing 1	CUEDC-1; CUEDC1
CUE domain containing 2	CUEDC-2; CUEDC2
CUGBP Elav-like family member 1	CELF-1; CELF1
CUGBP Elav-like family member 2	CELF-2; CELF2
CUGBP Elav-like family member 3	CELF-3; CELF3
CUGBP Elav-like family member 4	CELF-4; CELF4
CUGBP Elav-like family member 5	CELF-5; CELF5
CUGBP Elav-like family member 6	CELF-6; CELF6
Cullin 1	CUL-1; CUL1; Cullin-1
Cullin 2	CUL-2; CUL2; Cullin-2
Cullin 3	CUL-3; CUL3; Cullin-3
Cullin 4A	CUL4A
Cullin 4B	CUL4B
Cullin 5	CUL-5; CUL5; Cullin-5
Cullin 7	CUL-7; CUL7; Cullin-7
Cullin 9	CUL-9; CUL9; Cullin-9
Cullin associated and neddylation dissociated 1	CAND-1; CAND1
Cullin associated and neddylation dissociated 2 (putative)	CAND-2; CAND2
Cut like homeobox 1	CUX-1; CUX1
Cut like homeobox 2	CUX-2; CUX2
CutA divalent cation tolerance homolog	CUTA
Cutaneous T cell lymphoma-associated antigen 1	CTAGE-1; CTAGE1
CutC copper transporter	CUTC
CWC15 spliceosome associated protein homolog	CWC-15; CWC15
CWC22 spliceosome associated protein homolog	CWC-22; CWC22
CWC25 spliceosome associated protein homolog	CWC-25; CWC25
CWC27 spliceosome associated cyclophilin	CWC-27; CWC27
CWF19 like cell cycle control factor 1	CWF19L1
CWF19 like cell cycle control factor 2	CWF19L2
CXADR Ig-like cell adhesion molecule	CXADR
CXADR like membrane protein	CLMP
CXXC finger protein 1	CXXC-1; CXXC1
CXXC finger protein 5	CXXC-5; CXXC5
CXXC motif containing zinc binding protein	CZIB
CXXC repeat containing interactor of PDZ3 domain	CRIPT
Cyclase associated actin cytoskeleton regulatory protein 1	CAP-1; CAP1
Cyclase associated actin cytoskeleton regulatory protein 2	CAP-2; CAP2
Cyclic GMP-AMP synthase	CGAS
Cyclic nucleotide gated channel subunit alpha 1	CNGA-1; CNGA1
Cyclic nucleotide gated channel subunit alpha 3	CNGA-3; CNGA3
Cyclic nucleotide gated channel subunit alpha 4	CNGA-4; CNGA4
Cyclic nucleotide gated channel subunit beta 1	CNGB-1; CNGB1
Cyclic nucleotide gated channel subunit beta 3	CNGB-3; CNGB3
Cyclin A1	CCNA-1; CCNA1
Cyclin A2	CCNA-2; CCNA2
Cyclin and CBS domain divalent metal cation transport mediator 1	CNNM-1; CNNM1
Cyclin and CBS domain divalent metal cation transport mediator 2	CNNM-2; CNNM2
Cyclin and CBS domain divalent metal cation transport mediator 3	CNNM-3; CNNM3
Cyclin and CBS domain divalent metal cation transport mediator 4	CNNM-4; CNNM4
Cyclin B1	CCNB-1; CCNB1
Cyclin B1 interacting protein 1	CCNB1IP1
Cyclin B2	CCNB-2; CCNB2
Cyclin B3	CCNB-3; CCNB3
Cyclin C	CCNC
Cyclin D binding myb like transcription factor 1	DMTF-1; DMTF1
Cyclin D1	CCND-1; CCND1
Cyclin D1 binding protein 1	CCNDBP-1; CCNDBP1
Cyclin D2	CCND-2; CCND2
Cyclin D3	CCND-3; CCND3
Cyclin dependent kinase 1	CDK-1; CDK1
Cyclin dependent kinase 10	CDK-10; CDK10
Cyclin dependent kinase 11A	CDK11A
Cyclin dependent kinase 11B	CDK11B
Cyclin dependent kinase 12	CDK-12; CDK12
Cyclin dependent kinase 13	CDK-13; CDK13
Cyclin dependent kinase 14	CDK-14; CDK14
Cyclin dependent kinase 15	CDK-15; CDK15
Cyclin dependent kinase 16	CDK-16; CDK16
Cyclin dependent kinase 17	CDK-17; CDK17
Cyclin dependent kinase 18	CDK-18; CDK18
Cyclin dependent kinase 19	CDK-19; CDK19
Cyclin dependent kinase 2	CDK-2; CDK2
Cyclin dependent kinase 2 associated protein 1	CDK2AP1
Cyclin dependent kinase 2 associated protein 2	CDK2AP2
Cyclin dependent kinase 2 interacting protein	CINP
Cyclin dependent kinase 20	CDK-20; CDK20
Cyclin dependent kinase 3	CDK-3; CDK3
Cyclin dependent kinase 4	CDK-4; CDK4
Cyclin dependent kinase 5	CDK-5; CDK5
Cyclin dependent kinase 5 regulatory subunit 1	CDK5R1
Cyclin dependent kinase 5 regulatory subunit 2	CDK5R2
Cyclin dependent kinase 6	CDK-6; CDK6
Cyclin dependent kinase 7	CDK-7; CDK7
Cyclin dependent kinase 8	CDK-8; CDK8
Cyclin dependent kinase 9	CDK-9; CDK9
Cyclin dependent kinase inhibitor 1A	CDKN1A
Cyclin dependent kinase inhibitor 1B	CDKN1B
Cyclin dependent kinase inhibitor 1C	CDKN1C
Cyclin dependent kinase inhibitor 2A	CDKN2A
Cyclin dependent kinase inhibitor 2B	CDKN2B
Cyclin dependent kinase inhibitor 2C	CDKN2C
Cyclin dependent kinase inhibitor 2D	CDKN2D
Cyclin dependent kinase inhibitor 3	CDKN-3; CDKN3
Cyclin dependent kinase like 1	CDKL-1; CDKL1
Cyclin dependent kinase like 2	CDKL-2; CDKL2
Cyclin dependent kinase like 3	CDKL-3; CDKL3
Cyclin dependent kinase like 5	CDKL-5; CDKL5
Cyclin E1	CCNE-1; CCNE1
Cyclin E2	CCNE-2; CCNE2
Cyclin F	CCNF
Cyclin G associated kinase	GAK
Cyclin G1	CCNG-1; CCNG1
Cyclin H	CCNH
Cyclin I	CCNI
Cyclin J like	CCNJL
Cyclin K	CCNK
Cyclin L1	CCNL-1; CCNL1
Cyclin L2	CCNL-2; CCNL2
Cyclin O	CCNO
Cyclin Q	CCNQ
Cyclin T1	CCNT-1; CCNT1
Cyclin T2	CCNT-2; CCNT2
Cyclin Y	CCNY
Cyclin Y like 1	CCNYL-1; CCNYL1
CYFIP related Rac1 interactor B	CYRIB
CYLD lysine 63 deubiquitinase	CYLD
Cystathionine beta-synthase	CBS
Cystathionine gamma-lyase	CTH
Cystatin 11	CST-11; CST11; Cystatin-11
Cystatin 8	CST-8; CST8; Cystatin-8
Cystatin 9 like	CST9L
Cystatin A	CSTA
Cystatin B	CSTB
Cystatin C	CST-3; CST3
Cystatin D	CST-5; CST5
Cystatin E/M	CST-6; CST6
Cystatin F	CST-7; CST7
Cystatin S	CST-4; CST4
Cystatin SA	CST-2; CST2
Cystatin SN	CST-1; CST1
Cysteine and glycine rich protein 1	CSRP-1; CSRP1
Cysteine and glycine rich protein 2	CSRP-2; CSRP2
Cysteine and glycine rich protein 3	CSRP-3; CSRP3
Cysteine and histidine rich domain containing 1	CHORDC-1; CHORDC1
Cysteine and serine rich nuclear protein 1	CSRNP-1; CSRNP1
Cysteine and serine rich nuclear protein 2	CSRNP-2; CSRNP2
Cysteine dioxygenase type 1	CDO-1; CDO1
Cysteine rich C-terminal 1	CRCT-1; CRCT1
Cysteine rich DPF motif domain containing 1	CDPF-1; CDPF1
Cysteine rich hydrophobic domain 2	CHIC-2; CHIC2
Cysteine rich protein 1	CRIP-1; CRIP1
Cysteine rich protein 2	CRIP-2; CRIP2
Cysteine rich protein 3	CRIP-3; CRIP3
Cysteine rich secretory protein 1	CRISP-1; CRISP1
Cysteine rich secretory protein 2	CRISP-2; CRISP2
Cysteine rich secretory protein 3	CRISP-3; CRISP3
Cysteine rich tail 1	CYSRT-1; CYSRT1
Cysteine rich transmembrane BMP regulator 1	CRIM-1; CRIM1
Cysteine rich transmembrane module containing 1	CYSTM-1; CYSTM1
Cysteine rich with EGF like domains 1	CRELD-1; CRELD1
Cysteine rich with EGF like domains 2	CRELD-2; CRELD2
Cysteine sulfinic acid decarboxylase	CSAD
Cysteinyl leukotriene receptor 1	CYSLTR-1; CYSLTR1
Cysteinyl leukotriene receptor 2	CYSLTR-2; CYSLTR2
Cysteinyl-tRNA synthetase 1	CARS-1; CARS1; Cysteinyl-tRNA synthetase-1
Cysteinyl-tRNA synthetase 2, mitochondrial	CARS-2; CARS2
Cystin 1	CYS-1; CYS1; Cystin-1
Cystinosin, lysosomal cystine transporter	CTNS
Cytidine and dCMP deaminase domain containing 1	CDADC-1; CDADC1
Cytidine deaminase	CDA
Cytidine monophosphate N-acetylneuraminic acid synthetase	CMAS
Cytidine/uridine monophosphate kinase 1	CMPK-1; CMPK1
Cytidine/uridine monophosphate kinase 2	CMPK-2; CMPK2
Cytochrome b reductase 1	CYBRD-1; CYBRD1
Cytochrome b-245 alpha chain	CYBA
Cytochrome b-245 beta chain	CYBB
Cytochrome b-245 chaperone 1	CYBC-1; CYBC1
Cytochrome b5 domain containing 2	CYB5D2
Cytochrome b5 reductase 1	CYB5R1
Cytochrome b5 reductase 2	CYB5R2
Cytochrome b5 reductase 3	CYB5R3
Cytochrome b5 reductase 4	CYB5R4
Cytochrome b5 type A	CYB5A
Cytochrome b5 type B	CYB5B
Cytochrome b561	CYB-561; CYB561
Cytochrome b561 family member A3	CYB561A3
Cytochrome b561 family member D1	CYB561D1
Cytochrome b561 family member D2	CYB561D2
Cytochrome c oxidase assembly factor 1	COA-1; COA1
Cytochrome c oxidase assembly factor 3	COA-3; COA3
Cytochrome c oxidase assembly factor 4 homolog	COA-4; COA4
Cytochrome c oxidase assembly factor 5	COA-5; COA5
Cytochrome c oxidase assembly factor 6	COA-6; COA6
Cytochrome c oxidase assembly factor 7	COA-7; COA7
Cytochrome c oxidase assembly factor 8	COA-8; COA8
Cytochrome c oxidase assembly factor COX14	COX-14; COX14
Cytochrome c oxidase assembly factor COX16	COX-16; COX16
Cytochrome c oxidase assembly factor COX18	COX-18; COX18
Cytochrome c oxidase assembly factor COX19	COX-19; COX19
Cytochrome c oxidase assembly factor COX20	COX-20; COX20
Cytochrome c oxidase assembly factor heme A:farnesyltransferase COX10	COX-10; COX10
Cytochrome c oxidase assembly homolog COX15	COX-15; COX15
Cytochrome c oxidase copper chaperone COX11	COX-11; COX11
Cytochrome c oxidase copper chaperone COX17	COX-17; COX17
Cytochrome c oxidase subunit 4I1	COX4I1
Cytochrome c oxidase subunit 4I2	COX4I2
Cytochrome c oxidase subunit 5A	COX5A
Cytochrome c oxidase subunit 5B	COX5B
Cytochrome c oxidase subunit 6A1	COX6A1
Cytochrome c oxidase subunit 6A2	COX6A2
Cytochrome c oxidase subunit 6B1	COX6B1
Cytochrome c oxidase subunit 6B2	COX6B2
Cytochrome c oxidase subunit 6C	COX6C
Cytochrome c oxidase subunit 7A1	COX7A1
Cytochrome c oxidase subunit 7A2	COX7A2
Cytochrome c oxidase subunit 7A2 like	COX7A2L
Cytochrome c oxidase subunit 7B	COX7B
Cytochrome c oxidase subunit 7C	COX7C
Cytochrome c oxidase subunit 8A	COX8A
Cytochrome c, somatic	CYCS
Cytochrome c1	CYC-1; CYC1
Cytochrome P450 family 1 subfamily A member 1	CYP1A1
Cytochrome P450 family 1 subfamily A member 2	CYP1A2
Cytochrome P450 family 1 subfamily B member 1	CYP1B1
Cytochrome P450 family 11 subfamily A member 1	CYP11A1
Cytochrome P450 family 11 subfamily B member 1	CYP11B1
Cytochrome P450 family 11 subfamily B member 2	CYP11B2
Cytochrome P450 family 17 subfamily A member 1	CYP17A1
Cytochrome P450 family 19 subfamily A member 1	CYP19A1
Cytochrome P450 family 2 subfamily A member 13	CYP2A13
Cytochrome P450 family 2 subfamily A member 6	CYP2A6
Cytochrome P450 family 2 subfamily B member 6	CYP2B6
Cytochrome P450 family 2 subfamily C member 18	CYP2C18
Cytochrome P450 family 2 subfamily C member 19	CYP2C19
Cytochrome P450 family 2 subfamily C member 8	CYP2C8
Cytochrome P450 family 2 subfamily C member 9	CYP2C9
Cytochrome P450 family 2 subfamily D member 6	CYP2D6
Cytochrome P450 family 2 subfamily E member 1	CYP2E1
Cytochrome P450 family 2 subfamily F member 1	CYP2F1
Cytochrome P450 family 2 subfamily J member 2	CYP2J2
Cytochrome P450 family 2 subfamily R member 1	CYP2R1
Cytochrome P450 family 2 subfamily S member 1	CYP2S1
Cytochrome P450 family 2 subfamily U member 1	CYP2U1
Cytochrome P450 family 2 subfamily W member 1	CYP2W1
Cytochrome P450 family 20 subfamily A member 1	CYP20A1
Cytochrome P450 family 21 subfamily A member 2	CYP21A2
Cytochrome P450 family 24 subfamily A member 1	CYP24A1
Cytochrome P450 family 26 subfamily A member 1	CYP26A1
Cytochrome P450 family 26 subfamily B member 1	CYP26B1
Cytochrome P450 family 26 subfamily C member 1	CYP26C1
Cytochrome P450 family 27 subfamily A member 1	CYP27A1
Cytochrome P450 family 27 subfamily B member 1	CYP27B1
Cytochrome P450 family 27 subfamily C member 1	CYP27C1
Cytochrome P450 family 3 subfamily A member 4	CYP3A4
Cytochrome P450 family 3 subfamily A member 43	CYP3A43
Cytochrome P450 family 3 subfamily A member 5	CYP3A5
Cytochrome P450 family 3 subfamily A member 7	CYP3A7
Cytochrome P450 family 39 subfamily A member 1	CYP39A1
Cytochrome P450 family 4 subfamily A member 11	CYP4A11
Cytochrome P450 family 4 subfamily A member 22	CYP4A22
Cytochrome P450 family 4 subfamily B member 1	CYP4B1
Cytochrome P450 family 4 subfamily F member 11	CYP4F11
Cytochrome P450 family 4 subfamily F member 12	CYP4F12
Cytochrome P450 family 4 subfamily F member 2	CYP4F2
Cytochrome P450 family 4 subfamily F member 22	CYP4F22
Cytochrome P450 family 4 subfamily F member 3	CYP4F3
Cytochrome P450 family 4 subfamily F member 8	CYP4F8
Cytochrome P450 family 4 subfamily V member 2	CYP4V2
Cytochrome P450 family 4 subfamily X member 1	CYP4X1
Cytochrome P450 family 4 subfamily Z member 1	CYP4Z1
Cytochrome P450 family 46 subfamily A member 1	CYP46A1
Cytochrome P450 family 51 subfamily A member 1	CYP51A1
Cytochrome P450 family 7 subfamily A member 1	CYP7A1
Cytochrome P450 family 7 subfamily B member 1	CYP7B1
Cytochrome P450 family 8 subfamily B member 1	CYP8B1
Cytochrome p450 oxidoreductase	POR
Cytoglobin	CYGB
Cytohesin 1	CYTH-1; CYTH1; Cytohesin-1
Cytohesin 1 interacting protein	CYTIP
Cytohesin 2	CYTH-2; CYTH2; Cytohesin-2
Cytohesin 3	CYTH-3; CYTH3; Cytohesin-3
Cytohesin 4	CYTH-4; CYTH4; Cytohesin-4
Cytokine dependent hematopoietic cell linker	CLNK
Cytokine induced apoptosis inhibitor 1	CIAPIN-1; CIAPIN1
Cytokine inducible SH2 containing protein	CISH
Cytokine like 1	CYTL-1; CYTL1; Cytokine like-1
Cytokine receptor like factor 1	CRLF-1; CRLF1
Cytokine receptor like factor 2	CRLF-2; CRLF2
Cytokine receptor like factor 3	CRLF-3; CRLF3
Cytoplasmic FMR1 interacting protein 1	CYFIP-1; CYFIP1
Cytoplasmic FMR1 interacting protein 2	CYFIP-2; CYFIP2
Cytoplasmic linker associated protein 1	CLASP-1; CLASP1
Cytoplasmic linker associated protein 2	CLASP-2; CLASP2
Cytoplasmic polyadenylation element binding protein 1	CPEB-1; CPEB1
Cytoplasmic polyadenylation element binding protein 3	CPEB-3; CPEB3
Cytoplasmic polyadenylation element binding protein 4	CPEB-4; CPEB4
Cytoskeleton associated protein 2	CKAP-2; CKAP2
Cytoskeleton associated protein 2 like	CKAP2L
Cytoskeleton associated protein 4	CKAP-4; CKAP4
Cytoskeleton associated protein 5	CKAP-5; CKAP5
Cytosolic arginine sensor for mTORC1 subunit 1	CASTOR-1; CASTOR1
Cytosolic arginine sensor for mTORC1 subunit 2	CASTOR-2; CASTOR2
Cytosolic iron-sulfur assembly component 1	CIAO-1; CIAO1
Cytosolic iron-sulfur assembly component 2A	CIAO2A
Cytosolic iron-sulfur assembly component 2B	CIAO2B
Cytosolic iron-sulfur assembly component 3	CIAO-3; CIAO3
Cytosolic thiouridylase subunit 1	CTU-1; CTU1
Cytosolic thiouridylase subunit 2	CTU-2; CTU2
Cytotoxic and regulatory T cell molecule	CRTAM
Cytotoxic T-lymphocyte associated protein 4	CTLA-4; CTLA4
D-2-hydroxyglutarate dehydrogenase	D2HGDH
D-amino acid oxidase	DAO
D-amino acid oxidase activator	DAOA
D-aminoacyl-tRNA deacylase 1	D-aminoacyl-tRNA deacylase-1; DTD-1; DTD1
D-aminoacyl-tRNA deacylase 2	D-aminoacyl-tRNA deacylase-2; DTD-2; DTD2
D-aspartate oxidase	DDO
D-box binding PAR bZIP transcription factor	DBP
D-dopachrome tautomerase	DDT
D-glutamate cyclase	DGLUCY
DAB adaptor protein 1	DAB-1; DAB1
DAB adaptor protein 2	DAB-2; DAB2
DAB2 interacting protein	DAB2IP
Dachshund family transcription factor 1	DACH-1; DACH1
Dachsous cadherin-related 1	Dachsous cadherin-related-1; DCHS-1; DCHS1
DALR anticodon binding domain containing 3	DALRD-3; DALRD3
Damage specific DNA binding protein 1	DDB-1; DDB1
Damage specific DNA binding protein 2	DDB-2; DDB2
DAP3 binding cell death enhancer 1	DELE-1; DELE1
DAZ associated protein 1	DAZAP-1; DAZAP1
DAZ associated protein 2	DAZAP-2; DAZAP2
DAZ interacting zinc finger protein 1	DZIP-1; DZIP1
DAZ interacting zinc finger protein 1 like	DZIP1L
DAZ interacting zinc finger protein 3	DZIP-3; DZIP3
DBF4 zinc finger	DBF-4; DBF4
DBF4 zinc finger B	DBF4B
DC-STAMP domain containing 1	DCST-1; DCST1
DCC netrin 1 receptor	DCC
DCMP deaminase	DCTD
DCTP pyrophosphatase 1	DCTP pyrophosphatase-1; DCTPP-1; DCTPP1
DDB1 and CUL4 associated factor 1	DCAF-1; DCAF1
DDB1 and CUL4 associated factor 10	DCAF-10; DCAF10
DDB1 and CUL4 associated factor 11	DCAF-11; DCAF11
DDB1 and CUL4 associated factor 12	DCAF-12; DCAF12
DDB1 and CUL4 associated factor 12 like 1	DCAF12L1
DDB1 and CUL4 associated factor 13	DCAF-13; DCAF13
DDB1 and CUL4 associated factor 15	DCAF-15; DCAF15
DDB1 and CUL4 associated factor 16	DCAF-16; DCAF16
DDB1 and CUL4 associated factor 17	DCAF-17; DCAF17
DDB1 and CUL4 associated factor 4	DCAF-4; DCAF4
DDB1 and CUL4 associated factor 4 like 2	DCAF4L2
DDB1 and CUL4 associated factor 5	DCAF-5; DCAF5
DDB1 and CUL4 associated factor 6	DCAF-6; DCAF6
DDB1 and CUL4 associated factor 7	DCAF-7; DCAF7
DDB1 and CUL4 associated factor 8	DCAF-8; DCAF8
DDHD domain containing 1	DDHD-1; DDHD1
DDHD domain containing 2	DDHD-2; DDHD2
DDRGK domain containing 1	DDRGK-1; DDRGK1
DEAD-box helicase 1	DDX-1; DDX1; DEAD-box helicase-1
DEAD-box helicase 10	DDX-10; DDX10; DEAD-box helicase-10
DEAD-box helicase 17	DDX-17; DDX17; DEAD-box helicase-17
DEAD-box helicase 18	DDX-18; DDX18; DEAD-box helicase-18
DEAD-box helicase 19A	DDX19A
DEAD-box helicase 19B	DDX19B
DEAD-box helicase 20	DDX-20; DDX20; DEAD-box helicase-20
DEAD-box helicase 23	DDX-23; DDX23; DEAD-box helicase-23
DEAD-box helicase 24	DDX-24; DDX24; DEAD-box helicase-24
DEAD-box helicase 25	DDX-25; DDX25; DEAD-box helicase-25
DEAD-box helicase 28	DDX-28; DDX28; DEAD-box helicase-28
DEAD-box helicase 3 X-linked	DDX3X
DEAD-box helicase 3 Y-linked	DDX3Y
DEAD-box helicase 31	DDX-31; DDX31; DEAD-box helicase-31
DEAD-box helicase 4	DDX-4; DDX4; DEAD-box helicase-4
DEAD-box helicase 41	DDX-41; DDX41; DEAD-box helicase-41
DEAD-box helicase 42	DDX-42; DDX42; DEAD-box helicase-42
DEAD-box helicase 43	DDX-43; DDX43; DEAD-box helicase-43
DEAD-box helicase 46	DDX-46; DDX46; DEAD-box helicase-46
DEAD-box helicase 47	DDX-47; DDX47; DEAD-box helicase-47
DEAD-box helicase 49	DDX-49; DDX49; DEAD-box helicase-49
DEAD-box helicase 5	DDX-5; DDX5; DEAD-box helicase-5
DEAD-box helicase 51	DDX-51; DDX51; DEAD-box helicase-51
DEAD-box helicase 53	DDX-53; DDX53; DEAD-box helicase-53
DEAD-box helicase 54	DDX-54; DDX54; DEAD-box helicase-54
DEAD-box helicase 55	DDX-55; DDX55; DEAD-box helicase-55
DEAD-box helicase 56	DDX-56; DDX56; DEAD-box helicase-56
DEAD-box helicase 59	DDX-59; DDX59; DEAD-box helicase-59
DEAD-box helicase 6	DDX-6; DDX6; DEAD-box helicase-6
DEAD/H-box helicase 11	DDX-11; DDX11; DEAD/H-box helicase-11
DEAF1 transcription factor	DEAF-1; DEAF1
DEAH-box helicase 15	DEAH-box helicase-15; DHX-15; DHX15
DEAH-box helicase 16	DEAH-box helicase-16; DHX-16; DHX16
DEAH-box helicase 32 (putative)	DHX-32; DHX32
DEAH-box helicase 33	DEAH-box helicase-33; DHX-33; DHX33
DEAH-box helicase 35	DEAH-box helicase-35; DHX-35; DHX35
DEAH-box helicase 36	DEAH-box helicase-36; DHX-36; DHX36
DEAH-box helicase 37	DEAH-box helicase-37; DHX-37; DHX37
DEAH-box helicase 38	DEAH-box helicase-38; DHX-38; DHX38
DEAH-box helicase 40	DEAH-box helicase-40; DHX-40; DHX40
DEAH-box helicase 8	DEAH-box helicase-8; DHX-8; DHX8
Death associated protein	DAP
Death associated protein 3	DAP-3; DAP3
Death associated protein kinase 1	DAPK-1; DAPK1
Death associated protein kinase 2	DAPK-2; DAPK2
Death associated protein kinase 3	DAPK-3; DAPK3
Death associated protein like 1	DAPL-1; DAPL1
Death domain associated protein	DAXX
Death effector domain containing	DEDD
Death effector domain containing 2	DEDD-2; DEDD2
Death inducer-obliterator 1	Death inducer-obliterator-1; DIDO-1; DIDO1
Debranching RNA lariats 1	DBR-1; DBR1
Decapping enzyme, scavenger	DCPS
Decapping exoribonuclease	DXO
Decapping mRNA 1A	DCP1A
Decapping mRNA 1B	DCP1B
Decapping mRNA 2	DCP-2; DCP2; Decapping mRNA-2
Decaprenyl diphosphate synthase subunit 1	PDSS-1; PDSS1
Decaprenyl diphosphate synthase subunit 2	PDSS-2; PDSS2
Decorin	DCN
Dedicator of cytokinesis 1	DOCK-1; DOCK1
Dedicator of cytokinesis 10	DOCK-10; DOCK10
Dedicator of cytokinesis 11	DOCK-11; DOCK11
Dedicator of cytokinesis 2	DOCK-2; DOCK2
Dedicator of cytokinesis 3	DOCK-3; DOCK3
Dedicator of cytokinesis 4	DOCK-4; DOCK4
Dedicator of cytokinesis 5	DOCK-5; DOCK5
Dedicator of cytokinesis 6	DOCK-6; DOCK6
Dedicator of cytokinesis 7	DOCK-7; DOCK7
Dedicator of cytokinesis 8	DOCK-8; DOCK8
Dedicator of cytokinesis 9	DOCK-9; DOCK9
DEF6 guanine nucleotide exchange factor	DEF-6; DEF6
Defective in cullin neddylation 1 domain containing 1	DCUN1D1
Defective in cullin neddylation 1 domain containing 2	DCUN1D2
Defective in cullin neddylation 1 domain containing 3	DCUN1D3
Defective in cullin neddylation 1 domain containing 4	DCUN1D4
Defective in cullin neddylation 1 domain containing 5	DCUN1D5
Defender against cell death 1	DAD-1; DAD1
Defensin alpha 1	DEFA-1; DEFA1; Defensin alpha-1
Defensin alpha 1B	DEFA1B
Defensin alpha 3	DEFA-3; DEFA3; Defensin alpha-3
Defensin alpha 4	DEFA-4; DEFA4; Defensin alpha-4
Defensin alpha 5	DEFA-5; DEFA5; Defensin alpha-5
Defensin alpha 6	DEFA-6; DEFA6; Defensin alpha-6
Defensin beta 1	DEFB-1; DEFB1; Defensin beta-1
Defensin beta 103A	DEFB103A
Defensin beta 103B	DEFB103B
Defensin beta 104A	DEFB104A
Defensin beta 104B	DEFB104B
Defensin beta 106A	DEFB106A
Defensin beta 106B	DEFB106B
Defensin beta 108B	DEFB108B
Defensin beta 114	DEFB-114; DEFB114; Defensin beta-114
Defensin beta 115	DEFB-115; DEFB115; Defensin beta-115
Defensin beta 118	DEFB-118; DEFB118; Defensin beta-118
Defensin beta 121	DEFB-121; DEFB121; Defensin beta-121
Defensin beta 124	DEFB-124; DEFB124; Defensin beta-124
Defensin beta 126	DEFB-126; DEFB126; Defensin beta-126
Defensin beta 127	DEFB-127; DEFB127; Defensin beta-127
Defensin beta 128	DEFB-128; DEFB128; Defensin beta-128
Defensin beta 129	DEFB-129; DEFB129; Defensin beta-129
Defensin beta 131A	DEFB131A
Defensin beta 132	DEFB-132; DEFB132; Defensin beta-132
Defensin beta 4A	DEFB4A
Defensin beta 4B	DEFB4B
Dehydrodolichyl diphosphate synthase subunit	DHDDS
Dehydrogenase E1 and transketolase domain containing 1	DHTKD-1; DHTKD1
Dehydrogenase/reductase 1	Dehydrogenase/reductase-1; DHRS-1; DHRS1
Dehydrogenase/reductase 11	Dehydrogenase/reductase-11; DHRS-11; DHRS11
Dehydrogenase/reductase 2	Dehydrogenase/reductase-2; DHRS-2; DHRS2
Dehydrogenase/reductase 3	Dehydrogenase/reductase-3; DHRS-3; DHRS3
Dehydrogenase/reductase 4	Dehydrogenase/reductase-4; DHRS-4; DHRS4
Dehydrogenase/reductase 7	Dehydrogenase/reductase-7; DHRS-7; DHRS7
Dehydrogenase/reductase 7B	DHRS7B
Dehydrogenase/reductase 9	Dehydrogenase/reductase-9; DHRS-9; DHRS9
Dehydrogenase/reductase X-linked	DHRSX
DEK proto-oncogene	DEK
Deleted in azoospermia 1	DAZ-1; DAZ1
Deleted in azoospermia 2	DAZ-2; DAZ2
Deleted in azoospermia 3	DAZ-3; DAZ3
Deleted in azoospermia 4	DAZ-4; DAZ4
Deleted in azoospermia like	DAZL
Deleted in malignant brain tumors 1	DMBT-1; DMBT1
Deleted in primary ciliary dyskinesia homolog (mouse)	DPCD
Delta 4-desaturase, sphingolipid 1	DEGS-1; DEGS1
Delta 4-desaturase, sphingolipid 2	DEGS-2; DEGS2
Delta like canonical Notch ligand 1	DLL-1; DLL1
Delta like canonical Notch ligand 3	DLL-3; DLL3
Delta like canonical Notch ligand 4	DLL-4; DLL4
Delta like non-canonical Notch ligand 1	DLK-1; DLK1
Delta/notch like EGF repeat containing	DNER
Deltex E3 ubiquitin ligase 1	DTX-1; DTX1
Deltex E3 ubiquitin ligase 2	DTX-2; DTX2
Deltex E3 ubiquitin ligase 3	DTX-3; DTX3
Deltex E3 ubiquitin ligase 3L	DTX3L
Deltex E3 ubiquitin ligase 4	DTX-4; DTX4
Dematin actin binding protein	DMTN
Dendrin	DDN
Dendritic cell associated nuclear protein 1	DCANP-1; DCANP1
Dendrocyte expressed seven transmembrane protein	DCSTAMP
DENN domain containing 10	DENND-10; DENND10
DENN domain containing 11	DENND-11; DENND11
DENN domain containing 1A	DENND1A
DENN domain containing 1B	DENND1B
DENN domain containing 1C	DENND1C
DENN domain containing 2A	DENND2A
DENN domain containing 2B	DENND2B
DENN domain containing 2C	DENND2C
DENN domain containing 2D	DENND2D
DENN domain containing 3	DENND-3; DENND3
DENN domain containing 4A	DENND4A
DENN domain containing 4B	DENND4B
DENN domain containing 4C	DENND4C
DENN domain containing 5A	DENND5A
DENN domain containing 5B	DENND5B
DENN domain containing 6A	DENND6A
Density regulated re-initiation and release factor	DENR
Denticleless E3 ubiquitin protein ligase homolog	DTL
Dentin matrix acidic phosphoprotein 1	DMP-1; DMP1
Dentin sialophosphoprotein	DSPP
Deoxycytidine kinase	DCK
Deoxyguanosine kinase	DGUOK
Deoxyhypusine hydroxylase	DOHH
Deoxyhypusine synthase	DHPS
Deoxynucleotidyltransferase terminal interacting protein 1	DNTTIP-1; DNTTIP1
Deoxynucleotidyltransferase terminal interacting protein 2	DNTTIP-2; DNTTIP2
Deoxyribonuclease 1	Deoxyribonuclease-1; DNASE-1; DNASE1
Deoxyribonuclease 1 like 1	DNASE1L1
Deoxyribonuclease 1 like 2	DNASE1L2
Deoxyribonuclease 1 like 3	DNASE1L3
Deoxyribonuclease 2, lysosomal	DNASE-2; DNASE2
Deoxyribose-phosphate aldolase	DERA
Deoxythymidylate kinase	DTYMK
Deoxyuridine triphosphatase	DUT
DEP domain containing 1	DEPDC-1; DEPDC1
DEP domain containing 1B	DEPDC1B
DEP domain containing 5, GATOR1 subcomplex subunit	DEPDC-5; DEPDC5
DEP domain containing MTOR interacting protein	DEPTOR
Dephospho-CoA kinase domain containing	DCAKD
DEPP1 autophagy regulator	DEPP-1; DEPP1
Derlin 1	DERL-1; DERL1; Derlin-1
Derlin 2	DERL-2; DERL2; Derlin-2
Derlin 3	DERL-3; DERL3; Derlin-3
Dermatan sulfate epimerase	DSE
Dermatopontin	DPT
Dermcidin	DCD
Dermokine	DMKN
DERPC proline and glycine rich nuclear protein	DERPC
Desert hedgehog signaling molecule	DHH
Desmin	DES
Desmocollin 1	Desmocollin-1; DSC-1; DSC1
Desmocollin 2	Desmocollin-2; DSC-2; DSC2
Desmocollin 3	Desmocollin-3; DSC-3; DSC3
Desmoglein 1	Desmoglein-1; DSG-1; DSG1
Desmoglein 2	Desmoglein-2; DSG-2; DSG2
Desmoglein 3	Desmoglein-3; DSG-3; DSG3
Desmoglein 4	Desmoglein-4; DSG-4; DSG4
Desmoplakin	DSP
Destrin, actin depolymerizing factor	DSTN
Desumoylating isopeptidase 1	DESI-1; DESI1; Desumoylating isopeptidase-1
Desumoylating isopeptidase 2	DESI-2; DESI2; Desumoylating isopeptidase-2
DET1 and DDB1 associated 1	DDA-1; DDA1
DET1 partner of COP1 E3 ubiquitin ligase	DET-1; DET1
Deuterosome assembly protein 1	DEUP-1; DEUP1
Developmental pluripotency associated 2	DPPA-2; DPPA2
Developmental pluripotency associated 3	DPPA-3; DPPA3
Developmental pluripotency associated 4	DPPA-4; DPPA4
Developmentally regulated GTP binding protein 1	DRG-1; DRG1
Developmentally regulated GTP binding protein 2	DRG-2; DRG2
DExD-box helicase 21	DDX-21; DDX21; DExD-box helicase-21
DExD-box helicase 39A	DDX39A
DExD-box helicase 39B	DDX39B
DExD-box helicase 50	DDX-50; DDX50; DExD-box helicase-50
DExD-box helicase 52	DDX-52; DDX52; DExD-box helicase-52
DExD/H-box helicase 60	DDX-60; DDX60; DExD/H-box helicase-60
DExH-box helicase 29	DExH-box helicase-29; DHX-29; DHX29
DExH-box helicase 30	DExH-box helicase-30; DHX-30; DHX30
DExH-box helicase 34	DExH-box helicase-34; DHX-34; DHX34
DExH-box helicase 57	DExH-box helicase-57; DHX-57; DHX57
DExH-box helicase 58	DExH-box helicase-58; DHX-58; DHX58
DExH-box helicase 9	DExH-box helicase-9; DHX-9; DHX9
Dexi homolog	DEXI
DGCR8 microprocessor complex subunit	DGCR-8; DGCR8
Diablo IAP-binding mitochondrial protein	DIABLO
Diacylglycerol kinase alpha	DGKA
Diacylglycerol kinase beta	DGKB
Diacylglycerol kinase delta	DGKD
Diacylglycerol kinase epsilon	DGKE
Diacylglycerol kinase eta	DGKH
Diacylglycerol kinase gamma	DGKG
Diacylglycerol kinase iota	DGKI
Diacylglycerol kinase kappa	DGKK
Diacylglycerol kinase theta	DGKQ
Diacylglycerol kinase zeta	DGKZ
Diacylglycerol lipase alpha	DAGLA
Diacylglycerol lipase beta	DAGLB
Diacylglycerol O-acyltransferase 1	DGAT-1; DGAT1; Diacylglycerol O-acyltransferase-1
Diacylglycerol O-acyltransferase 2	DGAT-2; DGAT2; Diacylglycerol O-acyltransferase-2
Diacylglycerol O-acyltransferase 2 like 6	DGAT2L6
Diaphanous related formin 1	DIAPH-1; DIAPH1
Diaphanous related formin 2	DIAPH-2; DIAPH2
Diaphanous related formin 3	DIAPH-3; DIAPH3
Diazepam binding inhibitor, acyl-CoA binding protein	DBI
Dicarbonyl and L-xylulose reductase	DCXR
Dicer 1, ribonuclease III	DICER-1; DICER1
Dickkopf like acrosomal protein 1	DKKL-1; DKKL1
Dickkopf WNT signaling pathway inhibitor 1	DKK-1; DKK1
Dickkopf WNT signaling pathway inhibitor 2	DKK-2; DKK2
Dickkopf WNT signaling pathway inhibitor 3	DKK-3; DKK3
Dickkopf WNT signaling pathway inhibitor 4	DKK-4; DKK4
Diencephalon/mesencephalon homeobox 1	Diencephalon/mesencephalon homeobox-1; DMBX-1; DMBX1
Differentially expressed in FDCP 8 homolog	DEF-8; DEF8
DiGeorge syndrome critical region gene 2	DGCR-2; DGCR2
DiGeorge syndrome critical region gene 6	DGCR-6; DGCR6
DiGeorge syndrome critical region gene 6 like	DGCR6L
Dihydrodiol dehydrogenase	DHDH
Dihydrofolate reductase	DHFR
Dihydrofolate reductase 2	DHFR-2; DHFR2; Dihydrofolate reductase-2
Dihydrolipoamide branched chain transacylase E2	DBT
Dihydrolipoamide dehydrogenase	DLD
Dihydrolipoamide S-acetyltransferase	DLAT
Dihydrolipoamide S-succinyltransferase	DLST
Dihydroorotate dehydrogenase (quinone)	DHODH
Dihydropyrimidinase	DPYS
Dihydropyrimidinase like 2	Dihydropyrimidinase like-2; DPYSL-2; DPYSL2
Dihydropyrimidinase like 3	Dihydropyrimidinase like-3; DPYSL-3; DPYSL3
Dihydropyrimidinase like 4	Dihydropyrimidinase like-4; DPYSL-4; DPYSL4
Dihydropyrimidinase like 5	Dihydropyrimidinase like-5; DPYSL-5; DPYSL5
Dihydropyrimidine dehydrogenase	DPYD
Dihydrouridine synthase 1 like	DUS1L
Dihydrouridine synthase 2	Dihydrouridine synthase-2; DUS-2; DUS2
Dihydrouridine synthase 3 like	DUS3L
Dihydrouridine synthase 4 like	DUS4L
DIM1 rRNA methyltransferase and ribosome maturation factor	DIMT-1; DIMT1
Dimethylarginine dimethylaminohydrolase 1	DDAH-1; DDAH1; Dimethylarginine dimethylaminohydrolase-1
Dimethylarginine dimethylaminohydrolase 2	DDAH-2; DDAH2; Dimethylarginine dimethylaminohydrolase-2
Dimethylglycine dehydrogenase	DMGDH
Dipeptidase 1	Dipeptidase-1; DPEP-1; DPEP1
Dipeptidase 2	Dipeptidase-2; DPEP-2; DPEP2
Dipeptidase 3	Dipeptidase-3; DPEP-3; DPEP3
Dipeptidyl peptidase 3	Dipeptidyl peptidase-3; DPP-3; DPP3
Dipeptidyl peptidase 4	Dipeptidyl peptidase-4; DPP-4; DPP4
Dipeptidyl peptidase 7	Dipeptidyl peptidase-7; DPP-7; DPP7
Dipeptidyl peptidase 8	Dipeptidyl peptidase-8; DPP-8; DPP8
Dipeptidyl peptidase 9	Dipeptidyl peptidase-9; DPP-9; DPP9
Dipeptidyl peptidase like 10	DPP-10; DPP10
Dipeptidyl peptidase like 6	DPP-6; DPP6
Diphosphoinositol pentakisphosphate kinase 1	PPIP5K1
Diphosphoinositol pentakisphosphate kinase 2	PPIP5K2
Diphthamide biosynthesis 1	Diphthamide biosynthesis-1; DPH-1; DPH1
Diphthamide biosynthesis 2	Diphthamide biosynthesis-2; DPH-2; DPH2
Diphthamide biosynthesis 3	Diphthamide biosynthesis-3; DPH-3; DPH3
Diphthamide biosynthesis 5	Diphthamide biosynthesis-5; DPH-5; DPH5
Diphthamide biosynthesis 7	Diphthamide biosynthesis-7; DPH-7; DPH7
Diphthamine biosynthesis 6	Diphthamine biosynthesis-6; DPH-6; DPH6
DIRAS family GTPase 1	DIRAS-1; DIRAS1
DIRAS family GTPase 2	DIRAS-2; DIRAS2
DIRAS family GTPase 3	DIRAS-3; DIRAS3
DIS3 homolog, exosome endoribonuclease and 3'-5' exoribonuclease	DIS-3; DIS3
DIS3 like 3'-5' exoribonuclease 2	DIS3L2
DIS3 like exosome 3'-5' exoribonuclease	DIS3L
DISC1 scaffold protein	DISC-1; DISC1
Disco interacting protein 2 homolog A	DIP2A
Disco interacting protein 2 homolog B	DIP2B
Disco interacting protein 2 homolog C	DIP2C
Discoidin domain receptor tyrosine kinase 1	DDR-1; DDR1
Discoidin domain receptor tyrosine kinase 2	DDR-2; DDR2
Discoidin, CUB and LCCL domain containing 1	DCBLD-1; DCBLD1
Discoidin, CUB and LCCL domain containing 2	DCBLD-2; DCBLD2
Discs large MAGUK scaffold protein 1	DLG-1; DLG1
Discs large MAGUK scaffold protein 2	DLG-2; DLG2
Discs large MAGUK scaffold protein 3	DLG-3; DLG3
Discs large MAGUK scaffold protein 4	DLG-4; DLG4
Discs large MAGUK scaffold protein 5	DLG-5; DLG5
Dishevelled associated activator of morphogenesis 1	DAAM-1; DAAM1
Dishevelled associated activator of morphogenesis 2	DAAM-2; DAAM2
Dishevelled binding antagonist of beta catenin 1	DACT-1; DACT1
Dishevelled binding antagonist of beta catenin 2	DACT-2; DACT2
Dishevelled binding antagonist of beta catenin 3	DACT-3; DACT3
Dishevelled segment polarity protein 1	DVL-1; DVL1
Dishevelled segment polarity protein 2	DVL-2; DVL2
Dishevelled segment polarity protein 3	DVL-3; DVL3
Dispatched RND transporter family member 1	DISP-1; DISP1
Distal membrane arm assembly component 1	DMAC-1; DMAC1
Distal membrane arm assembly component 2	DMAC-2; DMAC2
Distal membrane arm assembly component 2 like	DMAC2L
Distal-less homeobox 1	Distal-less homeobox-1; DLX-1; DLX1
Distal-less homeobox 2	Distal-less homeobox-2; DLX-2; DLX2
Distal-less homeobox 3	Distal-less homeobox-3; DLX-3; DLX3
Distal-less homeobox 4	Distal-less homeobox-4; DLX-4; DLX4
Distal-less homeobox 5	Distal-less homeobox-5; DLX-5; DLX5
Divergent protein kinase domain 1A	DIPK1A
Divergent protein kinase domain 1B	DIPK1B
Divergent protein kinase domain 2A	DIPK2A
DIX domain containing 1	DIXDC-1; DIXDC1
DLC1 Rho GTPase activating protein	DLC-1; DLC1
DLEC1 cilia and flagella associated protein	DLEC-1; DLEC1
DLG associated protein 1	DLGAP-1; DLGAP1
DLG associated protein 2	DLGAP-2; DLGAP2
DLG associated protein 3	DLGAP-3; DLGAP3
DLG associated protein 4	DLGAP-4; DLGAP4
DLG associated protein 5	DLGAP-5; DLGAP5
DM1 locus, WD repeat containing	DMWD
DM1 protein kinase	DMPK
DMRT like family A1	DMRTA-1; DMRTA1
DMRT like family B with proline rich C-terminal 1	DMRTB-1; DMRTB1
Dmx like 1	Dmx like-1; DMXL-1; DMXL1
Dmx like 2	Dmx like-2; DMXL-2; DMXL2
DNA cross-link repair 1A	DCLRE1A
DNA cross-link repair 1B	DCLRE1B
DNA cross-link repair 1C	DCLRE1C
DNA damage inducible 1 homolog 1	DDI-1; DDI1
DNA damage inducible 1 homolog 2	DDI-2; DDI2
DNA damage inducible transcript 3	DDIT-3; DDIT3
DNA damage inducible transcript 4	DDIT-4; DDIT4
DNA damage inducible transcript 4 like	DDIT4L
DNA damage regulated autophagy modulator 1	DRAM-1; DRAM1
DNA damage regulated autophagy modulator 2	DRAM-2; DRAM2
DNA fragmentation factor subunit alpha	DFFA
DNA fragmentation factor subunit beta	DFFB
DNA helicase B	HELB
DNA ligase 1	DNA ligase-1; LIG-1; LIG1
DNA ligase 3	DNA ligase-3; LIG-3; LIG3
DNA ligase 4	DNA ligase-4; LIG-4; LIG4
DNA meiotic recombinase 1	DMC-1; DMC1
DNA methyltransferase 1	DNA methyltransferase-1; DNMT-1; DNMT1
DNA methyltransferase 1 associated protein 1	DMAP-1; DMAP1
DNA methyltransferase 3 alpha	DNMT3A
DNA methyltransferase 3 beta	DNMT3B
DNA methyltransferase 3 like	DNMT3L
DNA nucleotidylexotransferase	DNTT
DNA polymerase alpha 1, catalytic subunit	POLA-1; POLA1
DNA polymerase alpha 2, accessory subunit	POLA-2; POLA2
DNA polymerase beta	POLB
DNA polymerase delta 1, catalytic subunit	POLD-1; POLD1
DNA polymerase delta 2, accessory subunit	POLD-2; POLD2
DNA polymerase delta 3, accessory subunit	POLD-3; POLD3
DNA polymerase delta 4, accessory subunit	POLD-4; POLD4
DNA polymerase delta interacting protein 2	POLDIP-2; POLDIP2
DNA polymerase delta interacting protein 3	POLDIP-3; POLDIP3
DNA polymerase epsilon 2, accessory subunit	POLE-2; POLE2
DNA polymerase epsilon 3, accessory subunit	POLE-3; POLE3
DNA polymerase epsilon 4, accessory subunit	POLE-4; POLE4
DNA polymerase epsilon, catalytic subunit	POLE
DNA polymerase eta	POLH
DNA polymerase gamma 2, accessory subunit	POLG-2; POLG2
DNA polymerase gamma, catalytic subunit	POLG
DNA polymerase iota	POLI
DNA polymerase kappa	POLK
DNA polymerase lambda	POLL
DNA polymerase mu	POLM
DNA polymerase nu	POLN
DNA polymerase theta	POLQ
DNA primase subunit 1	PRIM-1; PRIM1
DNA primase subunit 2	PRIM-2; PRIM2
DNA replication and sister chromatid cohesion 1	DSCC-1; DSCC1
DNA replication fork stabilization factor DONSON	DONSON
DNA replication helicase/nuclease 2	DNA-2; DNA2
DNA topoisomerase I	TOP-1; TOP1
DNA topoisomerase I mitochondrial	TOP1MT
DNA topoisomerase II alpha	TOP2A
DNA topoisomerase II beta	TOP2B
DNA topoisomerase II binding protein 1	TOPBP-1; TOPBP1
DNA topoisomerase III alpha	TOP3A
DNA topoisomerase III beta	TOP3B
DnaJ heat shock protein family (Hsp40) member A1	DNAJA-1; DNAJA1
DnaJ heat shock protein family (Hsp40) member A2	DNAJA-2; DNAJA2
DnaJ heat shock protein family (Hsp40) member A3	DNAJA-3; DNAJA3
DnaJ heat shock protein family (Hsp40) member A4	DNAJA-4; DNAJA4
DnaJ heat shock protein family (Hsp40) member B1	DNAJB-1; DNAJB1
DnaJ heat shock protein family (Hsp40) member B11	DNAJB-11; DNAJB11
DnaJ heat shock protein family (Hsp40) member B12	DNAJB-12; DNAJB12
DnaJ heat shock protein family (Hsp40) member B13	DNAJB-13; DNAJB13
DnaJ heat shock protein family (Hsp40) member B14	DNAJB-14; DNAJB14
DnaJ heat shock protein family (Hsp40) member B2	DNAJB-2; DNAJB2
DnaJ heat shock protein family (Hsp40) member B4	DNAJB-4; DNAJB4
DnaJ heat shock protein family (Hsp40) member B5	DNAJB-5; DNAJB5
DnaJ heat shock protein family (Hsp40) member B6	DNAJB-6; DNAJB6
DnaJ heat shock protein family (Hsp40) member B8	DNAJB-8; DNAJB8
DnaJ heat shock protein family (Hsp40) member B9	DNAJB-9; DNAJB9
DnaJ heat shock protein family (Hsp40) member C1	DNAJC-1; DNAJC1
DnaJ heat shock protein family (Hsp40) member C10	DNAJC-10; DNAJC10
DnaJ heat shock protein family (Hsp40) member C11	DNAJC-11; DNAJC11
DnaJ heat shock protein family (Hsp40) member C12	DNAJC-12; DNAJC12
DnaJ heat shock protein family (Hsp40) member C13	DNAJC-13; DNAJC13
DnaJ heat shock protein family (Hsp40) member C15	DNAJC-15; DNAJC15
DnaJ heat shock protein family (Hsp40) member C17	DNAJC-17; DNAJC17
DnaJ heat shock protein family (Hsp40) member C19	DNAJC-19; DNAJC19
DnaJ heat shock protein family (Hsp40) member C2	DNAJC-2; DNAJC2
DnaJ heat shock protein family (Hsp40) member C21	DNAJC-21; DNAJC21
DnaJ heat shock protein family (Hsp40) member C22	DNAJC-22; DNAJC22
DnaJ heat shock protein family (Hsp40) member C24	DNAJC-24; DNAJC24
DnaJ heat shock protein family (Hsp40) member C25	DNAJC-25; DNAJC25
DnaJ heat shock protein family (Hsp40) member C27	DNAJC-27; DNAJC27
DnaJ heat shock protein family (Hsp40) member C28	DNAJC-28; DNAJC28
DnaJ heat shock protein family (Hsp40) member C3	DNAJC-3; DNAJC3
DnaJ heat shock protein family (Hsp40) member C30	DNAJC-30; DNAJC30
DnaJ heat shock protein family (Hsp40) member C4	DNAJC-4; DNAJC4
DnaJ heat shock protein family (Hsp40) member C5	DNAJC-5; DNAJC5
DnaJ heat shock protein family (Hsp40) member C5 beta	DNAJC5B
DnaJ heat shock protein family (Hsp40) member C6	DNAJC-6; DNAJC6
DnaJ heat shock protein family (Hsp40) member C7	DNAJC-7; DNAJC7
DnaJ heat shock protein family (Hsp40) member C8	DNAJC-8; DNAJC8
DnaJ heat shock protein family (Hsp40) member C9	DNAJC-9; DNAJC9
DND microRNA-mediated repression inhibitor 1	DND-1; DND1
DNL-type zinc finger	DNLZ
Docking protein 1	Docking protein-1; DOK-1; DOK1
Docking protein 2	Docking protein-2; DOK-2; DOK2
Docking protein 3	Docking protein-3; DOK-3; DOK3
Docking protein 4	Docking protein-4; DOK-4; DOK4
Docking protein 5	Docking protein-5; DOK-5; DOK5
Docking protein 6	Docking protein-6; DOK-6; DOK6
Docking protein 7	Docking protein-7; DOK-7; DOK7
Dolichol kinase	DOLK
Dolichyl-diphosphooligosaccharide--protein glycosyltransferase non-catalytic subunit	DDOST
Dolichyl-phosphate mannosyltransferase subunit 1, catalytic	DPM-1; DPM1
Dolichyl-phosphate mannosyltransferase subunit 2, regulatory	DPM-2; DPM2
Dolichyl-phosphate mannosyltransferase subunit 3, regulatory	DPM-3; DPM3
Dolichyl-phosphate N-acetylglucosaminephosphotransferase 1	Dolichyl-phosphate N-acetylglucosaminephosphotransferase-1; DPAGT-1; DPAGT1
DOP1 leucine zipper like protein B	DOP1B
Dopa decarboxylase	DDC
Dopachrome tautomerase	DCT
Dopamine beta-hydroxylase	DBH
Dopamine receptor D1	DRD-1; DRD1
Dopamine receptor D2	DRD-2; DRD2
Dopamine receptor D3	DRD-3; DRD3
Dopamine receptor D4	DRD-4; DRD4
Dopamine receptor D5	DRD-5; DRD5
Dorsal inhibitory axon guidance protein	DRAXIN
DOT1 like histone lysine methyltransferase	DOT1L
Double C2 domain alpha	DOC2A
Double C2 domain beta	DOC2B
Double homeobox 4	Double homeobox-4; DUX-4; DUX4
Double PHD fingers 1	DPF-1; DPF1
Double PHD fingers 2	DPF-2; DPF2
Double PHD fingers 3	DPF-3; DPF3
Double zinc ribbon and ankyrin repeat domains 1	DZANK-1; DZANK1
Doublecortin	DCX
Doublecortin domain containing 1	DCDC-1; DCDC1
Doublecortin domain containing 2	DCDC-2; DCDC2
Doublecortin domain containing 2B	DCDC2B
Doublecortin domain containing 2C	DCDC2C
Doublecortin like kinase 1	DCLK-1; DCLK1
Doublecortin like kinase 2	DCLK-2; DCLK2
Doublesex and mab-3 related transcription factor 1	DMRT-1; DMRT1
Doublesex and mab-3 related transcription factor 2	DMRT-2; DMRT2
Doublesex and mab-3 related transcription factor 3	DMRT-3; DMRT3
Down-regulator of transcription 1	DR-1; DR1
DPEP2 neighbor	DPEP2NB
Dpy-19 like 2	Dpy-19 like-2; DPY19L2
Dpy-19 like 4	Dpy-19 like-4; DPY19L4
Dpy-19 like C-mannosyltransferase 3	DPY19L3
Dpy-30 histone methyltransferase complex regulatory subunit	DPY-30; DPY30
DPY30 domain containing 1	DYDC-1; DYDC1
DPY30 domain containing 2	DYDC-2; DYDC2
DR1 associated protein 1	DRAP-1; DRAP1
Drebrin 1	DBN-1; DBN1; Drebrin-1
Drebrin like	DBNL
Drosha ribonuclease III	DROSHA
DS cell adhesion molecule	DSCAM
DS cell adhesion molecule like 1	DSCAML-1; DSCAML1
DSN1 component of MIS12 kinetochore complex	DSN-1; DSN1
DTW domain containing 1	DTWD-1; DTWD1
DTW domain containing 2	DTWD-2; DTWD2
Dual adaptor of phosphotyrosine and 3-phosphoinositides 1	DAPP-1; DAPP1
Dual oxidase 1	Dual oxidase-1; DUOX-1; DUOX1
Dual oxidase 2	Dual oxidase-2; DUOX-2; DUOX2
Dual oxidase maturation factor 1	DUOXA-1; DUOXA1
Dual oxidase maturation factor 2	DUOXA-2; DUOXA2
Dual serine/threonine and tyrosine protein kinase	DSTYK
Dual specificity phosphatase 1	DUSP-1; DUSP1
Dual specificity phosphatase 10	DUSP-10; DUSP10
Dual specificity phosphatase 11	DUSP-11; DUSP11
Dual specificity phosphatase 12	DUSP-12; DUSP12
Dual specificity phosphatase 13	DUSP-13; DUSP13
Dual specificity phosphatase 14	DUSP-14; DUSP14
Dual specificity phosphatase 15	DUSP-15; DUSP15
Dual specificity phosphatase 16	DUSP-16; DUSP16
Dual specificity phosphatase 18	DUSP-18; DUSP18
Dual specificity phosphatase 19	DUSP-19; DUSP19
Dual specificity phosphatase 2	DUSP-2; DUSP2
Dual specificity phosphatase 21	DUSP-21; DUSP21
Dual specificity phosphatase 22	DUSP-22; DUSP22
Dual specificity phosphatase 23	DUSP-23; DUSP23
Dual specificity phosphatase 26	DUSP-26; DUSP26
Dual specificity phosphatase 28	DUSP-28; DUSP28
Dual specificity phosphatase 29	DUSP-29; DUSP29
Dual specificity phosphatase 3	DUSP-3; DUSP3
Dual specificity phosphatase 4	DUSP-4; DUSP4
Dual specificity phosphatase 5	DUSP-5; DUSP5
Dual specificity phosphatase 6	DUSP-6; DUSP6
Dual specificity phosphatase 7	DUSP-7; DUSP7
Dual specificity phosphatase 8	DUSP-8; DUSP8
Dual specificity phosphatase 9	DUSP-9; DUSP9
Dual specificity tyrosine phosphorylation regulated kinase 1A	DYRK1A
Dual specificity tyrosine phosphorylation regulated kinase 1B	DYRK1B
Dual specificity tyrosine phosphorylation regulated kinase 2	DYRK-2; DYRK2
Dual specificity tyrosine phosphorylation regulated kinase 3	DYRK-3; DYRK3
Dual specificity tyrosine phosphorylation regulated kinase 4	DYRK-4; DYRK4
Dymeclin	DYM
Dynactin associated protein	DYNAP
Dynactin subunit 1	DCTN-1; DCTN1; Dynactin subunit-1
Dynactin subunit 2	DCTN-2; DCTN2; Dynactin subunit-2
Dynactin subunit 3	DCTN-3; DCTN3; Dynactin subunit-3
Dynactin subunit 4	DCTN-4; DCTN4; Dynactin subunit-4
Dynactin subunit 5	DCTN-5; DCTN5; Dynactin subunit-5
Dynactin subunit 6	DCTN-6; DCTN6; Dynactin subunit-6
Dynamin 1	DNM-1; DNM1; Dynamin-1
Dynamin 1 like	DNM1L
Dynamin 2	DNM-2; DNM2; Dynamin-2
Dynamin 3	DNM-3; DNM3; Dynamin-3
Dynamin binding protein	DNMBP
Dynein 2 intermediate chain 1	DYNC2I1
Dynein 2 intermediate chain 2	DYNC2I2
Dynein assembly factor with WD repeats 1	DAW-1; DAW1
Dynein axonemal assembly factor 1	DNAAF-1; DNAAF1
Dynein axonemal assembly factor 10	DNAAF-10; DNAAF10
Dynein axonemal assembly factor 11	DNAAF-11; DNAAF11
Dynein axonemal assembly factor 2	DNAAF-2; DNAAF2
Dynein axonemal assembly factor 3	DNAAF-3; DNAAF3
Dynein axonemal assembly factor 4	DNAAF-4; DNAAF4
Dynein axonemal assembly factor 5	DNAAF-5; DNAAF5
Dynein axonemal assembly factor 6	DNAAF-6; DNAAF6
Dynein axonemal assembly factor 8	DNAAF-8; DNAAF8
Dynein axonemal assembly factor 9	DNAAF-9; DNAAF9
Dynein axonemal heavy chain 1	DNAH-1; DNAH1
Dynein axonemal heavy chain 10	DNAH-10; DNAH10
Dynein axonemal heavy chain 11	DNAH-11; DNAH11
Dynein axonemal heavy chain 17	DNAH-17; DNAH17
Dynein axonemal heavy chain 2	DNAH-2; DNAH2
Dynein axonemal heavy chain 5	DNAH-5; DNAH5
Dynein axonemal heavy chain 7	DNAH-7; DNAH7
Dynein axonemal heavy chain 8	DNAH-8; DNAH8
Dynein axonemal heavy chain 9	DNAH-9; DNAH9
Dynein axonemal intermediate chain 1	DNAI-1; DNAI1
Dynein axonemal intermediate chain 2	DNAI-2; DNAI2
Dynein axonemal intermediate chain 3	DNAI-3; DNAI3
Dynein axonemal intermediate chain 7	DNAI-7; DNAI7
Dynein axonemal light chain 1	DNAL-1; DNAL1
Dynein axonemal light chain 4	DNAL-4; DNAL4
Dynein axonemal light intermediate chain 1	DNALI-1; DNALI1
Dynein cytoplasmic 1 heavy chain 1	DYNC1H1
Dynein cytoplasmic 1 intermediate chain 1	DYNC1I1
Dynein cytoplasmic 1 intermediate chain 2	DYNC1I2
Dynein cytoplasmic 1 light intermediate chain 1	DYNC1LI1
Dynein cytoplasmic 1 light intermediate chain 2	DYNC1LI2
Dynein cytoplasmic 2 heavy chain 1	DYNC2H1
Dynein cytoplasmic 2 light intermediate chain 1	DYNC2LI1
Dynein heavy chain domain 1	DNHD-1; DNHD1
Dynein light chain LC8-type 1	DYNLL-1; DYNLL1
Dynein light chain LC8-type 2	DYNLL-2; DYNLL2
Dynein light chain roadblock-type 1	DYNLRB-1; DYNLRB1
Dynein light chain roadblock-type 2	DYNLRB-2; DYNLRB2
Dynein light chain Tctex-type 1	DYNLT-1; DYNLT1
Dynein light chain Tctex-type 2	DYNLT-2; DYNLT2
Dynein light chain Tctex-type 2B	DYNLT2B
Dynein light chain Tctex-type 3	DYNLT-3; DYNLT3
Dynein light chain Tctex-type 4	DYNLT-4; DYNLT4
Dynein light chain Tctex-type family member 5	DYNLT-5; DYNLT5
Dynein regulatory complex subunit 3	DRC-3; DRC3
Dynein regulatory complex subunit 7	DRC-7; DRC7
Dysbindin domain containing 1	DBNDD-1; DBNDD1
Dysbindin domain containing 2	DBNDD-2; DBNDD2
Dysferlin	DYSF
Dyskerin pseudouridine synthase 1	DKC-1; DKC1
Dystonin	DST
Dystrobrevin alpha	DTNA
Dystrobrevin beta	DTNB
Dystrobrevin binding protein 1	DTNBP-1; DTNBP1
Dystroglycan 1	DAG-1; DAG1; Dystroglycan-1
Dystrophin	DMD
E1A binding protein p300	EP-300; EP300
E1A binding protein p400	EP-400; EP400
E2F associated phosphoprotein	EAPP
E2F transcription factor 1	E2F1
E2F transcription factor 2	E2F2
E2F transcription factor 3	E2F3
E2F transcription factor 4	E2F4
E2F transcription factor 5	E2F5
E2F transcription factor 6	E2F6
E2F transcription factor 7	E2F7
E2F transcription factor 8	E2F8
E4F transcription factor 1	E4F1
E74 like ETS transcription factor 1	ELF-1; ELF1
E74 like ETS transcription factor 2	ELF-2; ELF2
E74 like ETS transcription factor 3	ELF-3; ELF3
E74 like ETS transcription factor 4	ELF-4; ELF4
E74 like ETS transcription factor 5	ELF-5; ELF5
Early endosome antigen 1	EEA-1; EEA1
Early growth response 1	EGR-1; EGR1
Early growth response 2	EGR-2; EGR2
Early growth response 4	EGR-4; EGR4
EARP complex and GARP complex interacting protein 1	EIPR-1; EIPR1
EBF family member 4	EBF-4; EBF4
EBF transcription factor 1	EBF-1; EBF1
EBF transcription factor 2	EBF-2; EBF2
EBF transcription factor 3	EBF-3; EBF3
EBNA1 binding protein 2	EBNA1BP2
EBP cholestenol delta-isomerase	EBP
EBP like	EBPL
Ecdysoneless cell cycle regulator	ECD
Ecm29 proteasome adaptor and scaffold	ECPAS
Ecotropic viral integration site 2A	EVI2A
Ecotropic viral integration site 2B	EVI2B
Ecotropic viral integration site 5	EVI-5; EVI5
Ecotropic viral integration site 5 like	EVI5L
ECRG4 augurin precursor	ECRG-4; ECRG4
ECSIT signaling integrator	ECSIT
Ecto-NOX disulfide-thiol exchanger 1	ENOX-1; ENOX1
Ecto-NOX disulfide-thiol exchanger 2	ENOX-2; ENOX2
Ectodermal-neural cortex 1	Ectodermal-neural cortex-1; ENC-1; ENC1
Ectodysplasin A	EDA
Ectodysplasin A receptor	EDAR
Ectodysplasin A2 receptor	EDA2R
Ectonucleoside triphosphate diphosphohydrolase 1	ENTPD-1; ENTPD1
Ectonucleoside triphosphate diphosphohydrolase 2	ENTPD-2; ENTPD2
Ectonucleoside triphosphate diphosphohydrolase 3	ENTPD-3; ENTPD3
Ectonucleoside triphosphate diphosphohydrolase 4	ENTPD-4; ENTPD4
Ectonucleoside triphosphate diphosphohydrolase 5 (inactive)	ENTPD-5; ENTPD5
Ectonucleoside triphosphate diphosphohydrolase 6	ENTPD-6; ENTPD6
Ectonucleoside triphosphate diphosphohydrolase 8	ENTPD-8; ENTPD8
Ectonucleotide pyrophosphatase/phosphodiesterase 1	Ectonucleotide pyrophosphatase/phosphodiesterase-1; ENPP-1; ENPP1
Ectonucleotide pyrophosphatase/phosphodiesterase 2	Ectonucleotide pyrophosphatase/phosphodiesterase-2; ENPP-2; ENPP2
Ectonucleotide pyrophosphatase/phosphodiesterase 3	Ectonucleotide pyrophosphatase/phosphodiesterase-3; ENPP-3; ENPP3
Ectonucleotide pyrophosphatase/phosphodiesterase 4	Ectonucleotide pyrophosphatase/phosphodiesterase-4; ENPP-4; ENPP4
Ectonucleotide pyrophosphatase/phosphodiesterase 6	Ectonucleotide pyrophosphatase/phosphodiesterase-6; ENPP-6; ENPP6
Ectonucleotide pyrophosphatase/phosphodiesterase 7	Ectonucleotide pyrophosphatase/phosphodiesterase-7; ENPP-7; ENPP7
Ectonucleotide pyrophosphatase/phosphodiesterase family member 5	ENPP-5; ENPP5
Ectopic P-granules 5 autophagy tethering factor	EPG-5; EPG5
EDAR associated death domain	EDARADD
EEF1A lysine methyltransferase 1	EEF1AKMT1
EEF1A lysine methyltransferase 2	EEF1AKMT2
EEF1A lysine methyltransferase 3	EEF1AKMT3
EEF1A lysine methyltransferase 4	EEF1AKMT4
EEF1AKMT4-ECE2 readthrough	EEF1AKMT4-ECE2
EF-hand calcium binding domain 11	EFCAB-11; EFCAB11
EF-hand calcium binding domain 12	EFCAB-12; EFCAB12
EF-hand calcium binding domain 14	EFCAB-14; EFCAB14
EF-hand calcium binding domain 2	EFCAB-2; EFCAB2
EF-hand calcium binding domain 3	EFCAB-3; EFCAB3
EF-hand calcium binding domain 5	EFCAB-5; EFCAB5
EF-hand calcium binding domain 6	EFCAB-6; EFCAB6
EF-hand calcium binding domain 7	EFCAB-7; EFCAB7
EF-hand domain containing 1	EFHC-1; EFHC1
EF-hand domain containing 2	EFHC-2; EFHC2
EF-hand domain family member B	EFHB
EF-hand domain family member D1	EFHD-1; EFHD1
EF-hand domain family member D2	EFHD-2; EFHD2
EFR3 homolog A	EFR3A
EFR3 homolog B	EFR3B
EGF containing fibulin extracellular matrix protein 1	EFEMP-1; EFEMP1
EGF containing fibulin extracellular matrix protein 2	EFEMP-2; EFEMP2
EGF domain specific O-linked N-acetylglucosamine transferase	EOGT
EGF like domain multiple 6	EGFL-6; EGFL6
EGF like domain multiple 7	EGFL-7; EGFL7
EGF like domain multiple 8	EGFL-8; EGFL8
EGF like repeats and discoidin domains 3	EDIL-3; EDIL3
EGF like, fibronectin type III and laminin G domains	EGFLAM
Egl-9 family hypoxia inducible factor 1	EGLN-1; EGLN1
Egl-9 family hypoxia inducible factor 2	EGLN-2; EGLN2
Egl-9 family hypoxia inducible factor 3	EGLN-3; EGLN3
EH domain binding protein 1	EHBP-1; EHBP1
EH domain binding protein 1 like 1	EHBP1L1
EH domain containing 1	EHD-1; EHD1
EH domain containing 2	EHD-2; EHD2
EH domain containing 3	EHD-3; EHD3
EH domain containing 4	EHD-4; EHD4
EI24 autophagy associated transmembrane protein	EI-24; EI24
ElaC ribonuclease Z 1	ELAC-1; ELAC1
ElaC ribonuclease Z 2	ELAC-2; ELAC2
Elastase, neutrophil expressed	ELANE
Elastin	ELN
Elastin microfibril interfacer 1	EMILIN-1; EMILIN1
Elastin microfibril interfacer 2	EMILIN-2; EMILIN2
Elastin microfibril interfacer 3	EMILIN-3; EMILIN3
ELAV like RNA binding protein 1	ELAVL-1; ELAVL1
ELAV like RNA binding protein 2	ELAVL-2; ELAVL2
ELAV like RNA binding protein 4	ELAVL-4; ELAVL4
Electron transfer flavoprotein dehydrogenase	ETFDH
Electron transfer flavoprotein regulatory factor 1	ETFRF-1; ETFRF1
Electron transfer flavoprotein subunit alpha	ETFA
Electron transfer flavoprotein subunit beta	ETFB
Electron transfer flavoprotein subunit beta lysine methyltransferase	ETFBKMT
ELKS/RAB6-interacting/CAST family member 1	ERC-1; ERC1
ELKS/RAB6-interacting/CAST family member 2	ERC-2; ERC2
ELL associated factor 1	EAF-1; EAF1
ELL associated factor 2	EAF-2; EAF2
ELMO domain containing 2	ELMOD-2; ELMOD2
ELMO domain containing 3	ELMOD-3; ELMOD3
Elongation factor 1	ELOF-1; ELOF1; Elongation factor-1
Elongation factor for RNA polymerase II	ELL
Elongation factor for RNA polymerase II 2	ELL-2; ELL2
Elongation factor for RNA polymerase II 3	ELL-3; ELL3
Elongation factor like GTPase 1	EFL-1; EFL1
Elongation factor Tu GTP binding domain containing 2	EFTUD-2; EFTUD2
Elongator acetyltransferase complex subunit 1	ELP-1; ELP1
Elongator acetyltransferase complex subunit 2	ELP-2; ELP2
Elongator acetyltransferase complex subunit 3	ELP-3; ELP3
Elongator acetyltransferase complex subunit 4	ELP-4; ELP4
Elongator acetyltransferase complex subunit 5	ELP-5; ELP5
Elongator acetyltransferase complex subunit 6	ELP-6; ELP6
Elongin A	ELOA
Elongin A2	ELOA-2; ELOA2
Elongin B	ELOB
Elongin BC and polycomb repressive complex 2 associated protein	EPOP
Elongin C	ELOC
ELOVL fatty acid elongase 1	ELOVL-1; ELOVL1
ELOVL fatty acid elongase 2	ELOVL-2; ELOVL2
ELOVL fatty acid elongase 3	ELOVL-3; ELOVL3
ELOVL fatty acid elongase 4	ELOVL-4; ELOVL4
ELOVL fatty acid elongase 5	ELOVL-5; ELOVL5
ELOVL fatty acid elongase 6	ELOVL-6; ELOVL6
ELOVL fatty acid elongase 7	ELOVL-7; ELOVL7
EMAP like 1	EMAP like-1; EML-1; EML1
EMAP like 2	EMAP like-2; EML-2; EML2
EMAP like 3	EMAP like-3; EML-3; EML3
EMAP like 4	EMAP like-4; EML-4; EML4
Embigin	EMB
Embryonal Fyn-associated substrate	EFS
Embryonic ectoderm development	EED
Emerin	EMD
EMG1 N1-specific pseudouridine methyltransferase	EMG-1; EMG1
Empty spiracles homeobox 1	EMX-1; EMX1
Empty spiracles homeobox 2	EMX-2; EMX2
EMSY transcriptional repressor, BRCA2 interacting	EMSY
ENAH actin regulator	ENAH
Enah/Vasp-like	EVL
Enamelin	ENAM
Endo-beta-N-acetylglucosaminidase	ENGASE
Endogenous retrovirus group 48 member 1	ERVH48-1
Endogenous retrovirus group FRD member 1, envelope	ERVFRD-1
Endogenous retrovirus group MER34 member 1, envelope	ERVMER34-1
Endogenous retrovirus group W member 1, envelope	ERVW-1
Endoglin	ENG
Endomucin	EMCN
Endonuclease domain containing 1	ENDOD-1; ENDOD1
Endonuclease G	ENDOG
Endonuclease V	ENDOV
Endonuclease, poly(U) specific	ENDOU
Endonuclease/exonuclease/phosphatase family domain containing 1	EEPD-1; EEPD1
Endoplasmic reticulum aminopeptidase 1	ERAP-1; ERAP1
Endoplasmic reticulum aminopeptidase 2	ERAP-2; ERAP2
Endoplasmic reticulum lectin 1	ERLEC-1; ERLEC1
Endoplasmic reticulum metallopeptidase 1	ERMP-1; ERMP1
Endoplasmic reticulum oxidoreductase 1 alpha	ERO1A
Endoplasmic reticulum oxidoreductase 1 beta	ERO1B
Endoplasmic reticulum protein 27	ERP-27; ERP27
Endoplasmic reticulum protein 29	ERP-29; ERP29
Endoplasmic reticulum protein 44	ERP-44; ERP44
Endoplasmic reticulum to nucleus signaling 1	ERN-1; ERN1
Endoplasmic reticulum to nucleus signaling 2	ERN-2; ERN2
Endoplasmic reticulum-golgi intermediate compartment 1	ERGIC-1; ERGIC1
Endosomal transmembrane epsin interactor 1	ENTREP-1; ENTREP1
Endosomal transmembrane epsin interactor 3	ENTREP-3; ENTREP3
Endosome associated trafficking regulator 1	ENTR-1; ENTR1
Endosome-lysosome associated apoptosis and autophagy regulator 1	ELAPOR-1; ELAPOR1
Endosome-lysosome associated apoptosis and autophagy regulator family member 2	ELAPOR-2; ELAPOR2
Endosulfine alpha	ENSA
Endothelial cell adhesion molecule	ESAM
Endothelial cell specific molecule 1	ESM-1; ESM1
Endothelial cell surface expressed chemotaxis and apoptosis regulator	ECSCR
Endothelial differentiation related factor 1	EDF-1; EDF1
Endothelial PAS domain protein 1	EPAS-1; EPAS1
Endothelin 1	EDN-1; EDN1; Endothelin-1
Endothelin 2	EDN-2; EDN2; Endothelin-2
Endothelin 3	EDN-3; EDN3; Endothelin-3
Endothelin converting enzyme 1	ECE-1; ECE1
Endothelin converting enzyme 2	ECE-2; ECE2
Endothelin converting enzyme like 1	ECEL-1; ECEL1
Endothelin receptor type A	EDNRA
Endothelin receptor type B	EDNRB
Endothelium and lymphocyte associated ASCH domain 1	EOLA-1; EOLA1
Engulfment and cell motility 1	ELMO-1; ELMO1
Engulfment and cell motility 2	ELMO-2; ELMO2
Engulfment and cell motility 3	ELMO-3; ELMO3
Enhancer of mRNA decapping 3	EDC-3; EDC3
Enhancer of mRNA decapping 4	EDC-4; EDC4
Enhancer of polycomb homolog 1	EPC-1; EPC1
Enhancer of polycomb homolog 2	EPC-2; EPC2
Enhancer of zeste 1 polycomb repressive complex 2 subunit	EZH-1; EZH1
Enhancer of zeste 2 polycomb repressive complex 2 subunit	EZH-2; EZH2
Enkurin domain containing 1	ENKD-1; ENKD1
Enkurin, TRPC channel interacting protein	ENKUR
Enolase 1	ENO-1; ENO1; Enolase-1
Enolase 2	ENO-2; ENO2; Enolase-2
Enolase 3	ENO-3; ENO3; Enolase-3
Enolase superfamily member 1	ENOSF-1; ENOSF1
Enolase-phosphatase 1	Enolase-phosphatase-1; ENOPH-1; ENOPH1
Enoyl-CoA delta isomerase 1	ECI-1; ECI1
Enoyl-CoA delta isomerase 2	ECI-2; ECI2
Enoyl-CoA hydratase 1	ECH-1; ECH1; Enoyl-CoA hydratase-1
Enoyl-CoA hydratase and 3-hydroxyacyl CoA dehydrogenase	EHHADH
Enoyl-CoA hydratase domain containing 2	ECHDC-2; ECHDC2
Enoyl-CoA hydratase domain containing 3	ECHDC-3; ECHDC3
Enoyl-CoA hydratase, short chain 1	ECHS-1; ECHS1
ENSG00000277400	ENSG-00000277400; ENSG00000277400
ENTH domain containing 1	ENTHD-1; ENTHD1
Envoplakin	EVPL
ENY2 transcription and export complex 2 subunit	ENY-2; ENY2
Eomesodermin	EOMES
Eosinophil peroxidase	EPX
EP300 interacting inhibitor of differentiation 1	EID-1; EID1
EP300 interacting inhibitor of differentiation 2	EID-2; EID2
EP300 interacting inhibitor of differentiation 2B	EID2B
EP300 interacting inhibitor of differentiation 3	EID-3; EID3
Ependymin related 1	EPDR-1; EPDR1; Ependymin related-1
EPH receptor A1	EPHA-1; EPHA1
EPH receptor A10	EPHA-10; EPHA10
EPH receptor A2	EPHA-2; EPHA2
EPH receptor A3	EPHA-3; EPHA3
EPH receptor A4	EPHA-4; EPHA4
EPH receptor A5	EPHA-5; EPHA5
EPH receptor A6	EPHA-6; EPHA6
EPH receptor A7	EPHA-7; EPHA7
EPH receptor A8	EPHA-8; EPHA8
EPH receptor B1	EPHB-1; EPHB1
EPH receptor B2	EPHB-2; EPHB2
EPH receptor B3	EPHB-3; EPHB3
EPH receptor B4	EPHB-4; EPHB4
Ephrin A1	EFNA-1; EFNA1
Ephrin A2	EFNA-2; EFNA2
Ephrin A3	EFNA-3; EFNA3
Ephrin A4	EFNA-4; EFNA4
Ephrin A5	EFNA-5; EFNA5
Ephrin B1	EFNB-1; EFNB1
Ephrin B2	EFNB-2; EFNB2
Ephrin B3	EFNB-3; EFNB3
Epidermal growth factor	EGF
Epidermal growth factor receptor	EGFR
Epidermal growth factor receptor pathway substrate 15	EPS-15; EPS15
Epidermal growth factor receptor pathway substrate 15 like 1	EPS15L1
Epidermal growth factor receptor pathway substrate 8	EPS-8; EPS8
Epididymal peptidase inhibitor	EPPIN
Epididymal protein 3A	EDDM3A
Epididymal protein 3B	EDDM3B
Epididymal sperm binding protein 1	ELSPBP-1; ELSPBP1
Epiplakin 1	Epiplakin-1; EPPK-1; EPPK1
Epiregulin	EREG
Epithelial cell adhesion molecule	EPCAM
Epithelial cell transforming 2	ECT-2; ECT2
Epithelial membrane protein 1	EMP-1; EMP1
Epithelial membrane protein 2	EMP-2; EMP2
Epithelial membrane protein 3	EMP-3; EMP3
Epithelial mitogen	EPGN
Epithelial splicing regulatory protein 1	ESRP-1; ESRP1
Epithelial splicing regulatory protein 2	ESRP-2; ESRP2
Epithelial stromal interaction 1	EPSTI-1; EPSTI1
EPM2A glucan phosphatase, laforin	EPM2A
EPM2A interacting protein 1	EPM2AIP1
Epoxide hydrolase 1	EPHX-1; EPHX1; Epoxide hydrolase-1
Epoxide hydrolase 2	EPHX-2; EPHX2; Epoxide hydrolase-2
Epoxide hydrolase 3	EPHX-3; EPHX3; Epoxide hydrolase-3
Epoxide hydrolase 4	EPHX-4; EPHX4; Epoxide hydrolase-4
EPPIN-WFDC6 readthrough	EPPIN-WFDC6
EPS8 like 1	EPS8 like-1; EPS8L1
EPS8 like 2	EPS8 like-2; EPS8L2
EPS8 like 3	EPS8 like-3; EPS8L3
Epsin 1	EPN-1; EPN1; Epsin-1
Epsin 2	EPN-2; EPN2; Epsin-2
Epstein-Barr virus induced 3	EBI-3; EBI3
ER degradation enhancing alpha-mannosidase like protein 1	EDEM-1; EDEM1
ER degradation enhancing alpha-mannosidase like protein 2	EDEM-2; EDEM2
ER degradation enhancing alpha-mannosidase like protein 3	EDEM-3; EDEM3
ER lipid raft associated 1	ERLIN-1; ERLIN1
ER lipid raft associated 2	ERLIN-2; ERLIN2
ER membrane associated RNA degradation	ERMARD
ER membrane protein complex subunit 1	EMC-1; EMC1
ER membrane protein complex subunit 10	EMC-10; EMC10
ER membrane protein complex subunit 2	EMC-2; EMC2
ER membrane protein complex subunit 3	EMC-3; EMC3
ER membrane protein complex subunit 4	EMC-4; EMC4
ER membrane protein complex subunit 6	EMC-6; EMC6
ER membrane protein complex subunit 7	EMC-7; EMC7
ER membrane protein complex subunit 8	EMC-8; EMC8
ER membrane protein complex subunit 9	EMC-9; EMC9
Era like 12S mitochondrial rRNA chaperone 1	ERAL-1; ERAL1
Erb-b2 receptor tyrosine kinase 2	ERBB-2; ERBB2
Erb-b2 receptor tyrosine kinase 3	ERBB-3; ERBB3
Erb-b2 receptor tyrosine kinase 4	ERBB-4; ERBB4
ERBB receptor feedback inhibitor 1	ERRFI-1; ERRFI1
Erbb2 interacting protein	ERBIN
ERCC excision repair 1, endonuclease non-catalytic subunit	ERCC-1; ERCC1
ERCC excision repair 2, TFIIH core complex helicase subunit	ERCC-2; ERCC2
ERCC excision repair 3, TFIIH core complex helicase subunit	ERCC-3; ERCC3
ERCC excision repair 4, endonuclease catalytic subunit	ERCC-4; ERCC4
ERCC excision repair 5, endonuclease	ERCC-5; ERCC5
ERCC excision repair 6 like 2	ERCC6L2
ERCC excision repair 6 like, spindle assembly checkpoint helicase	ERCC6L
ERCC excision repair 6, chromatin remodeling factor	ERCC-6; ERCC6
ERCC excision repair 8, CSA ubiquitin ligase complex subunit	ERCC-8; ERCC8
ERGIC and golgi 2	ERGIC-2; ERGIC2
ERGIC and golgi 3	ERGIC-3; ERGIC3
Ergosterol biosynthesis 28 homolog	ERG-28; ERG28
ERH mRNA splicing and mitosis factor	ERH
ERI1 exoribonuclease family member 2	ERI-2; ERI2
ERI1 exoribonuclease family member 3	ERI-3; ERI3
Ermin	ERMN
Erythroblast membrane associated protein (Scianna blood group)	ERMAP
Erythrocyte membrane protein band 4.1	EPB-41; EPB41
Erythrocyte membrane protein band 4.1 like 1	EPB41L1
Erythrocyte membrane protein band 4.1 like 2	EPB41L2
Erythrocyte membrane protein band 4.1 like 3	EPB41L3
Erythrocyte membrane protein band 4.1 like 4A	EPB41L4A
Erythrocyte membrane protein band 4.1 like 5	EPB41L5
Erythrocyte membrane protein band 4.2	EPB-42; EPB42
Erythroid differentiation regulatory factor 1	EDRF-1; EDRF1
Erythropoietin	EPO
Erythropoietin receptor	EPOR
ES cell expressed Ras	ERAS
ESF1 nucleolar pre-rRNA processing protein homolog	ESF-1; ESF1
Espin	ESPN
Espin like	ESPNL
Ess-2 splicing factor homolog	ESS-2; ESS2
Essential meiotic structure-specific endonuclease 1	EME-1; EME1
Essential meiotic structure-specific endonuclease subunit 2	EME-2; EME2
Establishment of sister chromatid cohesion N-acetyltransferase 1	ESCO-1; ESCO1
Establishment of sister chromatid cohesion N-acetyltransferase 2	ESCO-2; ESCO2
Esterase D	ESD
Estrogen receptor 1	ESR-1; ESR1; Estrogen receptor-1
Estrogen receptor 2	ESR-2; ESR2; Estrogen receptor-2
Estrogen receptor binding site associated antigen 9	EBAG-9; EBAG9
Estrogen related receptor alpha	ESRRA
Estrogen related receptor beta	ESRRB
Estrogen related receptor gamma	ESRRG
ESX homeobox 1	ESX homeobox-1; ESX-1; ESX1
ETAA1 activator of ATR kinase	ETAA-1; ETAA1
Ethanolamine kinase 1	Ethanolamine kinase-1; ETNK-1; ETNK1
Ethanolamine kinase 2	Ethanolamine kinase-2; ETNK-2; ETNK2
Ethanolamine-phosphate phospho-lyase	ETNPPL
ETHE1 persulfide dioxygenase	ETHE-1; ETHE1
Ethylmalonyl-CoA decarboxylase 1	ECHDC-1; ECHDC1; Ethylmalonyl-CoA decarboxylase-1
ETS proto-oncogene 1, transcription factor	ETS-1; ETS1
ETS proto-oncogene 2, transcription factor	ETS-2; ETS2
ETS transcription factor ELK1	ELK-1; ELK1
ETS transcription factor ELK3	ELK-3; ELK3
ETS transcription factor ELK4	ELK-4; ELK4
ETS transcription factor ERG	ERG
ETS variant transcription factor 1	ETV-1; ETV1
ETS variant transcription factor 3	ETV-3; ETV3
ETS variant transcription factor 3 like	ETV3L
ETS variant transcription factor 4	ETV-4; ETV4
ETS variant transcription factor 5	ETV-5; ETV5
ETS variant transcription factor 6	ETV-6; ETV6
ETS variant transcription factor 7	ETV-7; ETV7
ETS2 repressor factor	ERF
Euchromatic histone lysine methyltransferase 1	EHMT-1; EHMT1
Euchromatic histone lysine methyltransferase 2	EHMT-2; EHMT2
Eukaryotic elongation factor 2 kinase	EEF2K
Eukaryotic elongation factor 2 lysine methyltransferase	EEF2KMT
Eukaryotic elongation factor, selenocysteine-tRNA specific	EEFSEC
Eukaryotic translation elongation factor 1 alpha 1	EEF1A1
Eukaryotic translation elongation factor 1 alpha 2	EEF1A2
Eukaryotic translation elongation factor 1 beta 2	EEF1B2
Eukaryotic translation elongation factor 1 delta	EEF1D
Eukaryotic translation elongation factor 1 epsilon 1	EEF1E1
Eukaryotic translation elongation factor 1 gamma	EEF1G
Eukaryotic translation elongation factor 2	EEF-2; EEF2
Eukaryotic translation initiation factor 1	EIF-1; EIF1
Eukaryotic translation initiation factor 1A domain containing	EIF1AD
Eukaryotic translation initiation factor 1A X-linked	EIF1AX
Eukaryotic translation initiation factor 1A Y-linked	EIF1AY
Eukaryotic translation initiation factor 1B	EIF1B
Eukaryotic translation initiation factor 2 alpha kinase 1	EIF2AK1
Eukaryotic translation initiation factor 2 alpha kinase 2	EIF2AK2
Eukaryotic translation initiation factor 2 alpha kinase 3	EIF2AK3
Eukaryotic translation initiation factor 2 alpha kinase 4	EIF2AK4
Eukaryotic translation initiation factor 2 subunit alpha	EIF2S1
Eukaryotic translation initiation factor 2 subunit beta	EIF2S2
Eukaryotic translation initiation factor 2 subunit gamma	EIF2S3
Eukaryotic translation initiation factor 2A	EIF2A
Eukaryotic translation initiation factor 2B subunit alpha	EIF2B1
Eukaryotic translation initiation factor 2B subunit beta	EIF2B2
Eukaryotic translation initiation factor 2B subunit delta	EIF2B4
Eukaryotic translation initiation factor 2B subunit epsilon	EIF2B5
Eukaryotic translation initiation factor 2B subunit gamma	EIF2B3
Eukaryotic translation initiation factor 2D	EIF2D
Eukaryotic translation initiation factor 3 subunit A	EIF3A
Eukaryotic translation initiation factor 3 subunit B	EIF3B
Eukaryotic translation initiation factor 3 subunit C	EIF3C
Eukaryotic translation initiation factor 3 subunit C like	EIF3CL
Eukaryotic translation initiation factor 3 subunit D	EIF3D
Eukaryotic translation initiation factor 3 subunit E	EIF3E
Eukaryotic translation initiation factor 3 subunit F	EIF3F
Eukaryotic translation initiation factor 3 subunit G	EIF3G
Eukaryotic translation initiation factor 3 subunit H	EIF3H
Eukaryotic translation initiation factor 3 subunit I	EIF3I
Eukaryotic translation initiation factor 3 subunit J	EIF3J
Eukaryotic translation initiation factor 3 subunit K	EIF3K
Eukaryotic translation initiation factor 3 subunit L	EIF3L
Eukaryotic translation initiation factor 3 subunit M	EIF3M
Eukaryotic translation initiation factor 4 gamma 1	EIF4G1
Eukaryotic translation initiation factor 4 gamma 2	EIF4G2
Eukaryotic translation initiation factor 4 gamma 3	EIF4G3
Eukaryotic translation initiation factor 4A1	EIF4A1
Eukaryotic translation initiation factor 4A2	EIF4A2
Eukaryotic translation initiation factor 4A3	EIF4A3
Eukaryotic translation initiation factor 4B	EIF4B
Eukaryotic translation initiation factor 4E	EIF4E
Eukaryotic translation initiation factor 4E binding protein 1	EIF4EBP1
Eukaryotic translation initiation factor 4E binding protein 2	EIF4EBP2
Eukaryotic translation initiation factor 4E binding protein 3	EIF4EBP3
Eukaryotic translation initiation factor 4E family member 1B	EIF4E1B
Eukaryotic translation initiation factor 4E family member 2	EIF4E2
Eukaryotic translation initiation factor 4E family member 3	EIF4E3
Eukaryotic translation initiation factor 4E nuclear import factor 1	EIF4ENIF1
Eukaryotic translation initiation factor 4H	EIF4H
Eukaryotic translation initiation factor 5	EIF-5; EIF5
Eukaryotic translation initiation factor 5A	EIF5A
Eukaryotic translation initiation factor 5A2	EIF5A2
Eukaryotic translation initiation factor 5B	EIF5B
Eukaryotic translation initiation factor 6	EIF-6; EIF6
Eukaryotic translation termination factor 1	ETF-1; ETF1
Eva-1 homolog A, regulator of programmed cell death	EVA1A
Eva-1 homolog B	EVA1B
EvC ciliary complex subunit 1	EVC
EvC ciliary complex subunit 2	EVC-2; EVC2
Even-skipped homeobox 2	Even-skipped homeobox-2; EVX-2; EVX2
EWS RNA binding protein 1	EWSR-1; EWSR1
Exo/endonuclease G	EXOG
Exocyst complex component 1	EXOC-1; EXOC1
Exocyst complex component 2	EXOC-2; EXOC2
Exocyst complex component 3	EXOC-3; EXOC3
Exocyst complex component 3 like 1	EXOC3L1
Exocyst complex component 3 like 4	EXOC3L4
Exocyst complex component 4	EXOC-4; EXOC4
Exocyst complex component 5	EXOC-5; EXOC5
Exocyst complex component 6	EXOC-6; EXOC6
Exocyst complex component 6B	EXOC6B
Exocyst complex component 7	EXOC-7; EXOC7
Exocyst complex component 8	EXOC-8; EXOC8
Exonuclease 1	EXO-1; EXO1; Exonuclease-1
Exonuclease 3'-5' domain containing 1	EXD-1; EXD1
Exonuclease 3'-5' domain containing 2	EXD-2; EXD2
Exonuclease 3'-5' domain containing 3	EXD-3; EXD3
Exonuclease 5	EXO-5; EXO5; Exonuclease-5
Exophilin 5	Exophilin-5; EXPH-5; EXPH5
Exoribonuclease 1	ERI-1; ERI1; Exoribonuclease-1
Exosome component 1	EXOSC-1; EXOSC1; Exosome component-1
Exosome component 10	EXOSC-10; EXOSC10; Exosome component-10
Exosome component 2	EXOSC-2; EXOSC2; Exosome component-2
Exosome component 3	EXOSC-3; EXOSC3; Exosome component-3
Exosome component 4	EXOSC-4; EXOSC4; Exosome component-4
Exosome component 5	EXOSC-5; EXOSC5; Exosome component-5
Exosome component 6	EXOSC-6; EXOSC6; Exosome component-6
Exosome component 7	EXOSC-7; EXOSC7; Exosome component-7
Exosome component 8	EXOSC-8; EXOSC8; Exosome component-8
Exosome component 9	EXOSC-9; EXOSC9; Exosome component-9
Exostosin glycosyltransferase 1	Exostosin glycosyltransferase-1; EXT-1; EXT1
Exostosin glycosyltransferase 2	Exostosin glycosyltransferase-2; EXT-2; EXT2
Exostosin like glycosyltransferase 1	EXTL-1; EXTL1
Exostosin like glycosyltransferase 2	EXTL-2; EXTL2
Exostosin like glycosyltransferase 3	EXTL-3; EXTL3
Exportin 1	Exportin-1; XPO-1; XPO1
Exportin 4	Exportin-4; XPO-4; XPO4
Exportin 5	Exportin-5; XPO-5; XPO5
Exportin 6	Exportin-6; XPO-6; XPO6
Exportin 7	Exportin-7; XPO-7; XPO7
Exportin for tRNA	XPOT
Extended synaptotagmin 1	ESYT-1; ESYT1; Extended synaptotagmin-1
Extended synaptotagmin 2	ESYT-2; ESYT2; Extended synaptotagmin-2
Extended synaptotagmin 3	ESYT-3; ESYT3; Extended synaptotagmin-3
Extra spindle pole bodies like 1, separase	ESPL-1; ESPL1
Extracellular leucine rich repeat and fibronectin type III domain containing 1	ELFN-1; ELFN1
Extracellular leucine rich repeat and fibronectin type III domain containing 2	ELFN-2; ELFN2
Extracellular matrix protein 1	ECM-1; ECM1
EYA transcriptional coactivator and phosphatase 1	EYA-1; EYA1
EYA transcriptional coactivator and phosphatase 2	EYA-2; EYA2
EYA transcriptional coactivator and phosphatase 3	EYA-3; EYA3
EYA transcriptional coactivator and phosphatase 4	EYA-4; EYA4
Eyes shut homolog	EYS
EZH inhibitory protein	EZHIP
Ezrin	EZR
F-box and leucine rich repeat protein 12	FBXL-12; FBXL12
F-box and leucine rich repeat protein 14	FBXL-14; FBXL14
F-box and leucine rich repeat protein 15	FBXL-15; FBXL15
F-box and leucine rich repeat protein 17	FBXL-17; FBXL17
F-box and leucine rich repeat protein 18	FBXL-18; FBXL18
F-box and leucine rich repeat protein 19	FBXL-19; FBXL19
F-box and leucine rich repeat protein 2	FBXL-2; FBXL2
F-box and leucine rich repeat protein 20	FBXL-20; FBXL20
F-box and leucine rich repeat protein 22	FBXL-22; FBXL22
F-box and leucine rich repeat protein 3	FBXL-3; FBXL3
F-box and leucine rich repeat protein 4	FBXL-4; FBXL4
F-box and leucine rich repeat protein 5	FBXL-5; FBXL5
F-box and leucine rich repeat protein 7	FBXL-7; FBXL7
F-box and leucine rich repeat protein 8	FBXL-8; FBXL8
F-box and WD repeat domain containing 11	FBXW-11; FBXW11
F-box and WD repeat domain containing 2	FBXW-2; FBXW2
F-box and WD repeat domain containing 4	FBXW-4; FBXW4
F-box and WD repeat domain containing 5	FBXW-5; FBXW5
F-box and WD repeat domain containing 7	FBXW-7; FBXW7
F-box and WD repeat domain containing 8	FBXW-8; FBXW8
F-box and WD repeat domain containing 9	FBXW-9; FBXW9
F-box DNA helicase 1	FBH-1; FBH1
F-box protein 10	F-box protein-10; FBXO-10; FBXO10
F-box protein 11	F-box protein-11; FBXO-11; FBXO11
F-box protein 15	F-box protein-15; FBXO-15; FBXO15
F-box protein 16	F-box protein-16; FBXO-16; FBXO16
F-box protein 17	F-box protein-17; FBXO-17; FBXO17
F-box protein 2	F-box protein-2; FBXO-2; FBXO2
F-box protein 22	F-box protein-22; FBXO-22; FBXO22
F-box protein 24	F-box protein-24; FBXO-24; FBXO24
F-box protein 25	F-box protein-25; FBXO-25; FBXO25
F-box protein 27	F-box protein-27; FBXO-27; FBXO27
F-box protein 28	F-box protein-28; FBXO-28; FBXO28
F-box protein 3	F-box protein-3; FBXO-3; FBXO3
F-box protein 30	F-box protein-30; FBXO-30; FBXO30
F-box protein 31	F-box protein-31; FBXO-31; FBXO31
F-box protein 32	F-box protein-32; FBXO-32; FBXO32
F-box protein 33	F-box protein-33; FBXO-33; FBXO33
F-box protein 34	F-box protein-34; FBXO-34; FBXO34
F-box protein 38	F-box protein-38; FBXO-38; FBXO38
F-box protein 39	F-box protein-39; FBXO-39; FBXO39
F-box protein 4	F-box protein-4; FBXO-4; FBXO4
F-box protein 42	F-box protein-42; FBXO-42; FBXO42
F-box protein 43	F-box protein-43; FBXO-43; FBXO43
F-box protein 44	F-box protein-44; FBXO-44; FBXO44
F-box protein 45	F-box protein-45; FBXO-45; FBXO45
F-box protein 46	F-box protein-46; FBXO-46; FBXO46
F-box protein 48	F-box protein-48; FBXO-48; FBXO48
F-box protein 5	F-box protein-5; FBXO-5; FBXO5
F-box protein 6	F-box protein-6; FBXO-6; FBXO6
F-box protein 7	F-box protein-7; FBXO-7; FBXO7
F-box protein 9	F-box protein-9; FBXO-9; FBXO9
F11 receptor	F11R
F2R like thrombin or trypsin receptor 3	F2RL3
F2R like trypsin receptor 1	F2RL1
FA complementation group A	FANCA
FA complementation group B	FANCB
FA complementation group C	FANCC
FA complementation group D2	FANCD-2; FANCD2
FA complementation group E	FANCE
FA complementation group F	FANCF
FA complementation group G	FANCG
FA complementation group I	FANCI
FA complementation group L	FANCL
FA complementation group M	FANCM
FA core complex associated protein 100	FAAP-100; FAAP100
FA core complex associated protein 20	FAAP-20; FAAP20
FA core complex associated protein 24	FAAP-24; FAAP24
Factor interacting with PAPOLA and CPSF1	FIP1L1
FAD dependent oxidoreductase domain containing 1	FOXRED-1; FOXRED1
FAD dependent oxidoreductase domain containing 2	FOXRED-2; FOXRED2
FAM111 trypsin like peptidase A	FAM111A
FAM111 trypsin like peptidase B	FAM111B
FAM161 centrosomal protein A	FAM161A
FAM161 centrosomal protein B	FAM161B
FAM20A golgi associated secretory pathway pseudokinase	FAM20A
FAM20B glycosaminoglycan xylosylkinase	FAM20B
FAM20C golgi associated secretory pathway kinase	FAM20C
FAM3 metabolism regulating signaling molecule A	FAM3A
FAM3 metabolism regulating signaling molecule B	FAM3B
FAM3 metabolism regulating signaling molecule C	FAM3C
FAM3 metabolism regulating signaling molecule D	FAM3D
Family with sequence similarity 102 member A	FAM102A
Family with sequence similarity 102 member B	FAM102B
Family with sequence similarity 104 member A	FAM104A
Family with sequence similarity 104 member B	FAM104B
Family with sequence similarity 107 member A	FAM107A
Family with sequence similarity 107 member B	FAM107B
Family with sequence similarity 110 member A	FAM110A
Family with sequence similarity 110 member B	FAM110B
Family with sequence similarity 110 member C	FAM110C
Family with sequence similarity 114 member A1	FAM114A1
Family with sequence similarity 114 member A2	FAM114A2
Family with sequence similarity 117 member A	FAM117A
Family with sequence similarity 117 member B	FAM117B
Family with sequence similarity 118 member A	FAM118A
Family with sequence similarity 118 member B	FAM118B
Family with sequence similarity 120A	FAM120A
Family with sequence similarity 120A opposite strand	FAM120AOS
Family with sequence similarity 120B	FAM120B
Family with sequence similarity 120C	FAM120C
Family with sequence similarity 124 member A	FAM124A
Family with sequence similarity 124 member B	FAM124B
Family with sequence similarity 13 member A	FAM13A
Family with sequence similarity 13 member B	FAM13B
Family with sequence similarity 13 member C	FAM13C
Family with sequence similarity 131 member B	FAM131B
Family with sequence similarity 131 member C	FAM131C
Family with sequence similarity 133 member A	FAM133A
Family with sequence similarity 133 member B	FAM133B
Family with sequence similarity 135 member A	FAM135A
Family with sequence similarity 135 member B	FAM135B
Family with sequence similarity 136 member A	FAM136A
Family with sequence similarity 149 member B1	FAM149B1
Family with sequence similarity 151 member B	FAM151B
Family with sequence similarity 153 member A	FAM153A
Family with sequence similarity 156 member A	FAM156A
Family with sequence similarity 156 member B	FAM156B
Family with sequence similarity 162 member A	FAM162A
Family with sequence similarity 163 member A	FAM163A
Family with sequence similarity 163 member B	FAM163B
Family with sequence similarity 166 member A	FAM166A
Family with sequence similarity 166 member B	FAM166B
Family with sequence similarity 166 member C	FAM166C
Family with sequence similarity 167 member A	FAM167A
Family with sequence similarity 168 member A	FAM168A
Family with sequence similarity 168 member B	FAM168B
Family with sequence similarity 169 member A	FAM169A
Family with sequence similarity 170 member B	FAM170B
Family with sequence similarity 171 member A1	FAM171A1
Family with sequence similarity 171 member A2	FAM171A2
Family with sequence similarity 172 member A	FAM172A
Family with sequence similarity 174 member A	FAM174A
Family with sequence similarity 174 member C	FAM174C
Family with sequence similarity 177 member A1	FAM177A1
Family with sequence similarity 180 member B	FAM180B
Family with sequence similarity 181 member A	FAM181A
Family with sequence similarity 181 member B	FAM181B
Family with sequence similarity 183 member A	FAM183A
Family with sequence similarity 184 member A	FAM184A
Family with sequence similarity 185 member A	FAM185A
Family with sequence similarity 186 member B	FAM186B
Family with sequence similarity 193 member A	FAM193A
Family with sequence similarity 193 member B	FAM193B
Family with sequence similarity 199, X-linked	FAM199X
Family with sequence similarity 200 member A	FAM200A
Family with sequence similarity 204 member A	FAM204A
Family with sequence similarity 209 member A	FAM209A
Family with sequence similarity 210 member A	FAM210A
Family with sequence similarity 210 member B	FAM210B
Family with sequence similarity 217 member A	FAM217A
Family with sequence similarity 217 member B	FAM217B
Family with sequence similarity 219 member A	FAM219A
Family with sequence similarity 219 member B	FAM219B
Family with sequence similarity 220 member A	FAM220A
Family with sequence similarity 221 member A	FAM221A
Family with sequence similarity 221 member B	FAM221B
Family with sequence similarity 222 member B	FAM222B
Family with sequence similarity 227 member A	FAM227A
Family with sequence similarity 228 member A	FAM228A
Family with sequence similarity 229 member B	FAM229B
Family with sequence similarity 234 member A	FAM234A
Family with sequence similarity 234 member B	FAM234B
Family with sequence similarity 24 member B	FAM24B
Family with sequence similarity 241 member B	FAM241B
Family with sequence similarity 25 member C	FAM25C
Family with sequence similarity 32 member A	FAM32A
Family with sequence similarity 43 member A	FAM43A
Family with sequence similarity 47 member A	FAM47A
Family with sequence similarity 47 member B	FAM47B
Family with sequence similarity 47 member E	FAM47E
Family with sequence similarity 50 member A	FAM50A
Family with sequence similarity 50 member B	FAM50B
Family with sequence similarity 53 member A	FAM53A
Family with sequence similarity 53 member B	FAM53B
Family with sequence similarity 53 member C	FAM53C
Family with sequence similarity 72 member A	FAM72A
Family with sequence similarity 72 member B	FAM72B
Family with sequence similarity 72 member D	FAM72D
Family with sequence similarity 76 member B	FAM76B
Family with sequence similarity 78 member A	FAM78A
Family with sequence similarity 8 member A1	FAM8A1
Family with sequence similarity 81 member A	FAM81A
Family with sequence similarity 81 member B	FAM81B
Family with sequence similarity 83 member A	FAM83A
Family with sequence similarity 83 member B	FAM83B
Family with sequence similarity 83 member C	FAM83C
Family with sequence similarity 83 member D	FAM83D
Family with sequence similarity 83 member E	FAM83E
Family with sequence similarity 83 member F	FAM83F
Family with sequence similarity 83 member G	FAM83G
Family with sequence similarity 83 member H	FAM83H
Family with sequence similarity 86 member B2	FAM86B2
Family with sequence similarity 89 member A	FAM89A
Family with sequence similarity 89 member B	FAM89B
Family with sequence similarity 9 member A	FAM9A
Family with sequence similarity 9 member B	FAM9B
Family with sequence similarity 9 member C	FAM9C
Family with sequence similarity 90 member A1	FAM90A1
Family with sequence similarity 91 member A1	FAM91A1
Family with sequence similarity 98 member A	FAM98A
Family with sequence similarity 98 member B	FAM98B
Family with sequence similarity 98 member C	FAM98C
FANCD2 and FANCI associated nuclease 1	FAN-1; FAN1
Far upstream element binding protein 1	FUBP-1; FUBP1
Far upstream element binding protein 3	FUBP-3; FUBP3
Farnesyl diphosphate synthase	FDPS
Farnesyl-diphosphate farnesyltransferase 1	Farnesyl-diphosphate farnesyltransferase-1; FDFT-1; FDFT1
Farnesyltransferase, CAAX box, alpha	FNTA
Farnesyltransferase, CAAX box, beta	FNTB
Fas activated serine/threonine kinase	FASTK
Fas apoptotic inhibitory molecule	FAIM
Fas apoptotic inhibitory molecule 2	FAIM-2; FAIM2
Fas associated factor 1	FAF-1; FAF1
Fas associated factor family member 2	FAF-2; FAF2
Fas associated via death domain	FADD
Fas binding factor 1	FBF-1; FBF1
Fas cell surface death receptor	FAS
Fas ligand	FASLG
Fasciculation and elongation protein zeta 1	FEZ-1; FEZ1
Fasciculation and elongation protein zeta 2	FEZ-2; FEZ2
Fascin actin-bundling protein 1	FSCN-1; FSCN1
Fascin actin-bundling protein 2, retinal	FSCN-2; FSCN2
FAST kinase domains 1	FASTKD-1; FASTKD1
FAST kinase domains 2	FASTKD-2; FASTKD2
FAST kinase domains 3	FASTKD-3; FASTKD3
FAST kinase domains 5	FASTKD-5; FASTKD5
FAT atypical cadherin 1	FAT-1; FAT1
FAT atypical cadherin 2	FAT-2; FAT2
FAT atypical cadherin 4	FAT-4; FAT4
Fat storage inducing transmembrane protein 2	FITM-2; FITM2
Fatty acid 2-hydroxylase	FA2H
Fatty acid amide hydrolase	FAAH
Fatty acid amide hydrolase 2	FAAH-2; FAAH2
Fatty acid binding protein 1	FABP-1; FABP1
Fatty acid binding protein 2	FABP-2; FABP2
Fatty acid binding protein 3	FABP-3; FABP3
Fatty acid binding protein 4	FABP-4; FABP4
Fatty acid binding protein 5	FABP-5; FABP5
Fatty acid binding protein 6	FABP-6; FABP6
Fatty acid binding protein 7	FABP-7; FABP7
Fatty acid binding protein 9	FABP-9; FABP9
Fatty acid desaturase 1	FADS-1; FADS1
Fatty acid desaturase 2	FADS-2; FADS2
Fatty acid desaturase 3	FADS-3; FADS3
Fatty acid hydroxylase domain containing 2	FAXDC-2; FAXDC2
Fatty acid synthase	FASN
Fatty acyl-CoA reductase 1	FAR-1; FAR1
Fatty acyl-CoA reductase 2	FAR-2; FAR2
FAU ubiquitin like and ribosomal protein S30 fusion	FAU
Fc alpha and mu receptor	FCAMR
Fc alpha receptor	FCAR
Fc epsilon receptor Ia	FCER1A
Fc epsilon receptor Ig	FCER1G
Fc epsilon receptor II	FCER-2; FCER2
Fc gamma receptor and transporter	FCGRT
Fc gamma receptor Ia	FCGR1A
Fc gamma receptor IIa	FCGR2A
Fc gamma receptor IIb	FCGR2B
Fc gamma receptor IIIa	FCGR3A
Fc gamma receptor IIIb	FCGR3B
Fc mu receptor	FCMR
Fc receptor like 1	FCRL-1; FCRL1
Fc receptor like 2	FCRL-2; FCRL2
Fc receptor like 3	FCRL-3; FCRL3
Fc receptor like 4	FCRL-4; FCRL4
Fc receptor like 5	FCRL-5; FCRL5
Fc receptor like 6	FCRL-6; FCRL6
Fc receptor like A	FCRLA
Fc receptor like B	FCRLB
FCF1 rRNA-processing protein	FCF-1; FCF1
FCH and double SH3 domains 1	FCHSD-1; FCHSD1
FCH and double SH3 domains 2	FCHSD-2; FCHSD2
FCH and mu domain containing endocytic adaptor 1	FCHO-1; FCHO1
FCH and mu domain containing endocytic adaptor 2	FCHO-2; FCHO2
Fem-1 homolog A	FEM1A
Fem-1 homolog B	FEM1B
Fem-1 homolog C	FEM1C
FER tyrosine kinase	FER
Fer3 like bHLH transcription factor	FERD3L
FERM and PDZ domain containing 1	FRMPD-1; FRMPD1
FERM and PDZ domain containing 2	FRMPD-2; FRMPD2
FERM and PDZ domain containing 4	FRMPD-4; FRMPD4
FERM domain containing 1	FRMD-1; FRMD1
FERM domain containing 3	FRMD-3; FRMD3
FERM domain containing 4A	FRMD4A
FERM domain containing 4B	FRMD4B
FERM domain containing 5	FRMD-5; FRMD5
FERM domain containing 6	FRMD-6; FRMD6
FERM domain containing 7	FRMD-7; FRMD7
FERM domain containing 8	FRMD-8; FRMD8
FERM domain containing kindlin 1	FERMT-1; FERMT1
FERM domain containing kindlin 2	FERMT-2; FERMT2
FERM domain containing kindlin 3	FERMT-3; FERMT3
FERM, ARH/RhoGEF and pleckstrin domain protein 1	FARP-1; FARP1
FERM, ARH/RhoGEF and pleckstrin domain protein 2	FARP-2; FARP2
Ferredoxin 1	FDX-1; FDX1; Ferredoxin-1
Ferredoxin 2	FDX-2; FDX2; Ferredoxin-2
Ferredoxin reductase	FDXR
Ferredoxin-fold anticodon binding domain containing 1	FDXACB-1; FDXACB1
Ferric chelate reductase 1 like	FRRS1L
Ferritin heavy chain 1	FTH-1; FTH1
Ferritin heavy chain like 17	FTHL-17; FTHL17
Ferritin light chain	FTL
Ferritin mitochondrial	FTMT
Ferrochelatase	FECH
FES proto-oncogene, tyrosine kinase	FES
Fetal and adult testis expressed 1	FATE-1; FATE1
Fetuin B	FETUB
FEV transcription factor, ETS family member	FEV
FEZ family zinc finger 1	FEZF-1; FEZF1
FGF1 intracellular binding protein	FIBP
FGFR1 oncogene partner 2	FGFR1OP2
FGGY carbohydrate kinase domain containing	FGGY
FGR proto-oncogene, Src family tyrosine kinase	FGR
FH2 domain containing 1	FHDC-1; FHDC1
FHF complex subunit HOOK interacting protein 1A	FHIP1A
FHF complex subunit HOOK interacting protein 1B	FHIP1B
FHF complex subunit HOOK interacting protein 2A	FHIP2A
Fibrillarin	FBL
Fibrillin 1	FBN-1; FBN1; Fibrillin-1
Fibrillin 2	FBN-2; FBN2; Fibrillin-2
Fibrinogen alpha chain	FGA
Fibrinogen beta chain	FGB
Fibrinogen C domain containing 1	FIBCD-1; FIBCD1
Fibrinogen gamma chain	FGG
Fibrinogen like 1	FGL-1; FGL1; Fibrinogen like-1
Fibrinogen like 2	FGL-2; FGL2; Fibrinogen like-2
Fibrinogen silencer binding protein	FSBP
Fibroblast activation protein alpha	FAP
Fibroblast growth factor 1	FGF-1; FGF1
Fibroblast growth factor 10	FGF-10; FGF10
Fibroblast growth factor 11	FGF-11; FGF11
Fibroblast growth factor 12	FGF-12; FGF12
Fibroblast growth factor 13	FGF-13; FGF13
Fibroblast growth factor 14	FGF-14; FGF14
Fibroblast growth factor 16	FGF-16; FGF16
Fibroblast growth factor 17	FGF-17; FGF17
Fibroblast growth factor 18	FGF-18; FGF18
Fibroblast growth factor 19	FGF-19; FGF19
Fibroblast growth factor 2	FGF-2; FGF2
Fibroblast growth factor 20	FGF-20; FGF20
Fibroblast growth factor 21	FGF-21; FGF21
Fibroblast growth factor 22	FGF-22; FGF22
Fibroblast growth factor 23	FGF-23; FGF23
Fibroblast growth factor 3	FGF-3; FGF3
Fibroblast growth factor 4	FGF-4; FGF4
Fibroblast growth factor 5	FGF-5; FGF5
Fibroblast growth factor 6	FGF-6; FGF6
Fibroblast growth factor 7	FGF-7; FGF7
Fibroblast growth factor 8	FGF-8; FGF8
Fibroblast growth factor 9	FGF-9; FGF9
Fibroblast growth factor binding protein 1	FGFBP-1; FGFBP1
Fibroblast growth factor binding protein 2	FGFBP-2; FGFBP2
Fibroblast growth factor binding protein 3	FGFBP-3; FGFBP3
Fibroblast growth factor receptor 1	FGFR-1; FGFR1
Fibroblast growth factor receptor 2	FGFR-2; FGFR2
Fibroblast growth factor receptor 3	FGFR-3; FGFR3
Fibroblast growth factor receptor 4	FGFR-4; FGFR4
Fibroblast growth factor receptor like 1	FGFRL-1; FGFRL1
Fibroblast growth factor receptor substrate 2	FRS-2; FRS2
Fibroblast growth factor receptor substrate 3	FRS-3; FRS3
Fibromodulin	FMOD
Fibronectin 1	Fibronectin-1; FN-1; FN1
Fibronectin leucine rich transmembrane protein 2	FLRT-2; FLRT2
Fibronectin leucine rich transmembrane protein 3	FLRT-3; FLRT3
Fibronectin type III and ankyrin repeat domains 1	FANK-1; FANK1
Fibronectin type III and SPRY domain containing 1	FSD-1; FSD1
Fibronectin type III and SPRY domain containing 1 like	FSD1L
Fibronectin type III and SPRY domain containing 2	FSD-2; FSD2
Fibronectin type III domain containing 11	FNDC-11; FNDC11
Fibronectin type III domain containing 3A	FNDC3A
Fibronectin type III domain containing 3B	FNDC3B
Fibronectin type III domain containing 5	FNDC-5; FNDC5
Fibronectin type III domain containing 8	FNDC-8; FNDC8
Fibronectin type III domain containing 9	FNDC-9; FNDC9
Fibrosin	FBRS
Fibrosin like 1	FBRSL-1; FBRSL1; Fibrosin like-1
Fibulin 1	FBLN-1; FBLN1; Fibulin-1
Fibulin 2	FBLN-2; FBLN2; Fibulin-2
Fibulin 5	FBLN-5; FBLN5; Fibulin-5
FIC domain protein adenylyltransferase	FICD
Ficolin 1	FCN-1; FCN1; Ficolin-1
Ficolin 2	FCN-2; FCN2; Ficolin-2
Ficolin 3	FCN-3; FCN3; Ficolin-3
Fidgetin like 1	Fidgetin like-1; FIGNL-1; FIGNL1
Fidgetin, microtubule severing factor	FIGN
FIG4 phosphoinositide 5-phosphatase	FIG-4; FIG4
Filaggrin	FLG
Filaggrin 2	Filaggrin-2; FLG-2; FLG2
Filamin A	FLNA
Filamin A interacting protein 1	FILIP-1; FILIP1
Filamin A interacting protein 1 like	FILIP1L
Filamin B	FLNB
Filamin binding LIM protein 1	FBLIM-1; FBLIM1
Filamin C	FLNC
Fin bud initiation factor homolog	FIBIN
Fission, mitochondrial 1	FIS-1; FIS1; Fission, mitochondrial-1
Fizzy and cell division cycle 20 related 1	FZR-1; FZR1
FKBP prolyl isomerase 10	FKBP-10; FKBP10
FKBP prolyl isomerase 11	FKBP-11; FKBP11
FKBP prolyl isomerase 14	FKBP-14; FKBP14
FKBP prolyl isomerase 1A	FKBP1A
FKBP prolyl isomerase 1B	FKBP1B
FKBP prolyl isomerase 2	FKBP-2; FKBP2
FKBP prolyl isomerase 3	FKBP-3; FKBP3
FKBP prolyl isomerase 4	FKBP-4; FKBP4
FKBP prolyl isomerase 5	FKBP-5; FKBP5
FKBP prolyl isomerase 7	FKBP-7; FKBP7
FKBP prolyl isomerase 8	FKBP-8; FKBP8
FKBP prolyl isomerase 9	FKBP-9; FKBP9
FKBP prolyl isomerase family member 15	FKBP-15; FKBP15
FKBP prolyl isomerase family member 6 (inactive)	FKBP-6; FKBP6
FKBP prolyl isomerase like	FKBPL
Flagellum associated containing coiled-coil domains 1	FLACC-1; FLACC1
Flap structure-specific endonuclease 1	FEN-1; FEN1
Flavin adenine dinucleotide synthetase 1	FLAD-1; FLAD1
Flavin containing dimethylaniline monoxygenase 1	FMO-1; FMO1
Flavin containing dimethylaniline monoxygenase 2	FMO-2; FMO2
Flavin containing dimethylaniline monoxygenase 3	FMO-3; FMO3
Flavin containing dimethylaniline monoxygenase 4	FMO-4; FMO4
Flavin containing dimethylaniline monoxygenase 5	FMO-5; FMO5
Fli-1 proto-oncogene, ETS transcription factor	FLI-1; FLI1
FLII actin remodeling protein	FLII
Flotillin 1	FLOT-1; FLOT1; Flotillin-1
Flotillin 2	FLOT-2; FLOT2; Flotillin-2
FLT3 interacting zinc finger 1	FIZ-1; FIZ1
FLVCR heme transporter 1	FLVCR-1; FLVCR1
FLVCR heme transporter 2	FLVCR-2; FLVCR2
FLYWCH family member 2	FLYWCH-2; FLYWCH2
FLYWCH-type zinc finger 1	FLYWCH-1; FLYWCH1
FMR1 autosomal homolog 1	FXR-1; FXR1
FMR1 autosomal homolog 2	FXR-2; FXR2
Fms related receptor tyrosine kinase 1	FLT-1; FLT1
Fms related receptor tyrosine kinase 3	FLT-3; FLT3
Fms related receptor tyrosine kinase 3 ligand	FLT3LG
Fms related receptor tyrosine kinase 4	FLT-4; FLT4
Focadhesin	FOCAD
Folate hydrolase 1	Folate hydrolase-1; FOLH-1; FOLH1
Folate receptor alpha	FOLR-1; FOLR1
Folate receptor beta	FOLR-2; FOLR2
Folate receptor gamma	FOLR-3; FOLR3
Follicle stimulating hormone receptor	FSHR
Follicle stimulating hormone subunit beta	FSHB
Follicular dendritic cell secreted protein	FDCSP
Folliculin	FLCN
Folliculin interacting protein 1	FNIP-1; FNIP1
Folliculin interacting protein 2	FNIP-2; FNIP2
Folliculogenesis specific bHLH transcription factor	FIGLA
Follistatin	FST
Follistatin like 1	Follistatin like-1; FSTL-1; FSTL1
Follistatin like 3	Follistatin like-3; FSTL-3; FSTL3
Folylpolyglutamate synthase	FPGS
Forkhead box A1	FOXA-1; FOXA1
Forkhead box A2	FOXA-2; FOXA2
Forkhead box A3	FOXA-3; FOXA3
Forkhead box B1	FOXB-1; FOXB1
Forkhead box C1	FOXC-1; FOXC1
Forkhead box C2	FOXC-2; FOXC2
Forkhead box D1	FOXD-1; FOXD1
Forkhead box D2	FOXD-2; FOXD2
Forkhead box D3	FOXD-3; FOXD3
Forkhead box D4	FOXD-4; FOXD4
Forkhead box D4 like 1	FOXD4L1
Forkhead box D4 like 3	FOXD4L3
Forkhead box D4 like 4	FOXD4L4
Forkhead box D4 like 6	FOXD4L6
Forkhead box E1	FOXE-1; FOXE1
Forkhead box E3	FOXE-3; FOXE3
Forkhead box F1	FOXF-1; FOXF1
Forkhead box F2	FOXF-2; FOXF2
Forkhead box G1	FOXG-1; FOXG1
Forkhead box H1	FOXH-1; FOXH1
Forkhead box I1	FOXI-1; FOXI1
Forkhead box J1	FOXJ-1; FOXJ1
Forkhead box J2	FOXJ-2; FOXJ2
Forkhead box J3	FOXJ-3; FOXJ3
Forkhead box K1	FOXK-1; FOXK1
Forkhead box K2	FOXK-2; FOXK2
Forkhead box L2	FOXL-2; FOXL2
Forkhead box M1	FOXM-1; FOXM1
Forkhead box N1	FOXN-1; FOXN1
Forkhead box N2	FOXN-2; FOXN2
Forkhead box N3	FOXN-3; FOXN3
Forkhead box N4	FOXN-4; FOXN4
Forkhead box O1	FOXO-1; FOXO1
Forkhead box O3	FOXO-3; FOXO3
Forkhead box O3B	FOXO3B
Forkhead box O4	FOXO-4; FOXO4
Forkhead box O6	FOXO-6; FOXO6
Forkhead box P1	FOXP-1; FOXP1
Forkhead box P2	FOXP-2; FOXP2
Forkhead box P3	FOXP-3; FOXP3
Forkhead box P4	FOXP-4; FOXP4
Forkhead box R1	FOXR-1; FOXR1
Forkhead box R2	FOXR-2; FOXR2
Formation of mitochondrial complex V assembly factor 1 homolog	FMC-1; FMC1
Formimidoyltransferase cyclodeaminase	FTCD
Formin 1	FMN-1; FMN1; Formin-1
Formin 2	FMN-2; FMN2; Formin-2
Formin binding protein 1	FNBP-1; FNBP1
Formin binding protein 1 like	FNBP1L
Formin binding protein 4	FNBP-4; FNBP4
Formin homology 2 domain containing 1	FHOD-1; FHOD1
Formin homology 2 domain containing 3	FHOD-3; FHOD3
Formin like 1	FMNL-1; FMNL1; Formin like-1
Formin like 2	FMNL-2; FMNL2; Formin like-2
Formin like 3	FMNL-3; FMNL3; Formin like-3
Formyl peptide receptor 1	FPR-1; FPR1
Formyl peptide receptor 2	FPR-2; FPR2
Forty-two-three domain containing 1	FYTTD-1; FYTTD1
FOS like 1, AP-1 transcription factor subunit	FOSL-1; FOSL1
FOS like 2, AP-1 transcription factor subunit	FOSL-2; FOSL2
Fos proto-oncogene, AP-1 transcription factor subunit	FOS
FosB proto-oncogene, AP-1 transcription factor subunit	FOSB
Four and a half LIM domains 1	FHL-1; FHL1
Four and a half LIM domains 2	FHL-2; FHL2
Four and a half LIM domains 3	FHL-3; FHL3
Four and a half LIM domains 5	FHL-5; FHL5
FRA10A associated CGG repeat 1	FRA10AC1
Fragile histidine triad diadenosine triphosphatase	FHIT
Fragile X messenger ribonucleoprotein 1	FMR-1; FMR1
FRAS1 related extracellular matrix 1	FREM-1; FREM1
FRAS1 related extracellular matrix 2	FREM-2; FREM2
Fraser extracellular matrix complex subunit 1	FRAS-1; FRAS1
FRAT regulator of WNT signaling pathway 1	FRAT-1; FRAT1
Frataxin	FXN
Free fatty acid receptor 1	FFAR-1; FFAR1
Free fatty acid receptor 2	FFAR-2; FFAR2
Free fatty acid receptor 3	FFAR-3; FFAR3
Free fatty acid receptor 4	FFAR-4; FFAR4
Frizzled class receptor 1	FZD-1; FZD1
Frizzled class receptor 10	FZD-10; FZD10
Frizzled class receptor 2	FZD-2; FZD2
Frizzled class receptor 3	FZD-3; FZD3
Frizzled class receptor 4	FZD-4; FZD4
Frizzled class receptor 5	FZD-5; FZD5
Frizzled class receptor 6	FZD-6; FZD6
Frizzled class receptor 7	FZD-7; FZD7
Frizzled class receptor 8	FZD-8; FZD8
Frizzled related protein	FRZB
Fructosamine 3 kinase	FN3K
Fructosamine 3 kinase related protein	FN3KRP
Fructose-bisphosphatase 1	FBP-1; FBP1; Fructose-bisphosphatase-1
Fructose-bisphosphatase 2	FBP-2; FBP2; Fructose-bisphosphatase-2
FRY like transcription coactivator	FRYL
FRY microtubule binding protein	FRY
FSHD region gene 1	FRG-1; FRG1
FTO alpha-ketoglutarate dependent dioxygenase	FTO
FtsJ RNA 2'-O-methyltransferase 1	FTSJ-1; FTSJ1
FtsJ RNA 2'-O-methyltransferase 3	FTSJ-3; FTSJ3
Fucose kinase	FCSK
Fucose mutarotase	FUOM
Fucose-1-phosphate guanylyltransferase	FPGT
Fucosyltransferase 1 (H blood group)	FUT-1; FUT1
Fucosyltransferase 10	Fucosyltransferase-10; FUT-10; FUT10
Fucosyltransferase 11	Fucosyltransferase-11; FUT-11; FUT11
Fucosyltransferase 2	Fucosyltransferase-2; FUT-2; FUT2
Fucosyltransferase 3 (Lewis blood group)	FUT-3; FUT3
Fucosyltransferase 4	Fucosyltransferase-4; FUT-4; FUT4
Fucosyltransferase 5	Fucosyltransferase-5; FUT-5; FUT5
Fucosyltransferase 6	Fucosyltransferase-6; FUT-6; FUT6
Fucosyltransferase 7	Fucosyltransferase-7; FUT-7; FUT7
Fucosyltransferase 8	Fucosyltransferase-8; FUT-8; FUT8
Fucosyltransferase 9	Fucosyltransferase-9; FUT-9; FUT9
Fukutin	FKTN
Fukutin related protein	FKRP
Fumarate hydratase	FH
Fumarylacetoacetate hydrolase	FAH
Fumarylacetoacetate hydrolase domain containing 1	FAHD-1; FAHD1
Fumarylacetoacetate hydrolase domain containing 2A	FAHD2A
Fumarylacetoacetate hydrolase domain containing 2B	FAHD2B
FUN14 domain containing 1	FUNDC-1; FUNDC1
FUN14 domain containing 2	FUNDC-2; FUNDC2
Furin, paired basic amino acid cleaving enzyme	FURIN
FUS RNA binding protein	FUS
Fuzzy planar cell polarity protein	FUZ
FXYD domain containing ion transport regulator 1	FXYD-1; FXYD1
FXYD domain containing ion transport regulator 2	FXYD-2; FXYD2
FXYD domain containing ion transport regulator 3	FXYD-3; FXYD3
FXYD domain containing ion transport regulator 5	FXYD-5; FXYD5
FXYD domain containing ion transport regulator 6	FXYD-6; FXYD6
FXYD domain containing ion transport regulator 7	FXYD-7; FXYD7
FYN binding protein 1	FYB-1; FYB1
FYN binding protein 2	FYB-2; FYB2
FYN proto-oncogene, Src family tyrosine kinase	FYN
Fyn related Src family tyrosine kinase	FRK
FYVE and coiled-coil domain autophagy adaptor 1	FYCO-1; FYCO1
FYVE, RhoGEF and PH domain containing 1	FGD-1; FGD1
FYVE, RhoGEF and PH domain containing 2	FGD-2; FGD2
FYVE, RhoGEF and PH domain containing 3	FGD-3; FGD3
FYVE, RhoGEF and PH domain containing 4	FGD-4; FGD4
FYVE, RhoGEF and PH domain containing 5	FGD-5; FGD5
FYVE, RhoGEF and PH domain containing 6	FGD-6; FGD6
G antigen 1	G antigen-1; GAGE-1; GAGE1
G antigen 10	G antigen-10; GAGE-10; GAGE10
G antigen 12C	GAGE12C
G antigen 12D	GAGE12D
G antigen 12E	GAGE12E
G antigen 12F	GAGE12F
G antigen 12G	GAGE12G
G antigen 2A	GAGE2A
G elongation factor mitochondrial 1	GFM-1; GFM1
G kinase anchoring protein 1	GKAP-1; GKAP1
G protein nucleolar 1 (putative)	GNL-1; GNL1
G protein nucleolar 2	GNL-2; GNL2
G protein nucleolar 3	GNL-3; GNL3
G protein nucleolar 3 like	GNL3L
G protein pathway suppressor 1	GPS-1; GPS1
G protein pathway suppressor 2	GPS-2; GPS2
G protein regulated inducer of neurite outgrowth 1	GPRIN-1; GPRIN1
G protein regulated inducer of neurite outgrowth 2	GPRIN-2; GPRIN2
G protein signaling modulator 1	GPSM-1; GPSM1
G protein signaling modulator 2	GPSM-2; GPSM2
G protein signaling modulator 3	GPSM-3; GPSM3
G protein subunit alpha 11	GNA-11; GNA11
G protein subunit alpha 12	GNA-12; GNA12
G protein subunit alpha 13	GNA-13; GNA13
G protein subunit alpha 14	GNA-14; GNA14
G protein subunit alpha 15	GNA-15; GNA15
G protein subunit alpha i1	GNAI-1; GNAI1
G protein subunit alpha i2	GNAI-2; GNAI2
G protein subunit alpha i3	GNAI-3; GNAI3
G protein subunit alpha L	GNAL
G protein subunit alpha o1	GNAO-1; GNAO1
G protein subunit alpha q	GNAQ
G protein subunit alpha transducin 1	GNAT-1; GNAT1
G protein subunit alpha transducin 2	GNAT-2; GNAT2
G protein subunit alpha z	GNAZ
G protein subunit beta 1	GNB-1; GNB1
G protein subunit beta 1 like	GNB1L
G protein subunit beta 2	GNB-2; GNB2
G protein subunit beta 3	GNB-3; GNB3
G protein subunit beta 4	GNB-4; GNB4
G protein subunit beta 5	GNB-5; GNB5
G protein subunit gamma 10	GNG-10; GNG10
G protein subunit gamma 11	GNG-11; GNG11
G protein subunit gamma 12	GNG-12; GNG12
G protein subunit gamma 13	GNG-13; GNG13
G protein subunit gamma 2	GNG-2; GNG2
G protein subunit gamma 3	GNG-3; GNG3
G protein subunit gamma 4	GNG-4; GNG4
G protein subunit gamma 5	GNG-5; GNG5
G protein subunit gamma 7	GNG-7; GNG7
G protein subunit gamma 8	GNG-8; GNG8
G protein subunit gamma transducin 1	GNGT-1; GNGT1
G protein-coupled bile acid receptor 1	GPBAR-1; GPBAR1
G protein-coupled estrogen receptor 1	GPER-1; GPER1
G protein-coupled receptor 101	GPR-101; GPR101
G protein-coupled receptor 107	GPR-107; GPR107
G protein-coupled receptor 108	GPR-108; GPR108
G protein-coupled receptor 119	GPR-119; GPR119
G protein-coupled receptor 12	GPR-12; GPR12
G protein-coupled receptor 132	GPR-132; GPR132
G protein-coupled receptor 135	GPR-135; GPR135
G protein-coupled receptor 137B	GPR137B
G protein-coupled receptor 139	GPR-139; GPR139
G protein-coupled receptor 141	GPR-141; GPR141
G protein-coupled receptor 143	GPR-143; GPR143
G protein-coupled receptor 148	GPR-148; GPR148
G protein-coupled receptor 15 ligand	GPR15LG
G protein-coupled receptor 151	GPR-151; GPR151
G protein-coupled receptor 152	GPR-152; GPR152
G protein-coupled receptor 158	GPR-158; GPR158
G protein-coupled receptor 160	GPR-160; GPR160
G protein-coupled receptor 161	GPR-161; GPR161
G protein-coupled receptor 162	GPR-162; GPR162
G protein-coupled receptor 17	GPR-17; GPR17
G protein-coupled receptor 171	GPR-171; GPR171
G protein-coupled receptor 173	GPR-173; GPR173
G protein-coupled receptor 18	GPR-18; GPR18
G protein-coupled receptor 183	GPR-183; GPR183
G protein-coupled receptor 20	GPR-20; GPR20
G protein-coupled receptor 25	GPR-25; GPR25
G protein-coupled receptor 26	GPR-26; GPR26
G protein-coupled receptor 3	GPR-3; GPR3
G protein-coupled receptor 31	GPR-31; GPR31
G protein-coupled receptor 37	GPR-37; GPR37
G protein-coupled receptor 37 like 1	GPR37L1
G protein-coupled receptor 39	GPR-39; GPR39
G protein-coupled receptor 4	GPR-4; GPR4
G protein-coupled receptor 42	GPR-42; GPR42
G protein-coupled receptor 45	GPR-45; GPR45
G protein-coupled receptor 50	GPR-50; GPR50
G protein-coupled receptor 52	GPR-52; GPR52
G protein-coupled receptor 55	GPR-55; GPR55
G protein-coupled receptor 6	GPR-6; GPR6
G protein-coupled receptor 61	GPR-61; GPR61
G protein-coupled receptor 62	GPR-62; GPR62
G protein-coupled receptor 65	GPR-65; GPR65
G protein-coupled receptor 68	GPR-68; GPR68
G protein-coupled receptor 75	GPR-75; GPR75
G protein-coupled receptor 78	GPR-78; GPR78
G protein-coupled receptor 83	GPR-83; GPR83
G protein-coupled receptor 85	GPR-85; GPR85
G protein-coupled receptor 88	GPR-88; GPR88
G protein-coupled receptor 89A	GPR89A
G protein-coupled receptor 89B	GPR89B
G protein-coupled receptor associated sorting protein 1	GPRASP-1; GPRASP1
G protein-coupled receptor associated sorting protein 2	GPRASP-2; GPRASP2
G protein-coupled receptor associated sorting protein family member 3	GPRASP-3; GPRASP3
G protein-coupled receptor class C group 5 member A	GPRC5A
G protein-coupled receptor class C group 5 member C	GPRC5C
G protein-coupled receptor class C group 5 member D	GPRC5D
G protein-coupled receptor class C group 6 member A	GPRC6A
G protein-coupled receptor kinase 1	GRK-1; GRK1
G protein-coupled receptor kinase 2	GRK-2; GRK2
G protein-coupled receptor kinase 3	GRK-3; GRK3
G protein-coupled receptor kinase 4	GRK-4; GRK4
G protein-coupled receptor kinase 5	GRK-5; GRK5
G protein-coupled receptor kinase 6	GRK-6; GRK6
G protein-coupled receptor kinase 7	GRK-7; GRK7
G-patch domain and ankyrin repeats 1	GPANK-1; GPANK1
G-patch domain and KOW motifs	GPKOW
G-patch domain containing 1	GPATCH-1; GPATCH1
G-patch domain containing 2	GPATCH-2; GPATCH2
G-patch domain containing 2 like	GPATCH2L
G-patch domain containing 3	GPATCH-3; GPATCH3
G-patch domain containing 8	GPATCH-8; GPATCH8
G-rich RNA sequence binding factor 1	GRSF-1; GRSF1
G0/G1 switch 2	G0/G1 switch-2; G0S2
G1 to S phase transition 1	GSPT-1; GSPT1
G1 to S phase transition 2	GSPT-2; GSPT2
G2 and S-phase expressed 1	GTSE-1; GTSE1
G2/M-phase specific E3 ubiquitin protein ligase	G2E3
G3BP stress granule assembly factor 1	G3BP1
G3BP stress granule assembly factor 2	G3BP2
GA binding protein transcription factor subunit alpha	GABPA
GA binding protein transcription factor subunit beta 1	GABPB-1; GABPB1
GA binding protein transcription factor subunit beta 2	GABPB-2; GABPB2
GABA type A receptor associated protein like 1	GABARAPL-1; GABARAPL1
GABA type A receptor associated protein like 2	GABARAPL-2; GABARAPL2
GABA type A receptor-associated protein	GABARAP
GADD45G interacting protein 1	GADD45GIP1
Galactokinase 1	Galactokinase-1; GALK-1; GALK1
Galactokinase 2	Galactokinase-2; GALK-2; GALK2
Galactosamine (N-acetyl)-6-sulfatase	GALNS
Galactose mutarotase	GALM
Galactose-1-phosphate uridylyltransferase	GALT
Galactose-3-O-sulfotransferase 1	GAL3ST1; Galactose-3-O-sulfotransferase-1
Galactose-3-O-sulfotransferase 2	GAL3ST2; Galactose-3-O-sulfotransferase-2
Galactose-3-O-sulfotransferase 3	GAL3ST3; Galactose-3-O-sulfotransferase-3
Galactose-3-O-sulfotransferase 4	GAL3ST4; Galactose-3-O-sulfotransferase-4
Galactosidase alpha	GLA
Galactosidase beta 1	Galactosidase beta-1; GLB-1; GLB1
Galactosidase beta 1 like 2	GLB1L2
Galactosylceramidase	GALC
Galanin and GMAP prepropeptide	GAL
Galanin like peptide	GALP
Galanin receptor 1	Galanin receptor-1; GALR-1; GALR1
Galanin receptor 2	Galanin receptor-2; GALR-2; GALR2
Galanin receptor 3	Galanin receptor-3; GALR-3; GALR3
Galectin 1	Galectin-1; LGALS-1; LGALS1
Galectin 12	Galectin-12; LGALS-12; LGALS12
Galectin 13	Galectin-13; LGALS-13; LGALS13
Galectin 14	Galectin-14; LGALS-14; LGALS14
Galectin 16	Galectin-16; LGALS-16; LGALS16
Galectin 2	Galectin-2; LGALS-2; LGALS2
Galectin 3	Galectin-3; LGALS-3; LGALS3
Galectin 3 binding protein	LGALS3BP
Galectin 4	Galectin-4; LGALS-4; LGALS4
Galectin 7	Galectin-7; LGALS-7; LGALS7
Galectin 7B	LGALS7B
Galectin 8	Galectin-8; LGALS-8; LGALS8
Galectin 9	Galectin-9; LGALS-9; LGALS9
Galectin 9B	LGALS9B
Galectin 9C	LGALS9C
Galectin like	LGALSL
Gametocyte specific factor 1	GTSF-1; GTSF1
Gametocyte specific factor 1 like	GTSF1L
Gametogenetin	GGN
Gametogenetin binding protein 2	GGNBP-2; GGNBP2
Gamma-aminobutyric acid type A receptor subunit alpha1	GABRA-1; GABRA1
Gamma-aminobutyric acid type A receptor subunit alpha2	GABRA-2; GABRA2
Gamma-aminobutyric acid type A receptor subunit alpha3	GABRA-3; GABRA3
Gamma-aminobutyric acid type A receptor subunit alpha4	GABRA-4; GABRA4
Gamma-aminobutyric acid type A receptor subunit alpha5	GABRA-5; GABRA5
Gamma-aminobutyric acid type A receptor subunit beta1	GABRB-1; GABRB1
Gamma-aminobutyric acid type A receptor subunit beta2	GABRB-2; GABRB2
Gamma-aminobutyric acid type A receptor subunit beta3	GABRB-3; GABRB3
Gamma-aminobutyric acid type A receptor subunit delta	GABRD
Gamma-aminobutyric acid type A receptor subunit gamma1	GABRG-1; GABRG1
Gamma-aminobutyric acid type A receptor subunit gamma2	GABRG-2; GABRG2
Gamma-aminobutyric acid type A receptor subunit theta	GABRQ
Gamma-aminobutyric acid type B receptor subunit 1	GABBR-1; GABBR1
Gamma-aminobutyric acid type B receptor subunit 2	GABBR-2; GABBR2
Gamma-butyrobetaine hydroxylase 1	BBOX-1; BBOX1; Gamma-butyrobetaine hydroxylase-1
Gamma-glutamyl carboxylase	GGCX
Gamma-glutamyl hydrolase	GGH
Gamma-glutamylamine cyclotransferase	GGACT
Gamma-glutamylcyclotransferase	GGCT
Gamma-glutamyltransferase 1	Gamma-glutamyltransferase-1; GGT-1; GGT1
Gamma-glutamyltransferase 5	Gamma-glutamyltransferase-5; GGT-5; GGT5
Gamma-glutamyltransferase 6	Gamma-glutamyltransferase-6; GGT-6; GGT6
Gamma-glutamyltransferase 7	Gamma-glutamyltransferase-7; GGT-7; GGT7
Gamma-glutamyltransferase light chain 2	GGTLC-2; GGTLC2
Gamma-secretase activating protein	GSAP
Ganglioside GM2 activator	GM2A
Ganglioside induced differentiation associated protein 1	GDAP-1; GDAP1
Ganglioside induced differentiation associated protein 2	GDAP-2; GDAP2
Gap junction protein alpha 1	GJA-1; GJA1
Gap junction protein alpha 3	GJA-3; GJA3
Gap junction protein alpha 4	GJA-4; GJA4
Gap junction protein alpha 5	GJA-5; GJA5
Gap junction protein alpha 8	GJA-8; GJA8
Gap junction protein beta 1	GJB-1; GJB1
Gap junction protein beta 2	GJB-2; GJB2
Gap junction protein beta 3	GJB-3; GJB3
Gap junction protein beta 4	GJB-4; GJB4
Gap junction protein beta 5	GJB-5; GJB5
Gap junction protein beta 6	GJB-6; GJB6
Gap junction protein delta 2	GJD-2; GJD2
Gap junction protein delta 3	GJD-3; GJD3
Gap junction protein gamma 1	GJC-1; GJC1
Gap junction protein gamma 2	GJC-2; GJC2
Gap junction protein gamma 3	GJC-3; GJC3
GAR1 ribonucleoprotein	GAR-1; GAR1
Gasdermin A	GSDMA
Gasdermin B	GSDMB
Gasdermin C	GSDMC
Gasdermin D	GSDMD
Gasdermin E	GSDME
Gastric inhibitory polypeptide	GIP
Gastric inhibitory polypeptide receptor	GIPR
Gastrin	GAST
Gastrin releasing peptide	GRP
Gastrokine 1	Gastrokine-1; GKN-1; GKN1
Gastrokine 2	Gastrokine-2; GKN-2; GKN2
Gastrulation brain homeobox 1	GBX-1; GBX1
GATA binding protein 1	GATA-1; GATA1
GATA binding protein 2	GATA-2; GATA2
GATA binding protein 3	GATA-3; GATA3
GATA binding protein 4	GATA-4; GATA4
GATA binding protein 5	GATA-5; GATA5
GATA binding protein 6	GATA-6; GATA6
GATA zinc finger domain containing 1	GATAD-1; GATAD1
GATA zinc finger domain containing 2A	GATAD2A
GATA zinc finger domain containing 2B	GATAD2B
GC vitamin D binding protein	GC
GC-rich promoter binding protein 1	GPBP-1; GPBP1
GC-rich promoter binding protein 1 like 1	GPBP1L1
GC-rich sequence DNA-binding factor 2	GCFC-2; GCFC2
GCN1 activator of EIF2AK4	GCN-1; GCN1
GDNF family receptor alpha 1	GFRA-1; GFRA1
GDNF family receptor alpha 2	GFRA-2; GFRA2
GDNF family receptor alpha 3	GFRA-3; GFRA3
GDNF family receptor alpha 4	GFRA-4; GFRA4
GDNF family receptor alpha like	GFRAL
GDNF inducible zinc finger protein 1	GZF-1; GZF1
GDP dissociation inhibitor 1	GDI-1; GDI1
GDP dissociation inhibitor 2	GDI-2; GDI2
GDP-D-glucose phosphorylase 1	GDP-D-glucose phosphorylase-1; GDPGP-1; GDPGP1
GDP-L-fucose synthase	GFUS
GDP-mannose 4,6-dehydratase	GMDS
GDP-mannose pyrophosphorylase A	GMPPA
GDP-mannose pyrophosphorylase B	GMPPB
Gelsolin	GSN
GEM interacting protein	GMIP
Gem nuclear organelle associated protein 2	GEMIN-2; GEMIN2
Gem nuclear organelle associated protein 4	GEMIN-4; GEMIN4
Gem nuclear organelle associated protein 5	GEMIN-5; GEMIN5
Gem nuclear organelle associated protein 6	GEMIN-6; GEMIN6
Gem nuclear organelle associated protein 7	GEMIN-7; GEMIN7
Gem nuclear organelle associated protein 8	GEMIN-8; GEMIN8
Geminin coiled-coil domain containing	GMNC
Geminin DNA replication inhibitor	GMNN
GEN1 Holliday junction 5' flap endonuclease	GEN-1; GEN1
General transcription factor IIA subunit 1	GTF2A1
General transcription factor IIA subunit 1 like	GTF2A1L
General transcription factor IIA subunit 2	GTF2A2
General transcription factor IIB	GTF2B
General transcription factor IIE subunit 1	GTF2E1
General transcription factor IIE subunit 2	GTF2E2
General transcription factor IIF subunit 1	GTF2F1
General transcription factor IIF subunit 2	GTF2F2
General transcription factor IIH subunit 1	GTF2H1
General transcription factor IIH subunit 2	GTF2H2
General transcription factor IIH subunit 3	GTF2H3
General transcription factor IIH subunit 4	GTF2H4
General transcription factor IIH subunit 5	GTF2H5
General transcription factor IIi	GTF2I
General transcription factor IIIA	GTF3A
General transcription factor IIIC subunit 1	GTF3C1
General transcription factor IIIC subunit 2	GTF3C2
General transcription factor IIIC subunit 3	GTF3C3
General transcription factor IIIC subunit 4	GTF3C4
General transcription factor IIIC subunit 5	GTF3C5
General transcription factor IIIC subunit 6	GTF3C6
Gephyrin	GPHN
Geranylgeranyl diphosphate synthase 1	GGPS-1; GGPS1
Germ cell associated 1	GSG-1; GSG1
Germ cell nuclear acidic peptidase	GCNA
Germ cell-less 1, spermatogenesis associated	GMCL-1; GMCL1
Germ cell-less 2, spermatogenesis associated	GMCL-2; GMCL2
Germinal center associated signaling and motility	GCSAM
Germinal center associated signaling and motility like	GCSAML
GH3 domain containing	GHDC
Ghrelin and obestatin prepropeptide	GHRL
GID complex subunit 4 homolog	GID-4; GID4
GID complex subunit 8 homolog	GID-8; GID8
Gigaxonin	GAN
GINS complex subunit 1	GINS-1; GINS1
GINS complex subunit 2	GINS-2; GINS2
GINS complex subunit 3	GINS-3; GINS3
GINS complex subunit 4	GINS-4; GINS4
GIPC PDZ domain containing family member 1	GIPC-1; GIPC1
GIPC PDZ domain containing family member 2	GIPC-2; GIPC2
GIPC PDZ domain containing family member 3	GIPC-3; GIPC3
GIT ArfGAP 1	GIT ArfGAP-1; GIT-1; GIT1
GIT ArfGAP 2	GIT ArfGAP-2; GIT-2; GIT2
GLE1 RNA export mediator	GLE-1; GLE1
GLI family zinc finger 1	GLI-1; GLI1
GLI family zinc finger 2	GLI-2; GLI2
GLI family zinc finger 3	GLI-3; GLI3
GLI family zinc finger 4	GLI-4; GLI4
GLI pathogenesis related 1	GLIPR-1; GLIPR1
GLI pathogenesis related 2	GLIPR-2; GLIPR2
Glia maturation factor beta	GMFB
Glia maturation factor gamma	GMFG
Glial cell derived neurotrophic factor	GDNF
Glial cells missing transcription factor 1	GCM-1; GCM1
Glial cells missing transcription factor 2	GCM-2; GCM2
Glial fibrillary acidic protein	GFAP
Gliomedin	GLDN
GLIPR1 like 1	GLIPR1 like-1; GLIPR1L1
GLIPR1 like 2	GLIPR1 like-2; GLIPR1L2
GLIS family zinc finger 1	GLIS-1; GLIS1
GLIS family zinc finger 2	GLIS-2; GLIS2
GLIS family zinc finger 3	GLIS-3; GLIS3
Globoside alpha-1,3-N-acetylgalactosaminyltransferase 1 (FORS blood group)	GBGT-1; GBGT1
Glomulin, FKBP associated protein	GLMN
Glucagon	GCG
Glucagon like peptide 1 receptor	GLP1R
Glucagon like peptide 2 receptor	GLP2R
Glucagon receptor	GCGR
Glucocorticoid induced 1	GLCCI-1; GLCCI1; Glucocorticoid induced-1
Glucocorticoid modulatory element binding protein 1	GMEB-1; GMEB1
Glucocorticoid modulatory element binding protein 2	GMEB-2; GMEB2
Glucokinase	GCK
Glucosamine (N-acetyl)-6-sulfatase	GNS
Glucosamine (UDP-N-acetyl)-2-epimerase/N-acetylmannosamine kinase	GNE
Glucosamine-6-phosphate deaminase 1	Glucosamine-6-phosphate deaminase-1; GNPDA-1; GNPDA1
Glucosamine-6-phosphate deaminase 2	Glucosamine-6-phosphate deaminase-2; GNPDA-2; GNPDA2
Glucosamine-phosphate N-acetyltransferase 1	Glucosamine-phosphate N-acetyltransferase-1; GNPNAT-1; GNPNAT1
Glucosaminyl (N-acetyl) transferase 1	GCNT-1; GCNT1
Glucosaminyl (N-acetyl) transferase 2 (I blood group)	GCNT-2; GCNT2
Glucose-6-phosphatase catalytic subunit 1	G6PC1
Glucose-6-phosphatase catalytic subunit 2	G6PC2
Glucose-6-phosphatase catalytic subunit 3	G6PC3
Glucose-6-phosphate dehydrogenase	G6PD
Glucose-6-phosphate isomerase	GPI
Glucose-fructose oxidoreductase domain containing 1	GFOD-1; GFOD1
Glucosidase II alpha subunit	GANAB
Glucoside xylosyltransferase 1	Glucoside xylosyltransferase-1; GXYLT-1; GXYLT1
Glucosylceramidase beta 1	GBA-1; GBA1; Glucosylceramidase beta-1
Glucosylceramidase beta 2	GBA-2; GBA2; Glucosylceramidase beta-2
Glucuronic acid epimerase	GLCE
Glucuronidase beta	GUSB
Glutamate decarboxylase 1	GAD-1; GAD1; Glutamate decarboxylase-1
Glutamate decarboxylase 2	GAD-2; GAD2; Glutamate decarboxylase-2
Glutamate decarboxylase like 1	GADL-1; GADL1
Glutamate dehydrogenase 1	GLUD-1; GLUD1; Glutamate dehydrogenase-1
Glutamate dehydrogenase 2	GLUD-2; GLUD2; Glutamate dehydrogenase-2
Glutamate ionotropic receptor AMPA type subunit 1	GRIA-1; GRIA1
Glutamate ionotropic receptor AMPA type subunit 2	GRIA-2; GRIA2
Glutamate ionotropic receptor AMPA type subunit 3	GRIA-3; GRIA3
Glutamate ionotropic receptor AMPA type subunit 4	GRIA-4; GRIA4
Glutamate ionotropic receptor delta type subunit 2	GRID-2; GRID2
Glutamate ionotropic receptor kainate type subunit 1	GRIK-1; GRIK1
Glutamate ionotropic receptor kainate type subunit 2	GRIK-2; GRIK2
Glutamate ionotropic receptor NMDA type subunit 1	GRIN-1; GRIN1
Glutamate ionotropic receptor NMDA type subunit 2A	GRIN2A
Glutamate ionotropic receptor NMDA type subunit 2B	GRIN2B
Glutamate ionotropic receptor NMDA type subunit 2C	GRIN2C
Glutamate ionotropic receptor NMDA type subunit 2D	GRIN2D
Glutamate ionotropic receptor NMDA type subunit 3A	GRIN3A
Glutamate ionotropic receptor NMDA type subunit associated protein 1	GRINA
Glutamate metabotropic receptor 1	GRM-1; GRM1
Glutamate metabotropic receptor 2	GRM-2; GRM2
Glutamate metabotropic receptor 3	GRM-3; GRM3
Glutamate metabotropic receptor 4	GRM-4; GRM4
Glutamate metabotropic receptor 5	GRM-5; GRM5
Glutamate metabotropic receptor 6	GRM-6; GRM6
Glutamate metabotropic receptor 7	GRM-7; GRM7
Glutamate metabotropic receptor 8	GRM-8; GRM8
Glutamate receptor interacting protein 1	GRIP-1; GRIP1
Glutamate receptor interacting protein 2	GRIP-2; GRIP2
Glutamate rich 1	ERICH-1; ERICH1; Glutamate rich-1
Glutamate rich 2	ERICH-2; ERICH2; Glutamate rich-2
Glutamate rich 3	ERICH-3; ERICH3; Glutamate rich-3
Glutamate rich 4	ERICH-4; ERICH4; Glutamate rich-4
Glutamate rich 5	ERICH-5; ERICH5; Glutamate rich-5
Glutamate rich WD repeat containing 1	GRWD-1; GRWD1
Glutamate-ammonia ligase	GLUL
Glutamate-cysteine ligase catalytic subunit	GCLC
Glutamate-cysteine ligase modifier subunit	GCLM
Glutamic--pyruvic transaminase	GPT
Glutamic--pyruvic transaminase 2	Glutamic--pyruvic transaminase-2; GPT-2; GPT2
Glutamic-oxaloacetic transaminase 1	Glutamic-oxaloacetic transaminase-1; GOT-1; GOT1
Glutamic-oxaloacetic transaminase 2	Glutamic-oxaloacetic transaminase-2; GOT-2; GOT2
Glutaminase	GLS
Glutaminase 2	GLS-2; GLS2; Glutaminase-2
Glutamine amidotransferase class 1 domain containing 1	GATD-1; GATD1
Glutamine amidotransferase class 1 domain containing 3	GATD-3; GATD3
Glutamine rich 1	Glutamine rich-1; QRICH-1; QRICH1
Glutamine rich 2	Glutamine rich-2; QRICH-2; QRICH2
Glutamine--fructose-6-phosphate transaminase 1	GFPT-1; GFPT1; Glutamine--fructose-6-phosphate transaminase-1
Glutamine-fructose-6-phosphate transaminase 2	GFPT-2; GFPT2; Glutamine-fructose-6-phosphate transaminase-2
Glutaminyl-peptide cyclotransferase	QPCT
Glutaminyl-peptide cyclotransferase like	QPCTL
Glutaminyl-tRNA amidotransferase subunit QRSL1	QRSL-1; QRSL1
Glutaminyl-tRNA synthetase 1	Glutaminyl-tRNA synthetase-1; QARS-1; QARS1
Glutamyl aminopeptidase	ENPEP
Glutamyl-prolyl-tRNA synthetase 1	EPRS-1; EPRS1; Glutamyl-prolyl-tRNA synthetase-1
Glutamyl-tRNA amidotransferase subunit B	GATB
Glutamyl-tRNA amidotransferase subunit C	GATC
Glutamyl-tRNA synthetase 2, mitochondrial	EARS-2; EARS2
Glutaredoxin	GLRX
Glutaredoxin 2	GLRX-2; GLRX2; Glutaredoxin-2
Glutaredoxin 3	GLRX-3; GLRX3; Glutaredoxin-3
Glutaredoxin 5	GLRX-5; GLRX5; Glutaredoxin-5
Glutaredoxin and cysteine rich domain containing 1	GRXCR-1; GRXCR1
Glutaryl-CoA dehydrogenase	GCDH
Glutathione peroxidase 1	Glutathione peroxidase-1; GPX-1; GPX1
Glutathione peroxidase 2	Glutathione peroxidase-2; GPX-2; GPX2
Glutathione peroxidase 3	Glutathione peroxidase-3; GPX-3; GPX3
Glutathione peroxidase 4	Glutathione peroxidase-4; GPX-4; GPX4
Glutathione peroxidase 5	Glutathione peroxidase-5; GPX-5; GPX5
Glutathione peroxidase 7	Glutathione peroxidase-7; GPX-7; GPX7
Glutathione peroxidase 8 (putative)	GPX-8; GPX8
Glutathione S-transferase alpha 1	GSTA-1; GSTA1
Glutathione S-transferase alpha 2	GSTA-2; GSTA2
Glutathione S-transferase alpha 3	GSTA-3; GSTA3
Glutathione S-transferase alpha 4	GSTA-4; GSTA4
Glutathione S-transferase alpha 5	GSTA-5; GSTA5
Glutathione S-transferase C-terminal domain containing	GSTCD
Glutathione S-transferase kappa 1	GSTK-1; GSTK1
Glutathione S-transferase mu 1	GSTM-1; GSTM1
Glutathione S-transferase mu 2	GSTM-2; GSTM2
Glutathione S-transferase mu 3	GSTM-3; GSTM3
Glutathione S-transferase mu 4	GSTM-4; GSTM4
Glutathione S-transferase mu 5	GSTM-5; GSTM5
Glutathione S-transferase omega 1	GSTO-1; GSTO1
Glutathione S-transferase omega 2	GSTO-2; GSTO2
Glutathione S-transferase pi 1	GSTP-1; GSTP1
Glutathione S-transferase theta 2B	GSTT2B
Glutathione S-transferase zeta 1	GSTZ-1; GSTZ1
Glutathione synthetase	GSS
Glutathione-disulfide reductase	GSR
Glyceraldehyde-3-phosphate dehydrogenase	GAPDH
Glyceraldehyde-3-phosphate dehydrogenase, spermatogenic	GAPDHS
Glycerate kinase	GLYCTK
Glycerol kinase	GK
Glycerol kinase 2	GK-2; GK2; Glycerol kinase-2
Glycerol-3-phosphate acyltransferase 3	Glycerol-3-phosphate acyltransferase-3; GPAT-3; GPAT3
Glycerol-3-phosphate acyltransferase 4	Glycerol-3-phosphate acyltransferase-4; GPAT-4; GPAT4
Glycerol-3-phosphate acyltransferase, mitochondrial	GPAM
Glycerol-3-phosphate dehydrogenase 1	Glycerol-3-phosphate dehydrogenase-1; GPD-1; GPD1
Glycerol-3-phosphate dehydrogenase 1 like	GPD1L
Glycerol-3-phosphate dehydrogenase 2	Glycerol-3-phosphate dehydrogenase-2; GPD-2; GPD2
Glyceronephosphate O-acyltransferase	GNPAT
Glycerophosphocholine phosphodiesterase 1	Glycerophosphocholine phosphodiesterase-1; GPCPD-1; GPCPD1
Glycerophosphodiester phosphodiesterase 1	GDE-1; GDE1; Glycerophosphodiester phosphodiesterase-1
Glycerophosphodiester phosphodiesterase domain containing 1	GDPD-1; GDPD1
Glycerophosphodiester phosphodiesterase domain containing 3	GDPD-3; GDPD3
Glycerophosphodiester phosphodiesterase domain containing 5	GDPD-5; GDPD5
Glycine amidinotransferase	GATM
Glycine C-acetyltransferase	GCAT
Glycine cleavage system protein H	GCSH
Glycine decarboxylase	GLDC
Glycine N-methyltransferase	GNMT
Glycine receptor alpha 1	GLRA-1; GLRA1
Glycine receptor alpha 2	GLRA-2; GLRA2
Glycine receptor alpha 3	GLRA-3; GLRA3
Glycine receptor beta	GLRB
Glycine-N-acyltransferase	GLYAT
Glycine-N-acyltransferase like 1	GLYATL-1; GLYATL1; Glycine-N-acyltransferase like-1
Glycine-N-acyltransferase like 2	GLYATL-2; GLYATL2; Glycine-N-acyltransferase like-2
Glycogen phosphorylase B	PYGB
Glycogen phosphorylase L	PYGL
Glycogen phosphorylase, muscle associated	PYGM
Glycogen synthase 1	Glycogen synthase-1; GYS-1; GYS1
Glycogen synthase 2	Glycogen synthase-2; GYS-2; GYS2
Glycogen synthase kinase 3 alpha	GSK3A
Glycogen synthase kinase 3 beta	GSK3B
Glycogenin 1	Glycogenin-1; GYG-1; GYG1
Glycogenin 2	Glycogenin-2; GYG-2; GYG2
Glycolipid transfer protein	GLTP
Glycolipid transfer protein domain containing 2	GLTPD-2; GLTPD2
Glycophorin A (MNS blood group)	GYPA
Glycophorin B (MNS blood group)	GYPB
Glycophorin C (Gerbich blood group)	GYPC
Glycoprotein 2	Glycoprotein-2; GP-2; GP2
Glycoprotein A33	GPA-33; GPA33
Glycoprotein alpha-galactosyltransferase 1 (inactive)	GGTA-1; GGTA1
Glycoprotein hormone subunit alpha 2	GPHA-2; GPHA2
Glycoprotein hormone subunit beta 5	GPHB-5; GPHB5
Glycoprotein hormones, alpha polypeptide	CGA
Glycoprotein Ib platelet subunit alpha	GP1BA
Glycoprotein Ib platelet subunit beta	GP1BB
Glycoprotein IX platelet	GP-9; GP9
Glycoprotein M6A	GPM6A
Glycoprotein M6B	GPM6B
Glycoprotein nmb	GPNMB
Glycoprotein V platelet	GP-5; GP5
Glycoprotein VI platelet	GP-6; GP6
Glycosylated integral membrane protein 1	GINM-1; GINM1
Glycosylated lysosomal membrane protein	GLMP
Glycosylphosphatidylinositol anchor attachment 1	GPAA-1; GPAA1
Glycosylphosphatidylinositol anchored high density lipoprotein binding protein 1	GPIHBP-1; GPIHBP1
Glycosylphosphatidylinositol specific phospholipase D1	GPLD-1; GPLD1
Glycosyltransferase 8 domain containing 1	GLT8D1
Glycyl-tRNA synthetase 1	GARS-1; GARS1; Glycyl-tRNA synthetase-1
Glyoxalase domain containing 4	GLOD-4; GLOD4
Glyoxalase domain containing 5	GLOD-5; GLOD5
Glyoxalase I	GLO-1; GLO1
Glyoxylate and hydroxypyruvate reductase	GRHPR
Glyoxylate reductase 1 homolog	GLYR-1; GLYR1
Glypican 1	Glypican-1; GPC-1; GPC1
Glypican 2	Glypican-2; GPC-2; GPC2
Glypican 3	Glypican-3; GPC-3; GPC3
Glypican 4	Glypican-4; GPC-4; GPC4
Glypican 5	Glypican-5; GPC-5; GPC5
Glypican 6	Glypican-6; GPC-6; GPC6
GNAS complex locus	GNAS
Golgi associated kinase 1A	GASK1A
Golgi associated PDZ and coiled-coil motif containing	GOPC
Golgi associated RAB2 interactor 1A	GARIN1A
Golgi associated RAB2 interactor 1B	GARIN1B
Golgi associated RAB2 interactor family member 2	GARIN-2; GARIN2
Golgi associated RAB2 interactor family member 4	GARIN-4; GARIN4
Golgi associated RAB2 interactor family member 6	GARIN-6; GARIN6
Golgi associated RAB2B interactor family member 3	GARIN-3; GARIN3
Golgi associated, gamma adaptin ear containing, ARF binding protein 1	GGA-1; GGA1
Golgi associated, gamma adaptin ear containing, ARF binding protein 2	GGA-2; GGA2
Golgi associated, gamma adaptin ear containing, ARF binding protein 3	GGA-3; GGA3
Golgi brefeldin A resistant guanine nucleotide exchange factor 1	GBF-1; GBF1
Golgi glycoprotein 1	GLG-1; GLG1; Golgi glycoprotein-1
Golgi integral membrane protein 4	GOLIM-4; GOLIM4
Golgi membrane protein 1	GOLM-1; GOLM1
Golgi membrane protein 2	GOLM-2; GOLM2
Golgi phosphoprotein 3	Golgi phosphoprotein-3; GOLPH-3; GOLPH3
Golgi phosphoprotein 3 like	GOLPH3L
Golgi reassembly stacking protein 1	GORASP-1; GORASP1
Golgi reassembly stacking protein 2	GORASP-2; GORASP2
Golgi SNAP receptor complex member 1	GOSR-1; GOSR1
Golgi SNAP receptor complex member 2	GOSR-2; GOSR2
Golgi transport 1A	GOLT1A
Golgi transport 1B	GOLT1B
Golgin A1	GOLGA-1; GOLGA1
Golgin A2	GOLGA-2; GOLGA2
Golgin A3	GOLGA-3; GOLGA3
Golgin A4	GOLGA-4; GOLGA4
Golgin A5	GOLGA-5; GOLGA5
Golgin A6 family like 2	GOLGA6L2
Golgin A6 family like 9	GOLGA6L9
Golgin A6 family member A	GOLGA6A
Golgin A7	GOLGA-7; GOLGA7
Golgin A7 family member B	GOLGA7B
Golgin A8 family member O	GOLGA8O
Golgin B1	GOLGB-1; GOLGB1
Golgin, RAB6 interacting	GORAB
Gon-4 like	GON4L
GON7 subunit of KEOPS complex	GON-7; GON7
Gonadotropin releasing hormone 1	GNRH-1; GNRH1
Gonadotropin releasing hormone receptor	GNRHR
Goosecoid homeobox	GSC
Goosecoid homeobox 2	Goosecoid homeobox-2; GSC-2; GSC2
GPALPP motifs containing 1	GPALPP-1; GPALPP1
GPN-loop GTPase 1	GPN-1; GPN-loop GTPase-1; GPN1
GPN-loop GTPase 2	GPN-2; GPN-loop GTPase-2; GPN2
GPN-loop GTPase 3	GPN-3; GPN-loop GTPase-3; GPN3
Grainyhead like transcription factor 1	GRHL-1; GRHL1
Grainyhead like transcription factor 2	GRHL-2; GRHL2
Grainyhead like transcription factor 3	GRHL-3; GRHL3
GRAM domain containing 1A	GRAMD1A
GRAM domain containing 1B	GRAMD1B
GRAM domain containing 1C	GRAMD1C
GRAM domain containing 2A	GRAMD2A
GRAM domain containing 2B	GRAMD2B
GRAM domain containing 4	GRAMD-4; GRAMD4
Grancalcin	GCA
Granule associated Rac and RHOG effector 1	GARRE-1; GARRE1
Granulin precursor	GRN
Granulysin	GNLY
Granzyme A	GZMA
Granzyme B	GZMB
Granzyme H	GZMH
Granzyme K	GZMK
Granzyme M	GZMM
GRB10 interacting GYF protein 1	GIGYF-1; GIGYF1
GRB10 interacting GYF protein 2	GIGYF-2; GIGYF2
GRB2 associated binding protein 1	GAB-1; GAB1
GRB2 associated binding protein 2	GAB-2; GAB2
GRB2 associated binding protein 3	GAB-3; GAB3
GRB2 associated regulator of MAPK1 subtype 1	GAREM-1; GAREM1
GRB2 associated regulator of MAPK1 subtype 2	GAREM-2; GAREM2
GRB2 binding adaptor protein, transmembrane	GAPT
GRB2 related adaptor protein	GRAP
GRB2 related adaptor protein 2	GRAP-2; GRAP2
GRB2 related adaptor protein like	GRAPL
GREB1 like retinoic acid receptor coactivator	GREB1L
Gremlin 1, DAN family BMP antagonist	GREM-1; GREM1
Gremlin 2, DAN family BMP antagonist	GREM-2; GREM2
GRIP and coiled-coil domain containing 1	GCC-1; GCC1
GRIP and coiled-coil domain containing 2	GCC-2; GCC2
GRIP1 associated protein 1	GRIPAP-1; GRIPAP1
Growth arrest and DNA damage inducible alpha	GADD45A
Growth arrest and DNA damage inducible beta	GADD45B
Growth arrest and DNA damage inducible gamma	GADD45G
Growth arrest specific 1	GAS-1; GAS1
Growth arrest specific 2	GAS-2; GAS2
Growth arrest specific 2 like 1	GAS2L1
Growth arrest specific 2 like 2	GAS2L2
Growth arrest specific 2 like 3	GAS2L3
Growth arrest specific 6	GAS-6; GAS6
Growth arrest specific 7	GAS-7; GAS7
Growth arrest specific 8	GAS-8; GAS8
Growth associated protein 43	GAP-43; GAP43
Growth differentiation factor 1	GDF-1; GDF1
Growth differentiation factor 11	GDF-11; GDF11
Growth differentiation factor 15	GDF-15; GDF15
Growth differentiation factor 2	GDF-2; GDF2
Growth differentiation factor 3	GDF-3; GDF3
Growth differentiation factor 5	GDF-5; GDF5
Growth differentiation factor 6	GDF-6; GDF6
Growth differentiation factor 9	GDF-9; GDF9
Growth factor independent 1 transcriptional repressor	GFI-1; GFI1
Growth factor independent 1B transcriptional repressor	GFI1B
Growth factor receptor bound protein 10	GRB-10; GRB10
Growth factor receptor bound protein 14	GRB-14; GRB14
Growth factor receptor bound protein 2	GRB-2; GRB2
Growth factor receptor bound protein 7	GRB-7; GRB7
Growth factor, augmenter of liver regeneration	GFER
Growth hormone 1	GH-1; GH1; Growth hormone-1
Growth hormone 2	GH-2; GH2; Growth hormone-2
Growth hormone inducible transmembrane protein	GHITM
Growth hormone receptor	GHR
Growth hormone regulated TBC protein 1	GRTP-1; GRTP1
Growth hormone releasing hormone	GHRH
Growth hormone releasing hormone receptor	GHRHR
Growth hormone secretagogue receptor	GHSR
GrpE like 1, mitochondrial	GRPEL-1; GRPEL1
GrpE like 2, mitochondrial	GRPEL-2; GRPEL2
GS homeobox 1	GS homeobox-1; GSX-1; GSX1
GS homeobox 2	GS homeobox-2; GSX-2; GSX2
Gse1 coiled-coil protein	GSE-1; GSE1
GSG1 like	GSG1L
GSK3B interacting protein	GSKIP
GTF2H2 family member C	GTF2H2C
GTF2I repeat domain containing 1	GTF2IRD1
GTF2I repeat domain containing 2	GTF2IRD2
GTF2I repeat domain containing 2B	GTF2IRD2B
GTP binding elongation factor GUF1	GUF-1; GUF1
GTP binding protein 1	GTPBP-1; GTPBP1
GTP binding protein 10	GTPBP-10; GTPBP10
GTP binding protein 2	GTPBP-2; GTPBP2
GTP binding protein 3, mitochondrial	GTPBP-3; GTPBP3
GTP binding protein 4	GTPBP-4; GTPBP4
GTP binding protein 6 (putative)	GTPBP-6; GTPBP6
GTP binding protein 8 (putative)	GTPBP-8; GTPBP8
GTP binding protein overexpressed in skeletal muscle	GEM
GTP cyclohydrolase 1	GCH-1; GCH1; GTP cyclohydrolase-1
GTP cyclohydrolase I feedback regulator	GCHFR
GTP dependent ribosome recycling factor mitochondrial 2	GFM-2; GFM2
GTPase activating protein and VPS9 domains 1	GAPVD-1; GAPVD1
GTPase, IMAP family member 1	GIMAP-1; GIMAP1
GTPase, IMAP family member 2	GIMAP-2; GIMAP2
GTPase, IMAP family member 4	GIMAP-4; GIMAP4
GTPase, IMAP family member 5	GIMAP-5; GIMAP5
GTPase, IMAP family member 7	GIMAP-7; GIMAP7
Guanidinoacetate N-methyltransferase	GAMT
Guanine deaminase	GDA
Guanine monophosphate synthase	GMPS
Guanosine monophosphate reductase	GMPR
Guanosine monophosphate reductase 2	GMPR-2; GMPR2
Guanylate binding protein 1	GBP-1; GBP1
Guanylate binding protein 2	GBP-2; GBP2
Guanylate binding protein 3	GBP-3; GBP3
Guanylate binding protein 4	GBP-4; GBP4
Guanylate binding protein 5	GBP-5; GBP5
Guanylate binding protein 7	GBP-7; GBP7
Guanylate cyclase 1 soluble subunit alpha 1	GUCY1A1
Guanylate cyclase 1 soluble subunit alpha 2	GUCY1A2
Guanylate cyclase 1 soluble subunit beta 1	GUCY1B1
Guanylate cyclase 2C	GUCY2C
Guanylate cyclase 2D, retinal	GUCY2D
Guanylate cyclase 2F, retinal	GUCY2F
Guanylate cyclase activator 1A	GUCA1A
Guanylate cyclase activator 1B	GUCA1B
Guanylate cyclase activator 1C	GUCA1C
Guanylate cyclase activator 2A	GUCA2A
Guanylate cyclase activator 2B	GUCA2B
Guanylate kinase 1	Guanylate kinase-1; GUK-1; GUK1
Guanylyl cyclase domain containing 1	GUCD-1; GUCD1
Guided entry of tail-anchored proteins factor 1	GET-1; GET1
Guided entry of tail-anchored proteins factor 3, ATPase	GET-3; GET3
Guided entry of tail-anchored proteins factor 4	GET-4; GET4
GULP PTB domain containing engulfment adaptor 1	GULP-1; GULP1
Gypsy retrotransposon integrase 1	GIN-1; GIN1
H1.0 linker histone	H1-0
H1.1 linker histone, cluster member	H1-1
H1.10 linker histone	H1-10
H1.2 linker histone, cluster member	H1-2
H1.3 linker histone, cluster member	H1-3
H1.4 linker histone, cluster member	H1-4
H1.5 linker histone, cluster member	H1-5
H1.7 linker histone	H1-7
H2.0 like homeobox	HLX
H2A clustered histone 1	H2AC1
H2A clustered histone 11	H2AC11
H2A clustered histone 12	H2AC12
H2A clustered histone 13	H2AC13
H2A clustered histone 14	H2AC14
H2A clustered histone 15	H2AC15
H2A clustered histone 16	H2AC16
H2A clustered histone 17	H2AC17
H2A clustered histone 18	H2AC18
H2A clustered histone 19	H2AC19
H2A clustered histone 20	H2AC20
H2A clustered histone 21	H2AC21
H2A clustered histone 25	H2AC25
H2A clustered histone 4	H2AC4
H2A clustered histone 6	H2AC6
H2A clustered histone 7	H2AC7
H2A clustered histone 8	H2AC8
H2A.B variant histone 1	H2AB1
H2A.B variant histone 2	H2AB2
H2A.B variant histone 3	H2AB3
H2A.J histone	H2AJ
H2A.P histone	H2AP
H2A.X variant histone	H2AX
H2A.Z variant histone 1	H2AZ1
H2A.Z variant histone 2	H2AZ2
H2B clustered histone 1	H2BC1
H2B clustered histone 10	H2BC10
H2B clustered histone 11	H2BC11
H2B clustered histone 12	H2BC12
H2B clustered histone 12 like	H2BC12L
H2B clustered histone 13	H2BC13
H2B clustered histone 14	H2BC14
H2B clustered histone 15	H2BC15
H2B clustered histone 17	H2BC17
H2B clustered histone 18	H2BC18
H2B clustered histone 21	H2BC21
H2B clustered histone 26	H2BC26
H2B clustered histone 3	H2BC3
H2B clustered histone 4	H2BC4
H2B clustered histone 5	H2BC5
H2B clustered histone 6	H2BC6
H2B clustered histone 7	H2BC7
H2B clustered histone 8	H2BC8
H2B clustered histone 9	H2BC9
H2B.W histone 1	H2B.W histone-1; H2BW1
H2B.W histone 2	H2B.W histone-2; H2BW2
H3 clustered histone 1	H3C1
H3 clustered histone 10	H3C10
H3 clustered histone 11	H3C11
H3 clustered histone 12	H3C12
H3 clustered histone 13	H3C13
H3 clustered histone 14	H3C14
H3 clustered histone 15	H3C15
H3 clustered histone 2	H3C2
H3 clustered histone 3	H3C3
H3 clustered histone 4	H3C4
H3 clustered histone 6	H3C6
H3 clustered histone 7	H3C7
H3 clustered histone 8	H3C8
H3.3 histone A	H3-3A
H3.3 histone B	H3-3B
H3.4 histone, cluster member	H3-4
H3.5 histone	H3-5
H3.7 histone (putative)	H3-7
H3.Y histone 1	H3.Y histone-1; H3Y1
H4 clustered histone 1	H4C1
H4 clustered histone 11	H4C11
H4 clustered histone 12	H4C12
H4 clustered histone 13	H4C13
H4 clustered histone 14	H4C14
H4 clustered histone 15	H4C15
H4 clustered histone 2	H4C2
H4 clustered histone 3	H4C3
H4 clustered histone 4	H4C4
H4 clustered histone 5	H4C5
H4 clustered histone 6	H4C6
H4 clustered histone 7	H4C7
H4 clustered histone 8	H4C8
H4 clustered histone 9	H4C9
H4 histone 16	H4 histone-16; H4C16
H6 family homeobox 3	HMX-3; HMX3
Haloacid dehalogenase like hydrolase domain containing 2	HDHD-2; HDHD2
Haloacid dehalogenase like hydrolase domain containing 3	HDHD-3; HDHD3
Haloacid dehalogenase like hydrolase domain containing 5	HDHD-5; HDHD5
Haptoglobin	HP
Harakiri, BCL2 interacting protein	HRK
Harbinger transposase derived 1	HARBI-1; HARBI1
HAUS augmin like complex subunit 1	HAUS-1; HAUS1
HAUS augmin like complex subunit 2	HAUS-2; HAUS2
HAUS augmin like complex subunit 3	HAUS-3; HAUS3
HAUS augmin like complex subunit 4	HAUS-4; HAUS4
HAUS augmin like complex subunit 5	HAUS-5; HAUS5
HAUS augmin like complex subunit 6	HAUS-6; HAUS6
HAUS augmin like complex subunit 7	HAUS-7; HAUS7
HAUS augmin like complex subunit 8	HAUS-8; HAUS8
HBS1 like translational GTPase	HBS1L
HCK proto-oncogene, Src family tyrosine kinase	HCK
HCLS1 associated protein X-1	HAX-1; HAX1
HCLS1 binding protein 3	HS1BP3
HD domain containing 2	HDDC-2; HDDC2
HD domain containing 3	HDDC-3; HDDC3
Hdc homolog, cell cycle regulator	HECA
HDGF like 2	HDGF like-2; HDGFL-2; HDGFL2
HDGF like 3	HDGF like-3; HDGFL-3; HDGFL3
Heart and neural crest derivatives expressed 1	HAND-1; HAND1
Heart and neural crest derivatives expressed 2	HAND-2; HAND2
Heart development protein with EGF like domains 1	HEG-1; HEG1
HEAT repeat containing 1	HEATR-1; HEATR1
HEAT repeat containing 3	HEATR-3; HEATR3
HEAT repeat containing 5A	HEATR5A
HEAT repeat containing 5B	HEATR5B
HEAT repeat containing 6	HEATR-6; HEATR6
HEAT repeat containing 9	HEATR-9; HEATR9
Heat shock factor binding protein 1	HSBP-1; HSBP1
Heat shock factor binding protein 1 like 1	HSBP1L1
Heat shock protein 90 alpha family class A member 1	HSP90AA1
Heat shock protein 90 alpha family class B member 1	HSP90AB1
Heat shock protein 90 beta family member 1	HSP90B1
Heat shock protein family A (Hsp70) member 1 like	HSPA1L
Heat shock protein family A (Hsp70) member 12A	HSPA12A
Heat shock protein family A (Hsp70) member 12B	HSPA12B
Heat shock protein family A (Hsp70) member 13	HSPA-13; HSPA13
Heat shock protein family A (Hsp70) member 14	HSPA-14; HSPA14
Heat shock protein family A (Hsp70) member 1A	HSPA1A
Heat shock protein family A (Hsp70) member 1B	HSPA1B
Heat shock protein family A (Hsp70) member 2	HSPA-2; HSPA2
Heat shock protein family A (Hsp70) member 4	HSPA-4; HSPA4
Heat shock protein family A (Hsp70) member 4 like	HSPA4L
Heat shock protein family A (Hsp70) member 5	HSPA-5; HSPA5
Heat shock protein family A (Hsp70) member 6	HSPA-6; HSPA6
Heat shock protein family A (Hsp70) member 8	HSPA-8; HSPA8
Heat shock protein family A (Hsp70) member 9	HSPA-9; HSPA9
Heat shock protein family B (small) member 1	HSPB-1; HSPB1
Heat shock protein family B (small) member 11	HSPB-11; HSPB11
Heat shock protein family B (small) member 2	HSPB-2; HSPB2
Heat shock protein family B (small) member 3	HSPB-3; HSPB3
Heat shock protein family B (small) member 6	HSPB-6; HSPB6
Heat shock protein family B (small) member 7	HSPB-7; HSPB7
Heat shock protein family B (small) member 8	HSPB-8; HSPB8
Heat shock protein family B (small) member 9	HSPB-9; HSPB9
Heat shock protein family D (Hsp60) member 1	HSPD-1; HSPD1
Heat shock protein family E (Hsp10) member 1	HSPE-1; HSPE1
Heat shock protein family H (Hsp110) member 1	HSPH-1; HSPH1
Heat shock protein nuclear import factor hikeshi	HIKESHI
Heat shock transcription factor 1	HSF-1; HSF1
Heat shock transcription factor 2	HSF-2; HSF2
Heat shock transcription factor 2 binding protein	HSF2BP
Heat shock transcription factor 4	HSF-4; HSF4
Heat shock transcription factor family, X-linked 1	HSFX-1; HSFX1
Heat shock transcription factor family, X-linked 2	HSFX-2; HSFX2
Heat shock transcription factor Y-linked 1	HSFY-1; HSFY1
Heat shock transcription factor Y-linked 2	HSFY-2; HSFY2
HECT and RLD domain containing E3 ubiquitin protein ligase 2	HERC-2; HERC2
HECT and RLD domain containing E3 ubiquitin protein ligase 3	HERC-3; HERC3
HECT and RLD domain containing E3 ubiquitin protein ligase 4	HERC-4; HERC4
HECT and RLD domain containing E3 ubiquitin protein ligase 5	HERC-5; HERC5
HECT and RLD domain containing E3 ubiquitin protein ligase family member 1	HERC-1; HERC1
HECT and RLD domain containing E3 ubiquitin protein ligase family member 6	HERC-6; HERC6
HECT domain and ankyrin repeat containing E3 ubiquitin protein ligase 1	HACE-1; HACE1
HECT domain E3 ubiquitin protein ligase 1	HECTD-1; HECTD1
HECT domain E3 ubiquitin protein ligase 2	HECTD-2; HECTD2
HECT domain E3 ubiquitin protein ligase 3	HECTD-3; HECTD3
HECT, C2 and WW domain containing E3 ubiquitin protein ligase 1	HECW-1; HECW1
HECT, C2 and WW domain containing E3 ubiquitin protein ligase 2	HECW-2; HECW2
HECT, UBA and WWE domain containing E3 ubiquitin protein ligase 1	HUWE-1; HUWE1
Hedgehog acyltransferase	HHAT
Hedgehog acyltransferase like	HHATL
Hedgehog interacting protein	HHIP
Helicase for meiosis 1	HFM-1; HFM1
Helicase like transcription factor	HLTF
Helicase with zinc finger	HELZ
Helicase with zinc finger 2	HELZ-2; HELZ2
Helicase, lymphoid specific	HELLS
Helicase, POLQ like	HELQ
Hematopoietic cell signal transducer	HCST
Hematopoietic cell-specific Lyn substrate 1	HCLS-1; HCLS1
Hematopoietic prostaglandin D synthase	HPGDS
Hematopoietic SH2 domain containing	HSH2D
Hematopoietically expressed homeobox	HHEX
Heme binding protein 1	HEBP-1; HEBP1
Heme binding protein 2	HEBP-2; HEBP2
Heme oxygenase 1	Heme oxygenase-1; HMOX-1; HMOX1
Heme oxygenase 2	Heme oxygenase-2; HMOX-2; HMOX2
Hemicentin 1	Hemicentin-1; HMCN-1; HMCN1
HemK methyltransferase family member 1	HEMK-1; HEMK1
Hemogen	HEMGN
Hemoglobin subunit alpha 1	HBA-1; HBA1
Hemoglobin subunit alpha 2	HBA-2; HBA2
Hemoglobin subunit beta	HBB
Hemoglobin subunit delta	HBD
Hemoglobin subunit epsilon 1	HBE-1; HBE1
Hemoglobin subunit gamma 1	HBG-1; HBG1
Hemoglobin subunit gamma 2	HBG-2; HBG2
Hemoglobin subunit mu	HBM
Hemoglobin subunit theta 1	HBQ-1; HBQ1
Hemoglobin subunit zeta	HBZ
Hemojuvelin BMP co-receptor	HJV
Hemopexin	HPX
HEN methyltransferase 1	HEN methyltransferase-1; HENMT-1; HENMT1
HEPACAM family member 2	HEPACAM-2; HEPACAM2
Heparan sulfate 2-O-sulfotransferase 1	HS2ST1
Heparan sulfate 6-O-sulfotransferase 1	HS6ST1
Heparan sulfate 6-O-sulfotransferase 2	HS6ST2
Heparan sulfate proteoglycan 2	HSPG-2; HSPG2
Heparan sulfate-glucosamine 3-sulfotransferase 1	HS3ST1
Heparan sulfate-glucosamine 3-sulfotransferase 2	HS3ST2
Heparan sulfate-glucosamine 3-sulfotransferase 3A1	HS3ST3A1
Heparan sulfate-glucosamine 3-sulfotransferase 3B1	HS3ST3B1
Heparan sulfate-glucosamine 3-sulfotransferase 5	HS3ST5
Heparan sulfate-glucosamine 3-sulfotransferase 6	HS3ST6
Heparan-alpha-glucosaminide N-acetyltransferase	HGSNAT
Heparanase	HPSE
Heparanase 2 (inactive)	HPSE-2; HPSE2
Heparin binding EGF like growth factor	HBEGF
Heparin binding growth factor	HDGF
Hepatic and glial cell adhesion molecule	HEPACAM
Hepatitis A virus cellular receptor 1	HAVCR-1; HAVCR1
Hepatitis A virus cellular receptor 2	HAVCR-2; HAVCR2
Hepatocyte growth factor	HGF
Hepatocyte growth factor-regulated tyrosine kinase substrate	HGS
Hepatocyte nuclear factor 4 alpha	HNF4A
Hepatocyte nuclear factor 4 gamma	HNF4G
Hepcidin antimicrobial peptide	HAMP
Hephaestin	HEPH
Hephaestin like 1	Hephaestin like-1; HEPHL-1; HEPHL1
Hepsin	HPN
HERPUD family member 2	HERPUD-2; HERPUD2
HERV-H LTR-associating 2	HERV-H LTR-associating-2; HHLA-2; HHLA2
Hes family bHLH transcription factor 1	HES-1; HES1
Hes family bHLH transcription factor 4	HES-4; HES4
Hes family bHLH transcription factor 6	HES-6; HES6
Hes family bHLH transcription factor 7	HES-7; HES7
Hes related family bHLH transcription factor with YRPW motif 1	HEY-1; HEY1
Hes related family bHLH transcription factor with YRPW motif 2	HEY-2; HEY2
Hes related family bHLH transcription factor with YRPW motif like	HEYL
HESX homeobox 1	HESX homeobox-1; HESX-1; HESX1
Heterochromatin protein 1 binding protein 3	HP1BP3
Heterogeneous nuclear ribonucleoprotein A/B	HNRNPAB
Heterogeneous nuclear ribonucleoprotein A0	HNRNPA-0; HNRNPA0
Heterogeneous nuclear ribonucleoprotein A1	HNRNPA-1; HNRNPA1
Heterogeneous nuclear ribonucleoprotein A2/B1	HNRNPA2B1
Heterogeneous nuclear ribonucleoprotein A3	HNRNPA-3; HNRNPA3
Heterogeneous nuclear ribonucleoprotein C	HNRNPC
Heterogeneous nuclear ribonucleoprotein C like 1	HNRNPCL-1; HNRNPCL1
Heterogeneous nuclear ribonucleoprotein C like 2	HNRNPCL-2; HNRNPCL2
Heterogeneous nuclear ribonucleoprotein D	HNRNPD
Heterogeneous nuclear ribonucleoprotein D like	HNRNPDL
Heterogeneous nuclear ribonucleoprotein F	HNRNPF
Heterogeneous nuclear ribonucleoprotein H1	HNRNPH-1; HNRNPH1
Heterogeneous nuclear ribonucleoprotein H2	HNRNPH-2; HNRNPH2
Heterogeneous nuclear ribonucleoprotein H3	HNRNPH-3; HNRNPH3
Heterogeneous nuclear ribonucleoprotein K	HNRNPK
Heterogeneous nuclear ribonucleoprotein L	HNRNPL
Heterogeneous nuclear ribonucleoprotein L like	HNRNPLL
Heterogeneous nuclear ribonucleoprotein M	HNRNPM
Heterogeneous nuclear ribonucleoprotein R	HNRNPR
Heterogeneous nuclear ribonucleoprotein U	HNRNPU
Heterogeneous nuclear ribonucleoprotein U like 1	HNRNPUL-1; HNRNPUL1
Heterogeneous nuclear ribonucleoprotein U like 2	HNRNPUL-2; HNRNPUL2
HEXIM P-TEFb complex subunit 1	HEXIM-1; HEXIM1
HEXIM P-TEFb complex subunit 2	HEXIM-2; HEXIM2
Hexokinase 1	Hexokinase-1; HK-1; HK1
Hexokinase 2	Hexokinase-2; HK-2; HK2
Hexokinase 3	Hexokinase-3; HK-3; HK3
Hexokinase domain containing 1	HKDC-1; HKDC1
Hexosaminidase D	HEXD
Hexosaminidase subunit alpha	HEXA
Hexosaminidase subunit beta	HEXB
Hexose-6-phosphate dehydrogenase/glucose 1-dehydrogenase	H6PD
HGF activator	HGFAC
HGH1 homolog	HGH-1; HGH1
HHIP like 1	HHIP like-1; HHIPL-1; HHIPL1
HHIP like 2	HHIP like-2; HHIPL-2; HHIPL2
HIC ZBTB transcriptional repressor 1	HIC-1; HIC1
HIC ZBTB transcriptional repressor 2	HIC-2; HIC2
HID1 domain containing	HID-1; HID1
HIG1 hypoxia inducible domain family member 1A	HIGD1A
HIG1 hypoxia inducible domain family member 1B	HIGD1B
HIG1 hypoxia inducible domain family member 1C	HIGD1C
HIG1 hypoxia inducible domain family member 2A	HIGD2A
High density lipoprotein binding protein	HDLBP
High mobility group 20A	HMG20A
High mobility group 20B	HMG20B
High mobility group AT-hook 1	HMGA-1; HMGA1
High mobility group AT-hook 2	HMGA-2; HMGA2
High mobility group box 1	HMGB-1; HMGB1
High mobility group box 2	HMGB-2; HMGB2
High mobility group box 3	HMGB-3; HMGB3
High mobility group box 4	HMGB-4; HMGB4
High mobility group nucleosomal binding domain 2	HMGN-2; HMGN2
High mobility group nucleosomal binding domain 3	HMGN-3; HMGN3
High mobility group nucleosomal binding domain 4	HMGN-4; HMGN4
High mobility group nucleosome binding domain 1	HMGN-1; HMGN1
High mobility group nucleosome binding domain 5	HMGN-5; HMGN5
Highly divergent homeobox	HDX
Hippocalcin	HPCA
Hippocalcin like 1	Hippocalcin like-1; HPCAL-1; HPCAL1
Hippocalcin like 4	Hippocalcin like-4; HPCAL-4; HPCAL4
HIRA interacting protein 3	HIRIP-3; HIRIP3
Histamine N-methyltransferase	HNMT
Histamine receptor H1	HRH-1; HRH1
Histamine receptor H2	HRH-2; HRH2
Histamine receptor H3	HRH-3; HRH3
Histamine receptor H4	HRH-4; HRH4
Histatin 1	Histatin-1; HTN-1; HTN1
Histatin 3	Histatin-3; HTN-3; HTN3
Histidine ammonia-lyase	HAL
Histidine decarboxylase	HDC
Histidine rich calcium binding protein	HRC
Histidine rich glycoprotein	HRG
Histidine triad nucleotide binding protein 1	HINT-1; HINT1
Histidine triad nucleotide binding protein 2	HINT-2; HINT2
Histidine triad nucleotide binding protein 3	HINT-3; HINT3
Histidyl-tRNA synthetase 1	HARS-1; HARS1; Histidyl-tRNA synthetase-1
Histidyl-tRNA synthetase 2, mitochondrial	HARS-2; HARS2
Histocompatibility minor 13	Histocompatibility minor-13; HM-13; HM13
Histocompatibility minor HB-1	HMHB-1; HMHB1
Histocompatibility minor serpin domain containing	HMSD
Histone acetyltransferase 1	HAT-1; HAT1; Histone acetyltransferase-1
Histone cell cycle regulator	HIRA
Histone deacetylase 1	HDAC-1; HDAC1; Histone deacetylase-1
Histone deacetylase 10	HDAC-10; HDAC10; Histone deacetylase-10
Histone deacetylase 11	HDAC-11; HDAC11; Histone deacetylase-11
Histone deacetylase 2	HDAC-2; HDAC2; Histone deacetylase-2
Histone deacetylase 3	HDAC-3; HDAC3; Histone deacetylase-3
Histone deacetylase 4	HDAC-4; HDAC4; Histone deacetylase-4
Histone deacetylase 5	HDAC-5; HDAC5; Histone deacetylase-5
Histone deacetylase 6	HDAC-6; HDAC6; Histone deacetylase-6
Histone deacetylase 7	HDAC-7; HDAC7; Histone deacetylase-7
Histone deacetylase 8	HDAC-8; HDAC8; Histone deacetylase-8
Histone deacetylase 9	HDAC-9; HDAC9; Histone deacetylase-9
Histone H3 associated protein kinase	HASPIN
Histone H4 transcription factor	HINFP
Histone PARylation factor 1	HPF-1; HPF1
HIV-1 Tat interactive protein 2	HTATIP-2; HTATIP2
HIV-1 Tat specific factor 1	HTATSF-1; HTATSF1
HIVEP zinc finger 1	HIVEP-1; HIVEP1
HIVEP zinc finger 2	HIVEP-2; HIVEP2
HIVEP zinc finger 3	HIVEP-3; HIVEP3
HLF transcription factor, PAR bZIP family member	HLF
HMG-box containing 4	HMG-box containing-4; HMGXB-4; HMGXB4
HMG-box transcription factor 1	HBP-1; HBP1
HNF1 homeobox B	HNF1B
Holliday junction recognition protein	HJURP
Holocarboxylase synthetase	HLCS
Holocytochrome c synthase	HCCS
Homeobox A10	HOXA-10; HOXA10
Homeobox A13	HOXA-13; HOXA13
Homeobox A2	HOXA-2; HOXA2
Homeobox A3	HOXA-3; HOXA3
Homeobox A5	HOXA-5; HOXA5
Homeobox A7	HOXA-7; HOXA7
Homeobox A9	HOXA-9; HOXA9
Homeobox and leucine zipper encoding	HOMEZ
Homeobox B1	HOXB-1; HOXB1
Homeobox B13	HOXB-13; HOXB13
Homeobox B2	HOXB-2; HOXB2
Homeobox B4	HOXB-4; HOXB4
Homeobox B5	HOXB-5; HOXB5
Homeobox B6	HOXB-6; HOXB6
Homeobox B7	HOXB-7; HOXB7
Homeobox B8	HOXB-8; HOXB8
Homeobox B9	HOXB-9; HOXB9
Homeobox C10	HOXC-10; HOXC10
Homeobox C11	HOXC-11; HOXC11
Homeobox C13	HOXC-13; HOXC13
Homeobox C4	HOXC-4; HOXC4
Homeobox C5	HOXC-5; HOXC5
Homeobox C8	HOXC-8; HOXC8
Homeobox C9	HOXC-9; HOXC9
Homeobox containing 1	HMBOX-1; HMBOX1; Homeobox containing-1
Homeobox D10	HOXD-10; HOXD10
Homeobox D12	HOXD-12; HOXD12
Homeobox D13	HOXD-13; HOXD13
Homeobox D3	HOXD-3; HOXD3
Homeobox D4	HOXD-4; HOXD4
Homeobox D8	HOXD-8; HOXD8
Homeobox D9	HOXD-9; HOXD9
Homeodomain interacting protein kinase 1	HIPK-1; HIPK1
Homeodomain interacting protein kinase 2	HIPK-2; HIPK2
Homeodomain interacting protein kinase 3	HIPK-3; HIPK3
Homeodomain interacting protein kinase 4	HIPK-4; HIPK4
Homeostatic iron regulator	HFE
Homer scaffold protein 1	HOMER-1; HOMER1
Homer scaffold protein 2	HOMER-2; HOMER2
Homer scaffold protein 3	HOMER-3; HOMER3
Homocysteine inducible ER protein with ubiquitin like domain 1	HERPUD-1; HERPUD1
Homogentisate 1,2-dioxygenase	HGD
Homologous recombination factor with OB-fold	HROB
Hook microtubule tethering protein 1	HOOK-1; HOOK1
Hook microtubule tethering protein 2	HOOK-2; HOOK2
Hook microtubule tethering protein 3	HOOK-3; HOOK3
HOP homeobox	HOPX
HORMA domain containing 1	HORMAD-1; HORMAD1
HORMA domain containing 2	HORMAD-2; HORMAD2
Hormonally up-regulated Neu-associated kinase	HUNK
Hornerin	HRNR
Host cell factor C1	HCFC-1; HCFC1
Host cell factor C1 regulator 1	HCFC1R1
Host cell factor C2	HCFC-2; HCFC2
HPS1 biogenesis of lysosomal organelles complex 3 subunit 1	HPS-1; HPS1
HPS3 biogenesis of lysosomal organelles complex 2 subunit 1	HPS-3; HPS3
HPS4 biogenesis of lysosomal organelles complex 3 subunit 2	HPS-4; HPS4
HPS5 biogenesis of lysosomal organelles complex 2 subunit 2	HPS-5; HPS5
HPS6 biogenesis of lysosomal organelles complex 2 subunit 3	HPS-6; HPS6
HR lysine demethylase and nuclear receptor corepressor	HR
HR upstream open reading frame	HRURF
HRas proto-oncogene, GTPase	HRAS
HscB mitochondrial iron-sulfur cluster cochaperone	HSCB
HSPA (Hsp70) binding protein 1	HSPBP-1; HSPBP1
HSPB1 associated protein 1	HSPBAP-1; HSPBAP1
HtrA serine peptidase 1	HTRA-1; HTRA1
HtrA serine peptidase 2	HTRA-2; HTRA2
HtrA serine peptidase 3	HTRA-3; HTRA3
HtrA serine peptidase 4	HTRA-4; HTRA4
Huntingtin	HTT
Huntingtin associated protein 1	HAP-1; HAP1
Huntingtin interacting protein 1	HIP-1; HIP1
Huntingtin interacting protein 1 related	HIP1R
Huntingtin interacting protein K	HYPK
HUS1 checkpoint clamp component	HUS-1; HUS1
HUS1 checkpoint clamp component B	HUS1B
HUWE1 associated protein modifying stress responses	HAPSTR-1; HAPSTR1
Hyaluronan and proteoglycan link protein 2	HAPLN-2; HAPLN2
Hyaluronan binding protein 2	HABP-2; HABP2
Hyaluronan binding protein 4	HABP-4; HABP4
Hyaluronan mediated motility receptor	HMMR
Hyaluronan synthase 1	HAS-1; HAS1; Hyaluronan synthase-1
Hyaluronan synthase 2	HAS-2; HAS2; Hyaluronan synthase-2
Hyaluronan synthase 3	HAS-3; HAS3; Hyaluronan synthase-3
Hyaluronidase 1	HYAL-1; HYAL1; Hyaluronidase-1
Hyaluronidase 2	HYAL-2; HYAL2; Hyaluronidase-2
Hyaluronidase 3	HYAL-3; HYAL3; Hyaluronidase-3
Hyaluronidase 4	HYAL-4; HYAL4; Hyaluronidase-4
Hyccin PI4KA lipid kinase complex subunit 1	HYCC-1; HYCC1
Hyccin PI4KA lipid kinase complex subunit 2	HYCC-2; HYCC2
HYDIN axonemal central pair apparatus protein	HYDIN
Hydrogen voltage gated channel 1	HVCN-1; HVCN1
Hydroxy-delta-5-steroid dehydrogenase, 3 beta- and steroid delta-isomerase 1	HSD3B1
Hydroxy-delta-5-steroid dehydrogenase, 3 beta- and steroid delta-isomerase 2	HSD3B2
Hydroxy-delta-5-steroid dehydrogenase, 3 beta- and steroid delta-isomerase 7	HSD3B7
Hydroxyacid oxidase 1	HAO-1; HAO1; Hydroxyacid oxidase-1
Hydroxyacid oxidase 2	HAO-2; HAO2; Hydroxyacid oxidase-2
Hydroxyacyl-CoA dehydrogenase	HADH
Hydroxyacyl-CoA dehydrogenase trifunctional multienzyme complex subunit alpha	HADHA
Hydroxyacyl-CoA dehydrogenase trifunctional multienzyme complex subunit beta	HADHB
Hydroxyacyl-thioester dehydratase type 2	HTD-2; HTD2
Hydroxyacylglutathione hydrolase	HAGH
Hydroxyacylglutathione hydrolase like	HAGHL
Hydroxycarboxylic acid receptor 1	HCAR-1; HCAR1
Hydroxycarboxylic acid receptor 2	HCAR-2; HCAR2
Hydroxycarboxylic acid receptor 3	HCAR-3; HCAR3
Hydroxylysine kinase	HYKK
Hydroxymethylbilane synthase	HMBS
Hydroxypyruvate isomerase (putative)	HYI
Hydroxysteroid 11-beta dehydrogenase 1	HSD11B1
Hydroxysteroid 11-beta dehydrogenase 2	HSD11B2
Hydroxysteroid 17-beta dehydrogenase 1	HSD17B1
Hydroxysteroid 17-beta dehydrogenase 10	HSD17B10
Hydroxysteroid 17-beta dehydrogenase 11	HSD17B11
Hydroxysteroid 17-beta dehydrogenase 12	HSD17B12
Hydroxysteroid 17-beta dehydrogenase 13	HSD17B13
Hydroxysteroid 17-beta dehydrogenase 14	HSD17B14
Hydroxysteroid 17-beta dehydrogenase 2	HSD17B2
Hydroxysteroid 17-beta dehydrogenase 3	HSD17B3
Hydroxysteroid 17-beta dehydrogenase 4	HSD17B4
Hydroxysteroid 17-beta dehydrogenase 6	HSD17B6
Hydroxysteroid 17-beta dehydrogenase 7	HSD17B7
Hydroxysteroid 17-beta dehydrogenase 8	HSD17B8
Hydroxysteroid dehydrogenase like 1	HSDL-1; HSDL1
Hydroxysteroid dehydrogenase like 2	HSDL-2; HSDL2
HYLS1 centriolar and ciliogenesis associated	HYLS-1; HYLS1
Hyperpolarization activated cyclic nucleotide gated potassium and sodium channel 2	HCN-2; HCN2
Hyperpolarization activated cyclic nucleotide gated potassium channel 1	HCN-1; HCN1
Hyperpolarization activated cyclic nucleotide gated potassium channel 3	HCN-3; HCN3
Hyperpolarization activated cyclic nucleotide gated potassium channel 4	HCN-4; HCN4
Hypocretin neuropeptide precursor	HCRT
Hypocretin receptor 1	HCRTR-1; HCRTR1; Hypocretin receptor-1
Hypocretin receptor 2	HCRTR-2; HCRTR2; Hypocretin receptor-2
Hypoxanthine phosphoribosyltransferase 1	HPRT-1; HPRT1; Hypoxanthine phosphoribosyltransferase-1
Hypoxia inducible factor 1 subunit alpha	HIF1A
Hypoxia inducible factor 1 subunit alpha inhibitor	HIF1AN
Hypoxia inducible factor 3 subunit alpha	HIF3A
Hypoxia inducible lipid droplet associated	HILPDA
Hypoxia up-regulated 1	HYOU-1; HYOU1; Hypoxia up-regulated-1
IDNK gluconokinase	IDNK
Iduronate 2-sulfatase	IDS
IFI30 lysosomal thiol reductase	IFI-30; IFI30
IGF like family member 1	IGFL-1; IGFL1
IGF like family member 2	IGFL-2; IGFL2
IGF like family member 3	IGFL-3; IGFL3
IGF like family receptor 1	IGFLR-1; IGFLR1
IgLON family member 5	IGLON-5; IGLON5
IK cytokine	IK
IKAROS family zinc finger 1	IKZF-1; IKZF1
IKAROS family zinc finger 2	IKZF-2; IKZF2
IKAROS family zinc finger 3	IKZF-3; IKZF3
IKAROS family zinc finger 4	IKZF-4; IKZF4
IKAROS family zinc finger 5	IKZF-5; IKZF5
IKBKB interacting protein	IKBIP
IL2 inducible T cell kinase	ITK
ILK associated serine/threonine phosphatase	ILKAP
IlvB acetolactate synthase like	ILVBL
Immediate early response 2	IER-2; IER2
Immediate early response 3	IER-3; IER3
Immediate early response 3 interacting protein 1	IER3IP1
Immediate early response 5	IER-5; IER5
Immunity related GTPase cinema	IRGC
Immunity related GTPase M	IRGM
Immunity related GTPase Q	IRGQ
Immunoglobulin binding protein 1	IGBP-1; IGBP1
Immunoglobulin heavy constant alpha 1	IGHA-1; IGHA1
Immunoglobulin heavy constant alpha 2 (A2m marker)	IGHA-2; IGHA2
Immunoglobulin heavy constant epsilon	IGHE
Immunoglobulin heavy constant gamma 1 (G1m marker)	IGHG-1; IGHG1
Immunoglobulin heavy constant gamma 2 (G2m marker)	IGHG-2; IGHG2
Immunoglobulin heavy constant gamma 4 (G4m marker)	IGHG-4; IGHG4
Immunoglobulin heavy constant mu	IGHM
Immunoglobulin heavy variable 1-2	IGHV1-2
Immunoglobulin heavy variable 1-46	IGHV1-46
Immunoglobulin heavy variable 1-69	IGHV1-69
Immunoglobulin heavy variable 1-69D	IGHV1-69D
Immunoglobulin heavy variable 2-5	IGHV2-5
Immunoglobulin heavy variable 2-70	IGHV2-70
Immunoglobulin heavy variable 3-11	IGHV3-11
Immunoglobulin heavy variable 3-13	IGHV3-13
Immunoglobulin heavy variable 3-16 (non-functional)	IGHV3-16
Immunoglobulin heavy variable 3-21	IGHV3-21
Immunoglobulin heavy variable 3-23	IGHV3-23
Immunoglobulin heavy variable 3-30	IGHV3-30
Immunoglobulin heavy variable 3-33	IGHV3-33
Immunoglobulin heavy variable 3-35 (non-functional)	IGHV3-35
Immunoglobulin heavy variable 3-38 (non-functional)	IGHV3-38
Immunoglobulin heavy variable 3-48	IGHV3-48
Immunoglobulin heavy variable 3-53	IGHV3-53
Immunoglobulin heavy variable 3-7	IGHV3-7
Immunoglobulin heavy variable 4-34	IGHV4-34
Immunoglobulin heavy variable 4-39	IGHV4-39
Immunoglobulin heavy variable 4-59	IGHV4-59
Immunoglobulin heavy variable 4-61	IGHV4-61
Immunoglobulin heavy variable 7-81 (non-functional)	IGHV7-81
Immunoglobulin kappa variable 1-16	IGKV1-16
Immunoglobulin kappa variable 1-17	IGKV1-17
Immunoglobulin kappa variable 1-33	IGKV1-33
Immunoglobulin kappa variable 1-37 (non-functional)	IGKV1-37
Immunoglobulin kappa variable 1-39	IGKV1-39
Immunoglobulin kappa variable 1-5	IGKV1-5
Immunoglobulin kappa variable 1D-12	IGKV1D-12
Immunoglobulin kappa variable 1D-33	IGKV1D-33
Immunoglobulin kappa variable 1D-37 (non-functional)	IGKV1D-37
Immunoglobulin kappa variable 1D-42 (non-functional)	IGKV1D-42
Immunoglobulin kappa variable 2D-24 (non-functional)	IGKV2D-24
Immunoglobulin kappa variable 2D-28	IGKV2D-28
Immunoglobulin kappa variable 2D-40	IGKV2D-40
Immunoglobulin kappa variable 3-11	IGKV3-11
Immunoglobulin kappa variable 3-15	IGKV3-15
Immunoglobulin kappa variable 3-20	IGKV3-20
Immunoglobulin kappa variable 3-7 (non-functional)	IGKV3-7
Immunoglobulin kappa variable 4-1	IGKV4-1
Immunoglobulin kappa variable 5-2	IGKV5-2
Immunoglobulin kappa variable 6D-41 (non-functional)	IGKV6D-41
Immunoglobulin lambda constant 2	IGLC-2; IGLC2
Immunoglobulin lambda constant 3 (Kern-Oz+ marker)	IGLC-3; IGLC3
Immunoglobulin lambda like polypeptide 1	IGLL-1; IGLL1
Immunoglobulin lambda variable 1-36	IGLV1-36
Immunoglobulin lambda variable 1-40	IGLV1-40
Immunoglobulin lambda variable 1-44	IGLV1-44
Immunoglobulin lambda variable 1-47	IGLV1-47
Immunoglobulin lambda variable 1-50 (non-functional)	IGLV1-50
Immunoglobulin lambda variable 1-51	IGLV1-51
Immunoglobulin lambda variable 11-55 (non-functional)	IGLV11-55
Immunoglobulin lambda variable 2-11	IGLV2-11
Immunoglobulin lambda variable 2-14	IGLV2-14
Immunoglobulin lambda variable 2-23	IGLV2-23
Immunoglobulin lambda variable 2-33 (non-functional)	IGLV2-33
Immunoglobulin lambda variable 2-8	IGLV2-8
Immunoglobulin lambda variable 3-1	IGLV3-1
Immunoglobulin lambda variable 3-19	IGLV3-19
Immunoglobulin lambda variable 3-21	IGLV3-21
Immunoglobulin lambda variable 3-25	IGLV3-25
Immunoglobulin lambda variable 3-27	IGLV3-27
Immunoglobulin lambda variable 3-32 (non-functional)	IGLV3-32
Immunoglobulin lambda variable 4-69	IGLV4-69
Immunoglobulin lambda variable 5-48 (non-functional)	IGLV5-48
Immunoglobulin lambda variable 6-57	IGLV6-57
Immunoglobulin lambda variable 9-49	IGLV9-49
Immunoglobulin like and fibronectin type III domain containing 1	IGFN-1; IGFN1
Immunoglobulin like domain containing receptor 1	ILDR-1; ILDR1
Immunoglobulin like domain containing receptor 2	ILDR-2; ILDR2
Immunoglobulin mu DNA binding protein 2	IGHMBP-2; IGHMBP2
Immunoglobulin superfamily containing leucine rich repeat 2	ISLR-2; ISLR2
Immunoglobulin superfamily DCC subclass member 4	IGDCC-4; IGDCC4
Immunoglobulin superfamily member 1	IGSF-1; IGSF1
Immunoglobulin superfamily member 10	IGSF-10; IGSF10
Immunoglobulin superfamily member 11	IGSF-11; IGSF11
Immunoglobulin superfamily member 8	IGSF-8; IGSF8
Immunoglobulin superfamily member 9	IGSF-9; IGSF9
IMP U3 small nucleolar ribonucleoprotein 3	IMP-3; IMP3
IMP U3 small nucleolar ribonucleoprotein 4	IMP-4; IMP4
Impact RWD domain protein	IMPACT
Importin 11	Importin-11; IPO-11; IPO11
Importin 13	Importin-13; IPO-13; IPO13
Importin 4	Importin-4; IPO-4; IPO4
Importin 5	Importin-5; IPO-5; IPO5
Importin 7	Importin-7; IPO-7; IPO7
Importin 8	Importin-8; IPO-8; IPO8
Importin 9	Importin-9; IPO-9; IPO9
Indian hedgehog signaling molecule	IHH
Indoleamine 2,3-dioxygenase 1	IDO-1; IDO1; Indoleamine 2,3-dioxygenase-1
Indoleamine 2,3-dioxygenase 2	IDO-2; IDO2; Indoleamine 2,3-dioxygenase-2
Indolethylamine N-methyltransferase	INMT
Inducible T cell costimulator	ICOS
Inducible T cell costimulator ligand	ICOSLG
Inflammation and lipid regulator with UBA-like and NBR1-like domains	ILRUN
Influenza virus NS1A binding protein	IVNS1ABP
Inhibin subunit alpha	INHA
Inhibin subunit beta A	INHBA
Inhibin subunit beta B	INHBB
Inhibin subunit beta E	INHBE
Inhibitor of Bruton tyrosine kinase	IBTK
Inhibitor of CDK, cyclin A1 interacting protein 1	INCA-1; INCA1
Inhibitor of DNA binding 1	ID-1; ID1
Inhibitor of DNA binding 2	ID-2; ID2
Inhibitor of DNA binding 3	ID-3; ID3
Inhibitor of DNA binding 4	ID-4; ID4
Inhibitor of growth family member 1	ING-1; ING1
Inhibitor of growth family member 2	ING-2; ING2
Inhibitor of growth family member 3	ING-3; ING3
Inhibitor of growth family member 4	ING-4; ING4
Inhibitor of growth family member 5	ING-5; ING5
Inhibitor of nuclear factor kappa B kinase regulatory subunit gamma	IKBKG
Inhibitor of nuclear factor kappa B kinase subunit beta	IKBKB
Inhibitor of nuclear factor kappa B kinase subunit epsilon	IKBKE
Inhibitory synaptic factor 1	INSYN-1; INSYN1
Inhibitory synaptic factor 2A	INSYN2A
Inka box actin regulator 2	INKA-2; INKA2
Innate immunity activator	INAVA
Inner centromere protein	INCENP
Inner membrane mitochondrial protein	IMMT
Inner mitochondrial membrane peptidase subunit 2	IMMP2L
INO80 complex ATPase subunit	INO-80; INO80
INO80 complex subunit B	INO80B
INO80 complex subunit C	INO80C
INO80 complex subunit D	INO80D
INO80 complex subunit E	INO80E
Inorganic pyrophosphatase 1	Inorganic pyrophosphatase-1; PPA-1; PPA1
Inorganic pyrophosphatase 2	Inorganic pyrophosphatase-2; PPA-2; PPA2
Inosine monophosphate dehydrogenase 1	IMPDH-1; IMPDH1
Inosine monophosphate dehydrogenase 2	IMPDH-2; IMPDH2
Inosine triphosphatase	ITPA
Inositol 1,4,5-triphosphate receptor associated 1	IRAG-1; IRAG1
Inositol 1,4,5-triphosphate receptor associated 2	IRAG-2; IRAG2
Inositol 1,4,5-trisphosphate receptor interacting protein	ITPRIP
Inositol 1,4,5-trisphosphate receptor type 1	ITPR-1; ITPR1
Inositol 1,4,5-trisphosphate receptor type 2	ITPR-2; ITPR2
Inositol 1,4,5-trisphosphate receptor type 3	ITPR-3; ITPR3
Inositol hexakisphosphate kinase 1	IP6K1
Inositol hexakisphosphate kinase 2	IP6K2
Inositol hexakisphosphate kinase 3	IP6K3
Inositol monophosphatase 1	IMPA-1; IMPA1; Inositol monophosphatase-1
Inositol monophosphatase 2	IMPA-2; IMPA2; Inositol monophosphatase-2
Inositol polyphosphate multikinase	IPMK
Inositol polyphosphate phosphatase like 1	INPPL-1; INPPL1
Inositol polyphosphate-1-phosphatase	INPP-1; INPP1
Inositol polyphosphate-4-phosphatase type I A	INPP4A
Inositol polyphosphate-4-phosphatase type II B	INPP4B
Inositol polyphosphate-5-phosphatase A	INPP5A
Inositol polyphosphate-5-phosphatase B	INPP5B
Inositol polyphosphate-5-phosphatase D	INPP5D
Inositol polyphosphate-5-phosphatase E	INPP5E
Inositol polyphosphate-5-phosphatase F	INPP5F
Inositol polyphosphate-5-phosphatase J	INPP5J
Inositol polyphosphate-5-phosphatase K	INPP5K
Inositol-3-phosphate synthase 1	Inositol-3-phosphate synthase-1; ISYNA-1; ISYNA1
Inositol-pentakisphosphate 2-kinase	IPPK
Inositol-tetrakisphosphate 1-kinase	ITPK-1; ITPK1
Inositol-trisphosphate 3-kinase A	ITPKA
Inositol-trisphosphate 3-kinase B	ITPKB
Inositol-trisphosphate 3-kinase C	ITPKC
INS-IGF2 readthrough	INS-IGF2
INSC spindle orientation adaptor protein	INSC
INSM transcriptional repressor 1	INSM-1; INSM1
INSM transcriptional repressor 2	INSM-2; INSM2
Insulin	INS
Insulin degrading enzyme	IDE
Insulin induced gene 1	INSIG-1; INSIG1
Insulin induced gene 2	INSIG-2; INSIG2
Insulin like 3	INSL-3; INSL3; Insulin like-3
Insulin like 4	INSL-4; INSL4; Insulin like-4
Insulin like 5	INSL-5; INSL5; Insulin like-5
Insulin like growth factor 1	IGF-1; IGF1
Insulin like growth factor 1 receptor	IGF1R
Insulin like growth factor 2	IGF-2; IGF2
Insulin like growth factor 2 mRNA binding protein 1	IGF2BP1
Insulin like growth factor 2 mRNA binding protein 2	IGF2BP2
Insulin like growth factor 2 mRNA binding protein 3	IGF2BP3
Insulin like growth factor 2 receptor	IGF2R
Insulin like growth factor binding protein 1	IGFBP-1; IGFBP1
Insulin like growth factor binding protein 2	IGFBP-2; IGFBP2
Insulin like growth factor binding protein 3	IGFBP-3; IGFBP3
Insulin like growth factor binding protein 4	IGFBP-4; IGFBP4
Insulin like growth factor binding protein 5	IGFBP-5; IGFBP5
Insulin like growth factor binding protein 6	IGFBP-6; IGFBP6
Insulin like growth factor binding protein 7	IGFBP-7; IGFBP7
Insulin like growth factor binding protein acid labile subunit	IGFALS
Insulin like growth factor binding protein like 1	IGFBPL-1; IGFBPL1
Insulin receptor	INSR
Insulin receptor related receptor	INSRR
Insulin receptor substrate 1	IRS-1; IRS1
Insulin receptor substrate 2	IRS-2; IRS2
Insulin receptor substrate 4	IRS-4; IRS4
Integral membrane protein 2A	ITM2A
Integral membrane protein 2B	ITM2B
Integral membrane protein 2C	ITM2C
Integrator complex subunit 1	INTS-1; INTS1
Integrator complex subunit 10	INTS-10; INTS10
Integrator complex subunit 11	INTS-11; INTS11
Integrator complex subunit 12	INTS-12; INTS12
Integrator complex subunit 13	INTS-13; INTS13
Integrator complex subunit 14	INTS-14; INTS14
Integrator complex subunit 2	INTS-2; INTS2
Integrator complex subunit 3	INTS-3; INTS3
Integrator complex subunit 4	INTS-4; INTS4
Integrator complex subunit 5	INTS-5; INTS5
Integrator complex subunit 6	INTS-6; INTS6
Integrator complex subunit 6 like	INTS6L
Integrator complex subunit 7	INTS-7; INTS7
Integrator complex subunit 8	INTS-8; INTS8
Integrator complex subunit 9	INTS-9; INTS9
Integrin alpha FG-GAP repeat containing 1	ITFG-1; ITFG1
Integrin alpha FG-GAP repeat containing 2	ITFG-2; ITFG2
Integrin binding sialoprotein	IBSP
Integrin linked kinase	ILK
Integrin subunit alpha 1	ITGA-1; ITGA1
Integrin subunit alpha 11	ITGA-11; ITGA11
Integrin subunit alpha 2	ITGA-2; ITGA2
Integrin subunit alpha 2b	ITGA2B
Integrin subunit alpha 3	ITGA-3; ITGA3
Integrin subunit alpha 4	ITGA-4; ITGA4
Integrin subunit alpha 5	ITGA-5; ITGA5
Integrin subunit alpha 6	ITGA-6; ITGA6
Integrin subunit alpha 7	ITGA-7; ITGA7
Integrin subunit alpha 8	ITGA-8; ITGA8
Integrin subunit alpha 9	ITGA-9; ITGA9
Integrin subunit alpha D	ITGAD
Integrin subunit alpha E	ITGAE
Integrin subunit alpha L	ITGAL
Integrin subunit alpha M	ITGAM
Integrin subunit alpha V	ITGAV
Integrin subunit alpha X	ITGAX
Integrin subunit beta 1	ITGB-1; ITGB1
Integrin subunit beta 1 binding protein 1	ITGB1BP1
Integrin subunit beta 1 binding protein 2	ITGB1BP2
Integrin subunit beta 2	ITGB-2; ITGB2
Integrin subunit beta 3	ITGB-3; ITGB3
Integrin subunit beta 3 binding protein	ITGB3BP
Integrin subunit beta 4	ITGB-4; ITGB4
Integrin subunit beta 5	ITGB-5; ITGB5
Integrin subunit beta 6	ITGB-6; ITGB6
Integrin subunit beta 7	ITGB-7; ITGB7
Integrin subunit beta 8	ITGB-8; ITGB8
Intelectin 1	Intelectin-1; ITLN-1; ITLN1
Inter-alpha-trypsin inhibitor heavy chain 1	ITIH-1; ITIH1
Inter-alpha-trypsin inhibitor heavy chain 2	ITIH-2; ITIH2
Inter-alpha-trypsin inhibitor heavy chain 3	ITIH-3; ITIH3
Inter-alpha-trypsin inhibitor heavy chain 4	ITIH-4; ITIH4
Inter-alpha-trypsin inhibitor heavy chain family member 6	ITIH-6; ITIH6
Interaction protein for cytohesin exchange factors 1	IPCEF-1; IPCEF1
Interactor of HORMAD1 1	IHO-1; IHO1
Interactor of little elongation complex ELL subunit 1	ICE-1; ICE1
Interactor of little elongation complex ELL subunit 2	ICE-2; ICE2
Interacts with SUPT6H, CTD assembly factor 1	IWS-1; IWS1
Intercellular adhesion molecule 1	ICAM-1; ICAM1
Intercellular adhesion molecule 2	ICAM-2; ICAM2
Intercellular adhesion molecule 3	ICAM-3; ICAM3
Intercellular adhesion molecule 4 (Landsteiner-Wiener blood group)	ICAM-4; ICAM4
Intercellular adhesion molecule 5	ICAM-5; ICAM5
Interferon alpha 1	IFNA-1; IFNA1; Interferon alpha-1
Interferon alpha 10	IFNA-10; IFNA10; Interferon alpha-10
Interferon alpha 13	IFNA-13; IFNA13; Interferon alpha-13
Interferon alpha 14	IFNA-14; IFNA14; Interferon alpha-14
Interferon alpha 16	IFNA-16; IFNA16; Interferon alpha-16
Interferon alpha 17	IFNA-17; IFNA17; Interferon alpha-17
Interferon alpha 2	IFNA-2; IFNA2; Interferon alpha-2
Interferon alpha 21	IFNA-21; IFNA21; Interferon alpha-21
Interferon alpha 4	IFNA-4; IFNA4; Interferon alpha-4
Interferon alpha 5	IFNA-5; IFNA5; Interferon alpha-5
Interferon alpha 6	IFNA-6; IFNA6; Interferon alpha-6
Interferon alpha 7	IFNA-7; IFNA7; Interferon alpha-7
Interferon alpha 8	IFNA-8; IFNA8; Interferon alpha-8
Interferon alpha and beta receptor subunit 1	IFNAR-1; IFNAR1
Interferon alpha and beta receptor subunit 2	IFNAR-2; IFNAR2
Interferon alpha inducible protein 27	IFI-27; IFI27
Interferon alpha inducible protein 27 like 1	IFI27L1
Interferon alpha inducible protein 6	IFI-6; IFI6
Interferon beta 1	IFNB-1; IFNB1; Interferon beta-1
Interferon gamma	IFNG
Interferon gamma inducible protein 16	IFI-16; IFI16
Interferon gamma receptor 1	IFNGR-1; IFNGR1
Interferon gamma receptor 2	IFNGR-2; IFNGR2
Interferon induced protein 35	IFI-35; IFI35
Interferon induced protein 44	IFI-44; IFI44
Interferon induced protein 44 like	IFI44L
Interferon induced protein with tetratricopeptide repeats 1	IFIT-1; IFIT1
Interferon induced protein with tetratricopeptide repeats 1B	IFIT1B
Interferon induced protein with tetratricopeptide repeats 2	IFIT-2; IFIT2
Interferon induced protein with tetratricopeptide repeats 3	IFIT-3; IFIT3
Interferon induced protein with tetratricopeptide repeats 5	IFIT-5; IFIT5
Interferon induced transmembrane protein 1	IFITM-1; IFITM1
Interferon induced transmembrane protein 2	IFITM-2; IFITM2
Interferon induced transmembrane protein 3	IFITM-3; IFITM3
Interferon induced transmembrane protein 5	IFITM-5; IFITM5
Interferon induced with helicase C domain 1	IFIH-1; IFIH1
Interferon kappa	IFNK
Interferon lambda 1	IFNL-1; IFNL1; Interferon lambda-1
Interferon lambda 3	IFNL-3; IFNL3; Interferon lambda-3
Interferon lambda receptor 1	IFNLR-1; IFNLR1
Interferon omega 1	IFNW-1; IFNW1; Interferon omega-1
Interferon regulatory factor 1	IRF-1; IRF1
Interferon regulatory factor 2	IRF-2; IRF2
Interferon regulatory factor 2 binding protein 1	IRF2BP1
Interferon regulatory factor 2 binding protein 2	IRF2BP2
Interferon regulatory factor 2 binding protein like	IRF2BPL
Interferon regulatory factor 3	IRF-3; IRF3
Interferon regulatory factor 4	IRF-4; IRF4
Interferon regulatory factor 5	IRF-5; IRF5
Interferon regulatory factor 6	IRF-6; IRF6
Interferon regulatory factor 7	IRF-7; IRF7
Interferon regulatory factor 8	IRF-8; IRF8
Interferon regulatory factor 9	IRF-9; IRF9
Interferon related developmental regulator 1	IFRD-1; IFRD1
Interferon related developmental regulator 2	IFRD-2; IFRD2
Interferon stimulated exonuclease gene 20	ISG-20; ISG20
Interferon stimulated exonuclease gene 20 like 2	ISG20L2
Interleukin 1 alpha	IL1A
Interleukin 1 beta	IL1B
Interleukin 1 family member 10	IL1F10
Interleukin 1 receptor accessory protein	IL1RAP
Interleukin 1 receptor accessory protein like 1	IL1RAPL1
Interleukin 1 receptor accessory protein like 2	IL1RAPL2
Interleukin 1 receptor antagonist	IL1RN
Interleukin 1 receptor associated kinase 1	IRAK-1; IRAK1
Interleukin 1 receptor associated kinase 1 binding protein 1	IRAK1BP1
Interleukin 1 receptor associated kinase 2	IRAK-2; IRAK2
Interleukin 1 receptor associated kinase 3	IRAK-3; IRAK3
Interleukin 1 receptor associated kinase 4	IRAK-4; IRAK4
Interleukin 1 receptor like 1	IL1RL1
Interleukin 1 receptor like 2	IL1RL2
Interleukin 1 receptor type 1	IL1R1
Interleukin 1 receptor type 2	IL1R2
Interleukin 10	IL-10; IL10; Interleukin-10
Interleukin 10 receptor subunit alpha	IL10RA
Interleukin 10 receptor subunit beta	IL10RB
Interleukin 11	IL-11; IL11; Interleukin-11
Interleukin 11 receptor subunit alpha	IL11RA
Interleukin 12 receptor subunit beta 1	IL12RB1
Interleukin 12 receptor subunit beta 2	IL12RB2
Interleukin 12A	IL12A
Interleukin 12B	IL12B
Interleukin 13	IL-13; IL13; Interleukin-13
Interleukin 13 receptor subunit alpha 1	IL13RA1
Interleukin 13 receptor subunit alpha 2	IL13RA2
Interleukin 15	IL-15; IL15; Interleukin-15
Interleukin 15 receptor subunit alpha	IL15RA
Interleukin 16	IL-16; IL16; Interleukin-16
Interleukin 17 receptor A	IL17RA
Interleukin 17 receptor B	IL17RB
Interleukin 17 receptor C	IL17RC
Interleukin 17 receptor D	IL17RD
Interleukin 17 receptor E	IL17RE
Interleukin 17A	IL17A
Interleukin 17C	IL17C
Interleukin 17F	IL17F
Interleukin 18	IL-18; IL18; Interleukin-18
Interleukin 18 binding protein	IL18BP
Interleukin 18 receptor 1	IL18R1
Interleukin 18 receptor accessory protein	IL18RAP
Interleukin 19	IL-19; IL19; Interleukin-19
Interleukin 2	IL-2; IL2; Interleukin-2
Interleukin 2 receptor subunit alpha	IL2RA
Interleukin 2 receptor subunit beta	IL2RB
Interleukin 2 receptor subunit gamma	IL2RG
Interleukin 20	IL-20; IL20; Interleukin-20
Interleukin 20 receptor subunit alpha	IL20RA
Interleukin 20 receptor subunit beta	IL20RB
Interleukin 21	IL-21; IL21; Interleukin-21
Interleukin 21 receptor	IL21R
Interleukin 22	IL-22; IL22; Interleukin-22
Interleukin 22 receptor subunit alpha 1	IL22RA1
Interleukin 22 receptor subunit alpha 2	IL22RA2
Interleukin 23 receptor	IL23R
Interleukin 23 subunit alpha	IL23A
Interleukin 24	IL-24; IL24; Interleukin-24
Interleukin 25	IL-25; IL25; Interleukin-25
Interleukin 26	IL-26; IL26; Interleukin-26
Interleukin 27	IL-27; IL27; Interleukin-27
Interleukin 27 receptor subunit alpha	IL27RA
Interleukin 3	IL-3; IL3; Interleukin-3
Interleukin 3 receptor subunit alpha	IL3RA
Interleukin 31	IL-31; IL31; Interleukin-31
Interleukin 31 receptor A	IL31RA
Interleukin 32	IL-32; IL32; Interleukin-32
Interleukin 33	IL-33; IL33; Interleukin-33
Interleukin 34	IL-34; IL34; Interleukin-34
Interleukin 36 alpha	IL36A
Interleukin 36 beta	IL36B
Interleukin 36 gamma	IL36G
Interleukin 36 receptor antagonist	IL36RN
Interleukin 37	IL-37; IL37; Interleukin-37
Interleukin 4	IL-4; IL4; Interleukin-4
Interleukin 4 induced 1	IL4I1
Interleukin 4 receptor	IL4R
Interleukin 5	IL-5; IL5; Interleukin-5
Interleukin 5 receptor subunit alpha	IL5RA
Interleukin 6	IL-6; IL6; Interleukin-6
Interleukin 6 cytokine family signal transducer	IL6ST
Interleukin 6 receptor	IL6R
Interleukin 7	IL-7; IL7; Interleukin-7
Interleukin 7 receptor	IL7R
Interleukin enhancer binding factor 2	ILF-2; ILF2
Interleukin enhancer binding factor 3	ILF-3; ILF3
Intermediate filament family orphan 1	IFFO-1; IFFO1
Internexin neuronal intermediate filament protein alpha	INA
Interphotoreceptor matrix proteoglycan 1	IMPG-1; IMPG1
Interphotoreceptor matrix proteoglycan 2	IMPG-2; IMPG2
Intersectin 1	Intersectin-1; ITSN-1; ITSN1
Intersectin 2	Intersectin-2; ITSN-2; ITSN2
Intestine specific homeobox	ISX
Intracisternal A particle-promoted polypeptide	IPP
Intraflagellar transport 122	IFT-122; IFT122; Intraflagellar transport-122
Intraflagellar transport 140	IFT-140; IFT140; Intraflagellar transport-140
Intraflagellar transport 172	IFT-172; IFT172; Intraflagellar transport-172
Intraflagellar transport 20	IFT-20; IFT20; Intraflagellar transport-20
Intraflagellar transport 22	IFT-22; IFT22; Intraflagellar transport-22
Intraflagellar transport 27	IFT-27; IFT27; Intraflagellar transport-27
Intraflagellar transport 43	IFT-43; IFT43; Intraflagellar transport-43
Intraflagellar transport 46	IFT-46; IFT46; Intraflagellar transport-46
Intraflagellar transport 52	IFT-52; IFT52; Intraflagellar transport-52
Intraflagellar transport 57	IFT-57; IFT57; Intraflagellar transport-57
Intraflagellar transport 74	IFT-74; IFT74; Intraflagellar transport-74
Intraflagellar transport 80	IFT-80; IFT80; Intraflagellar transport-80
Intraflagellar transport 81	IFT-81; IFT81; Intraflagellar transport-81
Intraflagellar transport 88	IFT-88; IFT88; Intraflagellar transport-88
Intraflagellar transport associated protein	IFTAP
INTS3 and NABP interacting protein	INIP
Inturned planar cell polarity protein	INTU
Inversin	INVS
Inverted formin 2	INF-2; INF2; Inverted formin-2
Involucrin	IVL
Iodothyronine deiodinase 1	DIO-1; DIO1; Iodothyronine deiodinase-1
Iodothyronine deiodinase 2	DIO-2; DIO2; Iodothyronine deiodinase-2
Iodothyronine deiodinase 3	DIO-3; DIO3; Iodothyronine deiodinase-3
Iodotyrosine deiodinase	IYD
IQ motif and Sec7 domain ArfGEF 1	IQSEC-1; IQSEC1
IQ motif and Sec7 domain ArfGEF 2	IQSEC-2; IQSEC2
IQ motif and ubiquitin domain containing	IQUB
IQ motif containing B1	IQCB-1; IQCB1
IQ motif containing C	IQCC
IQ motif containing D	IQCD
IQ motif containing E	IQCE
IQ motif containing F1	IQCF-1; IQCF1
IQ motif containing F2	IQCF-2; IQCF2
IQ motif containing F3	IQCF-3; IQCF3
IQ motif containing G	IQCG
IQ motif containing GTPase activating protein 1	IQGAP-1; IQGAP1
IQ motif containing GTPase activating protein 2	IQGAP-2; IQGAP2
IQ motif containing GTPase activating protein 3	IQGAP-3; IQGAP3
IQ motif containing N	IQCN
IQCJ-SCHIP1 readthrough	IQCJ-SCHIP1
Iron responsive element binding protein 2	IREB-2; IREB2
Iron-sulfur cluster assembly 1	ISCA-1; ISCA1
Iron-sulfur cluster assembly 2	ISCA-2; ISCA2
Iron-sulfur cluster assembly enzyme	ISCU
Iron-sulfur cluster assembly factor IBA57	IBA-57; IBA57
Iroquois homeobox 2	Iroquois homeobox-2; IRX-2; IRX2
Iroquois homeobox 4	Iroquois homeobox-4; IRX-4; IRX4
Iroquois homeobox 5	Iroquois homeobox-5; IRX-5; IRX5
Iroquois homeobox 6	Iroquois homeobox-6; IRX-6; IRX6
ISG15 ubiquitin like modifier	ISG-15; ISG15
ISL LIM homeobox 1	ISL-1; ISL1
ISL LIM homeobox 2	ISL-2; ISL2
Islet amyloid polypeptide	IAPP
Islet cell autoantigen 1	ICA-1; ICA1
Islet cell autoantigen 1 like	ICA1L
Isoamyl acetate hydrolyzing esterase 1 (putative)	IAH-1; IAH1
Isochorismatase domain containing 1	ISOC-1; ISOC1
Isochorismatase domain containing 2	ISOC-2; ISOC2
Isocitrate dehydrogenase (NAD(+)) 3 catalytic subunit alpha	IDH3A
Isocitrate dehydrogenase (NAD(+)) 3 non-catalytic subunit beta	IDH3B
Isocitrate dehydrogenase (NAD(+)) 3 non-catalytic subunit gamma	IDH3G
Isocitrate dehydrogenase (NADP(+)) 1	IDH-1; IDH1
Isocitrate dehydrogenase (NADP(+)) 2	IDH-2; IDH2
Isoleucyl-tRNA synthetase 1	IARS-1; IARS1; Isoleucyl-tRNA synthetase-1
Isoleucyl-tRNA synthetase 2, mitochondrial	IARS-2; IARS2
Isopentenyl-diphosphate delta isomerase 1	IDI-1; IDI1
Isopentenyl-diphosphate delta isomerase 2	IDI-2; IDI2
Isoprenylcysteine carboxyl methyltransferase	ICMT
Isovaleryl-CoA dehydrogenase	IVD
IST1 factor associated with ESCRT-III	IST-1; IST1
Isthmin 2	ISM-2; ISM2; Isthmin-2
ISY1 splicing factor homolog	ISY-1; ISY1
Itchy E3 ubiquitin protein ligase	ITCH
ITPR interacting domain containing 2	ITPRID-2; ITPRID2
ITPRIP like 1	ITPRIP like-1; ITPRIPL-1; ITPRIPL1
ITPRIP like 2	ITPRIP like-2; ITPRIPL-2; ITPRIPL2
Izumo sperm-egg fusion 1	IZUMO-1; IZUMO1
IZUMO1 receptor, JUNO	IZUMO1R
Jade family PHD finger 1	JADE-1; JADE1
Jade family PHD finger 2	JADE-2; JADE2
Jade family PHD finger 3	JADE-3; JADE3
Jagged canonical Notch ligand 1	JAG-1; JAG1
Jagged canonical Notch ligand 2	JAG-2; JAG2
Jagunal homolog 1	JAGN-1; JAGN1; Jagunal homolog-1
Janus kinase 1	JAK-1; JAK1; Janus kinase-1
Janus kinase 2	JAK-2; JAK2; Janus kinase-2
Janus kinase 3	JAK-3; JAK3; Janus kinase-3
Janus kinase and microtubule interacting protein 1	JAKMIP-1; JAKMIP1
Janus kinase and microtubule interacting protein 2	JAKMIP-2; JAKMIP2
JAZF zinc finger 1	JAZF-1; JAZF1
JNK1/MAPK8 associated membrane protein	JKAMP
Joining chain of multimeric IgA and IgM	JCHAIN
Josephin domain containing 1	JOSD-1; JOSD1
Josephin domain containing 2	JOSD-2; JOSD2
Jrk helix-turn-helix protein	JRK
Jumonji and AT-rich interaction domain containing 2	JARID-2; JARID2
Jumonji domain containing 1C	JMJD1C
Jumonji domain containing 4	JMJD-4; JMJD4
Jumonji domain containing 6, arginine demethylase and lysine hydroxylase	JMJD-6; JMJD6
Jumonji domain containing 7	JMJD-7; JMJD7
Jumonji domain containing 8	JMJD-8; JMJD8
Jumping translocation breakpoint	JTB
Jun dimerization protein 2	JDP-2; JDP2
Jun proto-oncogene, AP-1 transcription factor subunit	JUN
JunB proto-oncogene, AP-1 transcription factor subunit	JUNB
Junction adhesion molecule like	JAML
Junction mediating and regulatory protein, p53 cofactor	JMY
Junction plakoglobin	JUP
Junctional adhesion molecule 2	JAM-2; JAM2
Junctional adhesion molecule 3	JAM-3; JAM3
Junctional cadherin 5 associated	JCAD
Junctional sarcoplasmic reticulum protein 1	JSRP-1; JSRP1
Junctophilin 1	JPH-1; JPH1; Junctophilin-1
Junctophilin 2	JPH-2; JPH2; Junctophilin-2
Junctophilin 3	JPH-3; JPH3; Junctophilin-3
Junctophilin 4	JPH-4; JPH4; Junctophilin-4
JunD proto-oncogene, AP-1 transcription factor subunit	JUND
Jupiter microtubule associated homolog 1	JPT-1; JPT1
Jupiter microtubule associated homolog 2	JPT-2; JPT2
Kalirin RhoGEF kinase	KALRN
Kallikrein 1	Kallikrein-1; KLK-1; KLK1
Kallikrein B1	KLKB-1; KLKB1
Kallikrein related peptidase 10	KLK-10; KLK10
Kallikrein related peptidase 11	KLK-11; KLK11
Kallikrein related peptidase 12	KLK-12; KLK12
Kallikrein related peptidase 14	KLK-14; KLK14
Kallikrein related peptidase 15	KLK-15; KLK15
Kallikrein related peptidase 2	KLK-2; KLK2
Kallikrein related peptidase 3	KLK-3; KLK3
Kallikrein related peptidase 4	KLK-4; KLK4
Kallikrein related peptidase 5	KLK-5; KLK5
Kallikrein related peptidase 6	KLK-6; KLK6
Kallikrein related peptidase 7	KLK-7; KLK7
Kallikrein related peptidase 8	KLK-8; KLK8
Kaptin, actin binding protein	KPTN
Karyopherin subunit alpha 1	KPNA-1; KPNA1
Karyopherin subunit alpha 2	KPNA-2; KPNA2
Karyopherin subunit alpha 3	KPNA-3; KPNA3
Karyopherin subunit alpha 4	KPNA-4; KPNA4
Karyopherin subunit alpha 5	KPNA-5; KPNA5
Karyopherin subunit alpha 6	KPNA-6; KPNA6
Karyopherin subunit alpha 7	KPNA-7; KPNA7
Karyopherin subunit beta 1	KPNB-1; KPNB1
KASH domain containing 5	KASH-5; KASH5
KAT8 regulatory NSL complex subunit 1	KANSL-1; KANSL1
KAT8 regulatory NSL complex subunit 1 like	KANSL1L
KAT8 regulatory NSL complex subunit 2	KANSL-2; KANSL2
KAT8 regulatory NSL complex subunit 3	KANSL-3; KANSL3
Katanin catalytic subunit A1	KATNA-1; KATNA1
Katanin catalytic subunit A1 like 1	KATNAL-1; KATNAL1
Katanin catalytic subunit A1 like 2	KATNAL-2; KATNAL2
Katanin interacting protein	KATNIP
Katanin regulatory subunit B1	KATNB-1; KATNB1
Katanin regulatory subunit B1 like 1	KATNBL-1; KATNBL1
Kazal type serine peptidase inhibitor domain 1	KAZALD-1; KAZALD1
Kazrin, periplakin interacting protein	KAZN
KDEL endoplasmic reticulum protein retention receptor 1	KDELR-1; KDELR1
KDEL endoplasmic reticulum protein retention receptor 2	KDELR-2; KDELR2
KDEL endoplasmic reticulum protein retention receptor 3	KDELR-3; KDELR3
Kelch domain containing 1	KLHDC-1; KLHDC1
Kelch domain containing 10	KLHDC-10; KLHDC10
Kelch domain containing 2	KLHDC-2; KLHDC2
Kelch domain containing 3	KLHDC-3; KLHDC3
Kelch domain containing 4	KLHDC-4; KLHDC4
Kelch domain containing 7A	KLHDC7A
Kelch domain containing 7B	KLHDC7B
Kelch domain containing 8A	KLHDC8A
Kelch domain containing 9	KLHDC-9; KLHDC9
Kelch like ECH associated protein 1	KEAP-1; KEAP1
Kelch like family member 1	KLHL-1; KLHL1
Kelch like family member 10	KLHL-10; KLHL10
Kelch like family member 11	KLHL-11; KLHL11
Kelch like family member 12	KLHL-12; KLHL12
Kelch like family member 13	KLHL-13; KLHL13
Kelch like family member 14	KLHL-14; KLHL14
Kelch like family member 15	KLHL-15; KLHL15
Kelch like family member 17	KLHL-17; KLHL17
Kelch like family member 18	KLHL-18; KLHL18
Kelch like family member 2	KLHL-2; KLHL2
Kelch like family member 20	KLHL-20; KLHL20
Kelch like family member 21	KLHL-21; KLHL21
Kelch like family member 22	KLHL-22; KLHL22
Kelch like family member 23	KLHL-23; KLHL23
Kelch like family member 24	KLHL-24; KLHL24
Kelch like family member 25	KLHL-25; KLHL25
Kelch like family member 26	KLHL-26; KLHL26
Kelch like family member 29	KLHL-29; KLHL29
Kelch like family member 3	KLHL-3; KLHL3
Kelch like family member 32	KLHL-32; KLHL32
Kelch like family member 35	KLHL-35; KLHL35
Kelch like family member 36	KLHL-36; KLHL36
Kelch like family member 38	KLHL-38; KLHL38
Kelch like family member 4	KLHL-4; KLHL4
Kelch like family member 40	KLHL-40; KLHL40
Kelch like family member 41	KLHL-41; KLHL41
Kelch like family member 42	KLHL-42; KLHL42
Kelch like family member 5	KLHL-5; KLHL5
Kelch like family member 6	KLHL-6; KLHL6
Kelch like family member 7	KLHL-7; KLHL7
Kelch like family member 8	KLHL-8; KLHL8
Kelch like family member 9	KLHL-9; KLHL9
Kelch repeat and BTB domain containing 11	KBTBD-11; KBTBD11
Kelch repeat and BTB domain containing 12	KBTBD-12; KBTBD12
Kelch repeat and BTB domain containing 13	KBTBD-13; KBTBD13
Kelch repeat and BTB domain containing 2	KBTBD-2; KBTBD2
Kelch repeat and BTB domain containing 4	KBTBD-4; KBTBD4
Kelch repeat and BTB domain containing 6	KBTBD-6; KBTBD6
Kelch repeat and BTB domain containing 7	KBTBD-7; KBTBD7
Kelch repeat and BTB domain containing 8	KBTBD-8; KBTBD8
Kell metallo-endopeptidase (Kell blood group)	KEL
Keratin 1	Keratin-1; KRT-1; KRT1
Keratin 10	Keratin-10; KRT-10; KRT10
Keratin 12	Keratin-12; KRT-12; KRT12
Keratin 13	Keratin-13; KRT-13; KRT13
Keratin 14	Keratin-14; KRT-14; KRT14
Keratin 15	Keratin-15; KRT-15; KRT15
Keratin 16	Keratin-16; KRT-16; KRT16
Keratin 17	Keratin-17; KRT-17; KRT17
Keratin 18	Keratin-18; KRT-18; KRT18
Keratin 19	Keratin-19; KRT-19; KRT19
Keratin 2	Keratin-2; KRT-2; KRT2
Keratin 20	Keratin-20; KRT-20; KRT20
Keratin 222	Keratin-222; KRT-222; KRT222
Keratin 23	Keratin-23; KRT-23; KRT23
Keratin 24	Keratin-24; KRT-24; KRT24
Keratin 25	Keratin-25; KRT-25; KRT25
Keratin 26	Keratin-26; KRT-26; KRT26
Keratin 27	Keratin-27; KRT-27; KRT27
Keratin 28	Keratin-28; KRT-28; KRT28
Keratin 3	Keratin-3; KRT-3; KRT3
Keratin 31	Keratin-31; KRT-31; KRT31
Keratin 32	Keratin-32; KRT-32; KRT32
Keratin 33B	KRT33B
Keratin 34	Keratin-34; KRT-34; KRT34
Keratin 35	Keratin-35; KRT-35; KRT35
Keratin 36	Keratin-36; KRT-36; KRT36
Keratin 37	Keratin-37; KRT-37; KRT37
Keratin 38	Keratin-38; KRT-38; KRT38
Keratin 39	Keratin-39; KRT-39; KRT39
Keratin 4	Keratin-4; KRT-4; KRT4
Keratin 40	Keratin-40; KRT-40; KRT40
Keratin 5	Keratin-5; KRT-5; KRT5
Keratin 6A	KRT6A
Keratin 6B	KRT6B
Keratin 6C	KRT6C
Keratin 7	Keratin-7; KRT-7; KRT7
Keratin 71	Keratin-71; KRT-71; KRT71
Keratin 72	Keratin-72; KRT-72; KRT72
Keratin 73	Keratin-73; KRT-73; KRT73
Keratin 74	Keratin-74; KRT-74; KRT74
Keratin 75	Keratin-75; KRT-75; KRT75
Keratin 76	Keratin-76; KRT-76; KRT76
Keratin 77	Keratin-77; KRT-77; KRT77
Keratin 78	Keratin-78; KRT-78; KRT78
Keratin 79	Keratin-79; KRT-79; KRT79
Keratin 8	Keratin-8; KRT-8; KRT8
Keratin 80	Keratin-80; KRT-80; KRT80
Keratin 81	Keratin-81; KRT-81; KRT81
Keratin 82	Keratin-82; KRT-82; KRT82
Keratin 83	Keratin-83; KRT-83; KRT83
Keratin 85	Keratin-85; KRT-85; KRT85
Keratin 86	Keratin-86; KRT-86; KRT86
Keratin 9	Keratin-9; KRT-9; KRT9
Keratin associated protein 1-1	KRTAP1-1
Keratin associated protein 1-3	KRTAP1-3
Keratin associated protein 1-5	KRTAP1-5
Keratin associated protein 10-10	KRTAP10-10
Keratin associated protein 10-11	KRTAP10-11
Keratin associated protein 10-4	KRTAP10-4
Keratin associated protein 10-5	KRTAP10-5
Keratin associated protein 10-6	KRTAP10-6
Keratin associated protein 10-7	KRTAP10-7
Keratin associated protein 10-8	KRTAP10-8
Keratin associated protein 10-9	KRTAP10-9
Keratin associated protein 11-1	KRTAP11-1
Keratin associated protein 12-1	KRTAP12-1
Keratin associated protein 12-2	KRTAP12-2
Keratin associated protein 12-3	KRTAP12-3
Keratin associated protein 12-4	KRTAP12-4
Keratin associated protein 13-2	KRTAP13-2
Keratin associated protein 13-3	KRTAP13-3
Keratin associated protein 13-4	KRTAP13-4
Keratin associated protein 15-1	KRTAP15-1
Keratin associated protein 17-1	KRTAP17-1
Keratin associated protein 19-1	KRTAP19-1
Keratin associated protein 19-2	KRTAP19-2
Keratin associated protein 19-3	KRTAP19-3
Keratin associated protein 19-4	KRTAP19-4
Keratin associated protein 19-5	KRTAP19-5
Keratin associated protein 19-6	KRTAP19-6
Keratin associated protein 19-7	KRTAP19-7
Keratin associated protein 2-3	KRTAP2-3
Keratin associated protein 2-4	KRTAP2-4
Keratin associated protein 21-2	KRTAP21-2
Keratin associated protein 23-1	KRTAP23-1
Keratin associated protein 26-1	KRTAP26-1
Keratin associated protein 3-1	KRTAP3-1
Keratin associated protein 3-2	KRTAP3-2
Keratin associated protein 3-3	KRTAP3-3
Keratin associated protein 4-1	KRTAP4-1
Keratin associated protein 4-11	KRTAP4-11
Keratin associated protein 4-12	KRTAP4-12
Keratin associated protein 4-2	KRTAP4-2
Keratin associated protein 4-4	KRTAP4-4
Keratin associated protein 4-5	KRTAP4-5
Keratin associated protein 4-7	KRTAP4-7
Keratin associated protein 5-1	KRTAP5-1
Keratin associated protein 5-11	KRTAP5-11
Keratin associated protein 5-2	KRTAP5-2
Keratin associated protein 5-3	KRTAP5-3
Keratin associated protein 5-6	KRTAP5-6
Keratin associated protein 5-7	KRTAP5-7
Keratin associated protein 5-8	KRTAP5-8
Keratin associated protein 5-9	KRTAP5-9
Keratin associated protein 6-1	KRTAP6-1
Keratin associated protein 6-2	KRTAP6-2
Keratin associated protein 7-1	KRTAP7-1
Keratin associated protein 8-1	KRTAP8-1
Keratin associated protein 9-2	KRTAP9-2
Keratin associated protein 9-3	KRTAP9-3
Keratin associated protein 9-4	KRTAP9-4
Keratin associated protein 9-8	KRTAP9-8
Keratinocyte associated protein 2	KRTCAP-2; KRTCAP2
Keratinocyte associated protein 3	KRTCAP-3; KRTCAP3
Keratinocyte differentiation associated protein	KRTDAP
Keratinocyte differentiation factor 1	KDF-1; KDF1
Keratinocyte proline rich protein	KPRP
Keratocan	KERA
Ketohexokinase	KHK
KH and NYN domain containing	KHNYN
KH domain containing 3 like, subcortical maternal complex member	KHDC3L
KH domain containing 4, pre-mRNA splicing factor	KHDC-4; KHDC4
KH RNA binding domain containing, signal transduction associated 1	KHDRBS-1; KHDRBS1
KH RNA binding domain containing, signal transduction associated 2	KHDRBS-2; KHDRBS2
KH RNA binding domain containing, signal transduction associated 3	KHDRBS-3; KHDRBS3
KH-type splicing regulatory protein	KHSRP
KIAA0232	KIAA-0232; KIAA0232
KIAA0319	KIAA-0319; KIAA0319
KIAA0319 like	KIAA0319L
KIAA0408	KIAA-0408; KIAA0408
KIAA0513	KIAA-0513; KIAA0513
KIAA0586	KIAA-0586; KIAA0586
KIAA0753	KIAA-0753; KIAA0753
KIAA0825	KIAA-0825; KIAA0825
KIAA0930	KIAA-0930; KIAA0930
KIAA1143	KIAA-1143; KIAA1143
KIAA1191	KIAA-1191; KIAA1191
KIAA1217	KIAA-1217; KIAA1217
KIAA1328	KIAA-1328; KIAA1328
KIAA1522	KIAA-1522; KIAA1522
KIAA1549	KIAA-1549; KIAA1549
KIAA1586	KIAA-1586; KIAA1586
KIAA1671	KIAA-1671; KIAA1671
KIAA1958	KIAA-1958; KIAA1958
KIAA2013	KIAA-2013; KIAA2013
KICSTOR subunit 2	KICS-2; KICS2; KICSTOR subunit-2
Killer cell immunoglobulin like receptor, three Ig domains and long cytoplasmic tail 1	KIR3DL1
Killer cell immunoglobulin like receptor, three Ig domains and long cytoplasmic tail 2	KIR3DL2
Killer cell immunoglobulin like receptor, two Ig domains and long cytoplasmic tail 1	KIR2DL1
Killer cell immunoglobulin like receptor, two Ig domains and long cytoplasmic tail 3	KIR2DL3
Killer cell immunoglobulin like receptor, two Ig domains and long cytoplasmic tail 4	KIR2DL4
Killer cell lectin like receptor B1	KLRB-1; KLRB1
Killer cell lectin like receptor C1	KLRC-1; KLRC1
Killer cell lectin like receptor C2	KLRC-2; KLRC2
Killer cell lectin like receptor D1	KLRD-1; KLRD1
Killer cell lectin like receptor F1	KLRF-1; KLRF1
Killer cell lectin like receptor F2	KLRF-2; KLRF2
Killer cell lectin like receptor G1	KLRG-1; KLRG1
Killer cell lectin like receptor G2	KLRG-2; KLRG2
Killer cell lectin like receptor K1	KLRK-1; KLRK1
Killin, p53 regulated DNA replication inhibitor	KLLN
Kin17 DNA and RNA binding protein	KIN
Kinase D interacting substrate 220	KIDINS-220; KIDINS220
Kinase insert domain receptor	KDR
Kinase suppressor of ras 1	KSR-1; KSR1
Kinase suppressor of ras 2	KSR-2; KSR2
Kinectin 1	Kinectin-1; KTN-1; KTN1
Kinesin associated protein 3	KIFAP-3; KIFAP3
Kinesin family binding protein	KIFBP
Kinesin family member 11	KIF-11; KIF11
Kinesin family member 13A	KIF13A
Kinesin family member 13B	KIF13B
Kinesin family member 14	KIF-14; KIF14
Kinesin family member 15	KIF-15; KIF15
Kinesin family member 16B	KIF16B
Kinesin family member 18A	KIF18A
Kinesin family member 18B	KIF18B
Kinesin family member 1A	KIF1A
Kinesin family member 1B	KIF1B
Kinesin family member 1C	KIF1C
Kinesin family member 20A	KIF20A
Kinesin family member 20B	KIF20B
Kinesin family member 21A	KIF21A
Kinesin family member 21B	KIF21B
Kinesin family member 22	KIF-22; KIF22
Kinesin family member 23	KIF-23; KIF23
Kinesin family member 24	KIF-24; KIF24
Kinesin family member 26A	KIF26A
Kinesin family member 26B	KIF26B
Kinesin family member 27	KIF-27; KIF27
Kinesin family member 2A	KIF2A
Kinesin family member 2B	KIF2B
Kinesin family member 2C	KIF2C
Kinesin family member 3A	KIF3A
Kinesin family member 3B	KIF3B
Kinesin family member 3C	KIF3C
Kinesin family member 4A	KIF4A
Kinesin family member 5A	KIF5A
Kinesin family member 5B	KIF5B
Kinesin family member 5C	KIF5C
Kinesin family member 6	KIF-6; KIF6
Kinesin family member 7	KIF-7; KIF7
Kinesin family member 9	KIF-9; KIF9
Kinesin family member C1	KIFC-1; KIFC1
Kinesin family member C3	KIFC-3; KIFC3
Kinesin light chain 1	KLC-1; KLC1
Kinesin light chain 2	KLC-2; KLC2
Kinesin light chain 3	KLC-3; KLC3
Kinesin light chain 4	KLC-4; KLC4
Kinetochore associated 1	Kinetochore associated-1; KNTC-1; KNTC1
Kinetochore localized astrin (SPAG5) binding protein	KNSTRN
Kinetochore scaffold 1	Kinetochore scaffold-1; KNL-1; KNL1
Kininogen 1	Kininogen-1; KNG-1; KNG1
Kirre like nephrin family adhesion molecule 1	KIRREL-1; KIRREL1
Kirre like nephrin family adhesion molecule 2	KIRREL-2; KIRREL2
Kirre like nephrin family adhesion molecule 3	KIRREL-3; KIRREL3
KiSS-1 metastasis suppressor	KISS-1; KISS1
KISS1 receptor	KISS1R
KIT ligand	KITLG
KIT proto-oncogene, receptor tyrosine kinase	KIT
Kizuna centrosomal protein	KIZ
KLF transcription factor 1	KLF-1; KLF1
KLF transcription factor 10	KLF-10; KLF10
KLF transcription factor 11	KLF-11; KLF11
KLF transcription factor 12	KLF-12; KLF12
KLF transcription factor 13	KLF-13; KLF13
KLF transcription factor 15	KLF-15; KLF15
KLF transcription factor 16	KLF-16; KLF16
KLF transcription factor 17	KLF-17; KLF17
KLF transcription factor 2	KLF-2; KLF2
KLF transcription factor 3	KLF-3; KLF3
KLF transcription factor 4	KLF-4; KLF4
KLF transcription factor 5	KLF-5; KLF5
KLF transcription factor 6	KLF-6; KLF6
KLF transcription factor 7	KLF-7; KLF7
KLF transcription factor 8	KLF-8; KLF8
KLF transcription factor 9	KLF-9; KLF9
Klotho	KL
Klotho beta	KLB
KN motif and ankyrin repeat domains 1	KANK-1; KANK1
KN motif and ankyrin repeat domains 2	KANK-2; KANK2
KN motif and ankyrin repeat domains 3	KANK-3; KANK3
KN motif and ankyrin repeat domains 4	KANK-4; KANK4
KRAB box domain containing 4	KRBOX-4; KRBOX4
KRAB box domain containing 5	KRBOX-5; KRBOX5
KRAB-A domain containing 1	KRBA-1; KRBA1
KRAB-A domain containing 2	KRBA-2; KRBA2
KRAS proto-oncogene, GTPase	KRAS
KRI1 homolog	KRI-1; KRI1
Kringle containing transmembrane protein 1	KREMEN-1; KREMEN1
KRIT1 ankyrin repeat containing	KRIT-1; KRIT1
KRR1 small subunit processome component homolog	KRR-1; KRR1
KTI12 chromatin associated homolog	KTI-12; KTI12
KxDL motif containing 1	KXD-1; KXD1
Kynureninase	KYNU
Kynurenine 3-monooxygenase	KMO
Kynurenine aminotransferase 1	KYAT-1; KYAT1; Kynurenine aminotransferase-1
Kynurenine aminotransferase 3	KYAT-3; KYAT3; Kynurenine aminotransferase-3
Kyphoscoliosis peptidase	KY
L antigen family member 3	LAGE-3; LAGE3
L-2-hydroxyglutarate dehydrogenase	L2HGDH
L1 cell adhesion molecule	L1CAM
L3MBTL histone methyl-lysine binding protein 1	L3MBTL1
L3MBTL histone methyl-lysine binding protein 2	L3MBTL2
L3MBTL histone methyl-lysine binding protein 3	L3MBTL3
L3MBTL histone methyl-lysine binding protein 4	L3MBTL4
La ribonucleoprotein 1, translational regulator	LARP-1; LARP1
La ribonucleoprotein 1B	LARP1B
La ribonucleoprotein 4	La ribonucleoprotein-4; LARP-4; LARP4
La ribonucleoprotein 4B	LARP4B
La ribonucleoprotein 6, translational regulator	LARP-6; LARP6
La ribonucleoprotein 7, transcriptional regulator	LARP-7; LARP7
Laccase domain containing 1	LACC-1; LACC1
Lacritin	LACRT
Lactalbumin alpha	LALBA
Lactamase beta	LACTB
Lactamase beta 2	Lactamase beta-2; LACTB-2; LACTB2
Lactase	LCT
Lactase like	LCTL
Lactate dehydrogenase A	LDHA
Lactate dehydrogenase A like 6A	LDHAL6A
Lactate dehydrogenase A like 6B	LDHAL6B
Lactate dehydrogenase B	LDHB
Lactate dehydrogenase C	LDHC
Lactate dehydrogenase D	LDHD
Lactoperoxidase	LPO
Lactotransferrin	LTF
Ladinin 1	LAD-1; LAD1; Ladinin-1
Ladybird homeobox 1	Ladybird homeobox-1; LBX-1; LBX1
Ladybird homeobox 2	Ladybird homeobox-2; LBX-2; LBX2
Laeverin	LVRN
Lamin A/C	LMNA
Lamin B receptor	LBR
Lamin B1	LMNB-1; LMNB1
Lamin B2	LMNB-2; LMNB2
Lamin tail domain containing 2	LMNTD-2; LMNTD2
Laminin subunit alpha 1	LAMA-1; LAMA1
Laminin subunit alpha 2	LAMA-2; LAMA2
Laminin subunit alpha 3	LAMA-3; LAMA3
Laminin subunit alpha 4	LAMA-4; LAMA4
Laminin subunit alpha 5	LAMA-5; LAMA5
Laminin subunit beta 1	LAMB-1; LAMB1
Laminin subunit beta 2	LAMB-2; LAMB2
Laminin subunit beta 3	LAMB-3; LAMB3
Laminin subunit gamma 1	LAMC-1; LAMC1
Laminin subunit gamma 2	LAMC-2; LAMC2
Laminin subunit gamma 3	LAMC-3; LAMC3
LanC like glutathione S-transferase 1	LANCL-1; LANCL1
LanC like glutathione S-transferase 2	LANCL-2; LANCL2
Lanosterol synthase	LSS
Large 60S subunit nuclear export GTPase 1	LSG-1; LSG1
Large tumor suppressor kinase 1	LATS-1; LATS1
Large tumor suppressor kinase 2	LATS-2; LATS2
LARGE xylosyl- and glucuronyltransferase 1	LARGE-1; LARGE1
LARGE xylosyl- and glucuronyltransferase 2	LARGE-2; LARGE2
LAS1 like ribosome biogenesis factor	LAS1L
Late cornified envelope 1A	LCE1A
Late cornified envelope 1B	LCE1B
Late cornified envelope 1C	LCE1C
Late cornified envelope 1D	LCE1D
Late cornified envelope 1E	LCE1E
Late cornified envelope 1F	LCE1F
Late cornified envelope 2A	LCE2A
Late cornified envelope 2B	LCE2B
Late cornified envelope 2C	LCE2C
Late cornified envelope 2D	LCE2D
Late cornified envelope 3A	LCE3A
Late cornified envelope 3B	LCE3B
Late cornified envelope 3C	LCE3C
Late cornified envelope 3D	LCE3D
Late cornified envelope 3E	LCE3E
Late cornified envelope 4A	LCE4A
Late cornified envelope 5A	LCE5A
Late cornified envelope like proline rich 1	LELP-1; LELP1
Late endosomal/lysosomal adaptor, MAPK and MTOR activator 1	LAMTOR-1; LAMTOR1
Late endosomal/lysosomal adaptor, MAPK and MTOR activator 2	LAMTOR-2; LAMTOR2
Late endosomal/lysosomal adaptor, MAPK and MTOR activator 3	LAMTOR-3; LAMTOR3
Late endosomal/lysosomal adaptor, MAPK and MTOR activator 4	LAMTOR-4; LAMTOR4
Late endosomal/lysosomal adaptor, MAPK and MTOR activator 5	LAMTOR-5; LAMTOR5
Latent transforming growth factor beta binding protein 1	LTBP-1; LTBP1
Latent transforming growth factor beta binding protein 2	LTBP-2; LTBP2
Latent transforming growth factor beta binding protein 3	LTBP-3; LTBP3
Latent transforming growth factor beta binding protein 4	LTBP-4; LTBP4
Latexin	LXN
Layilin	LAYN
LBH domain containing 1	LBHD-1; LBHD1
LBH regulator of WNT signaling pathway	LBH
Lck interacting transmembrane adaptor 1	LIME-1; LIME1
LCK proto-oncogene, Src family tyrosine kinase	LCK
LDL receptor related protein 1	LRP-1; LRP1
LDL receptor related protein 10	LRP-10; LRP10
LDL receptor related protein 12	LRP-12; LRP12
LDL receptor related protein 1B	LRP1B
LDL receptor related protein 2	LRP-2; LRP2
LDL receptor related protein 4	LRP-4; LRP4
LDL receptor related protein 5	LRP-5; LRP5
LDL receptor related protein 6	LRP-6; LRP6
LDL receptor related protein 8	LRP-8; LRP8
LDL receptor related protein associated protein 1	LRPAP-1; LRPAP1
LDOC1 regulator of NFKB signaling	LDOC-1; LDOC1
Lebercilin LCA5	LCA-5; LCA5
Lebercilin LCA5 like	LCA5L
Lecithin retinol acyltransferase	LRAT
Lecithin-cholesterol acyltransferase	LCAT
Lectin, mannose binding 1	LMAN-1; LMAN1
Lectin, mannose binding 2	LMAN-2; LMAN2
Lectin, mannose binding 2 like	LMAN2L
Left-right determination factor 2	LEFTY-2; LEFTY2
Legumain	LGMN
Leiomodin 1	Leiomodin-1; LMOD-1; LMOD1
Leiomodin 2	Leiomodin-2; LMOD-2; LMOD2
Leiomodin 3	Leiomodin-3; LMOD-3; LMOD3
LEM domain containing 1	LEMD-1; LEMD1
LEM domain containing 3	LEMD-3; LEMD3
LEM domain nuclear envelope protein 2	LEMD-2; LEMD2
Lemur tyrosine kinase 2	LMTK-2; LMTK2
Lemur tyrosine kinase 3	LMTK-3; LMTK3
Lengsin, lens protein with glutamine synthetase domain	LGSN
Lens epithelial protein	LENEP
Lens intrinsic membrane protein 2	LIM-2; LIM2
LEO1 homolog, Paf1/RNA polymerase II complex component	LEO-1; LEO1
Leptin	LEP
Leptin receptor	LEPR
Leptin receptor overlapping transcript	LEPROT
Leptin receptor overlapping transcript like 1	LEPROTL-1; LEPROTL1
LETM1 domain containing 1	LETMD-1; LETMD1
Leucine aminopeptidase 3	LAP-3; LAP3; Leucine aminopeptidase-3
Leucine carboxyl methyltransferase 1	LCMT-1; LCMT1
Leucine carboxyl methyltransferase 2	LCMT-2; LCMT2
Leucine rich adaptor protein 1	LURAP-1; LURAP1
Leucine rich adaptor protein 1 like	LURAP1L
Leucine rich alpha-2-glycoprotein 1	LRG-1; LRG1
Leucine rich glioma inactivated 1	LGI-1; LGI1
Leucine rich melanocyte differentiation associated	LRMDA
Leucine rich pentatricopeptide repeat containing	LRPPRC
Leucine rich repeat and coiled-coil centrosomal protein 1	LRRCC-1; LRRCC1
Leucine rich repeat and fibronectin type III domain containing 1	LRFN-1; LRFN1
Leucine rich repeat and fibronectin type III domain containing 2	LRFN-2; LRFN2
Leucine rich repeat and fibronectin type III domain containing 4	LRFN-4; LRFN4
Leucine rich repeat and fibronectin type III domain containing 5	LRFN-5; LRFN5
Leucine rich repeat and Ig domain containing 1	LINGO-1; LINGO1
Leucine rich repeat and sterile alpha motif containing 1	LRSAM-1; LRSAM1
Leucine rich repeat containing 1	LRRC-1; LRRC1
Leucine rich repeat containing 14	LRRC-14; LRRC14
Leucine rich repeat containing 18	LRRC-18; LRRC18
Leucine rich repeat containing 19	LRRC-19; LRRC19
Leucine rich repeat containing 20	LRRC-20; LRRC20
Leucine rich repeat containing 23	LRRC-23; LRRC23
Leucine rich repeat containing 25	LRRC-25; LRRC25
Leucine rich repeat containing 26	LRRC-26; LRRC26
Leucine rich repeat containing 27	LRRC-27; LRRC27
Leucine rich repeat containing 3	LRRC-3; LRRC3
Leucine rich repeat containing 32	LRRC-32; LRRC32
Leucine rich repeat containing 36	LRRC-36; LRRC36
Leucine rich repeat containing 38	LRRC-38; LRRC38
Leucine rich repeat containing 39	LRRC-39; LRRC39
Leucine rich repeat containing 3B	LRRC3B
Leucine rich repeat containing 4	LRRC-4; LRRC4
Leucine rich repeat containing 40	LRRC-40; LRRC40
Leucine rich repeat containing 41	LRRC-41; LRRC41
Leucine rich repeat containing 42	LRRC-42; LRRC42
Leucine rich repeat containing 45	LRRC-45; LRRC45
Leucine rich repeat containing 47	LRRC-47; LRRC47
Leucine rich repeat containing 49	LRRC-49; LRRC49
Leucine rich repeat containing 4C	LRRC4C
Leucine rich repeat containing 52	LRRC-52; LRRC52
Leucine rich repeat containing 55	LRRC-55; LRRC55
Leucine rich repeat containing 56	LRRC-56; LRRC56
Leucine rich repeat containing 57	LRRC-57; LRRC57
Leucine rich repeat containing 58	LRRC-58; LRRC58
Leucine rich repeat containing 59	LRRC-59; LRRC59
Leucine rich repeat containing 61	LRRC-61; LRRC61
Leucine rich repeat containing 73	LRRC-73; LRRC73
Leucine rich repeat containing 8 VRAC subunit A	LRRC8A
Leucine rich repeat containing 8 VRAC subunit B	LRRC8B
Leucine rich repeat containing 8 VRAC subunit C	LRRC8C
Leucine rich repeat containing 8 VRAC subunit D	LRRC8D
Leucine rich repeat containing 8 VRAC subunit E	LRRC8E
Leucine rich repeat containing G protein-coupled receptor 4	LGR-4; LGR4
Leucine rich repeat containing G protein-coupled receptor 5	LGR-5; LGR5
Leucine rich repeat containing G protein-coupled receptor 6	LGR-6; LGR6
Leucine rich repeat kinase 1	LRRK-1; LRRK1
Leucine rich repeat kinase 2	LRRK-2; LRRK2
Leucine rich repeat LGI family member 4	LGI-4; LGI4
Leucine rich repeat neuronal 1	LRRN-1; LRRN1
Leucine rich repeat neuronal 4	LRRN-4; LRRN4
Leucine rich repeat protein 1	LRR-1; LRR1
Leucine rich repeat transmembrane neuronal 2	LRRTM-2; LRRTM2
Leucine rich repeat, Ig-like and transmembrane domains 3	LRIT-3; LRIT3
Leucine rich repeats and calponin homology domain containing 1	LRCH-1; LRCH1
Leucine rich repeats and calponin homology domain containing 2	LRCH-2; LRCH2
Leucine rich repeats and calponin homology domain containing 3	LRCH-3; LRCH3
Leucine rich repeats and calponin homology domain containing 4	LRCH-4; LRCH4
Leucine rich repeats and guanylate kinase domain containing	LRGUK
Leucine rich repeats and immunoglobulin like domains 1	LRIG-1; LRIG1
Leucine rich repeats and immunoglobulin like domains 2	LRIG-2; LRIG2
Leucine rich repeats and immunoglobulin like domains 3	LRIG-3; LRIG3
Leucine rich repeats and IQ motif containing 3	LRRIQ-3; LRRIQ3
Leucine rich repeats and transmembrane domains 1	LRTM-1; LRTM1
Leucine rich repeats and WD repeat domain containing 1	LRWD-1; LRWD1
Leucine rich single-pass membrane protein 1	LSMEM-1; LSMEM1
Leucine rich single-pass membrane protein 2	LSMEM-2; LSMEM2
Leucine rich transmembrane and O-methyltransferase domain containing	LRTOMT
Leucine twenty homeobox	LEUTX
Leucine zipper and CTNNBIP1 domain containing	LZIC
Leucine zipper and EF-hand containing transmembrane protein 1	LETM-1; LETM1
Leucine zipper like transcription regulator 1	LZTR-1; LZTR1
Leucine zipper protein 1	LUZP-1; LUZP1
Leucine zipper protein 4	LUZP-4; LUZP4
Leucine zipper transcription factor like 1	LZTFL-1; LZTFL1
Leucine zipper tumor suppressor 1	LZTS-1; LZTS1
Leucine zipper tumor suppressor 2	LZTS-2; LZTS2
Leucyl and cystinyl aminopeptidase	LNPEP
Leucyl-tRNA synthetase 1	LARS-1; LARS1; Leucyl-tRNA synthetase-1
Leucyl-tRNA synthetase 2, mitochondrial	LARS-2; LARS2
Leukocyte associated immunoglobulin like receptor 1	LAIR-1; LAIR1
Leukocyte associated immunoglobulin like receptor 2	LAIR-2; LAIR2
Leukocyte cell derived chemotaxin 2	LECT-2; LECT2
Leukocyte immunoglobulin like receptor A2	LILRA-2; LILRA2
Leukocyte immunoglobulin like receptor A4	LILRA-4; LILRA4
Leukocyte immunoglobulin like receptor A5	LILRA-5; LILRA5
Leukocyte immunoglobulin like receptor B2	LILRB-2; LILRB2
Leukocyte immunoglobulin like receptor B3	LILRB-3; LILRB3
Leukocyte immunoglobulin like receptor B4	LILRB-4; LILRB4
Leukocyte immunoglobulin like receptor B5	LILRB-5; LILRB5
Leukocyte receptor cluster member 1	LENG-1; LENG1
Leukocyte receptor cluster member 8	LENG-8; LENG8
Leukocyte receptor tyrosine kinase	LTK
Leukocyte specific transcript 1	LST-1; LST1
Leukotriene A4 hydrolase	LTA4H
Leukotriene B4 receptor	LTB4R
Leukotriene C4 synthase	LTC4S
Leupaxin	LPXN
LFNG O-fucosylpeptide 3-beta-N-acetylglucosaminyltransferase	LFNG
LHFPL tetraspan subfamily member 1	LHFPL-1; LHFPL1
LHFPL tetraspan subfamily member 2	LHFPL-2; LHFPL2
LHFPL tetraspan subfamily member 3	LHFPL-3; LHFPL3
LHFPL tetraspan subfamily member 4	LHFPL-4; LHFPL4
LHFPL tetraspan subfamily member 5	LHFPL-5; LHFPL5
LIF interleukin 6 family cytokine	LIF
LIF receptor subunit alpha	LIFR
Ligand dependent nuclear receptor corepressor	LCOR
Ligand dependent nuclear receptor corepressor like	LCORL
Ligand dependent nuclear receptor interacting factor 1	LRIF-1; LRIF1
Ligand of numb-protein X 1	LNX-1; LNX1
Ligand of numb-protein X 2	LNX-2; LNX2
LIM and calponin homology domains 1	LIMCH-1; LIMCH1
LIM and cysteine rich domains 1	LMCD-1; LMCD1
LIM and SH3 protein 1	LASP-1; LASP1
LIM domain 7	LIM domain-7; LMO-7; LMO7
LIM domain and actin binding 1	LIMA-1; LIMA1
LIM domain binding 1	LDB-1; LDB1
LIM domain binding 2	LDB-2; LDB2
LIM domain binding 3	LDB-3; LDB3
LIM domain containing 1	LIMD-1; LIMD1
LIM domain containing 2	LIMD-2; LIMD2
LIM domain containing preferred translocation partner in lipoma	LPP
LIM domain kinase 1	LIMK-1; LIMK1
LIM domain kinase 2	LIMK-2; LIMK2
LIM domain only 1	LMO-1; LMO1
LIM domain only 2	LMO-2; LMO2
LIM domain only 3	LMO-3; LMO3
LIM domain only 4	LMO-4; LMO4
LIM homeobox 1	LHX-1; LHX1; LIM homeobox-1
LIM homeobox 2	LHX-2; LHX2; LIM homeobox-2
LIM homeobox 3	LHX-3; LHX3; LIM homeobox-3
LIM homeobox 4	LHX-4; LHX4; LIM homeobox-4
LIM homeobox 5	LHX-5; LHX5; LIM homeobox-5
LIM homeobox 6	LHX-6; LHX6; LIM homeobox-6
LIM homeobox 8	LHX-8; LHX8; LIM homeobox-8
LIM homeobox 9	LHX-9; LHX9; LIM homeobox-9
LIM homeobox transcription factor 1 alpha	LMX1A
LIM homeobox transcription factor 1 beta	LMX1B
LIM zinc finger domain containing 1	LIMS-1; LIMS1
LIM zinc finger domain containing 2	LIMS-2; LIMS2
LIM zinc finger domain containing 4	LIMS-4; LIMS4
Limb and CNS expressed 1	LIX-1; LIX1
Limb development membrane protein 1	LMBR-1; LMBR1
Limb development membrane protein 1 like	LMBR1L
Limbic system associated membrane protein	LSAMP
Lin-28 homolog A	LIN28A
Lin-28 homolog B	LIN28B
Lin-37 DREAM MuvB core complex component	LIN-37; LIN37
Lin-54 DREAM MuvB core complex component	LIN-54; LIN54
Lin-7 homolog A, crumbs cell polarity complex component	LIN7A
Lin-7 homolog B, crumbs cell polarity complex component	LIN7B
Lin-7 homolog C, crumbs cell polarity complex component	LIN7C
Lin-9 DREAM MuvB core complex component	LIN-9; LIN9
LINE1 type transposase domain containing 1	L1TD1
Lines homolog 1	Lines homolog-1; LINS-1; LINS1
Linker for activation of T cells	LAT
Linker for activation of T cells family member 2	LAT-2; LAT2
Lipase A, lysosomal acid type	LIPA
Lipase C, hepatic type	LIPC
Lipase E, hormone sensitive type	LIPE
Lipase F, gastric type	LIPF
Lipase G, endothelial type	LIPG
Lipase H	LIPH
Lipase I	LIPI
Lipase maturation factor 1	LMF-1; LMF1
Lipase maturation factor 2	LMF-2; LMF2
Lipid droplet assembly factor 1	LDAF-1; LDAF1
Lipid droplet associated hydrolase	LDAH
Lipin 1	Lipin-1; LPIN-1; LPIN1
Lipin 2	Lipin-2; LPIN-2; LPIN2
Lipin 3	Lipin-3; LPIN-3; LPIN3
Lipocalin 1	LCN-1; LCN1; Lipocalin-1
Lipocalin 10	LCN-10; LCN10; Lipocalin-10
Lipocalin 15	LCN-15; LCN15; Lipocalin-15
Lipocalin 2	LCN-2; LCN2; Lipocalin-2
Lipocalin 6	LCN-6; LCN6; Lipocalin-6
Lipoic acid synthetase	LIAS
Lipolysis stimulated lipoprotein receptor	LSR
Lipopolysaccharide binding protein	LBP
Lipopolysaccharide induced TNF factor	LITAF
Lipoprotein lipase	LPL
Lipoprotein(a)	LPA
Lipoyl(octanoyl) transferase 2	Lipoyl(octanoyl) transferase-2; LIPT-2; LIPT2
Lipoyltransferase 1	Lipoyltransferase-1; LIPT-1; LIPT1
Listerin E3 ubiquitin protein ligase 1	LTN-1; LTN1
Liver enriched antimicrobial peptide 2	LEAP-2; LEAP2
LKAAEAR motif containing 1	LKAAEAR-1; LKAAEAR1
LLGL scribble cell polarity complex component 1	LLGL-1; LLGL1
LLGL scribble cell polarity complex component 2	LLGL-2; LLGL2
LLP homolog, long-term synaptic facilitation factor	LLPH
LMBR1 domain containing 1	LMBRD-1; LMBRD1
LMBR1 domain containing 2	LMBRD-2; LMBRD2
Lon peptidase 1, mitochondrial	LONP-1; LONP1
Lon peptidase 2, peroxisomal	LONP-2; LONP2
LON peptidase N-terminal domain and ring finger 1	LONRF-1; LONRF1
LON peptidase N-terminal domain and ring finger 2	LONRF-2; LONRF2
LON peptidase N-terminal domain and ring finger 3	LONRF-3; LONRF3
Loricrin cornified envelope precursor protein	LORICRIN
Low density lipoprotein receptor	LDLR
Low density lipoprotein receptor adaptor protein 1	LDLRAP-1; LDLRAP1
Low density lipoprotein receptor class A domain containing 1	LDLRAD-1; LDLRAD1
Low density lipoprotein receptor class A domain containing 3	LDLRAD-3; LDLRAD3
Low density lipoprotein receptor class A domain containing 4	LDLRAD-4; LDLRAD4
LPS responsive beige-like anchor protein	LRBA
LRAT domain containing 1	LRATD-1; LRATD1
LRAT domain containing 2	LRATD-2; LRATD2
LRP2 binding protein	LRP2BP
LRR binding FLII interacting protein 1	LRRFIP-1; LRRFIP1
LRR binding FLII interacting protein 2	LRRFIP-2; LRRFIP2
LSM family member 14B	LSM14B
LSM1 homolog, mRNA degradation associated	LSM-1; LSM1
LSM10, U7 small nuclear RNA associated	LSM-10; LSM10
LSM11, U7 small nuclear RNA associated	LSM-11; LSM11
LSM12 homolog	LSM-12; LSM12
LSM14A mRNA processing body assembly factor	LSM14A
LSM2 homolog, U6 small nuclear RNA and mRNA degradation associated	LSM-2; LSM2
LSM3 homolog, U6 small nuclear RNA and mRNA degradation associated	LSM-3; LSM3
LSM4 homolog, U6 small nuclear RNA and mRNA degradation associated	LSM-4; LSM4
LSM5 homolog, U6 small nuclear RNA and mRNA degradation associated	LSM-5; LSM5
LSM6 homolog, U6 small nuclear RNA and mRNA degradation associated	LSM-6; LSM6
LSM7 homolog, U6 small nuclear RNA and mRNA degradation associated	LSM-7; LSM7
LSM8 homolog, U6 small nuclear RNA associated	LSM-8; LSM8
LTO1 maturation factor of ABCE1	LTO-1; LTO1
LTV1 ribosome biogenesis factor	LTV-1; LTV1
LUC7 like	LUC7L
LUC7 like 2, pre-mRNA splicing factor	LUC7L2
LUC7 like 3 pre-mRNA splicing factor	LUC7L3
Lumican	LUM
Lunapark, ER junction formation factor	LNPK
Luteinizing hormone subunit beta	LHB
Luteinizing hormone/choriogonadotropin receptor	LHCGR
Ly1 antibody reactive	LYAR
Ly6/neurotoxin 1	Ly6/neurotoxin-1; LYNX-1; LYNX1
LY6/PLAUR domain containing 1	LYPD-1; LYPD1
LY6/PLAUR domain containing 2	LYPD-2; LYPD2
LY6/PLAUR domain containing 3	LYPD-3; LYPD3
LY6/PLAUR domain containing 5	LYPD-5; LYPD5
LY6/PLAUR domain containing 6	LYPD-6; LYPD6
LY6/PLAUR domain containing 6B	LYPD6B
LY6/PLAUR domain containing 8	LYPD-8; LYPD8
LYL1 basic helix-loop-helix family member	LYL-1; LYL1
Lymphatic vessel endothelial hyaluronan receptor 1	LYVE-1; LYVE1
Lymphocyte activating 3	LAG-3; LAG3; Lymphocyte activating-3
Lymphocyte antigen 6 family member D	LY6D
Lymphocyte antigen 6 family member E	LY6E
Lymphocyte antigen 6 family member G5B	LY6G5B
Lymphocyte antigen 6 family member G5C	LY6G5C
Lymphocyte antigen 6 family member G6C	LY6G6C
Lymphocyte antigen 6 family member G6D	LY6G6D
Lymphocyte antigen 6 family member G6F	LY6G6F
Lymphocyte antigen 6 family member H	LY6H
Lymphocyte antigen 6 family member K	LY6K
Lymphocyte antigen 75	LY-75; LY75; Lymphocyte antigen-75
Lymphocyte antigen 86	LY-86; LY86; Lymphocyte antigen-86
Lymphocyte antigen 9	LY-9; LY9; Lymphocyte antigen-9
Lymphocyte antigen 96	LY-96; LY96; Lymphocyte antigen-96
Lymphocyte cytosolic protein 1	LCP-1; LCP1
Lymphocyte cytosolic protein 2	LCP-2; LCP2
Lymphocyte specific protein 1	LSP-1; LSP1
Lymphocyte transmembrane adaptor 1	LAX-1; LAX1
Lymphoid enhancer binding factor 1	LEF-1; LEF1
Lymphotoxin alpha	LTA
Lymphotoxin beta	LTB
Lymphotoxin beta receptor	LTBR
LYN proto-oncogene, Src family tyrosine kinase	LYN
LYR motif containing 2	LYRM-2; LYRM2
LYR motif containing 4	LYRM-4; LYRM4
LYR motif containing 7	LYRM-7; LYRM7
Lysine acetyltransferase 14	KAT-14; KAT14; Lysine acetyltransferase-14
Lysine acetyltransferase 2A	KAT2A
Lysine acetyltransferase 2B	KAT2B
Lysine acetyltransferase 5	KAT-5; KAT5; Lysine acetyltransferase-5
Lysine acetyltransferase 6A	KAT6A
Lysine acetyltransferase 6B	KAT6B
Lysine acetyltransferase 7	KAT-7; KAT7; Lysine acetyltransferase-7
Lysine acetyltransferase 8	KAT-8; KAT8; Lysine acetyltransferase-8
Lysine demethylase 1A	KDM1A
Lysine demethylase 1B	KDM1B
Lysine demethylase 2A	KDM2A
Lysine demethylase 2B	KDM2B
Lysine demethylase 3A	KDM3A
Lysine demethylase 3B	KDM3B
Lysine demethylase 4A	KDM4A
Lysine demethylase 4B	KDM4B
Lysine demethylase 4C	KDM4C
Lysine demethylase 4D	KDM4D
Lysine demethylase 4E	KDM4E
Lysine demethylase 5A	KDM5A
Lysine demethylase 5B	KDM5B
Lysine demethylase 5C	KDM5C
Lysine demethylase 5D	KDM5D
Lysine demethylase 6A	KDM6A
Lysine demethylase 6B	KDM6B
Lysine demethylase 7A	KDM7A
Lysine demethylase 8	KDM-8; KDM8; Lysine demethylase-8
Lysine methyltransferase 2A	KMT2A
Lysine methyltransferase 2B	KMT2B
Lysine methyltransferase 2C	KMT2C
Lysine methyltransferase 2D	KMT2D
Lysine methyltransferase 2E (inactive)	KMT2E
Lysine methyltransferase 5A	KMT5A
Lysine methyltransferase 5B	KMT5B
Lysine methyltransferase 5C	KMT5C
Lysine rich coiled-coil 1	KRCC-1; KRCC1
Lysine rich nucleolar protein 1	KNOP-1; KNOP1
LysM domain containing 1	LYSMD-1; LYSMD1
LysM domain containing 2	LYSMD-2; LYSMD2
LysM domain containing 3	LYSMD-3; LYSMD3
Lysocardiolipin acyltransferase 1	LCLAT-1; LCLAT1; Lysocardiolipin acyltransferase-1
Lysophosphatidic acid receptor 1	LPAR-1; LPAR1
Lysophosphatidic acid receptor 2	LPAR-2; LPAR2
Lysophosphatidic acid receptor 3	LPAR-3; LPAR3
Lysophosphatidic acid receptor 4	LPAR-4; LPAR4
Lysophosphatidic acid receptor 6	LPAR-6; LPAR6
Lysophosphatidylcholine acyltransferase 1	LPCAT-1; LPCAT1; Lysophosphatidylcholine acyltransferase-1
Lysophosphatidylcholine acyltransferase 2	LPCAT-2; LPCAT2; Lysophosphatidylcholine acyltransferase-2
Lysophosphatidylcholine acyltransferase 3	LPCAT-3; LPCAT3; Lysophosphatidylcholine acyltransferase-3
Lysophosphatidylcholine acyltransferase 4	LPCAT-4; LPCAT4; Lysophosphatidylcholine acyltransferase-4
Lysophosphatidylglycerol acyltransferase 1	LPGAT-1; LPGAT1; Lysophosphatidylglycerol acyltransferase-1
Lysophospholipase 1	LYPLA-1; LYPLA1; Lysophospholipase-1
Lysophospholipase 2	LYPLA-2; LYPLA2; Lysophospholipase-2
Lysophospholipase like 1	LYPLAL-1; LYPLAL1; Lysophospholipase like-1
Lysosomal associated membrane protein 1	LAMP-1; LAMP1
Lysosomal associated membrane protein 2	LAMP-2; LAMP2
Lysosomal associated membrane protein 3	LAMP-3; LAMP3
Lysosomal associated membrane protein family member 5	LAMP-5; LAMP5
Lysosomal protein transmembrane 4 alpha	LAPTM4A
Lysosomal protein transmembrane 4 beta	LAPTM4B
Lysosomal protein transmembrane 5	LAPTM-5; LAPTM5
Lysosomal trafficking regulator	LYST
Lysozyme	LYZ
Lysozyme g1	LYG-1; LYG1
Lysozyme g2	LYG-2; LYG2
Lysozyme like 6	Lysozyme like-6; LYZL-6; LYZL6
Lysyl oxidase	LOX
Lysyl oxidase like 1	LOXL-1; LOXL1
Lysyl oxidase like 2	LOXL-2; LOXL2
Lysyl oxidase like 3	LOXL-3; LOXL3
Lysyl oxidase like 4	LOXL-4; LOXL4
Lysyl-tRNA synthetase 1	KARS-1; KARS1; Lysyl-tRNA synthetase-1
M-phase phosphoprotein 10	M-phase phosphoprotein-10; MPHOSPH-10; MPHOSPH10
M-phase phosphoprotein 6	M-phase phosphoprotein-6; MPHOSPH-6; MPHOSPH6
M-phase phosphoprotein 8	M-phase phosphoprotein-8; MPHOSPH-8; MPHOSPH8
M-phase phosphoprotein 9	M-phase phosphoprotein-9; MPHOSPH-9; MPHOSPH9
M-phase specific PLK1 interacting protein	MPLKIP
Mab-21 domain containing 2	MB21D2
Mab-21 like 1	Mab-21 like-1; MAB21L1
Mab-21 like 2	Mab-21 like-2; MAB21L2
Mab-21 like 3	Mab-21 like-3; MAB21L3
Macoilin 1	MACO-1; MACO1; Macoilin-1
MacroH2A.1 histone	MACROH2A1
MacroH2A.2 histone	MACROH2A2
Macrophage erythroblast attacher, E3 ubiquitin ligase	MAEA
Macrophage expressed 1	Macrophage expressed-1; MPEG-1; MPEG1
Macrophage immunometabolism regulator	MACIR
Macrophage migration inhibitory factor	MIF
Macrophage receptor with collagenous structure	MARCO
Macrophage scavenger receptor 1	MSR-1; MSR1
Macrophage stimulating 1 receptor	MST1R
MAD2L1 binding protein	MAD2L1BP
Maelstrom spermatogenic transposon silencer	MAEL
MAF bZIP transcription factor	MAF
MAF bZIP transcription factor A	MAFA
MAF bZIP transcription factor B	MAFB
MAF bZIP transcription factor F	MAFF
MAF bZIP transcription factor G	MAFG
MAF bZIP transcription factor K	MAFK
MAF1 homolog, negative regulator of RNA polymerase III	MAF-1; MAF1
MAGE family member A1	MAGEA-1; MAGEA1
MAGE family member A10	MAGEA-10; MAGEA10
MAGE family member A11	MAGEA-11; MAGEA11
MAGE family member A12	MAGEA-12; MAGEA12
MAGE family member A2	MAGEA-2; MAGEA2
MAGE family member A2B	MAGEA2B
MAGE family member A3	MAGEA-3; MAGEA3
MAGE family member A4	MAGEA-4; MAGEA4
MAGE family member A6	MAGEA-6; MAGEA6
MAGE family member A8	MAGEA-8; MAGEA8
MAGE family member A9	MAGEA-9; MAGEA9
MAGE family member A9B	MAGEA9B
MAGE family member B1	MAGEB-1; MAGEB1
MAGE family member B10	MAGEB-10; MAGEB10
MAGE family member B18	MAGEB-18; MAGEB18
MAGE family member B2	MAGEB-2; MAGEB2
MAGE family member B3	MAGEB-3; MAGEB3
MAGE family member B4	MAGEB-4; MAGEB4
MAGE family member B6	MAGEB-6; MAGEB6
MAGE family member C1	MAGEC-1; MAGEC1
MAGE family member C2	MAGEC-2; MAGEC2
MAGE family member C3	MAGEC-3; MAGEC3
MAGE family member D1	MAGED-1; MAGED1
MAGE family member D2	MAGED-2; MAGED2
MAGE family member D4	MAGED-4; MAGED4
MAGE family member D4B	MAGED4B
MAGE family member E1	MAGEE-1; MAGEE1
MAGE family member F1	MAGEF-1; MAGEF1
MAGE family member H1	MAGEH-1; MAGEH1
MAGE family member L2	MAGEL-2; MAGEL2
MAGI family member, X-linked	MAGIX
Magnesium dependent phosphatase 1	MDP-1; MDP1
Magnesium transporter 1	Magnesium transporter-1; MAGT-1; MAGT1
Magnesium transporter MRS2	MRS-2; MRS2
Mago homolog B, exon junction complex subunit	MAGOHB
Mago homolog, exon junction complex subunit	MAGOH
MAGUK p55 scaffold protein 1	MPP-1; MPP1
MAGUK p55 scaffold protein 2	MPP-2; MPP2
MAGUK p55 scaffold protein 3	MPP-3; MPP3
MAGUK p55 scaffold protein 4	MPP-4; MPP4
MAGUK p55 scaffold protein 7	MPP-7; MPP7
Mahogunin ring finger 1	MGRN-1; MGRN1
Major facilitator superfamily domain containing 10	MFSD-10; MFSD10
Major facilitator superfamily domain containing 11	MFSD-11; MFSD11
Major facilitator superfamily domain containing 12	MFSD-12; MFSD12
Major facilitator superfamily domain containing 13A	MFSD13A
Major facilitator superfamily domain containing 14A	MFSD14A
Major facilitator superfamily domain containing 14B	MFSD14B
Major facilitator superfamily domain containing 2A	MFSD2A
Major facilitator superfamily domain containing 2B	MFSD2B
Major facilitator superfamily domain containing 3	MFSD-3; MFSD3
Major facilitator superfamily domain containing 4B	MFSD4B
Major facilitator superfamily domain containing 5	MFSD-5; MFSD5
Major facilitator superfamily domain containing 6	MFSD-6; MFSD6
Major facilitator superfamily domain containing 8	MFSD-8; MFSD8
Major histocompatibility complex, class I, A	HLA-A
Major histocompatibility complex, class I, B	HLA-B
Major histocompatibility complex, class I, C	HLA-C
Major histocompatibility complex, class I, E	HLA-E
Major histocompatibility complex, class I, F	HLA-F
Major histocompatibility complex, class I, G	HLA-G
Major histocompatibility complex, class I-related	MR-1; MR1
Major histocompatibility complex, class II, DM alpha	HLA-DMA
Major histocompatibility complex, class II, DM beta	HLA-DMB
Major histocompatibility complex, class II, DO alpha	HLA-DOA
Major histocompatibility complex, class II, DO beta	HLA-DOB
Major histocompatibility complex, class II, DP alpha 1	HLA-DPA1
Major histocompatibility complex, class II, DP beta 1	HLA-DPB1
Major histocompatibility complex, class II, DQ alpha 1	HLA-DQA1
Major histocompatibility complex, class II, DQ alpha 2	HLA-DQA2
Major histocompatibility complex, class II, DQ beta 2	HLA-DQB2
Major histocompatibility complex, class II, DR alpha	HLA-DRA
Major histocompatibility complex, class II, DR beta 1	HLA-DRB1
Major histocompatibility complex, class II, DR beta 5	HLA-DRB5
Major intrinsic protein of lens fiber	MIP
Major vault protein	MVP
MAK16 homolog	MAK-16; MAK16
Makorin ring finger protein 1	MKRN-1; MKRN1
Makorin ring finger protein 2	MKRN-2; MKRN2
Makorin ring finger protein 3	MKRN-3; MKRN3
Mal, T cell differentiation protein	MAL
Mal, T cell differentiation protein 2	MAL-2; MAL2
Mal, T cell differentiation protein like	MALL
Malate dehydrogenase 1	Malate dehydrogenase-1; MDH-1; MDH1
Malate dehydrogenase 2	Malate dehydrogenase-2; MDH-2; MDH2
Male germ cell associated kinase	MAK
Male-enhanced antigen 1	Male-enhanced antigen-1; MEA-1; MEA1
Malectin	MLEC
Malic enzyme 1	Malic enzyme-1; ME-1; ME1
Malic enzyme 2	Malic enzyme-2; ME-2; ME2
Malic enzyme 3	Malic enzyme-3; ME-3; ME3
Malonyl-CoA decarboxylase	MLYCD
Malonyl-CoA-acyl carrier protein transacylase	MCAT
MALT1 paracaspase	MALT-1; MALT1
Maltase-glucoamylase	MGAM
Maltase-glucoamylase 2 (putative)	MGAM-2; MGAM2
MAM and LDL receptor class A domain containing 1	MALRD-1; MALRD1
MAM domain containing 2	MAMDC-2; MAMDC2
MAM domain containing glycosylphosphatidylinositol anchor 1	MDGA-1; MDGA1
MAM domain containing glycosylphosphatidylinositol anchor 2	MDGA-2; MDGA2
Mannose binding lectin 2	MBL-2; MBL2
Mannose phosphate isomerase	MPI
Mannose receptor C type 2	MRC-2; MRC2
Mannose receptor C-type 1	MRC-1; MRC1
Mannose-6-phosphate receptor, cation dependent	M6PR
Mannose-P-dolichol utilization defect 1	MPDU-1; MPDU1
Mannosidase alpha class 1A member 1	MAN1A1
Mannosidase alpha class 1A member 2	MAN1A2
Mannosidase alpha class 1B member 1	MAN1B1
Mannosidase alpha class 1C member 1	MAN1C1
Mannosidase alpha class 2A member 1	MAN2A1
Mannosidase alpha class 2B member 1	MAN2B1
Mannosidase alpha class 2B member 2	MAN2B2
Mannosidase alpha class 2C member 1	MAN2C1
Mannosidase beta	MANBA
Mannosidase beta like	MANBAL
Mannosidase endo-alpha	MANEA
Mannosyl-oligosaccharide glucosidase	MOGS
MANSC domain containing 1	MANSC-1; MANSC1
MAP kinase activating death domain	MADD
MAP3K12 binding inhibitory protein 1	MBIP
MAP3K7 C-terminal like	MAP3K7CL
MAP6 domain containing 1	MAP6D1
MAP7 domain containing 1	MAP7D1
MAP7 domain containing 2	MAP7D2
MAP7 domain containing 3	MAP7D3
MAPK activated protein kinase 2	MAPKAPK-2; MAPKAPK2
MAPK activated protein kinase 3	MAPKAPK-3; MAPKAPK3
MAPK activated protein kinase 5	MAPKAPK-5; MAPKAPK5
MAPK associated protein 1	MAPKAP-1; MAPKAP1
MAPK interacting serine/threonine kinase 1	MKNK-1; MKNK1
MAPK interacting serine/threonine kinase 2	MKNK-2; MKNK2
MAPK regulated corepressor interacting protein 1	MCRIP-1; MCRIP1
MAPK regulated corepressor interacting protein 2	MCRIP-2; MCRIP2
MARCKS like 1	MARCKS like-1; MARCKSL-1; MARCKSL1
Marginal zone B and B1 cell specific protein	MZB-1; MZB1
Marker of proliferation Ki-67	MKI-67; MKI67
MARVEL domain containing 1	MARVELD-1; MARVELD1
MARVEL domain containing 2	MARVELD-2; MARVELD2
MAS related GPR family member D	MRGPRD
MAS related GPR family member X1	MRGPRX-1; MRGPRX1
MAS related GPR family member X2	MRGPRX-2; MRGPRX2
MAS related GPR family member X3	MRGPRX-3; MRGPRX3
MAS related GPR family member X4	MRGPRX-4; MRGPRX4
MAS1 proto-oncogene, G protein-coupled receptor	MAS-1; MAS1
Mast cell expressed membrane protein 1	MCEMP-1; MCEMP1
Mast cell immunoglobulin like receptor 1	MILR-1; MILR1
Mastermind like domain containing 1	MAMLD-1; MAMLD1
Mastermind like transcriptional coactivator 1	MAML-1; MAML1
Mastermind like transcriptional coactivator 2	MAML-2; MAML2
Mastermind like transcriptional coactivator 3	MAML-3; MAML3
Maternal embryonic leucine zipper kinase	MELK
Matrilin 1	MATN-1; MATN1; Matrilin-1
Matrilin 2	MATN-2; MATN2; Matrilin-2
Matrilin 3	MATN-3; MATN3; Matrilin-3
Matrilin 4	MATN-4; MATN4; Matrilin-4
Matrin 3	MATR-3; MATR3; Matrin-3
Matrix AAA peptidase interacting protein 1	MAIP-1; MAIP1
Matrix extracellular phosphoglycoprotein	MEPE
Matrix Gla protein	MGP
Matrix metallopeptidase 1	Matrix metallopeptidase-1; MMP-1; MMP1
Matrix metallopeptidase 10	Matrix metallopeptidase-10; MMP-10; MMP10
Matrix metallopeptidase 11	Matrix metallopeptidase-11; MMP-11; MMP11
Matrix metallopeptidase 12	Matrix metallopeptidase-12; MMP-12; MMP12
Matrix metallopeptidase 13	Matrix metallopeptidase-13; MMP-13; MMP13
Matrix metallopeptidase 14	Matrix metallopeptidase-14; MMP-14; MMP14
Matrix metallopeptidase 15	Matrix metallopeptidase-15; MMP-15; MMP15
Matrix metallopeptidase 16	Matrix metallopeptidase-16; MMP-16; MMP16
Matrix metallopeptidase 17	Matrix metallopeptidase-17; MMP-17; MMP17
Matrix metallopeptidase 19	Matrix metallopeptidase-19; MMP-19; MMP19
Matrix metallopeptidase 2	Matrix metallopeptidase-2; MMP-2; MMP2
Matrix metallopeptidase 20	Matrix metallopeptidase-20; MMP-20; MMP20
Matrix metallopeptidase 23B	MMP23B
Matrix metallopeptidase 25	Matrix metallopeptidase-25; MMP-25; MMP25
Matrix metallopeptidase 27	Matrix metallopeptidase-27; MMP-27; MMP27
Matrix metallopeptidase 28	Matrix metallopeptidase-28; MMP-28; MMP28
Matrix metallopeptidase 3	Matrix metallopeptidase-3; MMP-3; MMP3
Matrix metallopeptidase 7	Matrix metallopeptidase-7; MMP-7; MMP7
Matrix metallopeptidase 8	Matrix metallopeptidase-8; MMP-8; MMP8
Matrix metallopeptidase 9	Matrix metallopeptidase-9; MMP-9; MMP9
Matrix remodeling associated 5	MXRA-5; MXRA5
Matrix remodeling associated 7	MXRA-7; MXRA7
Matrix remodeling associated 8	MXRA-8; MXRA8
Mature T cell proliferation 1	MTCP-1; MTCP1
Maturin, neural progenitor differentiation regulator homolog	MTURN
MAU2 sister chromatid cohesion factor	MAU-2; MAU2
MAX dimerization protein 1	MXD-1; MXD1
MAX dimerization protein 3	MXD-3; MXD3
MAX dimerization protein 4	MXD-4; MXD4
MAX dimerization protein MGA	MGA
MAX dimerization protein MLX	MLX
MAX interactor 1, dimerization protein	MXI-1; MXI1
MAX network transcriptional repressor	MNT
MBL associated serine protease 1	MASP-1; MASP1
MBL associated serine protease 2	MASP-2; MASP2
Mbt domain containing 1	MBTD-1; MBTD1
MCC regulator of WNT signaling pathway	MCC
MCF.2 cell line derived transforming sequence	MCF-2; MCF2
MCF.2 cell line derived transforming sequence like	MCF2L
MCL1 apoptosis regulator, BCL2 family member	MCL-1; MCL1
MCTS1 re-initiation and release factor	MCTS-1; MCTS1
Mdm1 nuclear protein	MDM-1; MDM1
MDM2 binding protein	MTBP
MDM2 proto-oncogene	MDM-2; MDM2
MDM4 regulator of p53	MDM-4; MDM4
MDS1 and EVI1 complex locus	MECOM
Mechanistic target of rapamycin kinase	MTOR
Mediator complex subunit 1	MED-1; MED1
Mediator complex subunit 10	MED-10; MED10
Mediator complex subunit 11	MED-11; MED11
Mediator complex subunit 12	MED-12; MED12
Mediator complex subunit 12L	MED12L
Mediator complex subunit 13	MED-13; MED13
Mediator complex subunit 13L	MED13L
Mediator complex subunit 14	MED-14; MED14
Mediator complex subunit 15	MED-15; MED15
Mediator complex subunit 16	MED-16; MED16
Mediator complex subunit 17	MED-17; MED17
Mediator complex subunit 18	MED-18; MED18
Mediator complex subunit 19	MED-19; MED19
Mediator complex subunit 20	MED-20; MED20
Mediator complex subunit 21	MED-21; MED21
Mediator complex subunit 22	MED-22; MED22
Mediator complex subunit 23	MED-23; MED23
Mediator complex subunit 24	MED-24; MED24
Mediator complex subunit 25	MED-25; MED25
Mediator complex subunit 26	MED-26; MED26
Mediator complex subunit 27	MED-27; MED27
Mediator complex subunit 28	MED-28; MED28
Mediator complex subunit 29	MED-29; MED29
Mediator complex subunit 30	MED-30; MED30
Mediator complex subunit 31	MED-31; MED31
Mediator complex subunit 4	MED-4; MED4
Mediator complex subunit 6	MED-6; MED6
Mediator complex subunit 7	MED-7; MED7
Mediator complex subunit 8	MED-8; MED8
Mediator complex subunit 9	MED-9; MED9
Mediator of cell motility 1	MEMO-1; MEMO1
Mediator of DNA damage checkpoint 1	MDC-1; MDC1
MEFV innate immuity regulator, pyrin	MEFV
Megakaryocyte and platelet inhibitory receptor G6b	MPIG6B
Megakaryocyte-associated tyrosine kinase	MATK
Meiosis 1 associated protein	M1AP
Meiosis regulator and mRNA stability factor 1	MARF-1; MARF1
Meiosis regulator for oocyte development	MIOS
Meiosis specific nuclear structural 1	MNS-1; MNS1
Meiosis/spermiogenesis associated 1	MEIG-1; MEIG1; Meiosis/spermiogenesis associated-1
Meiotic double-stranded break formation protein 1	MEI-1; MEI1
Meiotic double-stranded break formation protein 4	MEI-4; MEI4
Meiotic nuclear divisions 1	MND-1; MND1
Meis homeobox 1	Meis homeobox-1; MEIS-1; MEIS1
Meis homeobox 2	Meis homeobox-2; MEIS-2; MEIS2
Meis homeobox 3	Meis homeobox-3; MEIS-3; MEIS3
Melan-A	MLANA
Melanin concentrating hormone receptor 1	MCHR-1; MCHR1
Melanin concentrating hormone receptor 2	MCHR-2; MCHR2
Melanocortin 1 receptor	MC1R
Melanocortin 2 receptor	MC2R
Melanocortin 2 receptor accessory protein	MRAP
Melanocortin 2 receptor accessory protein 2	MRAP-2; MRAP2
Melanocortin 3 receptor	MC3R
Melanocortin 4 receptor	MC4R
Melanocortin 5 receptor	MC5R
Melanocyte inducing transcription factor	MITF
Melanoma cell adhesion molecule	MCAM
Melanophilin	MLPH
Melanoregulin	MREG
Melanotransferrin	MELTF
Melatonin receptor 1A	MTNR1A
Melatonin receptor 1B	MTNR1B
Membrane anchored junction protein	MAJIN
Membrane associated guanylate kinase, WW and PDZ domain containing 1	MAGI-1; MAGI1
Membrane associated guanylate kinase, WW and PDZ domain containing 2	MAGI-2; MAGI2
Membrane associated guanylate kinase, WW and PDZ domain containing 3	MAGI-3; MAGI3
Membrane associated ring-CH-type finger 1	MARCHF-1; MARCHF1
Membrane associated ring-CH-type finger 10	MARCHF-10; MARCHF10
Membrane associated ring-CH-type finger 2	MARCHF-2; MARCHF2
Membrane associated ring-CH-type finger 3	MARCHF-3; MARCHF3
Membrane associated ring-CH-type finger 5	MARCHF-5; MARCHF5
Membrane associated ring-CH-type finger 6	MARCHF-6; MARCHF6
Membrane associated ring-CH-type finger 7	MARCHF-7; MARCHF7
Membrane associated ring-CH-type finger 8	MARCHF-8; MARCHF8
Membrane associated ring-CH-type finger 9	MARCHF-9; MARCHF9
Membrane bound O-acyltransferase domain containing 1	MBOAT-1; MBOAT1
Membrane bound O-acyltransferase domain containing 2	MBOAT-2; MBOAT2
Membrane bound O-acyltransferase domain containing 4	MBOAT-4; MBOAT4
Membrane bound O-acyltransferase domain containing 7	MBOAT-7; MBOAT7
Membrane bound transcription factor peptidase, site 1	MBTPS-1; MBTPS1
Membrane bound transcription factor peptidase, site 2	MBTPS-2; MBTPS2
Membrane frizzled-related protein	MFRP
Membrane integral NOTCH2 associated receptor 1	MINAR-1; MINAR1
Membrane integral NOTCH2 associated receptor 2	MINAR-2; MINAR2
Membrane magnesium transporter 1	MMGT-1; MMGT1
Membrane metalloendopeptidase	MME
Membrane spanning 4-domains A1	MS4A1
Membrane spanning 4-domains A12	MS4A12
Membrane spanning 4-domains A13	MS4A13
Membrane spanning 4-domains A14	MS4A14
Membrane spanning 4-domains A2	MS4A2
Membrane spanning 4-domains A3	MS4A3
Membrane spanning 4-domains A4A	MS4A4A
Membrane spanning 4-domains A6A	MS4A6A
Membrane spanning 4-domains A6E	MS4A6E
Membrane spanning 4-domains A7	MS4A7
Menin 1	MEN-1; MEN1; Menin-1
Meprin A subunit alpha	MEP1A
Meprin A subunit beta	MEP1B
MER proto-oncogene, tyrosine kinase	MERTK
Mercaptopyruvate sulfurtransferase	MPST
Mesencephalic astrocyte derived neurotrophic factor	MANF
Mesenchyme homeobox 1	MEOX-1; MEOX1; Mesenchyme homeobox-1
Mesenchyme homeobox 2	MEOX-2; MEOX2; Mesenchyme homeobox-2
Mesenteric estrogen dependent adipogenesis	MEDAG
Mesoderm development LRP chaperone	MESD
Mesoderm posterior bHLH transcription factor 1	MESP-1; MESP1
Mesoderm posterior bHLH transcription factor 2	MESP-2; MESP2
Mesoderm specific transcript	MEST
Mesogenin 1	Mesogenin-1; MSGN-1; MSGN1
Mesothelin	MSLN
MET proto-oncogene, receptor tyrosine kinase	MET
MET transcriptional regulator MACC1	MACC-1; MACC1
Metabolism of cobalamin associated A	MMAA
Metabolism of cobalamin associated B	MMAB
Metabolism of cobalamin associated C	MMACHC
Metabolism of cobalamin associated D	MMADHC
Metadherin	MTDH
Metal regulatory transcription factor 1	MTF-1; MTF1
Metal response element binding transcription factor 2	MTF-2; MTF2
Metallo-beta-lactamase domain containing 1	MBLAC-1; MBLAC1
Metallo-beta-lactamase domain containing 2	MBLAC-2; MBLAC2
Metallophosphoesterase 1	Metallophosphoesterase-1; MPPE-1; MPPE1
Metallophosphoesterase domain containing 1	MPPED-1; MPPED1
Metallophosphoesterase domain containing 2	MPPED-2; MPPED2
Metallothionein 1A	MT1A
Metallothionein 1B	MT1B
Metallothionein 1E	MT1E
Metallothionein 1F	MT1F
Metallothionein 1G	MT1G
Metallothionein 1H	MT1H
Metallothionein 1M	MT1M
Metallothionein 1X	MT1X
Metallothionein 2A	MT2A
Metallothionein 3	Metallothionein-3; MT-3; MT3
Metastasis associated 1	Metastasis associated-1; MTA-1; MTA1
Metastasis associated 1 family member 2	MTA-2; MTA2
Metastasis associated 1 family member 3	MTA-3; MTA3
Metaxin 1	Metaxin-1; MTX-1; MTX1
Metaxin 2	Metaxin-2; MTX-2; MTX2
Metaxin 3	Metaxin-3; MTX-3; MTX3
Methenyltetrahydrofolate synthetase	MTHFS
Methenyltetrahydrofolate synthetase domain containing	MTHFSD
Methionine adenosyltransferase 1A	MAT1A
Methionine adenosyltransferase 2A	MAT2A
Methionine adenosyltransferase 2B	MAT2B
Methionine sulfoxide reductase A	MSRA
Methionine sulfoxide reductase B1	MSRB-1; MSRB1
Methionine sulfoxide reductase B2	MSRB-2; MSRB2
Methionine sulfoxide reductase B3	MSRB-3; MSRB3
Methionyl aminopeptidase 1	METAP-1; METAP1; Methionyl aminopeptidase-1
Methionyl aminopeptidase 2	METAP-2; METAP2; Methionyl aminopeptidase-2
Methionyl aminopeptidase type 1D, mitochondrial	METAP1D
Methionyl-tRNA synthetase 1	MARS-1; MARS1; Methionyl-tRNA synthetase-1
Methionyl-tRNA synthetase 2, mitochondrial	MARS-2; MARS2
Methyl-CpG binding domain 4, DNA glycosylase	MBD-4; MBD4
Methyl-CpG binding domain protein 1	MBD-1; MBD1
Methyl-CpG binding domain protein 2	MBD-2; MBD2
Methyl-CpG binding domain protein 3	MBD-3; MBD3
Methyl-CpG binding domain protein 3 like 1	MBD3L1
Methyl-CpG binding domain protein 3 like 2	MBD3L2
Methyl-CpG binding domain protein 5	MBD-5; MBD5
Methyl-CpG binding domain protein 6	MBD-6; MBD6
Methyl-CpG binding protein 2	MECP-2; MECP2
Methylcrotonyl-CoA carboxylase subunit 1	MCCC-1; MCCC1
Methylcrotonyl-CoA carboxylase subunit 2	MCCC-2; MCCC2
Methylenetetrahydrofolate dehydrogenase (NADP+ dependent) 1 like	MTHFD1L
Methylenetetrahydrofolate dehydrogenase (NADP+ dependent) 2 like	MTHFD2L
Methylenetetrahydrofolate dehydrogenase (NADP+ dependent) 2, methenyltetrahydrofolate cyclohydrolase	MTHFD-2; MTHFD2
Methylenetetrahydrofolate dehydrogenase, cyclohydrolase and formyltetrahydrofolate synthetase 1	MTHFD-1; MTHFD1
Methylenetetrahydrofolate reductase	MTHFR
Methylmalonyl-CoA epimerase	MCEE
Methylmalonyl-CoA mutase	MMUT
Methylphosphate capping enzyme	MEPCE
Methylsterol monooxygenase 1	Methylsterol monooxygenase-1; MSMO-1; MSMO1
Methylthioadenosine phosphorylase	MTAP
Methylthioribose-1-phosphate isomerase 1	Methylthioribose-1-phosphate isomerase-1; MRI-1; MRI1
Methyltransferase 1, tRNA methylguanosine	METTL-1; METTL1
Methyltransferase 13, eEF1A lysine and N-terminal methyltransferase	METTL-13; METTL13
Methyltransferase 14, N6-adenosine-methyltransferase subunit	METTL-14; METTL14
Methyltransferase 16, N6-methyladenosine	METTL-16; METTL16
Methyltransferase 21A, HSPA lysine	METTL21A
Methyltransferase 21C, AARS1 lysine	METTL21C
Methyltransferase 22, Kin17 lysine	METTL-22; METTL22
Methyltransferase 2A, methylcytidine	METTL2A
Methyltransferase 2B, methylcytidine	METTL2B
Methyltransferase 3, N6-adenosine-methyltransferase complex catalytic subunit	METTL-3; METTL3
Methyltransferase 4, N6-adenosine	METTL-4; METTL4
Methyltransferase 5, N6-adenosine	METTL-5; METTL5
Methyltransferase 6, methylcytidine	METTL-6; METTL6
Methyltransferase like 15	Methyltransferase like-15; METTL-15; METTL15
Methyltransferase like 17	Methyltransferase like-17; METTL-17; METTL17
Methyltransferase like 18	Methyltransferase like-18; METTL-18; METTL18
Methyltransferase like 23	Methyltransferase like-23; METTL-23; METTL23
Methyltransferase like 26	Methyltransferase like-26; METTL-26; METTL26
Methyltransferase like 27	Methyltransferase like-27; METTL-27; METTL27
Methyltransferase like 7A	METTL7A
Methyltransferase like 7B	METTL7B
Methyltransferase like 9	Methyltransferase like-9; METTL-9; METTL9
Mevalonate diphosphate decarboxylase	MVD
Mevalonate kinase	MVK
Mex-3 RNA binding family member A	MEX3A
Mex-3 RNA binding family member B	MEX3B
Mex-3 RNA binding family member C	MEX3C
Mex-3 RNA binding family member D	MEX3D
MFNG O-fucosylpeptide 3-beta-N-acetylglucosaminyltransferase	MFNG
MHC class I polypeptide-related sequence B	MICB
MIA SH3 domain containing	MIA
MIA SH3 domain ER export factor 2	MIA-2; MIA2
MIA SH3 domain ER export factor 3	MIA-3; MIA3
MIB E3 ubiquitin protein ligase 1	MIB-1; MIB1
MIB E3 ubiquitin protein ligase 2	MIB-2; MIB2
MICAL like 1	MICAL like-1; MICALL-1; MICALL1
MICAL like 2	MICAL like-2; MICALL-2; MICALL2
Microcephalin 1	MCPH-1; MCPH1; Microcephalin-1
Microfibril associated protein 1	MFAP-1; MFAP1
Microfibril associated protein 2	MFAP-2; MFAP2
Microfibril associated protein 3	MFAP-3; MFAP3
Microfibril associated protein 3 like	MFAP3L
Microfibril associated protein 4	MFAP-4; MFAP4
Microfibril associated protein 5	MFAP-5; MFAP5
Microseminoprotein beta	MSMB
Microseminoprotein, prostate associated	MSMP
Microsomal glutathione S-transferase 1	MGST-1; MGST1
Microsomal glutathione S-transferase 2	MGST-2; MGST2
Microsomal glutathione S-transferase 3	MGST-3; MGST3
Microsomal triglyceride transfer protein	MTTP
Microspherule protein 1	MCRS-1; MCRS1; Microspherule protein-1
Microtubule actin crosslinking factor 1	MACF-1; MACF1
Microtubule affinity regulating kinase 1	MARK-1; MARK1
Microtubule affinity regulating kinase 2	MARK-2; MARK2
Microtubule affinity regulating kinase 3	MARK-3; MARK3
Microtubule affinity regulating kinase 4	MARK-4; MARK4
Microtubule associated monooxygenase, calponin and LIM domain containing 1	MICAL-1; MICAL1
Microtubule associated monooxygenase, calponin and LIM domain containing 2	MICAL-2; MICAL2
Microtubule associated monooxygenase, calponin and LIM domain containing 3	MICAL-3; MICAL3
Microtubule associated protein 1 light chain 3 alpha	MAP1LC3A
Microtubule associated protein 1 light chain 3 beta	MAP1LC3B
Microtubule associated protein 1 light chain 3 beta 2	MAP1LC3B2
Microtubule associated protein 1 light chain 3 gamma	MAP1LC3C
Microtubule associated protein 10	MAP-10; MAP10
Microtubule associated protein 1A	MAP1A
Microtubule associated protein 1B	MAP1B
Microtubule associated protein 1S	MAP1S
Microtubule associated protein 2	MAP-2; MAP2
Microtubule associated protein 4	MAP-4; MAP4
Microtubule associated protein 6	MAP-6; MAP6
Microtubule associated protein 7	MAP-7; MAP7
Microtubule associated protein 9	MAP-9; MAP9
Microtubule associated protein RP/EB family member 1	MAPRE-1; MAPRE1
Microtubule associated protein RP/EB family member 2	MAPRE-2; MAPRE2
Microtubule associated protein RP/EB family member 3	MAPRE-3; MAPRE3
Microtubule associated protein tau	MAPT
Microtubule associated scaffold protein 1	MTUS-1; MTUS1
Microtubule associated scaffold protein 2	MTUS-2; MTUS2
Microtubule associated serine/threonine kinase 1	MAST-1; MAST1
Microtubule associated serine/threonine kinase 2	MAST-2; MAST2
Microtubule associated serine/threonine kinase 3	MAST-3; MAST3
Microtubule associated serine/threonine kinase family member 4	MAST-4; MAST4
Microtubule associated serine/threonine kinase like	MASTL
Microtubule associated tyrosine carboxypeptidase 1	MATCAP-1; MATCAP1
Microtubule crosslinking factor 1	MTCL-1; MTCL1
Microtubule interacting and trafficking domain containing 1	MITD-1; MITD1
MID1 interacting protein 1	MID1IP1
Midasin AAA ATPase 1	MDN-1; MDN1
Midkine	MDK
Midline 1	MID-1; MID1; Midline-1
Midline 2	MID-2; MID2; Midline-2
Midnolin	MIDN
MIER family member 2	MIER-2; MIER2
MIER family member 3	MIER-3; MIER3
MIER1 transcriptional regulator	MIER-1; MIER1
MIF4G domain containing	MIF4GD
Migration and invasion enhancer 1	MIEN-1; MIEN1
Migration and invasion inhibitory protein	MIIP
Milk fat globule EGF and factor V/VIII domain containing	MFGE-8; MFGE8
MINDY lysine 48 deubiquitinase 1	MINDY-1; MINDY1
MINDY lysine 48 deubiquitinase 2	MINDY-2; MINDY2
MINDY lysine 48 deubiquitinase 3	MINDY-3; MINDY3
MINDY lysine 48 deubiquitinase 4	MINDY-4; MINDY4
Minichromosome maintenance 10 replication initiation factor	MCM-10; MCM10
Minichromosome maintenance 8 homologous recombination repair factor	MCM-8; MCM8
Minichromosome maintenance 9 homologous recombination repair factor	MCM-9; MCM9
Minichromosome maintenance complex binding protein	MCMBP
Minichromosome maintenance complex component 2	MCM-2; MCM2
Minichromosome maintenance complex component 3	MCM-3; MCM3
Minichromosome maintenance complex component 3 associated protein	MCM3AP
Minichromosome maintenance complex component 4	MCM-4; MCM4
Minichromosome maintenance complex component 5	MCM-5; MCM5
Minichromosome maintenance complex component 6	MCM-6; MCM6
Minichromosome maintenance complex component 7	MCM-7; MCM7
Minichromosome maintenance domain containing 2	MCMDC-2; MCMDC2
Mirror-image polydactyly 1	MIPOL-1; MIPOL1; Mirror-image polydactyly-1
MIS12 kinetochore complex component	MIS-12; MIS12
MIS18 binding protein 1	MIS18BP1
MIS18 kinetochore protein A	MIS18A
Misato mitochondrial distribution and morphology regulator 1	MSTO-1; MSTO1
Misshapen like kinase 1	MINK-1; MINK1
Mitochondria localized glutamic acid rich protein	MGARP
Mitochondrial amidoxime reducing component 1	MTARC-1; MTARC1
Mitochondrial amidoxime reducing component 2	MTARC-2; MTARC2
Mitochondrial antiviral signaling protein	MAVS
Mitochondrial assembly of ribosomal large subunit 1	MALSU-1; MALSU1
Mitochondrial calcium uniporter	MCU
Mitochondrial calcium uniporter dominant negative subunit beta	MCUB
Mitochondrial calcium uniporter regulator 1	MCUR-1; MCUR1
Mitochondrial calcium uptake 1	MICU-1; MICU1
Mitochondrial calcium uptake 2	MICU-2; MICU2
Mitochondrial calcium uptake family member 3	MICU-3; MICU3
Mitochondrial carrier 1	Mitochondrial carrier-1; MTCH-1; MTCH1
Mitochondrial carrier 2	Mitochondrial carrier-2; MTCH-2; MTCH2
Mitochondrial coiled-coil domain 1	MCCD-1; MCCD1
Mitochondrial contact site and cristae organizing system subunit 10	MICOS-10; MICOS10
Mitochondrial contact site and cristae organizing system subunit 13	MICOS-13; MICOS13
Mitochondrial E3 ubiquitin protein ligase 1	MUL-1; MUL1
Mitochondrial elongation factor 1	MIEF-1; MIEF1
Mitochondrial elongation factor 1	ENSG-00000285025; ENSG00000285025
Mitochondrial elongation factor 2	MIEF-2; MIEF2
Mitochondrial fission factor	MFF
Mitochondrial fission process 1	MTFP-1; MTFP1
Mitochondrial fission regulator 1	MTFR-1; MTFR1
Mitochondrial fission regulator 1 like	MTFR1L
Mitochondrial fission regulator 2	MTFR-2; MTFR2
Mitochondrial genome maintenance exonuclease 1	MGME-1; MGME1
Mitochondrial inner membrane protein MPV17	MPV-17; MPV17
Mitochondrial intermediate peptidase	MIPEP
Mitochondrial matrix import factor 23	MIX-23; MIX23
Mitochondrial methionyl-tRNA formyltransferase	MTFMT
Mitochondrial poly(A) polymerase	MTPAP
Mitochondrial pyruvate carrier 1	MPC-1; MPC1
Mitochondrial pyruvate carrier 2	MPC-2; MPC2
Mitochondrial ribosomal protein L1	MRPL-1; MRPL1
Mitochondrial ribosomal protein L10	MRPL-10; MRPL10
Mitochondrial ribosomal protein L11	MRPL-11; MRPL11
Mitochondrial ribosomal protein L12	MRPL-12; MRPL12
Mitochondrial ribosomal protein L13	MRPL-13; MRPL13
Mitochondrial ribosomal protein L14	MRPL-14; MRPL14
Mitochondrial ribosomal protein L15	MRPL-15; MRPL15
Mitochondrial ribosomal protein L16	MRPL-16; MRPL16
Mitochondrial ribosomal protein L17	MRPL-17; MRPL17
Mitochondrial ribosomal protein L18	MRPL-18; MRPL18
Mitochondrial ribosomal protein L19	MRPL-19; MRPL19
Mitochondrial ribosomal protein L2	MRPL-2; MRPL2
Mitochondrial ribosomal protein L20	MRPL-20; MRPL20
Mitochondrial ribosomal protein L21	MRPL-21; MRPL21
Mitochondrial ribosomal protein L22	MRPL-22; MRPL22
Mitochondrial ribosomal protein L23	MRPL-23; MRPL23
Mitochondrial ribosomal protein L24	MRPL-24; MRPL24
Mitochondrial ribosomal protein L27	MRPL-27; MRPL27
Mitochondrial ribosomal protein L28	MRPL-28; MRPL28
Mitochondrial ribosomal protein L3	MRPL-3; MRPL3
Mitochondrial ribosomal protein L30	MRPL-30; MRPL30
Mitochondrial ribosomal protein L32	MRPL-32; MRPL32
Mitochondrial ribosomal protein L33	MRPL-33; MRPL33
Mitochondrial ribosomal protein L34	MRPL-34; MRPL34
Mitochondrial ribosomal protein L35	MRPL-35; MRPL35
Mitochondrial ribosomal protein L36	MRPL-36; MRPL36
Mitochondrial ribosomal protein L37	MRPL-37; MRPL37
Mitochondrial ribosomal protein L38	MRPL-38; MRPL38
Mitochondrial ribosomal protein L39	MRPL-39; MRPL39
Mitochondrial ribosomal protein L4	MRPL-4; MRPL4
Mitochondrial ribosomal protein L40	MRPL-40; MRPL40
Mitochondrial ribosomal protein L41	MRPL-41; MRPL41
Mitochondrial ribosomal protein L42	MRPL-42; MRPL42
Mitochondrial ribosomal protein L43	MRPL-43; MRPL43
Mitochondrial ribosomal protein L44	MRPL-44; MRPL44
Mitochondrial ribosomal protein L46	MRPL-46; MRPL46
Mitochondrial ribosomal protein L47	MRPL-47; MRPL47
Mitochondrial ribosomal protein L48	MRPL-48; MRPL48
Mitochondrial ribosomal protein L49	MRPL-49; MRPL49
Mitochondrial ribosomal protein L50	MRPL-50; MRPL50
Mitochondrial ribosomal protein L51	MRPL-51; MRPL51
Mitochondrial ribosomal protein L52	MRPL-52; MRPL52
Mitochondrial ribosomal protein L53	MRPL-53; MRPL53
Mitochondrial ribosomal protein L54	MRPL-54; MRPL54
Mitochondrial ribosomal protein L55	MRPL-55; MRPL55
Mitochondrial ribosomal protein L57	MRPL-57; MRPL57
Mitochondrial ribosomal protein L58	MRPL-58; MRPL58
Mitochondrial ribosomal protein L9	MRPL-9; MRPL9
Mitochondrial ribosomal protein S10	MRPS-10; MRPS10
Mitochondrial ribosomal protein S11	MRPS-11; MRPS11
Mitochondrial ribosomal protein S12	MRPS-12; MRPS12
Mitochondrial ribosomal protein S14	MRPS-14; MRPS14
Mitochondrial ribosomal protein S15	MRPS-15; MRPS15
Mitochondrial ribosomal protein S16	MRPS-16; MRPS16
Mitochondrial ribosomal protein S17	MRPS-17; MRPS17
Mitochondrial ribosomal protein S18A	MRPS18A
Mitochondrial ribosomal protein S18B	MRPS18B
Mitochondrial ribosomal protein S18C	MRPS18C
Mitochondrial ribosomal protein S2	MRPS-2; MRPS2
Mitochondrial ribosomal protein S21	MRPS-21; MRPS21
Mitochondrial ribosomal protein S22	MRPS-22; MRPS22
Mitochondrial ribosomal protein S23	MRPS-23; MRPS23
Mitochondrial ribosomal protein S24	MRPS-24; MRPS24
Mitochondrial ribosomal protein S25	MRPS-25; MRPS25
Mitochondrial ribosomal protein S26	MRPS-26; MRPS26
Mitochondrial ribosomal protein S27	MRPS-27; MRPS27
Mitochondrial ribosomal protein S28	MRPS-28; MRPS28
Mitochondrial ribosomal protein S30	MRPS-30; MRPS30
Mitochondrial ribosomal protein S31	MRPS-31; MRPS31
Mitochondrial ribosomal protein S33	MRPS-33; MRPS33
Mitochondrial ribosomal protein S34	MRPS-34; MRPS34
Mitochondrial ribosomal protein S35	MRPS-35; MRPS35
Mitochondrial ribosomal protein S36	MRPS-36; MRPS36
Mitochondrial ribosomal protein S5	MRPS-5; MRPS5
Mitochondrial ribosomal protein S6	MRPS-6; MRPS6
Mitochondrial ribosomal protein S7	MRPS-7; MRPS7
Mitochondrial ribosomal protein S9	MRPS-9; MRPS9
Mitochondrial ribosome associated GTPase 1	MTG-1; MTG1
Mitochondrial ribosome associated GTPase 2	MTG-2; MTG2
Mitochondrial ribosome recycling factor	MRRF
Mitochondrial rRNA methyltransferase 1	MRM-1; MRM1
Mitochondrial rRNA methyltransferase 2	MRM-2; MRM2
Mitochondrial rRNA methyltransferase 3	MRM-3; MRM3
Mitochondrial trans-2-enoyl-CoA reductase	MECR
Mitochondrial transcription rescue factor 1	MTRES-1; MTRES1
Mitochondrial transcription termination factor 1	MTERF-1; MTERF1
Mitochondrial transcription termination factor 2	MTERF-2; MTERF2
Mitochondrial transcription termination factor 3	MTERF-3; MTERF3
Mitochondrial transcription termination factor 4	MTERF-4; MTERF4
Mitochondrial translation release factor 1	MTRF-1; MTRF1
Mitochondrial translation release factor 1 like	MTRF1L
Mitochondrial translation release factor in rescue	MTRFR
Mitochondrial translational initiation factor 2	MTIF-2; MTIF2
Mitochondrial translational initiation factor 3	MTIF-3; MTIF3
Mitochondrial tRNA translation optimization 1	MTO-1; MTO1
Mitochondrially encoded ATP synthase membrane subunit 6	MT-ATP6
Mitochondrially encoded ATP synthase membrane subunit 8	MT-ATP8
Mitochondrially encoded cytochrome b	MT-CYB
Mitochondrially encoded cytochrome c oxidase I	MT-CO1
Mitochondrially encoded cytochrome c oxidase II	MT-CO2
Mitochondrially encoded cytochrome c oxidase III	MT-CO3
Mitochondrially encoded NADH:ubiquinone oxidoreductase core subunit 1	MT-ND1
Mitochondrially encoded NADH:ubiquinone oxidoreductase core subunit 2	MT-ND2
Mitochondrially encoded NADH:ubiquinone oxidoreductase core subunit 3	MT-ND3
Mitochondrially encoded NADH:ubiquinone oxidoreductase core subunit 4	MT-ND4
Mitochondrially encoded NADH:ubiquinone oxidoreductase core subunit 4L	MT-ND4L
Mitochondrially encoded NADH:ubiquinone oxidoreductase core subunit 5	MT-ND5
Mitochondrially encoded NADH:ubiquinone oxidoreductase core subunit 6	MT-ND6
Mitofusin 1	MFN-1; MFN1; Mitofusin-1
Mitofusin 2	MFN-2; MFN2; Mitofusin-2
Mitogen-activated protein kinase 1	MAPK-1; MAPK1
Mitogen-activated protein kinase 1 interacting protein 1 like	MAPK1IP1L
Mitogen-activated protein kinase 10	MAPK-10; MAPK10
Mitogen-activated protein kinase 11	MAPK-11; MAPK11
Mitogen-activated protein kinase 12	MAPK-12; MAPK12
Mitogen-activated protein kinase 13	MAPK-13; MAPK13
Mitogen-activated protein kinase 14	MAPK-14; MAPK14
Mitogen-activated protein kinase 15	MAPK-15; MAPK15
Mitogen-activated protein kinase 3	MAPK-3; MAPK3
Mitogen-activated protein kinase 4	MAPK-4; MAPK4
Mitogen-activated protein kinase 6	MAPK-6; MAPK6
Mitogen-activated protein kinase 7	MAPK-7; MAPK7
Mitogen-activated protein kinase 8	MAPK-8; MAPK8
Mitogen-activated protein kinase 8 interacting protein 1	MAPK8IP1
Mitogen-activated protein kinase 8 interacting protein 2	MAPK8IP2
Mitogen-activated protein kinase 8 interacting protein 3	MAPK8IP3
Mitogen-activated protein kinase 9	MAPK-9; MAPK9
Mitogen-activated protein kinase binding protein 1	MAPKBP-1; MAPKBP1
Mitogen-activated protein kinase kinase 1	MAP2K1
Mitogen-activated protein kinase kinase 2	MAP2K2
Mitogen-activated protein kinase kinase 3	MAP2K3
Mitogen-activated protein kinase kinase 4	MAP2K4
Mitogen-activated protein kinase kinase 5	MAP2K5
Mitogen-activated protein kinase kinase 6	MAP2K6
Mitogen-activated protein kinase kinase 7	MAP2K7
Mitogen-activated protein kinase kinase kinase 1	MAP3K1
Mitogen-activated protein kinase kinase kinase 10	MAP3K10
Mitogen-activated protein kinase kinase kinase 11	MAP3K11
Mitogen-activated protein kinase kinase kinase 12	MAP3K12
Mitogen-activated protein kinase kinase kinase 13	MAP3K13
Mitogen-activated protein kinase kinase kinase 14	MAP3K14
Mitogen-activated protein kinase kinase kinase 15	MAP3K15
Mitogen-activated protein kinase kinase kinase 2	MAP3K2
Mitogen-activated protein kinase kinase kinase 20	MAP3K20
Mitogen-activated protein kinase kinase kinase 21	MAP3K21
Mitogen-activated protein kinase kinase kinase 3	MAP3K3
Mitogen-activated protein kinase kinase kinase 4	MAP3K4
Mitogen-activated protein kinase kinase kinase 5	MAP3K5
Mitogen-activated protein kinase kinase kinase 6	MAP3K6
Mitogen-activated protein kinase kinase kinase 7	MAP3K7
Mitogen-activated protein kinase kinase kinase 8	MAP3K8
Mitogen-activated protein kinase kinase kinase 9	MAP3K9
Mitogen-activated protein kinase kinase kinase kinase 1	MAP4K1
Mitogen-activated protein kinase kinase kinase kinase 2	MAP4K2
Mitogen-activated protein kinase kinase kinase kinase 3	MAP4K3
Mitogen-activated protein kinase kinase kinase kinase 4	MAP4K4
Mitogen-activated protein kinase kinase kinase kinase 5	MAP4K5
Mitoguardin 1	MIGA-1; MIGA1; Mitoguardin-1
Mitoguardin 2	MIGA-2; MIGA2; Mitoguardin-2
Mitoregulin	MTLN
Mitotic arrest deficient 1 like 1	MAD1L1
Mitotic arrest deficient 2 like 1	MAD2L1
Mitotic arrest deficient 2 like 2	MAD2L2
Mitotic deacetylase associated SANT domain protein	MIDEAS
Mitotic spindle organizing protein 1	MZT-1; MZT1
Mitotic spindle organizing protein 2A	MZT2A
Mitotic spindle organizing protein 2B	MZT2B
Mitotic spindle positioning	MISP
Mix paired-like homeobox	MIXL-1; MIXL1
Mixed lineage kinase domain like pseudokinase	MLKL
MKKS centrosomal shuttling protein	MKKS
MKS transition zone complex subunit 1	MKS-1; MKS1
MLLT1 super elongation complex subunit	MLLT-1; MLLT1
MLLT10 histone lysine methyltransferase DOT1L cofactor	MLLT-10; MLLT10
MLLT11 transcription factor 7 cofactor	MLLT-11; MLLT11
MLLT3 super elongation complex subunit	MLLT-3; MLLT3
MLLT6, PHD finger containing	MLLT-6; MLLT6
MLX interacting protein	MLXIP
MLX interacting protein like	MLXIPL
MMP24 opposite strand	MMP24OS
MMS19 homolog, cytosolic iron-sulfur assembly component	MMS-19; MMS19
MMS22 like, DNA repair protein	MMS22L
MN1 proto-oncogene, transcriptional regulator	MN-1; MN1
MNAT1 component of CDK activating kinase	MNAT-1; MNAT1
MOB family member 4, phocein	MOB-4; MOB4
MOB kinase activator 1A	MOB1A
MOB kinase activator 1B	MOB1B
MOB kinase activator 2	MOB-2; MOB2
MOB kinase activator 3A	MOB3A
MOB kinase activator 3B	MOB3B
MOB kinase activator 3C	MOB3C
Modulator of apoptosis 1	MOAP-1; MOAP1
Modulator of VRAC current 1	MLC-1; MLC1
Moesin	MSN
Molybdenum cofactor sulfurase	MOCOS
Molybdenum cofactor synthesis 1	MOCS-1; MOCS1
Molybdenum cofactor synthesis 2	MOCS-2; MOCS2
Molybdenum cofactor synthesis 3	MOCS-3; MOCS3
MON1 homolog A, secretory trafficking associated	MON1A
MON1 homolog B, secretory trafficking associated	MON1B
MON2 homolog, regulator of endosome-to-Golgi trafficking	MON-2; MON2
Mono-ADP ribosylhydrolase 1	MACROD-1; MACROD1; Mono-ADP ribosylhydrolase-1
Mono-ADP ribosylhydrolase 2	MACROD-2; MACROD2; Mono-ADP ribosylhydrolase-2
Monoacylglycerol O-acyltransferase 2	MOGAT-2; MOGAT2; Monoacylglycerol O-acyltransferase-2
Monoacylglycerol O-acyltransferase 3	MOGAT-3; MOGAT3; Monoacylglycerol O-acyltransferase-3
Monoamine oxidase A	MAOA
Monoamine oxidase B	MAOB
Monocyte to macrophage differentiation associated	MMD
Monocyte to macrophage differentiation associated 2	MMD-2; MMD2
Monoglyceride lipase	MGLL
Monooxygenase DBH like 1	MOXD-1; MOXD1
MORC family CW-type zinc finger 2	MORC-2; MORC2
MORC family CW-type zinc finger 3	MORC-3; MORC3
MORC family CW-type zinc finger 4	MORC-4; MORC4
Morf4 family associated protein 1	MRFAP-1; MRFAP1
Morf4 family associated protein 1 like 1	MRFAP1L1
MORN repeat containing 2	MORN-2; MORN2
MORN repeat containing 3	MORN-3; MORN3
MORN repeat containing 4	MORN-4; MORN4
MORN repeat containing 5	MORN-5; MORN5
Mortality factor 4 like 1	MORF4L1
Mortality factor 4 like 2	MORF4L2
MOS proto-oncogene, serine/threonine kinase	MOS
Motile sperm domain containing 1	MOSPD-1; MOSPD1
Motile sperm domain containing 2	MOSPD-2; MOSPD2
Motile sperm domain containing 3	MOSPD-3; MOSPD3
Motilin	MLN
Motor neuron and pancreas homeobox 1	MNX-1; MNX1
Mov10 like RISC complex RNA helicase 1	MOV10L1
Mov10 RISC complex RNA helicase	MOV-10; MOV10
MPL proto-oncogene, thrombopoietin receptor	MPL
MPN domain containing	MPND
MPV17 mitochondrial inner membrane protein like	MPV17L
MPV17 mitochondrial inner membrane protein like 2	MPV17L2
MRE11 homolog, double strand break repair nuclease	MRE-11; MRE11
MRG domain binding protein	MRGBP
MRN complex interacting protein	MRNIP
MRT4 homolog, ribosome maturation factor	MRTO-4; MRTO4
Msh homeobox 1	Msh homeobox-1; MSX-1; MSX1
Msh homeobox 2	Msh homeobox-2; MSX-2; MSX2
MSL complex subunit 1	MSL-1; MSL1
MSL complex subunit 2	MSL-2; MSL2
MSL complex subunit 3	MSL-3; MSL3
MSS51 mitochondrial translational activator	MSS-51; MSS51
MTOR associated protein, eak-7 homolog	MEAK-7; MEAK7
MTOR associated protein, LST8 homolog	MLST-8; MLST8
Mtr4 exosome RNA helicase	MTREX
MTSS I-BAR domain containing 1	MTSS-1; MTSS1
MTSS I-BAR domain containing 2	MTSS-2; MTSS2
Mucin 1, cell surface associated	MUC-1; MUC1
Mucin 12, cell surface associated	MUC-12; MUC12
Mucin 13, cell surface associated	MUC-13; MUC13
Mucin 15, cell surface associated	MUC-15; MUC15
Mucin 16, cell surface associated	MUC-16; MUC16
Mucin 17, cell surface associated	MUC-17; MUC17
Mucin 20, cell surface associated	MUC-20; MUC20
Mucin 21, cell surface associated	MUC-21; MUC21
Mucin 22	MUC-22; MUC22; Mucin-22
Mucin 3A, cell surface associated	MUC3A
Mucin 4, cell surface associated	MUC-4; MUC4
Mucin 5AC, oligomeric mucus/gel-forming	MUC5AC
Mucin 5B, oligomeric mucus/gel-forming	MUC5B
Mucin 6, oligomeric mucus/gel-forming	MUC-6; MUC6
Mucin 7, secreted	MUC-7; MUC7
Mucin like 1	Mucin like-1; MUCL-1; MUCL1
Mucin like 3	Mucin like-3; MUCL-3; MUCL3
Mucolipin TRP cation channel 1	MCOLN-1; MCOLN1
Mucolipin TRP cation channel 2	MCOLN-2; MCOLN2
Mucolipin TRP cation channel 3	MCOLN-3; MCOLN3
Mucosal vascular addressin cell adhesion molecule 1	MADCAM-1; MADCAM1
Multiciliate differentiation and DNA synthesis associated cell cycle protein	MCIDAS
Multifunctional ROCO family signaling regulator 1	MFHAS-1; MFHAS1
Multimerin 1	MMRN-1; MMRN1; Multimerin-1
Multimerin 2	MMRN-2; MMRN2; Multimerin-2
Multiple C2 and transmembrane domain containing 2	MCTP-2; MCTP2
Multiple coagulation factor deficiency 2, ER cargo receptor complex subunit	MCFD-2; MCFD2
Multiple EGF like domains 10	MEGF-10; MEGF10
Multiple EGF like domains 11	MEGF-11; MEGF11
Multiple EGF like domains 6	MEGF-6; MEGF6
Multiple EGF like domains 8	MEGF-8; MEGF8
Multiple inositol-polyphosphate phosphatase 1	MINPP-1; MINPP1
Multiple PDZ domain crumbs cell polarity complex component	MPDZ
Multivesicular body subunit 12A	MVB12A
Multivesicular body subunit 12B	MVB12B
MUS81 structure-specific endonuclease subunit	MUS-81; MUS81
Musashi RNA binding protein 1	MSI-1; MSI1
Musashi RNA binding protein 2	MSI-2; MSI2
Muscle associated receptor tyrosine kinase	MUSK
Muscle RAS oncogene homolog	MRAS
Muscleblind like splicing regulator 1	MBNL-1; MBNL1
Muscleblind like splicing regulator 2	MBNL-2; MBNL2
Muscleblind like splicing regulator 3	MBNL-3; MBNL3
Muscular LMNA interacting protein	MLIP
Musculin	MSC
Muskelin 1	MKLN-1; MKLN1; Muskelin-1
MutL homolog 1	MLH-1; MLH1; MutL homolog-1
MutL homolog 3	MLH-3; MLH3; MutL homolog-3
MutS homolog 2	MSH-2; MSH2; MutS homolog-2
MutS homolog 3	MSH-3; MSH3; MutS homolog-3
MutS homolog 4	MSH-4; MSH4; MutS homolog-4
MutS homolog 5	MSH-5; MSH5; MutS homolog-5
MutS homolog 6	MSH-6; MSH6; MutS homolog-6
MutY DNA glycosylase	MUTYH
MX dynamin like GTPase 1	MX-1; MX1
MX dynamin like GTPase 2	MX-2; MX2
MYB binding protein 1a	MYBBP1A
Myb like, SWIRM and MPN domains 1	MYSM-1; MYSM1
MYB proto-oncogene like 1	MYBL-1; MYBL1
MYB proto-oncogene like 2	MYBL-2; MYBL2
MYB proto-oncogene, transcription factor	MYB
Myb related transcription factor, partner of profilin	MYPOP
Myb/SANT DNA binding domain containing 2	MSANTD-2; MSANTD2
Myb/SANT DNA binding domain containing 3	MSANTD-3; MSANTD3
Myb/SANT DNA binding domain containing 4 with coiled-coils	MSANTD-4; MSANTD4
MYC associated factor X	MAX
MYC associated zinc finger protein	MAZ
MYC binding protein	MYCBP
MYC binding protein 2	MYCBP-2; MYCBP2
MYC proto-oncogene, bHLH transcription factor	MYC
MYC target 1	MYC target-1; MYCT-1; MYCT1
MYCBP associated protein	MYCBPAP
MYCL proto-oncogene, bHLH transcription factor	MYCL
MYCN proto-oncogene, bHLH transcription factor	MYCN
MYD88 innate immune signal transduction adaptor	MYD-88; MYD88
Myelin associated glycoprotein	MAG
Myelin associated oligodendrocyte basic protein	MOBP
Myelin basic protein	MBP
Myelin oligodendrocyte glycoprotein	MOG
Myelin protein zero	MPZ
Myelin protein zero like 1	MPZL-1; MPZL1
Myelin protein zero like 2	MPZL-2; MPZL2
Myelin protein zero like 3	MPZL-3; MPZL3
Myelin regulatory factor	MYRF
Myelin transcription factor 1	MYT-1; MYT1
Myeloid associated differentiation marker	MYADM
Myeloid associated differentiation marker like 2	MYADML-2; MYADML2
Myeloid cell nuclear differentiation antigen	MNDA
Myeloid derived growth factor	MYDGF
Myeloid leukemia factor 1	MLF-1; MLF1
Myeloid leukemia factor 2	MLF-2; MLF2
Myeloid zinc finger 1	MZF-1; MZF1
Myeloma overexpressed	MYEOV
Myeloperoxidase	MPO
MYG1 exonuclease	MYG-1; MYG1
Myo-inositol oxygenase	MIOX
Myocardial zonula adherens protein	MYZAP
Myocardin	MYOCD
Myocardin related transcription factor A	MRTFA
Myocardin related transcription factor B	MRTFB
Myocilin	MYOC
Myocyte enhancer factor 2A	MEF2A
Myocyte enhancer factor 2B	MEF2B
Myocyte enhancer factor 2C	MEF2C
Myocyte enhancer factor 2D	MEF2D
MyoD family inhibitor	MDFI
MyoD family inhibitor domain containing	MDFIC
Myoferlin	MYOF
Myogenesis regulating glycosidase (putative)	MYORG
Myogenic differentiation 1	MYOD-1; MYOD1; Myogenic differentiation-1
Myogenic factor 5	MYF-5; MYF5; Myogenic factor-5
Myogenic factor 6	MYF-6; MYF6; Myogenic factor-6
Myogenin	MYOG
Myoglobin	MB
Myomaker, myoblast fusion factor	MYMK
Myomesin 1	MYOM-1; MYOM1; Myomesin-1
Myomesin 2	MYOM-2; MYOM2; Myomesin-2
Myomesin 3	MYOM-3; MYOM3; Myomesin-3
Myomixer, myoblast fusion factor	MYMX
Myoneurin	MYNN
Myopalladin	MYPN
Myosin binding protein C1	MYBPC-1; MYBPC1
Myosin binding protein C2	MYBPC-2; MYBPC2
Myosin binding protein C3	MYBPC-3; MYBPC3
Myosin binding protein H	MYBPH
Myosin binding protein H like	MYBPHL
Myosin heavy chain 1	MYH-1; MYH1
Myosin heavy chain 10	MYH-10; MYH10
Myosin heavy chain 11	MYH-11; MYH11
Myosin heavy chain 14	MYH-14; MYH14
Myosin heavy chain 15	MYH-15; MYH15
Myosin heavy chain 2	MYH-2; MYH2
Myosin heavy chain 3	MYH-3; MYH3
Myosin heavy chain 6	MYH-6; MYH6
Myosin heavy chain 7	MYH-7; MYH7
Myosin heavy chain 7B	MYH7B
Myosin heavy chain 8	MYH-8; MYH8
Myosin heavy chain 9	MYH-9; MYH9
Myosin IA	MYO1A
Myosin IB	MYO1B
Myosin IC	MYO1C
Myosin ID	MYO1D
Myosin IE	MYO1E
Myosin IF	MYO1F
Myosin IG	MYO1G
Myosin IIIA	MYO3A
Myosin IIIB	MYO3B
Myosin IXA	MYO9A
Myosin IXB	MYO9B
Myosin light chain 1	MYL-1; MYL1
Myosin light chain 10	MYL-10; MYL10
Myosin light chain 11	MYL-11; MYL11
Myosin light chain 12A	MYL12A
Myosin light chain 12B	MYL12B
Myosin light chain 2	MYL-2; MYL2
Myosin light chain 3	MYL-3; MYL3
Myosin light chain 4	MYL-4; MYL4
Myosin light chain 6	MYL-6; MYL6
Myosin light chain 6B	MYL6B
Myosin light chain 7	MYL-7; MYL7
Myosin light chain 9	MYL-9; MYL9
Myosin light chain kinase	MYLK
Myosin light chain kinase 2	MYLK-2; MYLK2
Myosin light chain kinase 3	MYLK-3; MYLK3
Myosin light chain kinase family member 4	MYLK-4; MYLK4
Myosin phosphatase Rho interacting protein	MPRIP
Myosin regulatory light chain interacting protein	MYLIP
Myosin VA	MYO5A
Myosin VB	MYO5B
Myosin VC	MYO5C
Myosin VI	MYO-6; MYO6
Myosin VIIA	MYO7A
Myosin VIIA and Rab interacting protein	MYRIP
Myosin VIIB	MYO7B
Myosin X	MYO-10; MYO10
Myosin XIX	MYO-19; MYO19
Myosin XVA	MYO15A
Myosin XVI	MYO-16; MYO16
Myosin XVIIIA	MYO18A
Myosin XVIIIB	MYO18B
Myostatin	MSTN
Myotilin	MYOT
Myotrophin	MTPN
Myotubularin 1	MTM-1; MTM1; Myotubularin-1
Myotubularin related protein 1	MTMR-1; MTMR1
Myotubularin related protein 10	MTMR-10; MTMR10
Myotubularin related protein 12	MTMR-12; MTMR12
Myotubularin related protein 14	MTMR-14; MTMR14
Myotubularin related protein 2	MTMR-2; MTMR2
Myotubularin related protein 3	MTMR-3; MTMR3
Myotubularin related protein 4	MTMR-4; MTMR4
Myotubularin related protein 6	MTMR-6; MTMR6
Myotubularin related protein 7	MTMR-7; MTMR7
Myotubularin related protein 8	MTMR-8; MTMR8
Myotubularin related protein 9	MTMR-9; MTMR9
Myozenin 1	MYOZ-1; MYOZ1; Myozenin-1
Myozenin 2	MYOZ-2; MYOZ2; Myozenin-2
Myozenin 3	MYOZ-3; MYOZ3; Myozenin-3
Myristoylated alanine rich protein kinase C substrate	MARCKS
MYST/Esa1 associated factor 6	MEAF-6; MEAF6
N-6 adenine-specific DNA methyltransferase 1	N6AMT1
N-acetyl-alpha-glucosaminidase	NAGLU
N-acetylated alpha-linked acidic dipeptidase 2	NAALAD-2; NAALAD2
N-acetylated alpha-linked acidic dipeptidase like 1	NAALADL-1; NAALADL1
N-acetylated alpha-linked acidic dipeptidase like 2	NAALADL-2; NAALADL2
N-acetylglucosamine kinase	NAGK
N-acetylglucosamine-1-phosphate transferase subunit gamma	GNPTG
N-acetylglucosamine-1-phosphate transferase subunits alpha and beta	GNPTAB
N-acetylglucosamine-1-phosphodiester alpha-N-acetylglucosaminidase	NAGPA
N-acetylglutamate synthase	NAGS
N-acetylneuraminate pyruvate lyase	NPL
N-acetylneuraminate synthase	NANS
N-acetylneuraminic acid phosphatase	NANP
N-acetyltransferase 1	N-acetyltransferase-1; NAT-1; NAT1
N-acetyltransferase 10	N-acetyltransferase-10; NAT-10; NAT10
N-acetyltransferase 14 (putative)	NAT-14; NAT14
N-acetyltransferase 2	N-acetyltransferase-2; NAT-2; NAT2
N-acetyltransferase 8 (putative)	NAT-8; NAT8
N-acetyltransferase 8 like	NAT8L
N-acetyltransferase 9 (putative)	NAT-9; NAT9
N-acetyltransferase domain containing 1	NATD-1; NATD1
N-acyl phosphatidylethanolamine phospholipase D	NAPEPLD
N-acylethanolamine acid amidase	NAAA
N-acylsphingosine amidohydrolase 1	ASAH-1; ASAH1; N-acylsphingosine amidohydrolase-1
N-acylsphingosine amidohydrolase 2	ASAH-2; ASAH2; N-acylsphingosine amidohydrolase-2
N-alpha-acetyltransferase 10, NatA catalytic subunit	NAA-10; NAA10
N-alpha-acetyltransferase 11, NatA catalytic subunit	NAA-11; NAA11
N-alpha-acetyltransferase 15, NatA auxiliary subunit	NAA-15; NAA15
N-alpha-acetyltransferase 16, NatA auxiliary subunit	NAA-16; NAA16
N-alpha-acetyltransferase 20, NatB catalytic subunit	NAA-20; NAA20
N-alpha-acetyltransferase 25, NatB auxiliary subunit	NAA-25; NAA25
N-alpha-acetyltransferase 30, NatC catalytic subunit	NAA-30; NAA30
N-alpha-acetyltransferase 35, NatC auxiliary subunit	NAA-35; NAA35
N-alpha-acetyltransferase 38, NatC auxiliary subunit	NAA-38; NAA38
N-alpha-acetyltransferase 40, NatD catalytic subunit	NAA-40; NAA40
N-alpha-acetyltransferase 50, NatE catalytic subunit	NAA-50; NAA50
N-alpha-acetyltransferase 60, NatF catalytic subunit	NAA-60; NAA60
N-alpha-acetyltransferase 80, NatH catalytic subunit	NAA-80; NAA80
N-deacetylase and N-sulfotransferase 1	NDST-1; NDST1
N-deacetylase and N-sulfotransferase 2	NDST-2; NDST2
N-deacetylase and N-sulfotransferase 3	NDST-3; NDST3
N-ethylmaleimide sensitive factor, vesicle fusing ATPase	NSF
N-glycanase 1	N-glycanase-1; NGLY-1; NGLY1
N-methylpurine DNA glycosylase	MPG
N-myc and STAT interactor	NMI
N-myc downstream regulated 1	NDRG-1; NDRG1
N-myristoyltransferase 1	N-myristoyltransferase-1; NMT-1; NMT1
N-myristoyltransferase 2	N-myristoyltransferase-2; NMT-2; NMT2
N-ribosyldihydronicotinamide:quinone reductase 2	N-ribosyldihydronicotinamide:quinone reductase-2; NQO-2; NQO2
N-sulfoglucosamine sulfohydrolase	SGSH
N-terminal asparagine amidase	NTAN-1; NTAN1
N-terminal EF-hand calcium binding protein 1	NECAB-1; NECAB1
N-terminal EF-hand calcium binding protein 2	NECAB-2; NECAB2
N-terminal EF-hand calcium binding protein 3	NECAB-3; NECAB3
N-terminal glutamine amidase 1	NTAQ-1; NTAQ1
N-terminal Xaa-Pro-Lys N-methyltransferase 1	NTMT-1; NTMT1
N-terminal Xaa-Pro-Lys N-methyltransferase 2	NTMT-2; NTMT2
NAC alpha domain containing	NACAD
NACC family member 2	NACC-2; NACC2
NACHT and WD repeat domain containing 1	NWD-1; NWD1
NAD kinase	NADK
NAD kinase 2, mitochondrial	NADK-2; NADK2
NAD synthetase 1	NAD synthetase-1; NADSYN-1; NADSYN1
NAD(P) dependent steroid dehydrogenase-like	NSDHL
NAD(P)H quinone dehydrogenase 1	NQO-1; NQO1
NAD(P)HX dehydratase	NAXD
NAD(P)HX epimerase	NAXE
NADH:ubiquinone oxidoreductase complex assembly factor 1	NDUFAF-1; NDUFAF1
NADH:ubiquinone oxidoreductase complex assembly factor 2	NDUFAF-2; NDUFAF2
NADH:ubiquinone oxidoreductase complex assembly factor 3	NDUFAF-3; NDUFAF3
NADH:ubiquinone oxidoreductase complex assembly factor 4	NDUFAF-4; NDUFAF4
NADH:ubiquinone oxidoreductase complex assembly factor 5	NDUFAF-5; NDUFAF5
NADH:ubiquinone oxidoreductase complex assembly factor 6	NDUFAF-6; NDUFAF6
NADH:ubiquinone oxidoreductase complex assembly factor 7	NDUFAF-7; NDUFAF7
NADH:ubiquinone oxidoreductase complex assembly factor 8	NDUFAF-8; NDUFAF8
NADH:ubiquinone oxidoreductase core subunit S1	NDUFS-1; NDUFS1
NADH:ubiquinone oxidoreductase core subunit S2	NDUFS-2; NDUFS2
NADH:ubiquinone oxidoreductase core subunit S3	NDUFS-3; NDUFS3
NADH:ubiquinone oxidoreductase core subunit S7	NDUFS-7; NDUFS7
NADH:ubiquinone oxidoreductase core subunit S8	NDUFS-8; NDUFS8
NADH:ubiquinone oxidoreductase core subunit V1	NDUFV-1; NDUFV1
NADH:ubiquinone oxidoreductase core subunit V2	NDUFV-2; NDUFV2
NADH:ubiquinone oxidoreductase subunit A1	NDUFA-1; NDUFA1
NADH:ubiquinone oxidoreductase subunit A10	NDUFA-10; NDUFA10
NADH:ubiquinone oxidoreductase subunit A11	NDUFA-11; NDUFA11
NADH:ubiquinone oxidoreductase subunit A12	NDUFA-12; NDUFA12
NADH:ubiquinone oxidoreductase subunit A13	NDUFA-13; NDUFA13
NADH:ubiquinone oxidoreductase subunit A2	NDUFA-2; NDUFA2
NADH:ubiquinone oxidoreductase subunit A3	NDUFA-3; NDUFA3
NADH:ubiquinone oxidoreductase subunit A5	NDUFA-5; NDUFA5
NADH:ubiquinone oxidoreductase subunit A6	NDUFA-6; NDUFA6
NADH:ubiquinone oxidoreductase subunit A7	NDUFA-7; NDUFA7
NADH:ubiquinone oxidoreductase subunit A8	NDUFA-8; NDUFA8
NADH:ubiquinone oxidoreductase subunit A9	NDUFA-9; NDUFA9
NADH:ubiquinone oxidoreductase subunit AB1	NDUFAB-1; NDUFAB1
NADH:ubiquinone oxidoreductase subunit B1	NDUFB-1; NDUFB1
NADH:ubiquinone oxidoreductase subunit B10	NDUFB-10; NDUFB10
NADH:ubiquinone oxidoreductase subunit B11	NDUFB-11; NDUFB11
NADH:ubiquinone oxidoreductase subunit B2	NDUFB-2; NDUFB2
NADH:ubiquinone oxidoreductase subunit B3	NDUFB-3; NDUFB3
NADH:ubiquinone oxidoreductase subunit B4	NDUFB-4; NDUFB4
NADH:ubiquinone oxidoreductase subunit B5	NDUFB-5; NDUFB5
NADH:ubiquinone oxidoreductase subunit B6	NDUFB-6; NDUFB6
NADH:ubiquinone oxidoreductase subunit B7	NDUFB-7; NDUFB7
NADH:ubiquinone oxidoreductase subunit B8	NDUFB-8; NDUFB8
NADH:ubiquinone oxidoreductase subunit B9	NDUFB-9; NDUFB9
NADH:ubiquinone oxidoreductase subunit C1	NDUFC-1; NDUFC1
NADH:ubiquinone oxidoreductase subunit C2	NDUFC-2; NDUFC2
NADH:ubiquinone oxidoreductase subunit S4	NDUFS-4; NDUFS4
NADH:ubiquinone oxidoreductase subunit S5	NDUFS-5; NDUFS5
NADH:ubiquinone oxidoreductase subunit S6	NDUFS-6; NDUFS6
NADH:ubiquinone oxidoreductase subunit V3	NDUFV-3; NDUFV3
NADPH dependent diflavin oxidoreductase 1	NDOR-1; NDOR1
NADPH oxidase 1	NADPH oxidase-1; NOX-1; NOX1
NADPH oxidase 3	NADPH oxidase-3; NOX-3; NOX3
NADPH oxidase 4	NADPH oxidase-4; NOX-4; NOX4
NADPH oxidase 5	NADPH oxidase-5; NOX-5; NOX5
NADPH oxidase activator 1	NOXA-1; NOXA1
NADPH oxidase organizer 1	NOXO-1; NOXO1
NALCN channel auxiliary factor 1	NALF-1; NALF1
Nanog homeobox	NANOG
Nanos C2HC-type zinc finger 1	NANOS-1; NANOS1
Nanos C2HC-type zinc finger 2	NANOS-2; NANOS2
Nanos C2HC-type zinc finger 3	NANOS-3; NANOS3
Napsin A aspartic peptidase	NAPSA
Nardilysin convertase	NRDC
Nascent polypeptide associated complex subunit alpha	NACA
Nascent polypeptide associated complex subunit alpha 2	NACA-2; NACA2
Natriuretic peptide A	NPPA
Natriuretic peptide B	NPPB
Natriuretic peptide C	NPPC
Natriuretic peptide receptor 1	NPR-1; NPR1
Natriuretic peptide receptor 2	NPR-2; NPR2
Natriuretic peptide receptor 3	NPR-3; NPR3
Natural cytotoxicity triggering receptor 1	NCR-1; NCR1
Natural cytotoxicity triggering receptor 2	NCR-2; NCR2
Natural cytotoxicity triggering receptor 3	NCR-3; NCR3
Natural killer cell cytotoxicity receptor 3 ligand 1	NCR3LG1
Natural killer cell granule protein 7	NKG-7; NKG7
Natural killer cell triggering receptor	NKTR
NBAS subunit of NRZ tethering complex	NBAS
NBL1, DAN family BMP antagonist	NBL-1; NBL1
NBPF member 1	NBPF member-1; NBPF-1; NBPF1
NBPF member 9	NBPF member-9; NBPF-9; NBPF9
NBR1 autophagy cargo receptor	NBR-1; NBR1
NCBP2 antisense 2 (head to head)	NCBP2AS2
NCCRP1, F-box associated domain containing	NCCRP-1; NCCRP1
NCK adaptor protein 1	NCK-1; NCK1
NCK adaptor protein 2	NCK-2; NCK2
NCK associated protein 1	NCKAP-1; NCKAP1
NCK associated protein 1 like	NCKAP1L
NCK associated protein 5	NCKAP-5; NCKAP5
NCK associated protein 5 like	NCKAP5L
NCK interacting protein with SH3 domain	NCKIPSD
NDC1 transmembrane nucleoporin	NDC-1; NDC1
NDC80 kinetochore complex component	NDC-80; NDC80
NDRG family member 2	NDRG-2; NDRG2
NDRG family member 3	NDRG-3; NDRG3
NDRG family member 4	NDRG-4; NDRG4
NDUFA4 mitochondrial complex associated	NDUFA-4; NDUFA4
NDUFC2-KCTD14 readthrough	NDUFC2-KCTD14
Nebulette	NEBL
Nebulin	NEB
Nebulin related anchoring protein	NRAP
NECAP endocytosis associated 1	NECAP-1; NECAP1
NECAP endocytosis associated 2	NECAP-2; NECAP2
Necdin, MAGE family member	NDN
Nectin cell adhesion molecule 1	NECTIN-1; NECTIN1
Nectin cell adhesion molecule 2	NECTIN-2; NECTIN2
Nectin cell adhesion molecule 3	NECTIN-3; NECTIN3
Nectin cell adhesion molecule 4	NECTIN-4; NECTIN4
NEDD1 gamma-tubulin ring complex targeting factor	NEDD-1; NEDD1
NEDD4 binding protein 1	N4BP1
NEDD4 binding protein 2	N4BP2
NEDD4 binding protein 2 like 2	N4BP2L2
NEDD4 binding protein 3	N4BP3
NEDD4 E3 ubiquitin protein ligase	NEDD-4; NEDD4
Nedd4 family interacting protein 1	NDFIP-1; NDFIP1
Nedd4 family interacting protein 2	NDFIP-2; NDFIP2
NEDD4 like E3 ubiquitin protein ligase	NEDD4L
NEDD8 activating enzyme E1 subunit 1	NAE-1; NAE1
NEDD8 ubiquitin like modifier	NEDD-8; NEDD8
Negative elongation factor complex member A	NELFA
Negative elongation factor complex member B	NELFB
Negative elongation factor complex member C/D	NELFCD
Negative elongation factor complex member E	NELFE
Negative regulator of P-body association	NBDY
Negative regulator of reactive oxygen species	NRROS
Negative regulator of ubiquitin like proteins 1	NUB-1; NUB1
Nei like DNA glycosylase 1	NEIL-1; NEIL1
Nei like DNA glycosylase 2	NEIL-2; NEIL2
Nei like DNA glycosylase 3	NEIL-3; NEIL3
Nemo like kinase	NLK
Neogenin 1	NEO-1; NEO1; Neogenin-1
Nephrocystin 1	Nephrocystin-1; NPHP-1; NPHP1
Nephrocystin 3	Nephrocystin-3; NPHP-3; NPHP3
Nephrocystin 4	Nephrocystin-4; NPHP-4; NPHP4
Nerve growth factor	NGF
Nerve growth factor receptor	NGFR
Nescient helix-loop-helix 1	Nescient helix-loop-helix-1; NHLH-1; NHLH1
Nescient helix-loop-helix 2	Nescient helix-loop-helix-2; NHLH-2; NHLH2
Nestin	NES
Netrin 1	Netrin-1; NTN-1; NTN1
Netrin 3	Netrin-3; NTN-3; NTN3
Netrin 4	Netrin-4; NTN-4; NTN4
Netrin G1	NTNG-1; NTNG1
Netrin G2	NTNG-2; NTNG2
Neudesin neurotrophic factor	NENF
Neugrin, neurite outgrowth associated	NGRN
Neural cell adhesion molecule 1	NCAM-1; NCAM1
Neural cell adhesion molecule 2	NCAM-2; NCAM2
Neural EGFL like 1	NELL-1; NELL1
Neural EGFL like 2	NELL-2; NELL2
Neural precursor cell expressed, developmentally down-regulated 9	NEDD-9; NEDD9
Neural proliferation, differentiation and control 1	NPDC-1; NPDC1
Neural retina leucine zipper	NRL
Neuralized E3 ubiquitin protein ligase 1B	NEURL1B
Neuralized E3 ubiquitin protein ligase 3	NEURL-3; NEURL3
Neuralized E3 ubiquitin protein ligase 4	NEURL-4; NEURL4
Neuraminidase 1	NEU-1; NEU1; Neuraminidase-1
Neuraminidase 2	NEU-2; NEU2; Neuraminidase-2
Neuraminidase 3	NEU-3; NEU3; Neuraminidase-3
Neuraminidase 4	NEU-4; NEU4; Neuraminidase-4
Neuregulin 1	Neuregulin-1; NRG-1; NRG1
Neuregulin 2	Neuregulin-2; NRG-2; NRG2
Neuregulin 3	Neuregulin-3; NRG-3; NRG3
Neuregulin 4	Neuregulin-4; NRG-4; NRG4
Neurensin 1	Neurensin-1; NRSN-1; NRSN1
Neurensin 2	Neurensin-2; NRSN-2; NRSN2
Neurexin 1	Neurexin-1; NRXN-1; NRXN1
Neurexin 2	Neurexin-2; NRXN-2; NRXN2
Neurexin 3	Neurexin-3; NRXN-3; NRXN3
Neurexophilin 3	Neurexophilin-3; NXPH-3; NXPH3
Neurexophilin and PC-esterase domain family member 1	NXPE-1; NXPE1
Neurexophilin and PC-esterase domain family member 2	NXPE-2; NXPE2
Neurexophilin and PC-esterase domain family member 3	NXPE-3; NXPE3
Neurite extension and migration factor	NEXMIF
Neuritin 1 like	NRN1L
Neurobeachin	NBEA
Neurobeachin like 2	NBEAL-2; NBEAL2; Neurobeachin like-2
Neurocalcin delta	NCALD
Neurocan	NCAN
Neurochondrin	NCDN
Neuroepithelial cell transforming 1	NET-1; NET1
Neurofascin	NFASC
Neurofibromin 1	Neurofibromin-1; NF-1; NF1
Neurofilament heavy chain	NEFH
Neurofilament light chain	NEFL
Neurofilament medium chain	NEFM
Neurogenin 1	NEUROG-1; NEUROG1; Neurogenin-1
Neurogenin 2	NEUROG-2; NEUROG2; Neurogenin-2
Neurogenin 3	NEUROG-3; NEUROG3; Neurogenin-3
Neuroglobin	NGB
Neurogranin	NRGN
Neuroguidin	NGDN
Neuroligin 1	Neuroligin-1; NLGN-1; NLGN1
Neuroligin 2	Neuroligin-2; NLGN-2; NLGN2
Neuroligin 3	Neuroligin-3; NLGN-3; NLGN3
Neuroligin 4 X-linked	NLGN4X
Neurolysin	NLN
Neuromedin B	NMB
Neuromedin B receptor	NMBR
Neuromedin S	NMS
Neuromedin U	NMU
Neuromedin U receptor 1	NMUR-1; NMUR1
Neuromedin U receptor 2	NMUR-2; NMUR2
Neuron derived neurotrophic factor	NDNF
Neuron navigator 1	NAV-1; NAV1; Neuron navigator-1
Neuron navigator 2	NAV-2; NAV2; Neuron navigator-2
Neuron navigator 3	NAV-3; NAV3; Neuron navigator-3
Neuronal calcium sensor 1	NCS-1; NCS1
Neuronal cell adhesion molecule	NRCAM
Neuronal differentiation 1	NEUROD-1; NEUROD1; Neuronal differentiation-1
Neuronal differentiation 2	NEUROD-2; NEUROD2; Neuronal differentiation-2
Neuronal differentiation 4	NEUROD-4; NEUROD4; Neuronal differentiation-4
Neuronal growth regulator 1	NEGR-1; NEGR1
Neuronal guanine nucleotide exchange factor	NGEF
Neuronal PAS domain protein 2	NPAS-2; NPAS2
Neuronal PAS domain protein 4	NPAS-4; NPAS4
Neuronal pentraxin 1	Neuronal pentraxin-1; NPTX-1; NPTX1
Neuronal pentraxin 2	Neuronal pentraxin-2; NPTX-2; NPTX2
Neuronal regeneration related protein	NREP
Neuronal tyrosine phosphorylated phosphoinositide-3-kinase adaptor 1	NYAP-1; NYAP1
Neuronal tyrosine-phosphorylated phosphoinositide-3-kinase adaptor 2	NYAP-2; NYAP2
Neuronal vesicle trafficking associated 1	NSG-1; NSG1
Neuronal vesicle trafficking associated 2	NSG-2; NSG2
Neuropeptide B	NPB
Neuropeptide FF receptor 1	NPFFR-1; NPFFR1
Neuropeptide FF receptor 2	NPFFR-2; NPFFR2
Neuropeptide FF-amide peptide precursor	NPFF
Neuropeptide S receptor 1	NPSR-1; NPSR1
Neuropeptide VF precursor	NPVF
Neuropeptide W	NPW
Neuropeptide Y	NPY
Neuropeptide Y receptor Y1	NPY1R
Neuropeptide Y receptor Y2	NPY2R
Neuropeptide Y receptor Y4	NPY4R
Neuropeptides B and W receptor 1	NPBWR-1; NPBWR1
Neuropeptides B and W receptor 2	NPBWR-2; NPBWR2
Neuropilin 1	Neuropilin-1; NRP-1; NRP1
Neuropilin 2	Neuropilin-2; NRP-2; NRP2
Neuropilin and tolloid like 2	NETO-2; NETO2
Neuroplastin	NPTN
Neurotensin	NTS
Neurotensin receptor 1	Neurotensin receptor-1; NTSR-1; NTSR1
Neurotensin receptor 2	Neurotensin receptor-2; NTSR-2; NTSR2
Neurotrimin	NTM
Neurotrophic receptor tyrosine kinase 1	NTRK-1; NTRK1
Neurotrophic receptor tyrosine kinase 2	NTRK-2; NTRK2
Neurotrophic receptor tyrosine kinase 3	NTRK-3; NTRK3
Neurotrophin 3	Neurotrophin-3; NTF-3; NTF3
Neurotrophin 4	Neurotrophin-4; NTF-4; NTF4
Neurturin	NRTN
Neutral cholesterol ester hydrolase 1	NCEH-1; NCEH1
Neutral sphingomyelinase activation associated factor	NSMAF
Neutrophil cytosolic factor 1	NCF-1; NCF1
Neutrophil cytosolic factor 2	NCF-2; NCF2
Neutrophil cytosolic factor 4	NCF-4; NCF4
Nexilin F-actin binding protein	NEXN
NF2, moesin-ezrin-radixin like (MERLIN) tumor suppressor	NF-2; NF2
NFAT activating protein with ITAM motif 1	NFAM-1; NFAM1
NFE2 like bZIP transcription factor 1	NFE2L1
NFE2 like bZIP transcription factor 2	NFE2L2
NFE2 like bZIP transcription factor 3	NFE2L3
NFKB activating protein	NKAP
NFKB activating protein like	NKAPL
NFKB inhibitor alpha	NFKBIA
NFKB inhibitor beta	NFKBIB
NFKB inhibitor delta	NFKBID
NFKB inhibitor epsilon	NFKBIE
NFKB inhibitor interacting Ras like 1	NKIRAS-1; NKIRAS1
NFKB inhibitor interacting Ras like 2	NKIRAS-2; NKIRAS2
NFKB inhibitor like 1	NFKBIL-1; NFKBIL1
NFKB inhibitor zeta	NFKBIZ
NFKB repressing factor	NKRF
NFS1 cysteine desulfurase	NFS-1; NFS1
NFU1 iron-sulfur cluster scaffold	NFU-1; NFU1
NGFI-A binding protein 1	NAB-1; NAB1
NGFI-A binding protein 2	NAB-2; NAB2
NGG1 interacting factor 3 like 1	NIF3L1
NHL repeat containing 2	NHLRC-2; NHLRC2
NHL repeat containing 4	NHLRC-4; NHLRC4
NHL repeat containing E3 ubiquitin protein ligase 1	NHLRC-1; NHLRC1
NHP2 ribonucleoprotein	NHP-2; NHP2
NHS actin remodeling regulator	NHS
NHS like 1	NHS like-1; NHSL-1; NHSL1
NHS like 2	NHS like-2; NHSL-2; NHSL2
Niban apoptosis regulator 1	NIBAN-1; NIBAN1
Niban apoptosis regulator 2	NIBAN-2; NIBAN2
Niban apoptosis regulator 3	NIBAN-3; NIBAN3
Nibrin	NBN
Nicalin	NCLN
Nicastrin	NCSTN
Nicolin 1, tubulin polyglutamylase complex subunit	NICN-1; NICN1
Nicotinamide N-methyltransferase	NNMT
Nicotinamide nucleotide adenylyltransferase 1	NMNAT-1; NMNAT1
Nicotinamide nucleotide adenylyltransferase 2	NMNAT-2; NMNAT2
Nicotinamide nucleotide adenylyltransferase 3	NMNAT-3; NMNAT3
Nicotinamide nucleotide transhydrogenase	NNT
Nicotinamide phosphoribosyltransferase	NAMPT
Nicotinamide riboside kinase 1	NMRK-1; NMRK1
Nicotinamide riboside kinase 2	NMRK-2; NMRK2
Nicotinate phosphoribosyltransferase	NAPRT
Nidogen 1	NID-1; NID1; Nidogen-1
Nidogen 2	NID-2; NID2; Nidogen-2
Nik related kinase	NRK
NIM1 serine/threonine protein kinase	NIM1K
NIMA related kinase 1	NEK-1; NEK1
NIMA related kinase 10	NEK-10; NEK10
NIMA related kinase 11	NEK-11; NEK11
NIMA related kinase 2	NEK-2; NEK2
NIMA related kinase 3	NEK-3; NEK3
NIMA related kinase 4	NEK-4; NEK4
NIMA related kinase 6	NEK-6; NEK6
NIMA related kinase 7	NEK-7; NEK7
NIMA related kinase 8	NEK-8; NEK8
NIMA related kinase 9	NEK-9; NEK9
NIN1 (RPN12) binding protein 1 homolog	NOB-1; NOB1
Ninein	NIN
Ninein like	NINL
Ninjurin 1	NINJ-1; NINJ1; Ninjurin-1
Ninjurin 2	NINJ-2; NINJ2; Ninjurin-2
NIPA like domain containing 3	NIPAL-3; NIPAL3
NIPA like domain containing 4	NIPAL-4; NIPAL4
NIPA magnesium transporter 1	NIPA-1; NIPA1
NIPBL cohesin loading factor	NIPBL
Nipsnap homolog 1	Nipsnap homolog-1; NIPSNAP-1; NIPSNAP1
Nipsnap homolog 2	Nipsnap homolog-2; NIPSNAP-2; NIPSNAP2
Nipsnap homolog 3A	NIPSNAP3A
Nischarin	NISCH
Nitric oxide associated 1	NOA-1; NOA1
Nitric oxide synthase 1	NOS-1; NOS1
Nitric oxide synthase 1 adaptor protein	NOS1AP
Nitric oxide synthase 2	NOS-2; NOS2
Nitric oxide synthase 3	NOS-3; NOS3
Nitric oxide synthase interacting protein	NOSIP
Nitric oxide synthase trafficking	NOSTRIN
Nitrilase 1	NIT-1; NIT1; Nitrilase-1
Nitrilase family member 2	NIT-2; NIT2
NK2 homeobox 1	NK2 homeobox-1; NKX2-1
NK2 homeobox 4	NK2 homeobox-4; NKX2-4
NK2 homeobox 5	NK2 homeobox-5; NKX2-5
NK2 homeobox 6	NK2 homeobox-6; NKX2-6
NK3 homeobox 1	NK3 homeobox-1; NKX3-1
NK3 homeobox 2	NK3 homeobox-2; NKX3-2
NK6 homeobox 1	NK6 homeobox-1; NKX6-1
NK6 homeobox 2	NK6 homeobox-2; NKX6-2
NKAP domain containing 1	NKAPD-1; NKAPD1
NKD inhibitor of WNT signaling pathway 1	NKD-1; NKD1
NKD inhibitor of WNT signaling pathway 2	NKD-2; NKD2
NLR family apoptosis inhibitory protein	NAIP
NLR family CARD domain containing 3	NLRC-3; NLRC3
NLR family CARD domain containing 4	NLRC-4; NLRC4
NLR family CARD domain containing 5	NLRC-5; NLRC5
NLR family member X1	NLRX-1; NLRX1
NLR family pyrin domain containing 1	NLRP-1; NLRP1
NLR family pyrin domain containing 10	NLRP-10; NLRP10
NLR family pyrin domain containing 12	NLRP-12; NLRP12
NLR family pyrin domain containing 14	NLRP-14; NLRP14
NLR family pyrin domain containing 2	NLRP-2; NLRP2
NLR family pyrin domain containing 4	NLRP-4; NLRP4
NLR family pyrin domain containing 5	NLRP-5; NLRP5
NLR family pyrin domain containing 6	NLRP-6; NLRP6
NLR family pyrin domain containing 7	NLRP-7; NLRP7
NLR family pyrin domain containing 9	NLRP-9; NLRP9
NMD3 ribosome export adaptor	NMD-3; NMD3
NMDA receptor synaptonuclear signaling and neuronal migration factor	NSMF
NME/NM23 family member 5	NME-5; NME5
NME/NM23 family member 7	NME-7; NME7
NME/NM23 nucleoside diphosphate kinase 1	NME-1; NME1
NME/NM23 nucleoside diphosphate kinase 2	NME-2; NME2
NME/NM23 nucleoside diphosphate kinase 3	NME-3; NME3
NME/NM23 nucleoside diphosphate kinase 4	NME-4; NME4
NME/NM23 nucleoside diphosphate kinase 6	NME-6; NME6
NmrA like redox sensor 1	NMRAL-1; NMRAL1
NOBOX oogenesis homeobox	NOBOX
NOC2 like nucleolar associated transcriptional repressor	NOC2L
NOC3 like DNA replication regulator	NOC3L
Nocturnin	NOCT
Nodal growth differentiation factor	NODAL
NODAL modulator 1	NODAL modulator-1; NOMO-1; NOMO1
NODAL modulator 2	NODAL modulator-2; NOMO-2; NOMO2
NODAL modulator 3	NODAL modulator-3; NOMO-3; NOMO3
Noggin	NOG
Non-homologous end joining factor 1	NHEJ-1; NHEJ1
Non-POU domain containing octamer binding	NONO
Non-SMC condensin I complex subunit D2	NCAPD-2; NCAPD2
Non-SMC condensin I complex subunit G	NCAPG
Non-SMC condensin I complex subunit H	NCAPH
Non-SMC condensin II complex subunit D3	NCAPD-3; NCAPD3
Non-SMC condensin II complex subunit G2	NCAPG-2; NCAPG2
Non-SMC condensin II complex subunit H2	NCAPH-2; NCAPH2
NOP protein chaperone 1	NOPCHAP-1; NOPCHAP1
NOP10 ribonucleoprotein	NOP-10; NOP10
NOP14 nucleolar protein	NOP-14; NOP14
NOP16 nucleolar protein	NOP-16; NOP16
NOP2 nucleolar protein	NOP-2; NOP2
NOP2/Sun RNA methyltransferase 2	NSUN-2; NSUN2
NOP2/Sun RNA methyltransferase 3	NSUN-3; NSUN3
NOP2/Sun RNA methyltransferase 4	NSUN-4; NSUN4
NOP2/Sun RNA methyltransferase 5	NSUN-5; NSUN5
NOP2/Sun RNA methyltransferase 6	NSUN-6; NSUN6
NOP53 ribosome biogenesis factor	NOP-53; NOP53
NOP56 ribonucleoprotein	NOP-56; NOP56
NOP58 ribonucleoprotein	NOP-58; NOP58
NOP9 nucleolar protein	NOP-9; NOP9
Norrin cystine knot growth factor NDP	NDP
Notch 2 N-terminal like A	NOTCH2NLA
Notch 2 N-terminal like B	NOTCH2NLB
Notch 2 N-terminal like C	NOTCH2NLC
Notch receptor 1	Notch receptor-1; NOTCH-1; NOTCH1
Notch receptor 2	Notch receptor-2; NOTCH-2; NOTCH2
Notch receptor 3	Notch receptor-3; NOTCH-3; NOTCH3
Notch receptor 4	Notch receptor-4; NOTCH-4; NOTCH4
NOTCH regulated ankyrin repeat protein	NRARP
Notchless homolog 1	NLE-1; NLE1; Notchless homolog-1
Notochord homeobox	NOTO
Notum, palmitoleoyl-protein carboxylesterase	NOTUM
NOVA alternative splicing regulator 1	NOVA-1; NOVA1
NOVA alternative splicing regulator 2	NOVA-2; NOVA2
Novel protein	ENSG-00000285133; ENSG00000285133
Novel protein	ENSG-00000288520; ENSG00000288520
Novel protein	ENSG-00000289051; ENSG00000289051
Novel protein	ENSG-00000289491; ENSG00000289491
Novel protein	ENSG-00000290147; ENSG00000290147
Novel protein, similar to Morf4 family associated protein 1	ENSG-00000170846; ENSG00000170846
NPC intracellular cholesterol transporter 1	NPC-1; NPC1
NPC intracellular cholesterol transporter 2	NPC-2; NPC2
NPC1 like intracellular cholesterol transporter 1	NPC1L1
NPHS1 adhesion molecule, nephrin	NPHS-1; NPHS1
NPHS2 stomatin family member, podocin	NPHS-2; NPHS2
NPL4 homolog, ubiquitin recognition factor	NPLOC-4; NPLOC4
NPR2 like, GATOR1 complex subunit	NPRL-2; NPRL2
NPR3 like, GATOR1 complex subunit	NPRL-3; NPRL3
NRAS proto-oncogene, GTPase	NRAS
NRDE-2, necessary for RNA interference, domain containing	NRDE-2; NRDE2
NSA2 ribosome biogenesis factor	NSA-2; NSA2
NSE1 homolog, SMC5-SMC6 complex component	NSMCE-1; NSMCE1
NSE2 (MMS21) homolog, SMC5-SMC6 complex SUMO ligase	NSMCE-2; NSMCE2
NSE3 homolog, SMC5-SMC6 complex component	NSMCE-3; NSMCE3
NSE4 homolog A, SMC5-SMC6 complex component	NSMCE4A
NSF attachment protein alpha	NAPA
NSF attachment protein beta	NAPB
NSF attachment protein gamma	NAPG
NSFL1 cofactor	NSFL1C
NSL1 component of MIS12 kinetochore complex	NSL-1; NSL1
Nth like DNA glycosylase 1	NTHL-1; NTHL1
NUAK family kinase 1	NUAK-1; NUAK1
NUAK family kinase 2	NUAK-2; NUAK2
NUBP iron-sulfur cluster assembly factor 1, cytosolic	NUBP-1; NUBP1
NUBP iron-sulfur cluster assembly factor 2, cytosolic	NUBP-2; NUBP2
NUBP iron-sulfur cluster assembly factor, mitochondrial	NUBPL
Nuclear apoptosis inducing factor 1	NAIF-1; NAIF1
Nuclear assembly factor 1 ribonucleoprotein	NAF-1; NAF1
Nuclear autoantigenic sperm protein	NASP
Nuclear cap binding protein subunit 1	NCBP-1; NCBP1
Nuclear cap binding protein subunit 2	NCBP-2; NCBP2
Nuclear cap binding subunit 3	NCBP-3; NCBP3
Nuclear casein kinase and cyclin dependent kinase substrate 1	NUCKS-1; NUCKS1
Nuclear distribution C, dynein complex regulator	NUDC
Nuclear envelope integral membrane protein 1	NEMP-1; NEMP1
Nuclear export mediator factor	NEMF
Nuclear factor I A	NFIA
Nuclear factor I B	NFIB
Nuclear factor I C	NFIC
Nuclear factor I X	NFIX
Nuclear factor kappa B subunit 1	NFKB-1; NFKB1
Nuclear factor kappa B subunit 2	NFKB-2; NFKB2
Nuclear factor of activated T cells 1	NFATC-1; NFATC1
Nuclear factor of activated T cells 2	NFATC-2; NFATC2
Nuclear factor of activated T cells 2 interacting protein	NFATC2IP
Nuclear factor of activated T cells 3	NFATC-3; NFATC3
Nuclear factor of activated T cells 4	NFATC-4; NFATC4
Nuclear factor of activated T cells 5	NFAT-5; NFAT5
Nuclear factor related to kappaB binding protein	NFRKB
Nuclear factor, erythroid 2	NFE-2; NFE2
Nuclear factor, interleukin 3 regulated	NFIL-3; NFIL3
Nuclear FMR1 interacting protein 1	NUFIP-1; NUFIP1
Nuclear FMR1 interacting protein 2	NUFIP-2; NUFIP2
Nuclear mitotic apparatus protein 1	NUMA-1; NUMA1
Nuclear pore associated protein 1	NPAP-1; NPAP1
Nuclear pore complex interacting protein family member A7	NPIPA-7; NPIPA7
Nuclear pore complex interacting protein family member B3	NPIPB-3; NPIPB3
Nuclear prelamin A recognition factor	NARF
Nuclear protein 1, transcriptional regulator	NUPR-1; NUPR1
Nuclear protein, coactivator of histone transcription	NPAT
Nuclear receptor 2C2 associated protein	NR2C2AP
Nuclear receptor binding factor 2	NRBF-2; NRBF2
Nuclear receptor binding protein 1	NRBP-1; NRBP1
Nuclear receptor binding protein 2	NRBP-2; NRBP2
Nuclear receptor binding SET domain protein 1	NSD-1; NSD1
Nuclear receptor binding SET domain protein 2	NSD-2; NSD2
Nuclear receptor binding SET domain protein 3	NSD-3; NSD3
Nuclear receptor coactivator 1	NCOA-1; NCOA1
Nuclear receptor coactivator 2	NCOA-2; NCOA2
Nuclear receptor coactivator 3	NCOA-3; NCOA3
Nuclear receptor coactivator 4	NCOA-4; NCOA4
Nuclear receptor coactivator 5	NCOA-5; NCOA5
Nuclear receptor coactivator 6	NCOA-6; NCOA6
Nuclear receptor coactivator 7	NCOA-7; NCOA7
Nuclear receptor corepressor 1	NCOR-1; NCOR1
Nuclear receptor corepressor 2	NCOR-2; NCOR2
Nuclear receptor interacting protein 1	NRIP-1; NRIP1
Nuclear receptor interacting protein 2	NRIP-2; NRIP2
Nuclear receptor interacting protein 3	NRIP-3; NRIP3
Nuclear receptor subfamily 0 group B member 1	NR0B1
Nuclear receptor subfamily 0 group B member 2	NR0B2
Nuclear receptor subfamily 1 group D member 1	NR1D1
Nuclear receptor subfamily 1 group D member 2	NR1D2
Nuclear receptor subfamily 1 group H member 2	NR1H2
Nuclear receptor subfamily 1 group H member 3	NR1H3
Nuclear receptor subfamily 1 group H member 4	NR1H4
Nuclear receptor subfamily 1 group I member 2	NR1I2
Nuclear receptor subfamily 1 group I member 3	NR1I3
Nuclear receptor subfamily 2 group C member 1	NR2C1
Nuclear receptor subfamily 2 group C member 2	NR2C2
Nuclear receptor subfamily 2 group E member 1	NR2E1
Nuclear receptor subfamily 2 group E member 3	NR2E3
Nuclear receptor subfamily 2 group F member 1	NR2F1
Nuclear receptor subfamily 2 group F member 2	NR2F2
Nuclear receptor subfamily 2 group F member 6	NR2F6
Nuclear receptor subfamily 3 group C member 1	NR3C1
Nuclear receptor subfamily 3 group C member 2	NR3C2
Nuclear receptor subfamily 4 group A member 1	NR4A1
Nuclear receptor subfamily 4 group A member 2	NR4A2
Nuclear receptor subfamily 4 group A member 3	NR4A3
Nuclear receptor subfamily 5 group A member 1	NR5A1
Nuclear receptor subfamily 5 group A member 2	NR5A2
Nuclear receptor subfamily 6 group A member 1	NR6A1
Nuclear respiratory factor 1	NRF-1; NRF1
Nuclear RNA export factor 1	NXF-1; NXF1
Nuclear RNA export factor 2	NXF-2; NXF2
Nuclear RNA export factor 2B	NXF2B
Nuclear RNA export factor 3	NXF-3; NXF3
Nuclear speckle splicing regulatory protein 1	NSRP-1; NSRP1
Nuclear transcription factor Y subunit alpha	NFYA
Nuclear transcription factor Y subunit beta	NFYB
Nuclear transcription factor Y subunit gamma	NFYC
Nuclear transcription factor, X-box binding 1	NFX-1; NFX1
Nuclear transcription factor, X-box binding like 1	NFXL-1; NFXL1
Nuclear transport factor 2	NUTF-2; NUTF2
Nuclear transport factor 2 like export factor 1	NXT-1; NXT1
Nuclear transport factor 2 like export factor 2	NXT-2; NXT2
Nuclear VCP like	NVL
Nucleic acid binding protein 1	NABP-1; NABP1
Nucleic acid binding protein 2	NABP-2; NABP2
Nucleobindin 1	NUCB-1; NUCB1; Nucleobindin-1
Nucleobindin 2	NUCB-2; NUCB2; Nucleobindin-2
Nucleolar and coiled-body phosphoprotein 1	NOLC-1; NOLC1
Nucleolar and spindle associated protein 1	NUSAP-1; NUSAP1
Nucleolar complex associated 4 homolog	NOC4L
Nucleolar pre-rRNA processing protein NIP7	NIP-7; NIP7
Nucleolar protein 10	NOL-10; NOL10; Nucleolar protein-10
Nucleolar protein 11	NOL-11; NOL11; Nucleolar protein-11
Nucleolar protein 12	NOL-12; NOL12; Nucleolar protein-12
Nucleolar protein 3	NOL-3; NOL3; Nucleolar protein-3
Nucleolar protein 4	NOL-4; NOL4; Nucleolar protein-4
Nucleolar protein 4 like	NOL4L
Nucleolar protein 6	NOL-6; NOL6; Nucleolar protein-6
Nucleolar protein 7	NOL-7; NOL7; Nucleolar protein-7
Nucleolar protein 8	NOL-8; NOL8; Nucleolar protein-8
Nucleolar protein 9	NOL-9; NOL9; Nucleolar protein-9
Nucleolar protein interacting with the FHA domain of MKI67	NIFK
Nucleolar protein with MIF4G domain 1	NOM-1; NOM1
Nucleolin	NCL
Nucleolus and neural progenitor protein	NEPRO
Nucleophosmin 1	NPM-1; NPM1; Nucleophosmin-1
Nucleophosmin/nucleoplasmin 2	NPM-2; NPM2; Nucleophosmin/nucleoplasmin-2
Nucleophosmin/nucleoplasmin 3	NPM-3; NPM3; Nucleophosmin/nucleoplasmin-3
Nucleoporin 107	Nucleoporin-107; NUP-107; NUP107
Nucleoporin 133	Nucleoporin-133; NUP-133; NUP133
Nucleoporin 153	Nucleoporin-153; NUP-153; NUP153
Nucleoporin 155	Nucleoporin-155; NUP-155; NUP155
Nucleoporin 160	Nucleoporin-160; NUP-160; NUP160
Nucleoporin 188	Nucleoporin-188; NUP-188; NUP188
Nucleoporin 205	Nucleoporin-205; NUP-205; NUP205
Nucleoporin 210	Nucleoporin-210; NUP-210; NUP210
Nucleoporin 214	Nucleoporin-214; NUP-214; NUP214
Nucleoporin 35	Nucleoporin-35; NUP-35; NUP35
Nucleoporin 37	Nucleoporin-37; NUP-37; NUP37
Nucleoporin 42	Nucleoporin-42; NUP-42; NUP42
Nucleoporin 43	Nucleoporin-43; NUP-43; NUP43
Nucleoporin 50	Nucleoporin-50; NUP-50; NUP50
Nucleoporin 54	Nucleoporin-54; NUP-54; NUP54
Nucleoporin 58	Nucleoporin-58; NUP-58; NUP58
Nucleoporin 62	Nucleoporin-62; NUP-62; NUP62
Nucleoporin 62 C-terminal like	NUP62CL
Nucleoporin 85	Nucleoporin-85; NUP-85; NUP85
Nucleoporin 88	Nucleoporin-88; NUP-88; NUP88
Nucleoporin 93	Nucleoporin-93; NUP-93; NUP93
Nucleoporin 98 and 96 precursor	NUP-98; NUP98
Nucleoredoxin	NXN
Nucleoredoxin like 1	Nucleoredoxin like-1; NXNL-1; NXNL1
Nucleoside-triphosphatase, cancer-related	NTPCR
Nucleosome assembly protein 1 like 1	NAP1L1
Nucleosome assembly protein 1 like 2	NAP1L2
Nucleosome assembly protein 1 like 3	NAP1L3
Nucleosome assembly protein 1 like 4	NAP1L4
Nucleosome assembly protein 1 like 5	NAP1L5
Nucleotide binding oligomerization domain containing 1	NOD-1; NOD1
Nucleotide binding oligomerization domain containing 2	NOD-2; NOD2
Nucleus accumbens associated 1	NACC-1; NACC1
NudC domain containing 1	NUDCD-1; NUDCD1
NudC domain containing 2	NUDCD-2; NUDCD2
NudC domain containing 3	NUDCD-3; NUDCD3
NudE neurodevelopment protein 1	NDE-1; NDE1
NudE neurodevelopment protein 1 like 1	NDEL-1; NDEL1
Nudix hydrolase 1	Nudix hydrolase-1; NUDT-1; NUDT1
Nudix hydrolase 10	Nudix hydrolase-10; NUDT-10; NUDT10
Nudix hydrolase 11	Nudix hydrolase-11; NUDT-11; NUDT11
Nudix hydrolase 12	Nudix hydrolase-12; NUDT-12; NUDT12
Nudix hydrolase 14	Nudix hydrolase-14; NUDT-14; NUDT14
Nudix hydrolase 15	Nudix hydrolase-15; NUDT-15; NUDT15
Nudix hydrolase 16	Nudix hydrolase-16; NUDT-16; NUDT16
Nudix hydrolase 16 like 1	NUDT16L1
Nudix hydrolase 17	Nudix hydrolase-17; NUDT-17; NUDT17
Nudix hydrolase 18	Nudix hydrolase-18; NUDT-18; NUDT18
Nudix hydrolase 19	Nudix hydrolase-19; NUDT-19; NUDT19
Nudix hydrolase 2	Nudix hydrolase-2; NUDT-2; NUDT2
Nudix hydrolase 21	Nudix hydrolase-21; NUDT-21; NUDT21
Nudix hydrolase 22	Nudix hydrolase-22; NUDT-22; NUDT22
Nudix hydrolase 3	Nudix hydrolase-3; NUDT-3; NUDT3
Nudix hydrolase 4	Nudix hydrolase-4; NUDT-4; NUDT4
Nudix hydrolase 5	Nudix hydrolase-5; NUDT-5; NUDT5
Nudix hydrolase 6	Nudix hydrolase-6; NUDT-6; NUDT6
Nudix hydrolase 7	Nudix hydrolase-7; NUDT-7; NUDT7
Nudix hydrolase 8	Nudix hydrolase-8; NUDT-8; NUDT8
Nudix hydrolase 9	Nudix hydrolase-9; NUDT-9; NUDT9
NUF2 component of NDC80 kinetochore complex	NUF-2; NUF2
NUMB endocytic adaptor protein	NUMB
NUMB like endocytic adaptor protein	NUMBL
Nurim	NRM
NUS1 dehydrodolichyl diphosphate synthase subunit	NUS-1; NUS1
NUT midline carcinoma family member 1	NUTM-1; NUTM1
Nyctalopin	NYX
O-6-methylguanine-DNA methyltransferase	MGMT
O-acyl-ADP-ribose deacylase 1	O-acyl-ADP-ribose deacylase-1; OARD-1; OARD1
O-GlcNAcase	OGA
O-linked N-acetylglucosamine (GlcNAc) transferase	OGT
O-sialoglycoprotein endopeptidase	OSGEP
O-sialoglycoprotein endopeptidase like 1	OSGEPL-1; OSGEPL1
Obg like ATPase 1	OLA-1; OLA1
Obscurin like cytoskeletal adaptor 1	OBSL-1; OBSL1
Obscurin, cytoskeletal calmodulin and titin-interacting RhoGEF	OBSCN
OCA2 melanosomal transmembrane protein	OCA-2; OCA2
Occludin	OCLN
OCIA domain containing 1	OCIAD-1; OCIAD1
OCIA domain containing 2	OCIAD-2; OCIAD2
OCRL inositol polyphosphate-5-phosphatase	OCRL
Odd-skipped related transciption factor 2	OSR-2; OSR2
Odontogenesis associated phosphoprotein	ODAPH
Odontogenic, ameloblast associated	ODAM
Odorant binding protein 2A	OBP2A
Odr-4 GPCR localization factor homolog	ODR-4; ODR4
OFD1 centriole and centriolar satellite protein	OFD-1; OFD1
Oleoyl-ACP hydrolase	OLAH
Olfactomedin 1	Olfactomedin-1; OLFM-1; OLFM1
Olfactomedin 2	Olfactomedin-2; OLFM-2; OLFM2
Olfactomedin 3	Olfactomedin-3; OLFM-3; OLFM3
Olfactomedin 4	Olfactomedin-4; OLFM-4; OLFM4
Olfactomedin like 1	Olfactomedin like-1; OLFML-1; OLFML1
Olfactory receptor family 1 subfamily D member 2	OR1D2
Olfactory receptor family 1 subfamily L member 3	OR1L3
Olfactory receptor family 10 subfamily AG member 1	OR10AG1
Olfactory receptor family 10 subfamily G member 4	OR10G4
Olfactory receptor family 10 subfamily J member 5	OR10J5
Olfactory receptor family 14 subfamily I member 1	OR14I1
Olfactory receptor family 2 subfamily AG member 1	OR2AG1
Olfactory receptor family 2 subfamily AT member 4	OR2AT4
Olfactory receptor family 2 subfamily G member 6	OR2G6
Olfactory receptor family 2 subfamily J member 3	OR2J3
Olfactory receptor family 4 subfamily F member 16	OR4F16
Olfactory receptor family 4 subfamily F member 29	OR4F29
Olfactory receptor family 4 subfamily F member 3	OR4F3
Olfactory receptor family 5 subfamily AS member 1	OR5AS1
Olfactory receptor family 5 subfamily H member 1	OR5H1
Olfactory receptor family 5 subfamily K member 2	OR5K2
Olfactory receptor family 51 subfamily B member 2	OR51B2
Olfactory receptor family 51 subfamily E member 1	OR51E1
Olfactory receptor family 51 subfamily E member 2	OR51E2
Olfactory receptor family 52 subfamily L member 1	OR52L1
Olfactory receptor family 6 subfamily B member 1	OR6B1
Olfactory receptor family 6 subfamily C member 1	OR6C1
Olfactory receptor family 7 subfamily A member 17	OR7A17
Olfactory receptor family 7 subfamily C member 2	OR7C2
Olfactory receptor family 7 subfamily D member 2	OR7D2
Olfactory receptor family 7 subfamily D member 4	OR7D4
Oligodendrocyte myelin glycoprotein	OMG
Oligodendrocyte transcription factor 1	OLIG-1; OLIG1
Oligodendrocyte transcription factor 2	OLIG-2; OLIG2
Oligodendrocyte transcription factor 3	OLIG-3; OLIG3
Oligophrenin 1	Oligophrenin-1; OPHN-1; OPHN1
Oligosaccharyltransferase complex non-catalytic subunit	OSTC
Oligosaccharyltransferase complex subunit 4, non-catalytic	OST-4; OST4
OMA1 zinc metallopeptidase	OMA-1; OMA1
Oncomodulin	OCM
Oncoprotein induced transcript 3	OIT-3; OIT3
Oncostatin M	OSM
Oncostatin M receptor	OSMR
One cut homeobox 3	ONECUT-3; ONECUT3
Oocyte expressed protein	OOEP
Oocyte secreted protein 2	OOSP-2; OOSP2
Opa interacting protein 5	OIP-5; OIP5
OPA1 mitochondrial dynamin like GTPase	OPA-1; OPA1
Opioid binding protein/cell adhesion molecule like	OPCML
Opioid growth factor receptor	OGFR
Opioid receptor delta 1	OPRD-1; OPRD1
Opioid receptor kappa 1	OPRK-1; OPRK1
Opioid receptor mu 1	OPRM-1; OPRM1
Opioid related nociceptin receptor 1	OPRL-1; OPRL1
Opiorphin prepropeptide	OPRPN
Opsin 1, long wave sensitive	OPN1LW
Opsin 1, medium wave sensitive	OPN1MW
Opsin 1, short wave sensitive	OPN1SW
Opsin 3	OPN-3; OPN3; Opsin-3
Opsin 4	OPN-4; OPN4; Opsin-4
Opsin 5	OPN-5; OPN5; Opsin-5
Opticin	OPTC
Optineurin	OPTN
ORAI calcium release-activated calcium modulator 1	ORAI-1; ORAI1
ORAI calcium release-activated calcium modulator 2	ORAI-2; ORAI2
ORAI calcium release-activated calcium modulator 3	ORAI-3; ORAI3
ORC ubiquitin ligase 1	OBI-1; OBI1
Organic solute carrier partner 1	OSCP-1; OSCP1
Origin recognition complex subunit 1	ORC-1; ORC1
Origin recognition complex subunit 2	ORC-2; ORC2
Origin recognition complex subunit 3	ORC-3; ORC3
Origin recognition complex subunit 4	ORC-4; ORC4
Origin recognition complex subunit 5	ORC-5; ORC5
Origin recognition complex subunit 6	ORC-6; ORC6
ORMDL sphingolipid biosynthesis regulator 1	ORMDL-1; ORMDL1
ORMDL sphingolipid biosynthesis regulator 2	ORMDL-2; ORMDL2
ORMDL sphingolipid biosynthesis regulator 3	ORMDL-3; ORMDL3
Ornithine aminotransferase	OAT
Ornithine decarboxylase 1	ODC-1; ODC1; Ornithine decarboxylase-1
Ornithine decarboxylase antizyme 1	OAZ-1; OAZ1
Ornithine decarboxylase antizyme 2	OAZ-2; OAZ2
Ornithine decarboxylase antizyme 3	OAZ-3; OAZ3
Ornithine transcarbamylase	OTC
Orosomucoid 1	ORM-1; ORM1; Orosomucoid-1
Orosomucoid 2	ORM-2; ORM2; Orosomucoid-2
Orthodenticle homeobox 1	Orthodenticle homeobox-1; OTX-1; OTX1
Orthodenticle homeobox 2	Orthodenticle homeobox-2; OTX-2; OTX2
Orthopedia homeobox	OTP
OS9 endoplasmic reticulum lectin	OS-9; OS9
Osteoclast associated Ig-like receptor	OSCAR
Osteoclast stimulating factor 1	OSTF-1; OSTF1
Osteoclastogenesis associated transmembrane protein 1	OSTM-1; OSTM1
Osteocrin	OSTN
Osteoglycin	OGN
Osteomodulin	OMD
Otoancorin	OTOA
Otoferlin	OTOF
Otogelin	OTOG
Otogelin like	OTOGL
Otopetrin 2	OTOP-2; OTOP2; Otopetrin-2
Otoraplin	OTOR
Otospiralin	OTOS
OTU deubiquitinase 1	OTU deubiquitinase-1; OTUD-1; OTUD1
OTU deubiquitinase 3	OTU deubiquitinase-3; OTUD-3; OTUD3
OTU deubiquitinase 4	OTU deubiquitinase-4; OTUD-4; OTUD4
OTU deubiquitinase 5	OTU deubiquitinase-5; OTUD-5; OTUD5
OTU deubiquitinase 6A	OTUD6A
OTU deubiquitinase 6B	OTUD6B
OTU deubiquitinase 7A	OTUD7A
OTU deubiquitinase 7B	OTUD7B
OTU deubiquitinase with linear linkage specificity	OTULIN
OTU deubiquitinase with linear linkage specificity like	OTULINL
OTU deubiquitinase, ubiquitin aldehyde binding 1	OTUB-1; OTUB1
OTU deubiquitinase, ubiquitin aldehyde binding 2	OTUB-2; OTUB2
Outer dense fiber of sperm tails 1	ODF-1; ODF1
Outer dense fiber of sperm tails 2	ODF-2; ODF2
Outer dense fiber of sperm tails 3	ODF-3; ODF3
Outer dense fiber of sperm tails 3 like 1	ODF3L1
Outer dense fiber of sperm tails 3 like 2	ODF3L2
Outer dense fiber of sperm tails 3B	ODF3B
Outer dense fiber of sperm tails 4	ODF-4; ODF4
Outer dynein arm docking complex subunit 1	ODAD-1; ODAD1
Outer dynein arm docking complex subunit 2	ODAD-2; ODAD2
Outer dynein arm docking complex subunit 3	ODAD-3; ODAD3
Outer dynein arm docking complex subunit 4	ODAD-4; ODAD4
Outer mitochondrial membrane lipid metabolism regulator OPA3	OPA-3; OPA3
OVCA2 serine hydrolase domain containing	OVCA-2; OVCA2
Ovo like transcriptional repressor 1	OVOL-1; OVOL1
Ovo like zinc finger 2	OVOL-2; OVOL2
OXA1L mitochondrial inner membrane protein	OXA1L
Oxidation resistance 1	Oxidation resistance-1; OXR-1; OXR1
Oxidative stress induced growth inhibitor 1	OSGIN-1; OSGIN1
Oxidative stress responsive kinase 1	OXSR-1; OXSR1
Oxidative stress responsive serine rich 1	OSER-1; OSER1
Oxidized low density lipoprotein receptor 1	OLR-1; OLR1
Oxidoreductase NAD binding domain containing 1	OXNAD-1; OXNAD1
Oxoeicosanoid receptor 1	OXER-1; OXER1; Oxoeicosanoid receptor-1
Oxoglutarate dehydrogenase	OGDH
Oxoglutarate dehydrogenase L	OGDHL
Oxysterol binding protein	OSBP
Oxysterol binding protein 2	OSBP-2; OSBP2
Oxysterol binding protein like 10	OSBPL-10; OSBPL10
Oxysterol binding protein like 11	OSBPL-11; OSBPL11
Oxysterol binding protein like 1A	OSBPL1A
Oxysterol binding protein like 2	OSBPL-2; OSBPL2
Oxysterol binding protein like 3	OSBPL-3; OSBPL3
Oxysterol binding protein like 5	OSBPL-5; OSBPL5
Oxysterol binding protein like 6	OSBPL-6; OSBPL6
Oxysterol binding protein like 7	OSBPL-7; OSBPL7
Oxysterol binding protein like 8	OSBPL-8; OSBPL8
Oxysterol binding protein like 9	OSBPL-9; OSBPL9
Oxytocin receptor	OXTR
Oxytocin/neurophysin I prepropeptide	OXT
P21 (RAC1) activated kinase 1	PAK-1; PAK1
P21 (RAC1) activated kinase 2	PAK-2; PAK2
P21 (RAC1) activated kinase 3	PAK-3; PAK3
P21 (RAC1) activated kinase 4	PAK-4; PAK4
P21 (RAC1) activated kinase 5	PAK-5; PAK5
P21 (RAC1) activated kinase 6	PAK-6; PAK6
P2Y receptor family member 8	P2RY8
P53 and DNA damage regulated 1	PDRG-1; PDRG1
P53 apoptosis effector related to PMP22	PERP
P53-induced death domain protein 1	PIDD-1; PIDD1
PABIR family member 2	PABIR-2; PABIR2
PABIR family member 3	PABIR-3; PABIR3
PAF1 homolog, Paf1/RNA polymerase II complex component	PAF-1; PAF1
PAGE family member 1	PAGE-1; PAGE1
PAGE family member 2	PAGE-2; PAGE2
PAGE family member 3	PAGE-3; PAGE3
PAGE family member 4	PAGE-4; PAGE4
PAGE family member 5	PAGE-5; PAGE5
Paired box 1	Paired box-1; PAX-1; PAX1
Paired box 2	Paired box-2; PAX-2; PAX2
Paired box 3	Paired box-3; PAX-3; PAX3
Paired box 4	Paired box-4; PAX-4; PAX4
Paired box 5	Paired box-5; PAX-5; PAX5
Paired box 6	Paired box-6; PAX-6; PAX6
Paired box 7	Paired box-7; PAX-7; PAX7
Paired box 8	Paired box-8; PAX-8; PAX8
Paired box 9	Paired box-9; PAX-9; PAX9
Paired immunoglobin like type 2 receptor alpha	PILRA
Paired immunoglobin like type 2 receptor beta	PILRB
Paired like homeobox 2A	PHOX2A
Paired like homeobox 2B	PHOX2B
Paired like homeodomain 1	PITX-1; PITX1
Paired like homeodomain 2	PITX-2; PITX2
Paired like homeodomain 3	PITX-3; PITX3
Paired related homeobox 1	PRRX-1; PRRX1
PAK1 interacting protein 1	PAK1IP1
Palladin, cytoskeletal associated protein	PALLD
PALM2 and AKAP2 fusion	PALM2AKAP2
Palmdelphin	PALMD
Palmitoyl-protein thioesterase 1	Palmitoyl-protein thioesterase-1; PPT-1; PPT1
Palmitoyl-protein thioesterase 2	Palmitoyl-protein thioesterase-2; PPT-2; PPT2
Pancreas associated transcription factor 1a	PTF1A
Pancreatic and duodenal homeobox 1	PDX-1; PDX1
Pancreatic lipase	PNLIP
Pancreatic lipase related protein 1	PNLIPRP-1; PNLIPRP1
Pancreatic polypeptide	PPY
Pancreatic progenitor cell differentiation and proliferation factor	PPDPF
Pannexin 1	Pannexin-1; PANX-1; PANX1
Pantothenate kinase 1	PANK-1; PANK1; Pantothenate kinase-1
Pantothenate kinase 2	PANK-2; PANK2; Pantothenate kinase-2
Pantothenate kinase 3	PANK-3; PANK3; Pantothenate kinase-3
Pantothenate kinase 4 (inactive)	PANK-4; PANK4
Pappalysin 1	PAPPA; Pappalysin-1
Pappalysin 2	PAPPA-2; PAPPA2; Pappalysin-2
Par-3 family cell polarity regulator	PARD-3; PARD3
Par-3 family cell polarity regulator beta	PARD3B
Par-6 family cell polarity regulator alpha	PARD6A
Par-6 family cell polarity regulator beta	PARD6B
Par-6 family cell polarity regulator gamma	PARD6G
Paralemmin	PALM
Paralemmin 3	PALM-3; PALM3; Paralemmin-3
Paraoxonase 1	Paraoxonase-1; PON-1; PON1
Paraoxonase 2	Paraoxonase-2; PON-2; PON2
Paraoxonase 3	Paraoxonase-3; PON-3; PON3
Paraspeckle component 1	Paraspeckle component-1; PSPC-1; PSPC1
Parathymosin	PTMS
Parathyroid hormone	PTH
Parathyroid hormone 1 receptor	PTH1R
Parathyroid hormone 2	Parathyroid hormone-2; PTH-2; PTH2
Parathyroid hormone 2 receptor	PTH2R
Parathyroid hormone like hormone	PTHLH
Parkin coregulated	PACRG
Parkin coregulated like	PACRGL
Parkin RBR E3 ubiquitin protein ligase	PRKN
Parkinsonism associated deglycase	PARK-7; PARK7
PARN like ribonuclease domain containing exonuclease 1	PNLDC-1; PNLDC1
PARP1 binding protein	PARPBP
Partner and localizer of BRCA2	PALB-2; PALB2
Partner of NOB1 homolog	PNO-1; PNO1
Parvalbumin	PVALB
Parvin alpha	PARVA
Parvin beta	PARVB
Parvin gamma	PARVG
PAS domain containing repressor 1	PASD-1; PASD1
PAS domain containing serine/threonine kinase	PASK
PAT1 homolog 1, processing body mRNA decay factor	PATL-1; PATL1
PAT1 homolog 2	PAT1 homolog-2; PATL-2; PATL2
Patatin like phospholipase domain containing 1	PNPLA-1; PNPLA1
Patatin like phospholipase domain containing 2	PNPLA-2; PNPLA2
Patatin like phospholipase domain containing 3	PNPLA-3; PNPLA3
Patatin like phospholipase domain containing 4	PNPLA-4; PNPLA4
Patatin like phospholipase domain containing 5	PNPLA-5; PNPLA5
Patatin like phospholipase domain containing 6	PNPLA-6; PNPLA6
Patatin like phospholipase domain containing 7	PNPLA-7; PNPLA7
Patatin like phospholipase domain containing 8	PNPLA-8; PNPLA8
Patched 1	Patched-1; PTCH-1; PTCH1
Patched 2	Patched-2; PTCH-2; PTCH2
Paternally expressed 10	Paternally expressed-10; PEG-10; PEG10
Paternally expressed 3	Paternally expressed-3; PEG-3; PEG3
PATJ crumbs cell polarity complex component	PATJ
PAX interacting protein 1	PAXIP-1; PAXIP1
PAX3 and PAX7 binding protein 1	PAXBP-1; PAXBP1
Paxillin	PXN
PAXIP1 associated glutamate rich protein 1	PAGR-1; PAGR1
PAXX non-homologous end joining factor	PAXX
PBX homeobox 1	PBX homeobox-1; PBX-1; PBX1
PBX homeobox 2	PBX homeobox-2; PBX-2; PBX2
PBX homeobox 3	PBX homeobox-3; PBX-3; PBX3
PBX homeobox 4	PBX homeobox-4; PBX-4; PBX4
PBX homeobox interacting protein 1	PBXIP-1; PBXIP1
PBX/knotted 1 homeobox 1	PKNOX-1; PKNOX1
PBX/knotted 1 homeobox 2	PKNOX-2; PKNOX2
PC-esterase domain containing 1A	PCED1A
PC-esterase domain containing 1B	PCED1B
PC4 and SFRS1 interacting protein 1	PSIP-1; PSIP1
PCF11 cleavage and polyadenylation factor subunit	PCF-11; PCF11
PCI domain containing 2	PCID-2; PCID2
PCNA clamp associated factor	PCLAF
PDGFA associated protein 1	PDAP-1; PDAP1
PDLIM1 interacting kinase 1 like	PDIK1L
PDS5 cohesin associated factor A	PDS5A
PDS5 cohesin associated factor B	PDS5B
PDZ and LIM domain 1	PDLIM-1; PDLIM1
PDZ and LIM domain 2	PDLIM-2; PDLIM2
PDZ and LIM domain 3	PDLIM-3; PDLIM3
PDZ and LIM domain 4	PDLIM-4; PDLIM4
PDZ and LIM domain 5	PDLIM-5; PDLIM5
PDZ and LIM domain 7	PDLIM-7; PDLIM7
PDZ binding kinase	PBK
PDZ domain containing 1	PDZK-1; PDZK1
PDZ domain containing 11	PDZD-11; PDZD11
PDZ domain containing 2	PDZD-2; PDZD2
PDZ domain containing 3	PDZD-3; PDZD3
PDZ domain containing 4	PDZD-4; PDZD4
PDZ domain containing 7	PDZD-7; PDZD7
PDZ domain containing 8	PDZD-8; PDZD8
PDZ domain containing ring finger 3	PDZRN-3; PDZRN3
PDZ domain containing ring finger 4	PDZRN-4; PDZRN4
PDZK1 interacting protein 1	PDZK1IP1
PEAK family member 3	PEAK-3; PEAK3
PEAK1 related, kinase-activating pseudokinase 1	PRAG-1; PRAG1
Pecanex 1	PCNX-1; PCNX1; Pecanex-1
Pecanex 2	PCNX-2; PCNX2; Pecanex-2
Pecanex 3	PCNX-3; PCNX3; Pecanex-3
Pecanex 4	PCNX-4; PCNX4; Pecanex-4
Pejvakin	PJVK
Pellino E3 ubiquitin protein ligase 1	PELI-1; PELI1
Pellino E3 ubiquitin protein ligase family member 2	PELI-2; PELI2
Pellino E3 ubiquitin protein ligase family member 3	PELI-3; PELI3
Pelota mRNA surveillance and ribosome rescue factor	PELO
Penta-EF-hand domain containing 1	PEF-1; PEF1
Pentatricopeptide repeat domain 1	PTCD-1; PTCD1
Pentatricopeptide repeat domain 2	PTCD-2; PTCD2
Pentatricopeptide repeat domain 3	PTCD-3; PTCD3
Pentraxin 3	Pentraxin-3; PTX-3; PTX3
Pepsinogen A3	PGA-3; PGA3
Pepsinogen A4	PGA-4; PGA4
Pepsinogen A5	PGA-5; PGA5
Peptidase D	PEPD
Peptidase domain containing associated with muscle regeneration 1	PAMR-1; PAMR1
Peptidase inhibitor 15	Peptidase inhibitor-15; PI-15; PI15
Peptidase inhibitor 16	Peptidase inhibitor-16; PI-16; PI16
Peptidase inhibitor 3	Peptidase inhibitor-3; PI-3; PI3
Peptidase M20 domain containing 1	PM20D1
Peptidase M20 domain containing 2	PM20D2
Peptidase, mitochondrial processing subunit alpha	PMPCA
Peptidase, mitochondrial processing subunit beta	PMPCB
Peptide deformylase, mitochondrial	PDF
Peptide YY	PYY
Peptidoglycan recognition protein 1	PGLYRP-1; PGLYRP1
Peptidoglycan recognition protein 2	PGLYRP-2; PGLYRP2
Peptidoglycan recognition protein 3	PGLYRP-3; PGLYRP3
Peptidoglycan recognition protein 4	PGLYRP-4; PGLYRP4
Peptidyl arginine deiminase 1	PADI-1; PADI1
Peptidyl arginine deiminase 2	PADI-2; PADI2
Peptidyl arginine deiminase 3	PADI-3; PADI3
Peptidyl arginine deiminase 4	PADI-4; PADI4
Peptidyl arginine deiminase 6	PADI-6; PADI6
Peptidyl-tRNA hydrolase 1 homolog	PTRH-1; PTRH1
Peptidyl-tRNA hydrolase 2	Peptidyl-tRNA hydrolase-2; PTRH-2; PTRH2
Peptidyl-tRNA hydrolase domain containing 1	PTRHD-1; PTRHD1
Peptidylglycine alpha-amidating monooxygenase	PAM
Peptidylprolyl cis/trans isomerase, NIMA-interacting 1	PIN-1; PIN1
Peptidylprolyl cis/trans isomerase, NIMA-interacting 4	PIN-4; PIN4
Peptidylprolyl isomerase A	PPIA
Peptidylprolyl isomerase B	PPIB
Peptidylprolyl isomerase C	PPIC
Peptidylprolyl isomerase D	PPID
Peptidylprolyl isomerase domain and WD repeat containing 1	PPWD-1; PPWD1
Peptidylprolyl isomerase E	PPIE
Peptidylprolyl isomerase F	PPIF
Peptidylprolyl isomerase G	PPIG
Peptidylprolyl isomerase H	PPIH
Peptidylprolyl isomerase like 1	PPIL-1; PPIL1
Peptidylprolyl isomerase like 2	PPIL-2; PPIL2
Peptidylprolyl isomerase like 3	PPIL-3; PPIL3
Peptidylprolyl isomerase like 4	PPIL-4; PPIL4
Peptidylprolyl isomerase like 6	PPIL-6; PPIL6
Perforin 1	Perforin-1; PRF-1; PRF1
Periaxin	PRX
Pericentrin	PCNT
Pericentriolar material 1	PCM-1; PCM1; Pericentriolar material-1
Perilipin 1	Perilipin-1; PLIN-1; PLIN1
Perilipin 2	Perilipin-2; PLIN-2; PLIN2
Perilipin 3	Perilipin-3; PLIN-3; PLIN3
Perilipin 4	Perilipin-4; PLIN-4; PLIN4
Perilipin 5	Perilipin-5; PLIN-5; PLIN5
Period circadian regulator 1	PER-1; PER1
Period circadian regulator 2	PER-2; PER2
Period circadian regulator 3	PER-3; PER3
Periostin	POSTN
Peripheral myelin protein 2	PMP-2; PMP2
Peripheral myelin protein 22	PMP-22; PMP22
Peripherin	PRPH
Peripherin 2	Peripherin-2; PRPH-2; PRPH2
Periphilin 1	Periphilin-1; PPHLN-1; PPHLN1
Periplakin	PPL
Peroxidasin	PXDN
Peroxidasin like	PXDNL
Peroxiredoxin 1	Peroxiredoxin-1; PRDX-1; PRDX1
Peroxiredoxin 2	Peroxiredoxin-2; PRDX-2; PRDX2
Peroxiredoxin 3	Peroxiredoxin-3; PRDX-3; PRDX3
Peroxiredoxin 4	Peroxiredoxin-4; PRDX-4; PRDX4
Peroxiredoxin 5	Peroxiredoxin-5; PRDX-5; PRDX5
Peroxiredoxin 6	Peroxiredoxin-6; PRDX-6; PRDX6
Peroxiredoxin like 2A	PRXL2A
Peroxiredoxin like 2B	PRXL2B
Peroxisomal biogenesis factor 1	PEX-1; PEX1
Peroxisomal biogenesis factor 10	PEX-10; PEX10
Peroxisomal biogenesis factor 11 alpha	PEX11A
Peroxisomal biogenesis factor 11 beta	PEX11B
Peroxisomal biogenesis factor 11 gamma	PEX11G
Peroxisomal biogenesis factor 12	PEX-12; PEX12
Peroxisomal biogenesis factor 13	PEX-13; PEX13
Peroxisomal biogenesis factor 14	PEX-14; PEX14
Peroxisomal biogenesis factor 16	PEX-16; PEX16
Peroxisomal biogenesis factor 19	PEX-19; PEX19
Peroxisomal biogenesis factor 2	PEX-2; PEX2
Peroxisomal biogenesis factor 26	PEX-26; PEX26
Peroxisomal biogenesis factor 3	PEX-3; PEX3
Peroxisomal biogenesis factor 5	PEX-5; PEX5
Peroxisomal biogenesis factor 5 like	PEX5L
Peroxisomal biogenesis factor 6	PEX-6; PEX6
Peroxisomal biogenesis factor 7	PEX-7; PEX7
Peroxisomal membrane protein 2	PXMP-2; PXMP2
Peroxisomal membrane protein 4	PXMP-4; PXMP4
Peroxisomal testis enriched protein 1	PXT-1; PXT1
Peroxisomal trans-2-enoyl-CoA reductase	PECR
Peroxisome proliferator activated receptor alpha	PPARA
Peroxisome proliferator activated receptor delta	PPARD
Peroxisome proliferator activated receptor gamma	PPARG
Pescadillo ribosomal biogenesis factor 1	PES-1; PES1
PEST proteolytic signal containing nuclear protein	PCNP
PET100 cytochrome c oxidase chaperone	PET-100; PET100
PET117 cytochrome c oxidase chaperone	PET-117; PET117
PGAM family member 5, mitochondrial serine/threonine protein phosphatase	PGAM-5; PGAM5
PH domain and leucine rich repeat protein phosphatase 1	PHLPP-1; PHLPP1
PH domain and leucine rich repeat protein phosphatase 2	PHLPP-2; PHLPP2
PH domain containing endocytic trafficking adaptor 1	PHETA-1; PHETA1
PH domain containing endocytic trafficking adaptor 2	PHETA-2; PHETA2
Phagosome assembly factor 1	PHAF-1; PHAF1
PHD and ring finger domains 1	PHRF-1; PHRF1
PHD finger protein 1	PHF-1; PHF1
PHD finger protein 10	PHF-10; PHF10
PHD finger protein 11	PHF-11; PHF11
PHD finger protein 12	PHF-12; PHF12
PHD finger protein 13	PHF-13; PHF13
PHD finger protein 14	PHF-14; PHF14
PHD finger protein 19	PHF-19; PHF19
PHD finger protein 2	PHF-2; PHF2
PHD finger protein 20	PHF-20; PHF20
PHD finger protein 20 like 1	PHF20L1
PHD finger protein 21A	PHF21A
PHD finger protein 21B	PHF21B
PHD finger protein 23	PHF-23; PHF23
PHD finger protein 24	PHF-24; PHF24
PHD finger protein 3	PHF-3; PHF3
PHD finger protein 5A	PHF5A
PHD finger protein 6	PHF-6; PHF6
PHD finger protein 7	PHF-7; PHF7
PHD finger protein 8	PHF-8; PHF8
Phenazine biosynthesis like protein domain containing	PBLD
Phenylalanine hydroxylase	PAH
Phenylalanyl-tRNA synthetase 2, mitochondrial	FARS-2; FARS2
Phenylalanyl-tRNA synthetase subunit alpha	FARSA
Phenylalanyl-tRNA synthetase subunit beta	FARSB
Phenylethanolamine N-methyltransferase	PNMT
Phorbol-12-myristate-13-acetate-induced protein 1	Phorbol-12-myristate-13-acetate-induced protein-1; PMAIP-1; PMAIP1
Phosducin	PDC
Phosducin like	PDCL
Phosducin like 2	PDCL-2; PDCL2; Phosducin like-2
Phosducin like 3	PDCL-3; PDCL3; Phosducin like-3
Phosphatase and actin regulator 1	PHACTR-1; PHACTR1
Phosphatase and actin regulator 2	PHACTR-2; PHACTR2
Phosphatase and actin regulator 3	PHACTR-3; PHACTR3
Phosphatase and actin regulator 4	PHACTR-4; PHACTR4
Phosphatase and tensin homolog	PTEN
Phosphatase domain containing paladin 1	PALD-1; PALD1
Phosphatase, orphan 2	Phosphatase, orphan-2; PHOSPHO-2; PHOSPHO2
Phosphate cytidylyltransferase 1A, choline	PCYT1A
Phosphate cytidylyltransferase 1B, choline	PCYT1B
Phosphate cytidylyltransferase 2, ethanolamine	PCYT-2; PCYT2
Phosphate regulating endopeptidase X-linked	PHEX
Phosphatidylcholine transfer protein	PCTP
Phosphatidylethanolamine binding protein 1	PEBP-1; PEBP1
Phosphatidylethanolamine binding protein 4	PEBP-4; PEBP4
Phosphatidylethanolamine N-methyltransferase	PEMT
Phosphatidylinositol 3-kinase catalytic subunit type 3	PIK3C3
Phosphatidylinositol 4-kinase alpha	PI4KA
Phosphatidylinositol 4-kinase beta	PI4KB
Phosphatidylinositol 4-kinase type 2 alpha	PI4K2A
Phosphatidylinositol 4-kinase type 2 beta	PI4K2B
Phosphatidylinositol binding clathrin assembly protein	PICALM
Phosphatidylinositol glycan anchor biosynthesis class A	PIGA
Phosphatidylinositol glycan anchor biosynthesis class B	PIGB
Phosphatidylinositol glycan anchor biosynthesis class C	PIGC
Phosphatidylinositol glycan anchor biosynthesis class F	PIGF
Phosphatidylinositol glycan anchor biosynthesis class G	PIGG
Phosphatidylinositol glycan anchor biosynthesis class H	PIGH
Phosphatidylinositol glycan anchor biosynthesis class K	PIGK
Phosphatidylinositol glycan anchor biosynthesis class L	PIGL
Phosphatidylinositol glycan anchor biosynthesis class M	PIGM
Phosphatidylinositol glycan anchor biosynthesis class N	PIGN
Phosphatidylinositol glycan anchor biosynthesis class O	PIGO
Phosphatidylinositol glycan anchor biosynthesis class P	PIGP
Phosphatidylinositol glycan anchor biosynthesis class Q	PIGQ
Phosphatidylinositol glycan anchor biosynthesis class S	PIGS
Phosphatidylinositol glycan anchor biosynthesis class T	PIGT
Phosphatidylinositol glycan anchor biosynthesis class U	PIGU
Phosphatidylinositol glycan anchor biosynthesis class V	PIGV
Phosphatidylinositol glycan anchor biosynthesis class W	PIGW
Phosphatidylinositol glycan anchor biosynthesis class Y	PIGY
Phosphatidylinositol specific phospholipase C X domain containing 3	PLCXD-3; PLCXD3
Phosphatidylinositol transfer protein alpha	PITPNA
Phosphatidylinositol transfer protein beta	PITPNB
Phosphatidylinositol transfer protein cytoplasmic 1	PITPNC-1; PITPNC1
Phosphatidylinositol transfer protein membrane associated 1	PITPNM-1; PITPNM1
Phosphatidylinositol transfer protein membrane associated 2	PITPNM-2; PITPNM2
Phosphatidylinositol-3,4,5-trisphosphate dependent Rac exchange factor 1	PREX-1; PREX1
Phosphatidylinositol-3,4,5-trisphosphate dependent Rac exchange factor 2	PREX-2; PREX2
Phosphatidylinositol-4,5-bisphosphate 3-kinase catalytic subunit alpha	PIK3CA
Phosphatidylinositol-4,5-bisphosphate 3-kinase catalytic subunit beta	PIK3CB
Phosphatidylinositol-4,5-bisphosphate 3-kinase catalytic subunit delta	PIK3CD
Phosphatidylinositol-4,5-bisphosphate 3-kinase catalytic subunit gamma	PIK3CG
Phosphatidylinositol-4,5-bisphosphate 4-phosphatase 1	Phosphatidylinositol-4,5-bisphosphate 4-phosphatase-1; PIP4P1
Phosphatidylinositol-4,5-bisphosphate 4-phosphatase 2	Phosphatidylinositol-4,5-bisphosphate 4-phosphatase-2; PIP4P2
Phosphatidylinositol-4-phosphate 3-kinase catalytic subunit type 2 alpha	PIK3C2A
Phosphatidylinositol-4-phosphate 3-kinase catalytic subunit type 2 beta	PIK3C2B
Phosphatidylinositol-4-phosphate 3-kinase catalytic subunit type 2 gamma	PIK3C2G
Phosphatidylinositol-4-phosphate 5-kinase type 1 alpha	PIP5K1A
Phosphatidylinositol-4-phosphate 5-kinase type 1 beta	PIP5K1B
Phosphatidylinositol-4-phosphate 5-kinase type 1 gamma	PIP5K1C
Phosphatidylinositol-5-phosphate 4-kinase type 2 alpha	PIP4K2A
Phosphatidylinositol-5-phosphate 4-kinase type 2 beta	PIP4K2B
Phosphatidylinositol-5-phosphate 4-kinase type 2 gamma	PIP4K2C
Phosphatidylserine decarboxylase	PISD
Phosphatidylserine synthase 1	Phosphatidylserine synthase-1; PTDSS-1; PTDSS1
Phosphatidylserine synthase 2	Phosphatidylserine synthase-2; PTDSS-2; PTDSS2
Phosphodiesterase 10A	PDE10A
Phosphodiesterase 11A	PDE11A
Phosphodiesterase 12	PDE-12; PDE12; Phosphodiesterase-12
Phosphodiesterase 1A	PDE1A
Phosphodiesterase 1B	PDE1B
Phosphodiesterase 1C	PDE1C
Phosphodiesterase 2A	PDE2A
Phosphodiesterase 3A	PDE3A
Phosphodiesterase 3B	PDE3B
Phosphodiesterase 4A	PDE4A
Phosphodiesterase 4B	PDE4B
Phosphodiesterase 4C	PDE4C
Phosphodiesterase 4D	PDE4D
Phosphodiesterase 4D interacting protein	PDE4DIP
Phosphodiesterase 5A	PDE5A
Phosphodiesterase 6A	PDE6A
Phosphodiesterase 6B	PDE6B
Phosphodiesterase 6C	PDE6C
Phosphodiesterase 6D	PDE6D
Phosphodiesterase 6G	PDE6G
Phosphodiesterase 6H	PDE6H
Phosphodiesterase 7A	PDE7A
Phosphodiesterase 7B	PDE7B
Phosphodiesterase 8A	PDE8A
Phosphodiesterase 8B	PDE8B
Phosphodiesterase 9A	PDE9A
Phosphoenolpyruvate carboxykinase 1	PCK-1; PCK1; Phosphoenolpyruvate carboxykinase-1
Phosphoenolpyruvate carboxykinase 2, mitochondrial	PCK-2; PCK2
Phosphoethanolamine/phosphocholine phosphatase 1	PHOSPHO-1; PHOSPHO1; Phosphoethanolamine/phosphocholine phosphatase-1
Phosphofructokinase, liver type	PFKL
Phosphofructokinase, muscle	PFKM
Phosphofructokinase, platelet	PFKP
Phosphofurin acidic cluster sorting protein 1	PACS-1; PACS1
Phosphofurin acidic cluster sorting protein 2	PACS-2; PACS2
Phosphoglucomutase 1	PGM-1; PGM1; Phosphoglucomutase-1
Phosphoglucomutase 2	PGM-2; PGM2; Phosphoglucomutase-2
Phosphoglucomutase 2 like 1	PGM2L1
Phosphoglucomutase 3	PGM-3; PGM3; Phosphoglucomutase-3
Phosphoglucomutase 5	PGM-5; PGM5; Phosphoglucomutase-5
Phosphogluconate dehydrogenase	PGD
Phosphoglycerate dehydrogenase	PHGDH
Phosphoglycerate kinase 1	PGK-1; PGK1; Phosphoglycerate kinase-1
Phosphoglycerate kinase 2	PGK-2; PGK2; Phosphoglycerate kinase-2
Phosphoglycerate mutase 1	PGAM-1; PGAM1; Phosphoglycerate mutase-1
Phosphoglycerate mutase 2	PGAM-2; PGAM2; Phosphoglycerate mutase-2
Phosphoglycolate phosphatase	PGP
Phosphohistidine phosphatase 1	Phosphohistidine phosphatase-1; PHPT-1; PHPT1
Phosphoinositide kinase, FYVE-type zinc finger containing	PIKFYVE
Phosphoinositide-3-kinase adaptor protein 1	PIK3AP1
Phosphoinositide-3-kinase interacting protein 1	PIK3IP1
Phosphoinositide-3-kinase regulatory subunit 1	PIK3R1
Phosphoinositide-3-kinase regulatory subunit 2	PIK3R2
Phosphoinositide-3-kinase regulatory subunit 3	PIK3R3
Phosphoinositide-3-kinase regulatory subunit 4	PIK3R4
Phosphoinositide-3-kinase regulatory subunit 5	PIK3R5
Phosphoinositide-3-kinase regulatory subunit 6	PIK3R6
Phospholamban	PLN
Phospholipase A and acyltransferase 1	PLAAT-1; PLAAT1
Phospholipase A and acyltransferase 2	PLAAT-2; PLAAT2
Phospholipase A and acyltransferase 3	PLAAT-3; PLAAT3
Phospholipase A and acyltransferase 4	PLAAT-4; PLAAT4
Phospholipase A and acyltransferase 5	PLAAT-5; PLAAT5
Phospholipase A1 member A	PLA1A
Phospholipase A2 activating protein	PLAA
Phospholipase A2 group IB	PLA2G1B
Phospholipase A2 group IIA	PLA2G2A
Phospholipase A2 group IID	PLA2G2D
Phospholipase A2 group IIE	PLA2G2E
Phospholipase A2 group IIF	PLA2G2F
Phospholipase A2 group III	PLA2G3
Phospholipase A2 group IVA	PLA2G4A
Phospholipase A2 group IVB	PLA2G4B
Phospholipase A2 group IVC	PLA2G4C
Phospholipase A2 group IVD	PLA2G4D
Phospholipase A2 group IVE	PLA2G4E
Phospholipase A2 group IVF	PLA2G4F
Phospholipase A2 group V	PLA2G5
Phospholipase A2 group VI	PLA2G6
Phospholipase A2 group VII	PLA2G7
Phospholipase A2 group X	PLA2G10
Phospholipase A2 group XIIA	PLA2G12A
Phospholipase A2 group XIIB	PLA2G12B
Phospholipase A2 group XV	PLA2G15
Phospholipase A2 receptor 1	PLA2R1
Phospholipase B domain containing 1	PLBD-1; PLBD1
Phospholipase B domain containing 2	PLBD-2; PLBD2
Phospholipase B1	PLB-1; PLB1
Phospholipase C beta 1	PLCB-1; PLCB1
Phospholipase C beta 2	PLCB-2; PLCB2
Phospholipase C beta 3	PLCB-3; PLCB3
Phospholipase C beta 4	PLCB-4; PLCB4
Phospholipase C delta 1	PLCD-1; PLCD1
Phospholipase C delta 3	PLCD-3; PLCD3
Phospholipase C delta 4	PLCD-4; PLCD4
Phospholipase C epsilon 1	PLCE-1; PLCE1
Phospholipase C eta 1	PLCH-1; PLCH1
Phospholipase C eta 2	PLCH-2; PLCH2
Phospholipase C gamma 1	PLCG-1; PLCG1
Phospholipase C gamma 2	PLCG-2; PLCG2
Phospholipase C like 1 (inactive)	PLCL-1; PLCL1
Phospholipase C like 2	PLCL-2; PLCL2
Phospholipase C zeta 1	PLCZ-1; PLCZ1
Phospholipase D family member 3	PLD-3; PLD3
Phospholipase D family member 6	PLD-6; PLD6
Phospholipase D1	PLD-1; PLD1
Phospholipase D2	PLD-2; PLD2
Phospholipid phosphatase 1	Phospholipid phosphatase-1; PLPP-1; PLPP1
Phospholipid phosphatase 2	Phospholipid phosphatase-2; PLPP-2; PLPP2
Phospholipid phosphatase 3	Phospholipid phosphatase-3; PLPP-3; PLPP3
Phospholipid phosphatase 4	Phospholipid phosphatase-4; PLPP-4; PLPP4
Phospholipid phosphatase 5	Phospholipid phosphatase-5; PLPP-5; PLPP5
Phospholipid phosphatase 6	Phospholipid phosphatase-6; PLPP-6; PLPP6
Phospholipid phosphatase related 1	PLPPR-1; PLPPR1
Phospholipid phosphatase related 2	PLPPR-2; PLPPR2
Phospholipid phosphatase related 4	PLPPR-4; PLPPR4
Phospholipid scramblase 1	Phospholipid scramblase-1; PLSCR-1; PLSCR1
Phospholipid scramblase 2	Phospholipid scramblase-2; PLSCR-2; PLSCR2
Phospholipid scramblase 3	Phospholipid scramblase-3; PLSCR-3; PLSCR3
Phospholipid scramblase 4	Phospholipid scramblase-4; PLSCR-4; PLSCR4
Phospholipid transfer protein	PLTP
Phospholysine phosphohistidine inorganic pyrophosphate phosphatase	LHPP
Phosphomannomutase 1	Phosphomannomutase-1; PMM-1; PMM1
Phosphomannomutase 2	Phosphomannomutase-2; PMM-2; PMM2
Phosphomevalonate kinase	PMVK
Phosphopantothenoylcysteine decarboxylase	PPCDC
Phosphopantothenoylcysteine synthetase	PPCS
Phosphoprotein membrane anchor with glycosphingolipid microdomains 1	PAG-1; PAG1
Phosphoribosyl pyrophosphate amidotransferase	PPAT
Phosphoribosyl pyrophosphate synthetase 1	PRPS-1; PRPS1
Phosphoribosyl pyrophosphate synthetase 1 like 1	PRPS1L1
Phosphoribosyl pyrophosphate synthetase 2	PRPS-2; PRPS2
Phosphoribosyl pyrophosphate synthetase associated protein 1	PRPSAP-1; PRPSAP1
Phosphoribosyl pyrophosphate synthetase associated protein 2	PRPSAP-2; PRPSAP2
Phosphoribosyl transferase domain containing 1	PRTFDC-1; PRTFDC1
Phosphoribosylaminoimidazole carboxylase and phosphoribosylaminoimidazolesuccinocarboxamide synthase	PAICS
Phosphoribosylformylglycinamidine synthase	PFAS
Phosphoribosylglycinamide formyltransferase, phosphoribosylglycinamide synthetase, phosphoribosylaminoimidazole synthetase	GART
Phosphorylase kinase catalytic subunit gamma 2	PHKG-2; PHKG2
Phosphorylase kinase regulatory subunit alpha 1	PHKA-1; PHKA1
Phosphorylase kinase regulatory subunit alpha 2	PHKA-2; PHKA2
Phosphorylase kinase regulatory subunit beta	PHKB
Phosphorylated adaptor for RNA export	PHAX
Phosphorylated CTD interacting factor 1	PCIF-1; PCIF1
Phosphoserine aminotransferase 1	Phosphoserine aminotransferase-1; PSAT-1; PSAT1
Phosphoserine phosphatase	PSPH
Phosphoseryl-tRNA kinase	PSTK
Phosphotriesterase related	PTER
Phosphotyrosine interaction domain containing 1	PID-1; PID1
Photoreceptor cilium actin regulator	PCARE
Photoreceptor disc component	PRCD
Phytanoyl-CoA 2-hydroxylase	PHYH
Phytanoyl-CoA 2-hydroxylase interacting protein	PHYHIP
Phytanoyl-CoA 2-hydroxylase interacting protein like	PHYHIPL
Phytanoyl-CoA dioxygenase domain containing 1	PHYHD-1; PHYHD1
PICALM interacting mitotic regulator	PIMREG
Piccolo presynaptic cytomatrix protein	PCLO
Piercer of microtubule wall 1	PIERCE-1; PIERCE1
Piercer of microtubule wall 2	PIERCE-2; PIERCE2
Piezo type mechanosensitive ion channel component 1	PIEZO-1; PIEZO1
Piezo type mechanosensitive ion channel component 2	PIEZO-2; PIEZO2
PIF1 5'-to-3' DNA helicase	PIF-1; PIF1
PIGB opposite strand 1	PIGBOS-1; PIGBOS1
PiggyBac transposable element derived 1	PGBD-1; PGBD1
PiggyBac transposable element derived 5	PGBD-5; PGBD5
PIGY upstream open reading frame	PYURF
PIH1 domain containing 1	PIH1D1
PIH1 domain containing 2	PIH1D2
PILR alpha associated neural protein	PIANP
Pim-1 proto-oncogene, serine/threonine kinase	PIM-1; PIM1
Pim-2 proto-oncogene, serine/threonine kinase	PIM-2; PIM2
Pim-3 proto-oncogene, serine/threonine kinase	PIM-3; PIM3
PIN2 (TERF1) interacting telomerase inhibitor 1	PINX-1; PINX1
Pinin, desmosome associated protein	PNN
Pipecolic acid and sarcosine oxidase	PIPOX
Pirin	PIR
PITH domain containing 1	PITHD-1; PITHD1
PITPNM family member 3	PITPNM-3; PITPNM3
Pitrilysin metallopeptidase 1	Pitrilysin metallopeptidase-1; PITRM-1; PITRM1
Pituitary tumor-transforming 2	Pituitary tumor-transforming-2; PTTG-2; PTTG2
Piwi like RNA-mediated gene silencing 1	PIWIL-1; PIWIL1
Piwi like RNA-mediated gene silencing 2	PIWIL-2; PIWIL2
Piwi like RNA-mediated gene silencing 4	PIWIL-4; PIWIL4
PKHD1 ciliary IPT domain containing fibrocystin/polyductin	PKHD-1; PKHD1
Placenta associated 9	PLAC-9; PLAC9; Placenta associated-9
Placental growth factor	PGF
PLAG1 like zinc finger 1	PLAGL-1; PLAGL1
PLAG1 like zinc finger 2	PLAGL-2; PLAGL2
PLAG1 zinc finger	PLAG-1; PLAG1
Plakophilin 1	PKP-1; PKP1; Plakophilin-1
Plakophilin 2	PKP-2; PKP2; Plakophilin-2
Plakophilin 3	PKP-3; PKP3; Plakophilin-3
Plakophilin 4	PKP-4; PKP4; Plakophilin-4
Plasmalemma vesicle associated protein	PLVAP
Plasmanylethanolamine desaturase 1	PEDS-1; PEDS1; Plasmanylethanolamine desaturase-1
Plasminogen	PLG
Plasminogen activator, tissue type	PLAT
Plasminogen activator, urokinase	PLAU
Plasminogen activator, urokinase receptor	PLAUR
Plasminogen receptor with a C-terminal lysine	PLGRKT
Plasmolipin	PLLP
Plastin 1	Plastin-1; PLS-1; PLS1
Plastin 3	Plastin-3; PLS-3; PLS3
Platelet activating factor acetylhydrolase 1b catalytic subunit 2	PAFAH1B2
Platelet activating factor acetylhydrolase 1b catalytic subunit 3	PAFAH1B3
Platelet activating factor acetylhydrolase 1b regulatory subunit 1	PAFAH1B1
Platelet activating factor acetylhydrolase 2	PAFAH-2; PAFAH2
Platelet activating factor receptor	PTAFR
Platelet and endothelial cell adhesion molecule 1	PECAM-1; PECAM1
Platelet derived growth factor C	PDGFC
Platelet derived growth factor D	PDGFD
Platelet derived growth factor receptor alpha	PDGFRA
Platelet derived growth factor receptor beta	PDGFRB
Platelet derived growth factor receptor like	PDGFRL
Platelet derived growth factor subunit A	PDGFA
Platelet derived growth factor subunit B	PDGFB
Platelet endothelial aggregation receptor 1	PEAR-1; PEAR1
Platelet factor 4	PF-4; PF4; Platelet factor-4
Platelet factor 4 variant 1	PF4V1
Pleckstrin	PLEK
Pleckstrin 2	Pleckstrin-2; PLEK-2; PLEK2
Pleckstrin and Sec7 domain containing	PSD
Pleckstrin and Sec7 domain containing 3	PSD-3; PSD3
Pleckstrin and Sec7 domain containing 4	PSD-4; PSD4
Pleckstrin homology and FYVE domain containing 1	PLEKHF-1; PLEKHF1
Pleckstrin homology and FYVE domain containing 2	PLEKHF-2; PLEKHF2
Pleckstrin homology and RhoGEF domain containing G1	PLEKHG-1; PLEKHG1
Pleckstrin homology and RhoGEF domain containing G2	PLEKHG-2; PLEKHG2
Pleckstrin homology and RhoGEF domain containing G3	PLEKHG-3; PLEKHG3
Pleckstrin homology and RhoGEF domain containing G4	PLEKHG-4; PLEKHG4
Pleckstrin homology and RhoGEF domain containing G4B	PLEKHG4B
Pleckstrin homology and RhoGEF domain containing G5	PLEKHG-5; PLEKHG5
Pleckstrin homology and RhoGEF domain containing G6	PLEKHG-6; PLEKHG6
Pleckstrin homology and RhoGEF domain containing G7	PLEKHG-7; PLEKHG7
Pleckstrin homology and RUN domain containing M1	PLEKHM-1; PLEKHM1
Pleckstrin homology and RUN domain containing M2	PLEKHM-2; PLEKHM2
Pleckstrin homology domain containing A1	PLEKHA-1; PLEKHA1
Pleckstrin homology domain containing A3	PLEKHA-3; PLEKHA3
Pleckstrin homology domain containing A4	PLEKHA-4; PLEKHA4
Pleckstrin homology domain containing A5	PLEKHA-5; PLEKHA5
Pleckstrin homology domain containing A6	PLEKHA-6; PLEKHA6
Pleckstrin homology domain containing A7	PLEKHA-7; PLEKHA7
Pleckstrin homology domain containing A8	PLEKHA-8; PLEKHA8
Pleckstrin homology domain containing B1	PLEKHB-1; PLEKHB1
Pleckstrin homology domain containing B2	PLEKHB-2; PLEKHB2
Pleckstrin homology domain containing J1	PLEKHJ-1; PLEKHJ1
Pleckstrin homology domain containing N1	PLEKHN-1; PLEKHN1
Pleckstrin homology domain containing O1	PLEKHO-1; PLEKHO1
Pleckstrin homology domain containing O2	PLEKHO-2; PLEKHO2
Pleckstrin homology domain containing S1	PLEKHS-1; PLEKHS1
Pleckstrin homology domain interacting protein	PHIP
Pleckstrin homology like domain family A member 1	PHLDA-1; PHLDA1
Pleckstrin homology like domain family A member 2	PHLDA-2; PHLDA2
Pleckstrin homology like domain family A member 3	PHLDA-3; PHLDA3
Pleckstrin homology like domain family B member 1	PHLDB-1; PHLDB1
Pleckstrin homology like domain family B member 2	PHLDB-2; PHLDB2
Pleckstrin homology like domain family B member 3	PHLDB-3; PHLDB3
Pleckstrin homology, MyTH4 and FERM domain containing H2	PLEKHH-2; PLEKHH2
Pleckstrin homology, MyTH4 and FERM domain containing H3	PLEKHH-3; PLEKHH3
Plectin	PLEC
Pleiotrophin	PTN
Pleiotropic regulator 1	Pleiotropic regulator-1; PLRG-1; PLRG1
Plexin A1	PLXNA-1; PLXNA1
Plexin A2	PLXNA-2; PLXNA2
Plexin A3	PLXNA-3; PLXNA3
Plexin A4	PLXNA-4; PLXNA4
Plexin B1	PLXNB-1; PLXNB1
Plexin B2	PLXNB-2; PLXNB2
Plexin B3	PLXNB-3; PLXNB3
Plexin C1	PLXNC-1; PLXNC1
Plexin D1	PLXND-1; PLXND1
Plexin domain containing 1	PLXDC-1; PLXDC1
Plexin domain containing 2	PLXDC-2; PLXDC2
PML nuclear body scaffold	PML
PML-RARA regulated adaptor molecule 1	PRAM-1; PRAM1
PMS1 homolog 1, mismatch repair system component	PMS-1; PMS1
PMS1 homolog 2, mismatch repair system component	PMS-2; PMS2
PNKD metallo-beta-lactamase domain containing	PNKD
PNMA family member 1	PNMA-1; PNMA1
PNMA family member 2	PNMA-2; PNMA2
PNMA family member 3	PNMA-3; PNMA3
PNMA family member 5	PNMA-5; PNMA5
PNMA family member 6A	PNMA6A
PNMA family member 8A	PNMA8A
PNN interacting serine and arginine rich protein	PNISR
POC1 centriolar protein A	POC1A
POC1 centriolar protein B	POC1B
POC5 centriolar protein	POC-5; POC5
Podocalyxin like	PODXL
Podocalyxin like 2	Podocalyxin like-2; PODXL-2; PODXL2
Podocan	PODN
Podoplanin	PDPN
POF1B actin binding protein	POF1B
Pogo transposable element derived with KRAB domain	POGK
Pogo transposable element derived with ZNF domain	POGZ
POLG alternative reading frame	POLGARF
Polo like kinase 1	PLK-1; PLK1
Polo like kinase 2	PLK-2; PLK2
Polo like kinase 3	PLK-3; PLK3
Polo like kinase 4	PLK-4; PLK4
Polo like kinase 5 (inactive)	PLK-5; PLK5
Poly(A) binding protein cytoplasmic 1	PABPC-1; PABPC1
Poly(A) binding protein cytoplasmic 3	PABPC-3; PABPC3
Poly(A) binding protein cytoplasmic 4	PABPC-4; PABPC4
Poly(A) binding protein cytoplasmic 5	PABPC-5; PABPC5
Poly(A) binding protein interacting protein 1	PAIP-1; PAIP1
Poly(A) binding protein interacting protein 2	PAIP-2; PAIP2
Poly(A) binding protein interacting protein 2B	PAIP2B
Poly(A) binding protein nuclear 1	PABPN-1; PABPN1
Poly(A) polymerase alpha	PAPOLA
Poly(A) polymerase gamma	PAPOLG
Poly(A) specific ribonuclease subunit PAN2	PAN-2; PAN2
Poly(A) specific ribonuclease subunit PAN3	PAN-3; PAN3
Poly(A)-specific ribonuclease	PARN
Poly(ADP-ribose) glycohydrolase	PARG
Poly(ADP-ribose) polymerase 1	PARP-1; PARP1; Poly(ADP-ribose) polymerase-1
Poly(ADP-ribose) polymerase 2	PARP-2; PARP2; Poly(ADP-ribose) polymerase-2
Poly(ADP-ribose) polymerase family member 10	PARP-10; PARP10
Poly(ADP-ribose) polymerase family member 11	PARP-11; PARP11
Poly(ADP-ribose) polymerase family member 12	PARP-12; PARP12
Poly(ADP-ribose) polymerase family member 14	PARP-14; PARP14
Poly(ADP-ribose) polymerase family member 15	PARP-15; PARP15
Poly(ADP-ribose) polymerase family member 16	PARP-16; PARP16
Poly(ADP-ribose) polymerase family member 3	PARP-3; PARP3
Poly(ADP-ribose) polymerase family member 4	PARP-4; PARP4
Poly(ADP-ribose) polymerase family member 6	PARP-6; PARP6
Poly(ADP-ribose) polymerase family member 8	PARP-8; PARP8
Poly(ADP-ribose) polymerase family member 9	PARP-9; PARP9
Poly(rC) binding protein 1	PCBP-1; PCBP1
Poly(rC) binding protein 2	PCBP-2; PCBP2
Poly(rC) binding protein 3	PCBP-3; PCBP3
Poly(U) binding splicing factor 60	PUF-60; PUF60
Polyamine modulated factor 1	PMF-1; PMF1
Polyamine modulated factor 1 binding protein 1	PMFBP-1; PMFBP1
Polyamine oxidase	PAOX
Polybromo 1	PBRM-1; PBRM1; Polybromo-1
Polycomb group ring finger 1	PCGF-1; PCGF1
Polycomb group ring finger 2	PCGF-2; PCGF2
Polycomb group ring finger 3	PCGF-3; PCGF3
Polycomb group ring finger 5	PCGF-5; PCGF5
Polycomb group ring finger 6	PCGF-6; PCGF6
Polycystin 1 like 1, transient receptor potential channel interacting	PKD1L1
Polycystin 1 like 2 (gene/pseudogene)	PKD1L2
Polycystin 1 like 3, transient receptor potential channel interacting	PKD1L3
Polycystin 1, transient receptor potential channel interacting	PKD-1; PKD1
Polycystin 2 like 1, transient receptor potential cation channel	PKD2L1
Polycystin 2, transient receptor potential cation channel	PKD-2; PKD2
Polyglutamine binding protein 1	PQBP-1; PQBP1
Polyhomeotic homolog 1	PHC-1; PHC1; Polyhomeotic homolog-1
Polyhomeotic homolog 2	PHC-2; PHC2; Polyhomeotic homolog-2
Polyhomeotic homolog 3	PHC-3; PHC3; Polyhomeotic homolog-3
Polymeric immunoglobulin receptor	PIGR
Polynucleotide kinase 3'-phosphatase	PNKP
Polypeptide N-acetylgalactosaminyltransferase 1	GALNT-1; GALNT1; Polypeptide N-acetylgalactosaminyltransferase-1
Polypeptide N-acetylgalactosaminyltransferase 10	GALNT-10; GALNT10; Polypeptide N-acetylgalactosaminyltransferase-10
Polypeptide N-acetylgalactosaminyltransferase 11	GALNT-11; GALNT11; Polypeptide N-acetylgalactosaminyltransferase-11
Polypeptide N-acetylgalactosaminyltransferase 12	GALNT-12; GALNT12; Polypeptide N-acetylgalactosaminyltransferase-12
Polypeptide N-acetylgalactosaminyltransferase 13	GALNT-13; GALNT13; Polypeptide N-acetylgalactosaminyltransferase-13
Polypeptide N-acetylgalactosaminyltransferase 14	GALNT-14; GALNT14; Polypeptide N-acetylgalactosaminyltransferase-14
Polypeptide N-acetylgalactosaminyltransferase 15	GALNT-15; GALNT15; Polypeptide N-acetylgalactosaminyltransferase-15
Polypeptide N-acetylgalactosaminyltransferase 16	GALNT-16; GALNT16; Polypeptide N-acetylgalactosaminyltransferase-16
Polypeptide N-acetylgalactosaminyltransferase 18	GALNT-18; GALNT18; Polypeptide N-acetylgalactosaminyltransferase-18
Polypeptide N-acetylgalactosaminyltransferase 2	GALNT-2; GALNT2; Polypeptide N-acetylgalactosaminyltransferase-2
Polypeptide N-acetylgalactosaminyltransferase 3	GALNT-3; GALNT3; Polypeptide N-acetylgalactosaminyltransferase-3
Polypeptide N-acetylgalactosaminyltransferase 4	GALNT-4; GALNT4; Polypeptide N-acetylgalactosaminyltransferase-4
Polypeptide N-acetylgalactosaminyltransferase 5	GALNT-5; GALNT5; Polypeptide N-acetylgalactosaminyltransferase-5
Polypeptide N-acetylgalactosaminyltransferase 6	GALNT-6; GALNT6; Polypeptide N-acetylgalactosaminyltransferase-6
Polypeptide N-acetylgalactosaminyltransferase 7	GALNT-7; GALNT7; Polypeptide N-acetylgalactosaminyltransferase-7
Polypeptide N-acetylgalactosaminyltransferase 9	GALNT-9; GALNT9; Polypeptide N-acetylgalactosaminyltransferase-9
Polypyrimidine tract binding protein 1	PTBP-1; PTBP1
Polypyrimidine tract binding protein 2	PTBP-2; PTBP2
Polypyrimidine tract binding protein 3	PTBP-3; PTBP3
Polyribonucleotide nucleotidyltransferase 1	PNPT-1; PNPT1; Polyribonucleotide nucleotidyltransferase-1
Polysaccharide biosynthesis domain containing 1	PBDC-1; PBDC1
POM121 transmembrane nucleoporin	POM-121; POM121
POM121 transmembrane nucleoporin C	POM121C
POP1 homolog, ribonuclease P/MRP subunit	POP-1; POP1
POP4 homolog, ribonuclease P/MRP subunit	POP-4; POP4
POP5 homolog, ribonuclease P/MRP subunit	POP-5; POP5
POP7 homolog, ribonuclease P/MRP subunit	POP-7; POP7
Popeye domain containing 3	POPDC-3; POPDC3
Porcupine O-acyltransferase	PORCN
Post-GPI attachment to proteins 2	PGAP-2; PGAP2
Post-GPI attachment to proteins 6	PGAP-6; PGAP6
Post-GPI attachment to proteins GalNAc transferase 4	PGAP-4; PGAP4
Post-GPI attachment to proteins inositol deacylase 1	PGAP-1; PGAP1
Post-GPI attachment to proteins phospholipase 3	PGAP-3; PGAP3
Potassium calcium-activated channel subfamily M alpha 1	KCNMA-1; KCNMA1
Potassium calcium-activated channel subfamily M regulatory beta subunit 1	KCNMB-1; KCNMB1
Potassium calcium-activated channel subfamily M regulatory beta subunit 2	KCNMB-2; KCNMB2
Potassium calcium-activated channel subfamily M regulatory beta subunit 3	KCNMB-3; KCNMB3
Potassium calcium-activated channel subfamily M regulatory beta subunit 4	KCNMB-4; KCNMB4
Potassium calcium-activated channel subfamily N member 1	KCNN-1; KCNN1
Potassium calcium-activated channel subfamily N member 2	KCNN-2; KCNN2
Potassium calcium-activated channel subfamily N member 3	KCNN-3; KCNN3
Potassium calcium-activated channel subfamily N member 4	KCNN-4; KCNN4
Potassium calcium-activated channel subfamily U member 1	KCNU-1; KCNU1
Potassium channel modulatory factor 1	KCMF-1; KCMF1
Potassium channel regulator	KCNRG
Potassium channel tetramerization domain containing 1	KCTD-1; KCTD1
Potassium channel tetramerization domain containing 10	KCTD-10; KCTD10
Potassium channel tetramerization domain containing 11	KCTD-11; KCTD11
Potassium channel tetramerization domain containing 12	KCTD-12; KCTD12
Potassium channel tetramerization domain containing 13	KCTD-13; KCTD13
Potassium channel tetramerization domain containing 14	KCTD-14; KCTD14
Potassium channel tetramerization domain containing 15	KCTD-15; KCTD15
Potassium channel tetramerization domain containing 16	KCTD-16; KCTD16
Potassium channel tetramerization domain containing 17	KCTD-17; KCTD17
Potassium channel tetramerization domain containing 19	KCTD-19; KCTD19
Potassium channel tetramerization domain containing 2	KCTD-2; KCTD2
Potassium channel tetramerization domain containing 20	KCTD-20; KCTD20
Potassium channel tetramerization domain containing 21	KCTD-21; KCTD21
Potassium channel tetramerization domain containing 3	KCTD-3; KCTD3
Potassium channel tetramerization domain containing 4	KCTD-4; KCTD4
Potassium channel tetramerization domain containing 5	KCTD-5; KCTD5
Potassium channel tetramerization domain containing 6	KCTD-6; KCTD6
Potassium channel tetramerization domain containing 7	KCTD-7; KCTD7
Potassium channel tetramerization domain containing 8	KCTD-8; KCTD8
Potassium channel tetramerization domain containing 9	KCTD-9; KCTD9
Potassium inwardly rectifying channel subfamily J member 1	KCNJ-1; KCNJ1
Potassium inwardly rectifying channel subfamily J member 10	KCNJ-10; KCNJ10
Potassium inwardly rectifying channel subfamily J member 11	KCNJ-11; KCNJ11
Potassium inwardly rectifying channel subfamily J member 12	KCNJ-12; KCNJ12
Potassium inwardly rectifying channel subfamily J member 13	KCNJ-13; KCNJ13
Potassium inwardly rectifying channel subfamily J member 14	KCNJ-14; KCNJ14
Potassium inwardly rectifying channel subfamily J member 15	KCNJ-15; KCNJ15
Potassium inwardly rectifying channel subfamily J member 16	KCNJ-16; KCNJ16
Potassium inwardly rectifying channel subfamily J member 18	KCNJ-18; KCNJ18
Potassium inwardly rectifying channel subfamily J member 2	KCNJ-2; KCNJ2
Potassium inwardly rectifying channel subfamily J member 3	KCNJ-3; KCNJ3
Potassium inwardly rectifying channel subfamily J member 4	KCNJ-4; KCNJ4
Potassium inwardly rectifying channel subfamily J member 5	KCNJ-5; KCNJ5
Potassium inwardly rectifying channel subfamily J member 6	KCNJ-6; KCNJ6
Potassium inwardly rectifying channel subfamily J member 8	KCNJ-8; KCNJ8
Potassium inwardly rectifying channel subfamily J member 9	KCNJ-9; KCNJ9
Potassium sodium-activated channel subfamily T member 1	KCNT-1; KCNT1
Potassium sodium-activated channel subfamily T member 2	KCNT-2; KCNT2
Potassium two pore domain channel subfamily K member 1	KCNK-1; KCNK1
Potassium two pore domain channel subfamily K member 10	KCNK-10; KCNK10
Potassium two pore domain channel subfamily K member 15	KCNK-15; KCNK15
Potassium two pore domain channel subfamily K member 16	KCNK-16; KCNK16
Potassium two pore domain channel subfamily K member 18	KCNK-18; KCNK18
Potassium two pore domain channel subfamily K member 2	KCNK-2; KCNK2
Potassium two pore domain channel subfamily K member 3	KCNK-3; KCNK3
Potassium two pore domain channel subfamily K member 4	KCNK-4; KCNK4
Potassium two pore domain channel subfamily K member 5	KCNK-5; KCNK5
Potassium two pore domain channel subfamily K member 6	KCNK-6; KCNK6
Potassium two pore domain channel subfamily K member 7	KCNK-7; KCNK7
Potassium two pore domain channel subfamily K member 9	KCNK-9; KCNK9
Potassium voltage-gated channel interacting protein 1	KCNIP-1; KCNIP1
Potassium voltage-gated channel interacting protein 2	KCNIP-2; KCNIP2
Potassium voltage-gated channel interacting protein 3	KCNIP-3; KCNIP3
Potassium voltage-gated channel interacting protein 4	KCNIP-4; KCNIP4
Potassium voltage-gated channel modifier subfamily F member 1	KCNF-1; KCNF1
Potassium voltage-gated channel modifier subfamily G member 1	KCNG-1; KCNG1
Potassium voltage-gated channel modifier subfamily G member 2	KCNG-2; KCNG2
Potassium voltage-gated channel modifier subfamily G member 3	KCNG-3; KCNG3
Potassium voltage-gated channel modifier subfamily G member 4	KCNG-4; KCNG4
Potassium voltage-gated channel modifier subfamily S member 1	KCNS-1; KCNS1
Potassium voltage-gated channel modifier subfamily S member 2	KCNS-2; KCNS2
Potassium voltage-gated channel modifier subfamily S member 3	KCNS-3; KCNS3
Potassium voltage-gated channel modifier subfamily V member 1	KCNV-1; KCNV1
Potassium voltage-gated channel modifier subfamily V member 2	KCNV-2; KCNV2
Potassium voltage-gated channel subfamily A member 1	KCNA-1; KCNA1
Potassium voltage-gated channel subfamily A member 10	KCNA-10; KCNA10
Potassium voltage-gated channel subfamily A member 2	KCNA-2; KCNA2
Potassium voltage-gated channel subfamily A member 3	KCNA-3; KCNA3
Potassium voltage-gated channel subfamily A member 4	KCNA-4; KCNA4
Potassium voltage-gated channel subfamily A member 5	KCNA-5; KCNA5
Potassium voltage-gated channel subfamily A member 6	KCNA-6; KCNA6
Potassium voltage-gated channel subfamily A regulatory beta subunit 1	KCNAB-1; KCNAB1
Potassium voltage-gated channel subfamily A regulatory beta subunit 2	KCNAB-2; KCNAB2
Potassium voltage-gated channel subfamily A regulatory beta subunit 3	KCNAB-3; KCNAB3
Potassium voltage-gated channel subfamily B member 1	KCNB-1; KCNB1
Potassium voltage-gated channel subfamily C member 1	KCNC-1; KCNC1
Potassium voltage-gated channel subfamily C member 2	KCNC-2; KCNC2
Potassium voltage-gated channel subfamily C member 3	KCNC-3; KCNC3
Potassium voltage-gated channel subfamily C member 4	KCNC-4; KCNC4
Potassium voltage-gated channel subfamily D member 1	KCND-1; KCND1
Potassium voltage-gated channel subfamily D member 2	KCND-2; KCND2
Potassium voltage-gated channel subfamily D member 3	KCND-3; KCND3
Potassium voltage-gated channel subfamily E regulatory subunit 1	KCNE-1; KCNE1
Potassium voltage-gated channel subfamily E regulatory subunit 2	KCNE-2; KCNE2
Potassium voltage-gated channel subfamily E regulatory subunit 3	KCNE-3; KCNE3
Potassium voltage-gated channel subfamily E regulatory subunit 4	KCNE-4; KCNE4
Potassium voltage-gated channel subfamily E regulatory subunit 5	KCNE-5; KCNE5
Potassium voltage-gated channel subfamily H member 1	KCNH-1; KCNH1
Potassium voltage-gated channel subfamily H member 2	KCNH-2; KCNH2
Potassium voltage-gated channel subfamily H member 3	KCNH-3; KCNH3
Potassium voltage-gated channel subfamily H member 5	KCNH-5; KCNH5
Potassium voltage-gated channel subfamily H member 6	KCNH-6; KCNH6
Potassium voltage-gated channel subfamily H member 7	KCNH-7; KCNH7
Potassium voltage-gated channel subfamily Q member 1	KCNQ-1; KCNQ1
Potassium voltage-gated channel subfamily Q member 2	KCNQ-2; KCNQ2
Potassium voltage-gated channel subfamily Q member 3	KCNQ-3; KCNQ3
Potassium voltage-gated channel subfamily Q member 4	KCNQ-4; KCNQ4
Potassium voltage-gated channel subfamily Q member 5	KCNQ-5; KCNQ5
POTE ankyrin domain family member B	POTEB
POTE ankyrin domain family member B3	POTEB-3; POTEB3
POTE ankyrin domain family member F	POTEF
POU class 1 homeobox 1	POU1F1
POU class 2 homeobox 1	POU2F1
POU class 2 homeobox 2	POU2F2
POU class 2 homeobox 3	POU2F3
POU class 2 homeobox associating factor 1	POU2AF1
POU class 2 homeobox associating factor 2	POU2AF2
POU class 2 homeobox associating factor 3	POU2AF3
POU class 3 homeobox 2	POU3F2
POU class 3 homeobox 3	POU3F3
POU class 4 homeobox 1	POU4F1
POU class 4 homeobox 2	POU4F2
POU class 4 homeobox 3	POU4F3
POU class 5 homeobox 1	POU5F1
POU class 6 homeobox 2	POU6F2
POU domain class 5, transcription factor 2	POU5F2
POZ/BTB and AT hook containing zinc finger 1	PATZ-1; PATZ1
PP2A Aalpha (PPP2R1A) and B55A (PPP2R2A) interacting phosphatase regulator 1	PABIR-1; PABIR1
PPARG coactivator 1 alpha	PPARGC1A
PPARG coactivator 1 beta	PPARGC1B
PPARG related coactivator 1	PPRC-1; PPRC1
PPFIA binding protein 1	PPFIBP-1; PPFIBP1
PPFIA binding protein 2	PPFIBP-2; PPFIBP2
PPP1R2 family member B	PPP1R2B
PPP1R2C family member C	PPP1R2C
PR/SET domain 1	PR/SET domain-1; PRDM-1; PRDM1
PR/SET domain 10	PR/SET domain-10; PRDM-10; PRDM10
PR/SET domain 11	PR/SET domain-11; PRDM-11; PRDM11
PR/SET domain 12	PR/SET domain-12; PRDM-12; PRDM12
PR/SET domain 14	PR/SET domain-14; PRDM-14; PRDM14
PR/SET domain 15	PR/SET domain-15; PRDM-15; PRDM15
PR/SET domain 16	PR/SET domain-16; PRDM-16; PRDM16
PR/SET domain 2	PR/SET domain-2; PRDM-2; PRDM2
PR/SET domain 4	PR/SET domain-4; PRDM-4; PRDM4
PR/SET domain 5	PR/SET domain-5; PRDM-5; PRDM5
PR/SET domain 6	PR/SET domain-6; PRDM-6; PRDM6
PR/SET domain 7	PR/SET domain-7; PRDM-7; PRDM7
PR/SET domain 8	PR/SET domain-8; PRDM-8; PRDM8
PR/SET domain 9	PR/SET domain-9; PRDM-9; PRDM9
PRA1 domain family member 2	PRAF-2; PRAF2
Praja ring finger ubiquitin ligase 1	PJA-1; PJA1
Praja ring finger ubiquitin ligase 2	PJA-2; PJA2
PRAME family member 15	PRAMEF-15; PRAMEF15
PRAME family member 6	PRAMEF-6; PRAMEF6
PRAME nuclear receptor transcriptional regulator	PRAME
Pre T cell antigen receptor alpha	PTCRA
Pre-mRNA processing factor 18	PRPF-18; PRPF18
Pre-mRNA processing factor 19	PRPF-19; PRPF19
Pre-mRNA processing factor 3	PRPF-3; PRPF3
Pre-mRNA processing factor 31	PRPF-31; PRPF31
Pre-mRNA processing factor 38A	PRPF38A
Pre-mRNA processing factor 38B	PRPF38B
Pre-mRNA processing factor 39	PRPF-39; PRPF39
Pre-mRNA processing factor 4	PRPF-4; PRPF4
Pre-mRNA processing factor 40 homolog B	PRPF40B
Pre-mRNA processing factor 4B	PRPF4B
Pre-mRNA processing factor 6	PRPF-6; PRPF6
Pre-mRNA processing factor 8	PRPF-8; PRPF8
Prefoldin subunit 1	PFDN-1; PFDN1; Prefoldin subunit-1
Prefoldin subunit 2	PFDN-2; PFDN2; Prefoldin subunit-2
Prefoldin subunit 4	PFDN-4; PFDN4; Prefoldin subunit-4
Prefoldin subunit 5	PFDN-5; PFDN5; Prefoldin subunit-5
Prefoldin subunit 6	PFDN-6; PFDN6; Prefoldin subunit-6
Pregnancy specific beta-1-glycoprotein 1	PSG-1; PSG1
Pregnancy specific beta-1-glycoprotein 5	PSG-5; PSG5
Pregnancy specific beta-1-glycoprotein 9	PSG-9; PSG9
PRELI domain containing 1	PRELID-1; PRELID1
PRELI domain containing 3A	PRELID3A
PRELI domain containing 3B	PRELID3B
Premelanosome protein	PMEL
Prenylcysteine oxidase 1	PCYOX-1; PCYOX1; Prenylcysteine oxidase-1
Prenylcysteine oxidase 1 like	PCYOX1L
Prepronociceptin	PNOC
Presenilin 1	Presenilin-1; PSEN-1; PSEN1
Presenilin 2	Presenilin-2; PSEN-2; PSEN2
Presenilin associated rhomboid like	PARL
Presenilin enhancer, gamma-secretase subunit	PSENEN
Presequence translocase associated motor 16	PAM-16; PAM16
Prickle planar cell polarity protein 1	PRICKLE-1; PRICKLE1
Prickle planar cell polarity protein 2	PRICKLE-2; PRICKLE2
Prickle planar cell polarity protein 3	PRICKLE-3; PRICKLE3
Primary cilia formation	PIFO
Primase and DNA directed polymerase	PRIMPOL
Prion like protein doppel	PRND
Prion protein	PRNP
PRKR interacting protein 1	PRKRIP-1; PRKRIP1
Pro-apoptotic WT1 regulator	PAWR
Pro-melanin concentrating hormone	PMCH
Pro-platelet basic protein	PPBP
Procollagen C-endopeptidase enhancer	PCOLCE
Procollagen C-endopeptidase enhancer 2	PCOLCE-2; PCOLCE2
Procollagen-lysine,2-oxoglutarate 5-dioxygenase 1	PLOD-1; PLOD1; Procollagen-lysine,2-oxoglutarate 5-dioxygenase-1
Procollagen-lysine,2-oxoglutarate 5-dioxygenase 2	PLOD-2; PLOD2; Procollagen-lysine,2-oxoglutarate 5-dioxygenase-2
Procollagen-lysine,2-oxoglutarate 5-dioxygenase 3	PLOD-3; PLOD3; Procollagen-lysine,2-oxoglutarate 5-dioxygenase-3
Prodynorphin	PDYN
Proenkephalin	PENK
Profilin 1	PFN-1; PFN1; Profilin-1
Profilin 2	PFN-2; PFN2; Profilin-2
Profilin family member 4	PFN-4; PFN4
Progastricsin	PGC
Progestagen associated endometrial protein	PAEP
Progesterone immunomodulatory binding factor 1	PIBF-1; PIBF1
Progesterone receptor	PGR
Progesterone receptor membrane component 1	PGRMC-1; PGRMC1
Progesterone receptor membrane component 2	PGRMC-2; PGRMC2
Progestin and adipoQ receptor family member 3	PAQR-3; PAQR3
Progestin and adipoQ receptor family member 5	PAQR-5; PAQR5
Progestin and adipoQ receptor family member 6	PAQR-6; PAQR6
Progestin and adipoQ receptor family member 7	PAQR-7; PAQR7
Progestin and adipoQ receptor family member 8	PAQR-8; PAQR8
Progestin and adipoQ receptor family member 9	PAQR-9; PAQR9
Programmed cell death 1	PDCD-1; PDCD1
Programmed cell death 1 ligand 2	PDCD1LG2
Programmed cell death 10	PDCD-10; PDCD10
Programmed cell death 11	PDCD-11; PDCD11
Programmed cell death 2	PDCD-2; PDCD2
Programmed cell death 2 like	PDCD2L
Programmed cell death 4	PDCD-4; PDCD4
Programmed cell death 5	PDCD-5; PDCD5
Programmed cell death 6	PDCD-6; PDCD6
Programmed cell death 6 interacting protein	PDCD6IP
Programmed cell death 7	PDCD-7; PDCD7
Prohibitin 1	PHB-1; PHB1; Prohibitin-1
Prohibitin 2	PHB-2; PHB2; Prohibitin-2
Prokineticin 1	PROK-1; PROK1; Prokineticin-1
Prokineticin 2	PROK-2; PROK2; Prokineticin-2
Prokineticin receptor 1	Prokineticin receptor-1; PROKR-1; PROKR1
Prokineticin receptor 2	Prokineticin receptor-2; PROKR-2; PROKR2
Prolactin	PRL
Prolactin induced protein	PIP
Prolactin receptor	PRLR
Prolactin regulatory element binding	PREB
Prolactin releasing hormone receptor	PRLHR
Proliferating cell nuclear antigen	PCNA
Proliferation and apoptosis adaptor protein 15	PEA-15; PEA15
Proliferation-associated 2G4	PA2G4
Proline and arginine rich end leucine rich repeat protein	PRELP
Proline and serine rich 1	PROSER-1; PROSER1
Proline and serine rich 2	PROSER-2; PROSER2
Proline and serine rich 3	PROSER-3; PROSER3
Proline and serine rich coiled-coil 1	PSRC-1; PSRC1
Proline dehydrogenase 1	PRODH; Proline dehydrogenase-1
Proline dehydrogenase 2	PRODH-2; PRODH2; Proline dehydrogenase-2
Proline rich 11	Proline rich-11; PRR-11; PRR11
Proline rich 12	Proline rich-12; PRR-12; PRR12
Proline rich 13	Proline rich-13; PRR-13; PRR13
Proline rich 14	Proline rich-14; PRR-14; PRR14
Proline rich 14 like	PRR14L
Proline rich 15	Proline rich-15; PRR-15; PRR15
Proline rich 16	Proline rich-16; PRR-16; PRR16
Proline rich 19	Proline rich-19; PRR-19; PRR19
Proline rich 20C	PRR20C
Proline rich 20D	PRR20D
Proline rich 20E	PRR20E
Proline rich 23 domain containing 1	PRR23D1
Proline rich 23B	PRR23B
Proline rich 3	Proline rich-3; PRR-3; PRR3
Proline rich 30	Proline rich-30; PRR-30; PRR30
Proline rich 32	Proline rich-32; PRR-32; PRR32
Proline rich 35	Proline rich-35; PRR-35; PRR35
Proline rich 36	Proline rich-36; PRR-36; PRR36
Proline rich 4	Proline rich-4; PRR-4; PRR4
Proline rich 5	Proline rich-5; PRR-5; PRR5
Proline rich 5 like	PRR5L
Proline rich 7, synaptic	PRR-7; PRR7
Proline rich acidic protein 1	PRAP-1; PRAP1
Proline rich and Gla domain 1	PRRG-1; PRRG1
Proline rich and Gla domain 2	PRRG-2; PRRG2
Proline rich and Gla domain 4	PRRG-4; PRRG4
Proline rich coiled-coil 1	PRRC-1; PRRC1
Proline rich coiled-coil 2A	PRRC2A
Proline rich coiled-coil 2B	PRRC2B
Proline rich coiled-coil 2C	PRRC2C
Proline rich membrane anchor 1	PRIMA-1; PRIMA1
Proline rich mitotic checkpoint control factor	PRCC
Proline rich nuclear receptor coactivator 1	PNRC-1; PNRC1
Proline rich nuclear receptor coactivator 2	PNRC-2; PNRC2
Proline rich protein BstNI subfamily 2	PRB-2; PRB2
Proline rich protein BstNI subfamily 3	PRB-3; PRB3
Proline rich protein HaeIII subfamily 2	PRH-2; PRH2
Proline rich transmembrane protein 1	PRRT-1; PRRT1
Proline rich transmembrane protein 2	PRRT-2; PRRT2
Proline rich transmembrane protein 3	PRRT-3; PRRT3
Proline, glutamate and leucine rich protein 1	PELP-1; PELP1
Proline-serine-threonine phosphatase interacting protein 1	PSTPIP-1; PSTPIP1
Proline-serine-threonine phosphatase interacting protein 2	PSTPIP-2; PSTPIP2
Prolyl 3-hydroxylase 1	P3H1; Prolyl 3-hydroxylase-1
Prolyl 3-hydroxylase 2	P3H2; Prolyl 3-hydroxylase-2
Prolyl 3-hydroxylase 3	P3H3; Prolyl 3-hydroxylase-3
Prolyl 3-hydroxylase family member 4 (inactive)	P3H4
Prolyl 4-hydroxylase subunit alpha 1	P4HA1
Prolyl 4-hydroxylase subunit alpha 2	P4HA2
Prolyl 4-hydroxylase subunit alpha 3	P4HA3
Prolyl 4-hydroxylase subunit beta	P4HB
Prolyl 4-hydroxylase, transmembrane	P4HTM
Prolyl endopeptidase	PREP
Prolyl endopeptidase like	PREPL
Prolyl-tRNA synthetase 2, mitochondrial	PARS-2; PARS2
Prolylcarboxypeptidase	PRCP
Prominin 1	PROM-1; PROM1; Prominin-1
Prominin 2	PROM-2; PROM2; Prominin-2
Proopiomelanocortin	POMC
PROP paired-like homeobox 1	PROP-1; PROP1
Propionyl-CoA carboxylase subunit alpha	PCCA
Propionyl-CoA carboxylase subunit beta	PCCB
Proprotein convertase subtilisin/kexin type 1	PCSK-1; PCSK1
Proprotein convertase subtilisin/kexin type 1 inhibitor	PCSK1N
Proprotein convertase subtilisin/kexin type 2	PCSK-2; PCSK2
Proprotein convertase subtilisin/kexin type 4	PCSK-4; PCSK4
Proprotein convertase subtilisin/kexin type 5	PCSK-5; PCSK5
Proprotein convertase subtilisin/kexin type 6	PCSK-6; PCSK6
Proprotein convertase subtilisin/kexin type 7	PCSK-7; PCSK7
Proprotein convertase subtilisin/kexin type 9	PCSK-9; PCSK9
Prosaposin	PSAP
Prospero homeobox 1	Prospero homeobox-1; PROX-1; PROX1
Prostaglandin D2 receptor 2	PTGDR-2; PTGDR2
Prostaglandin D2 synthase	PTGDS
Prostaglandin E receptor 2	PTGER-2; PTGER2
Prostaglandin E receptor 3	PTGER-3; PTGER3
Prostaglandin E receptor 4	PTGER-4; PTGER4
Prostaglandin E synthase	PTGES
Prostaglandin E synthase 2	PTGES-2; PTGES2
Prostaglandin E synthase 3	PTGES-3; PTGES3
Prostaglandin F receptor	PTGFR
Prostaglandin F2 receptor inhibitor	PTGFRN
Prostaglandin I2 receptor	PTGIR
Prostaglandin I2 synthase	PTGIS
Prostaglandin reductase 1	Prostaglandin reductase-1; PTGR-1; PTGR1
Prostaglandin reductase 2	Prostaglandin reductase-2; PTGR-2; PTGR2
Prostaglandin reductase 3	Prostaglandin reductase-3; PTGR-3; PTGR3
Prostaglandin-endoperoxide synthase 1	Prostaglandin-endoperoxide synthase-1; PTGS-1; PTGS1
Prostaglandin-endoperoxide synthase 2	Prostaglandin-endoperoxide synthase-2; PTGS-2; PTGS2
Prostate and testis expressed 1	PATE-1; PATE1
Prostate androgen-regulated mucin-like protein 1	PARM-1; PARM1
Prostate stem cell antigen	PSCA
Prostate transmembrane protein, androgen induced 1	PMEPA-1; PMEPA1
Protamine 1	PRM-1; PRM1; Protamine-1
Protamine 2	PRM-2; PRM2; Protamine-2
Protease associated domain containing 1	PRADC-1; PRADC1
Proteasomal ATPase associated factor 1	PAAF-1; PAAF1
Proteasome 20S subunit alpha 1	PSMA-1; PSMA1
Proteasome 20S subunit alpha 2	PSMA-2; PSMA2
Proteasome 20S subunit alpha 3	PSMA-3; PSMA3
Proteasome 20S subunit alpha 4	PSMA-4; PSMA4
Proteasome 20S subunit alpha 5	PSMA-5; PSMA5
Proteasome 20S subunit alpha 6	PSMA-6; PSMA6
Proteasome 20S subunit alpha 7	PSMA-7; PSMA7
Proteasome 20S subunit beta 1	PSMB-1; PSMB1
Proteasome 20S subunit beta 10	PSMB-10; PSMB10
Proteasome 20S subunit beta 2	PSMB-2; PSMB2
Proteasome 20S subunit beta 3	PSMB-3; PSMB3
Proteasome 20S subunit beta 4	PSMB-4; PSMB4
Proteasome 20S subunit beta 5	PSMB-5; PSMB5
Proteasome 20S subunit beta 6	PSMB-6; PSMB6
Proteasome 20S subunit beta 7	PSMB-7; PSMB7
Proteasome 20S subunit beta 8	PSMB-8; PSMB8
Proteasome 20S subunit beta 9	PSMB-9; PSMB9
Proteasome 26S subunit ubiquitin receptor, non-ATPase 2	PSMD-2; PSMD2
Proteasome 26S subunit ubiquitin receptor, non-ATPase 4	PSMD-4; PSMD4
Proteasome 26S subunit, ATPase 1	PSMC-1; PSMC1
Proteasome 26S subunit, ATPase 2	PSMC-2; PSMC2
Proteasome 26S subunit, ATPase 3	PSMC-3; PSMC3
Proteasome 26S subunit, ATPase 4	PSMC-4; PSMC4
Proteasome 26S subunit, ATPase 5	PSMC-5; PSMC5
Proteasome 26S subunit, ATPase 6	PSMC-6; PSMC6
Proteasome 26S subunit, non-ATPase 1	PSMD-1; PSMD1
Proteasome 26S subunit, non-ATPase 10	PSMD-10; PSMD10
Proteasome 26S subunit, non-ATPase 11	PSMD-11; PSMD11
Proteasome 26S subunit, non-ATPase 12	PSMD-12; PSMD12
Proteasome 26S subunit, non-ATPase 13	PSMD-13; PSMD13
Proteasome 26S subunit, non-ATPase 14	PSMD-14; PSMD14
Proteasome 26S subunit, non-ATPase 3	PSMD-3; PSMD3
Proteasome 26S subunit, non-ATPase 5	PSMD-5; PSMD5
Proteasome 26S subunit, non-ATPase 6	PSMD-6; PSMD6
Proteasome 26S subunit, non-ATPase 7	PSMD-7; PSMD7
Proteasome 26S subunit, non-ATPase 8	PSMD-8; PSMD8
Proteasome 26S subunit, non-ATPase 9	PSMD-9; PSMD9
Proteasome activator subunit 1	PSME-1; PSME1
Proteasome activator subunit 2	PSME-2; PSME2
Proteasome activator subunit 3	PSME-3; PSME3
Proteasome activator subunit 3 interacting protein 1	PSME3IP1
Proteasome activator subunit 4	PSME-4; PSME4
Proteasome assembly chaperone 1	PSMG-1; PSMG1
Proteasome assembly chaperone 2	PSMG-2; PSMG2
Proteasome assembly chaperone 3	PSMG-3; PSMG3
Proteasome assembly chaperone 4	PSMG-4; PSMG4
Proteasome inhibitor subunit 1	PSMF-1; PSMF1
Proteasome maturation protein	POMP
Proteasome subunit beta 11	PSMB-11; PSMB11
Protection of telomeres 1	POT-1; POT1
Protein activator of interferon induced protein kinase EIF2AK2	PRKRA
Protein arginine methyltransferase 1	PRMT-1; PRMT1
Protein arginine methyltransferase 2	PRMT-2; PRMT2
Protein arginine methyltransferase 3	PRMT-3; PRMT3
Protein arginine methyltransferase 5	PRMT-5; PRMT5
Protein arginine methyltransferase 6	PRMT-6; PRMT6
Protein arginine methyltransferase 7	PRMT-7; PRMT7
Protein arginine methyltransferase 8	PRMT-8; PRMT8
Protein arginine methyltransferase 9	PRMT-9; PRMT9
Protein associated with LIN7 1, MAGUK p55 family member	PALS-1; PALS1
Protein associated with LIN7 2, MAGUK p55 family member	PALS-2; PALS2
Protein C receptor	PROCR
Protein C, inactivator of coagulation factors Va and VIIIa	PROC
Protein disulfide isomerase family A member 2	PDIA-2; PDIA2
Protein disulfide isomerase family A member 3	PDIA-3; PDIA3
Protein disulfide isomerase family A member 4	PDIA-4; PDIA4
Protein disulfide isomerase family A member 5	PDIA-5; PDIA5
Protein disulfide isomerase family A member 6	PDIA-6; PDIA6
Protein disulfide isomerase like, testis expressed	PDILT
Protein geranylgeranyltransferase type I subunit beta	PGGT1B
Protein inhibitor of activated STAT 1	PIAS-1; PIAS1
Protein inhibitor of activated STAT 2	PIAS-2; PIAS2
Protein inhibitor of activated STAT 3	PIAS-3; PIAS3
Protein inhibitor of activated STAT 4	PIAS-4; PIAS4
Protein interacting with cyclin A1	PROCA-1; PROCA1
Protein interacting with PRKCA 1	PICK-1; PICK1
Protein kinase AMP-activated catalytic subunit alpha 1	PRKAA-1; PRKAA1
Protein kinase AMP-activated catalytic subunit alpha 2	PRKAA-2; PRKAA2
Protein kinase AMP-activated non-catalytic subunit beta 1	PRKAB-1; PRKAB1
Protein kinase AMP-activated non-catalytic subunit beta 2	PRKAB-2; PRKAB2
Protein kinase AMP-activated non-catalytic subunit gamma 1	PRKAG-1; PRKAG1
Protein kinase AMP-activated non-catalytic subunit gamma 2	PRKAG-2; PRKAG2
Protein kinase AMP-activated non-catalytic subunit gamma 3	PRKAG-3; PRKAG3
Protein kinase C alpha	PRKCA
Protein kinase C and casein kinase substrate in neurons 1	PACSIN-1; PACSIN1
Protein kinase C and casein kinase substrate in neurons 2	PACSIN-2; PACSIN2
Protein kinase C and casein kinase substrate in neurons 3	PACSIN-3; PACSIN3
Protein kinase C beta	PRKCB
Protein kinase C delta	PRKCD
Protein kinase C epsilon	PRKCE
Protein kinase C eta	PRKCH
Protein kinase C gamma	PRKCG
Protein kinase C iota	PRKCI
Protein kinase C substrate 80K-H	PRKCSH
Protein kinase C theta	PRKCQ
Protein kinase C zeta	PRKCZ
Protein kinase cAMP-activated catalytic subunit alpha	PRKACA
Protein kinase cAMP-activated catalytic subunit beta	PRKACB
Protein kinase cAMP-activated catalytic subunit gamma	PRKACG
Protein kinase cAMP-dependent type I regulatory subunit alpha	PRKAR1A
Protein kinase cAMP-dependent type I regulatory subunit beta	PRKAR1B
Protein kinase cAMP-dependent type II regulatory subunit alpha	PRKAR2A
Protein kinase cAMP-dependent type II regulatory subunit beta	PRKAR2B
Protein kinase cAMP-dependent X-linked catalytic subunit	PRKX
Protein kinase cGMP-dependent 1	PRKG-1; PRKG1
Protein kinase cGMP-dependent 2	PRKG-2; PRKG2
Protein kinase D1	PRKD-1; PRKD1
Protein kinase D2	PRKD-2; PRKD2
Protein kinase D3	PRKD-3; PRKD3
Protein kinase domain containing, cytoplasmic	PKDCC
Protein kinase N1	PKN-1; PKN1
Protein kinase N2	PKN-2; PKN2
Protein kinase N3	PKN-3; PKN3
Protein kinase, DNA-activated, catalytic subunit	PRKDC
Protein kinase, membrane associated tyrosine/threonine 1	PKMYT-1; PKMYT1
Protein O-fucosyltransferase 1	POFUT-1; POFUT1; Protein O-fucosyltransferase-1
Protein O-fucosyltransferase 2	POFUT-2; POFUT2; Protein O-fucosyltransferase-2
Protein O-glucosyltransferase 1	POGLUT-1; POGLUT1; Protein O-glucosyltransferase-1
Protein O-glucosyltransferase 2	POGLUT-2; POGLUT2; Protein O-glucosyltransferase-2
Protein O-glucosyltransferase 3	POGLUT-3; POGLUT3; Protein O-glucosyltransferase-3
Protein O-linked mannose N-acetylglucosaminyltransferase 1 (beta 1,2-)	POMGNT-1; POMGNT1
Protein O-linked mannose N-acetylglucosaminyltransferase 2 (beta 1,4-)	POMGNT-2; POMGNT2
Protein O-mannose kinase	POMK
Protein O-mannosyltransferase 1	POMT-1; POMT1; Protein O-mannosyltransferase-1
Protein O-mannosyltransferase 2	POMT-2; POMT2; Protein O-mannosyltransferase-2
Protein only RNase P catalytic subunit	PRORP
Protein phosphatase 1 catalytic subunit alpha	PPP1CA
Protein phosphatase 1 catalytic subunit beta	PPP1CB
Protein phosphatase 1 catalytic subunit gamma	PPP1CC
Protein phosphatase 1 regulatory inhibitor subunit 11	PPP1R11
Protein phosphatase 1 regulatory inhibitor subunit 14A	PPP1R14A
Protein phosphatase 1 regulatory inhibitor subunit 14B	PPP1R14B
Protein phosphatase 1 regulatory inhibitor subunit 14C	PPP1R14C
Protein phosphatase 1 regulatory inhibitor subunit 14D	PPP1R14D
Protein phosphatase 1 regulatory inhibitor subunit 1A	PPP1R1A
Protein phosphatase 1 regulatory inhibitor subunit 1B	PPP1R1B
Protein phosphatase 1 regulatory inhibitor subunit 1C	PPP1R1C
Protein phosphatase 1 regulatory inhibitor subunit 2	PPP1R2
Protein phosphatase 1 regulatory subunit 10	PPP1R10
Protein phosphatase 1 regulatory subunit 12A	PPP1R12A
Protein phosphatase 1 regulatory subunit 12B	PPP1R12B
Protein phosphatase 1 regulatory subunit 12C	PPP1R12C
Protein phosphatase 1 regulatory subunit 13 like	PPP1R13L
Protein phosphatase 1 regulatory subunit 13B	PPP1R13B
Protein phosphatase 1 regulatory subunit 15A	PPP1R15A
Protein phosphatase 1 regulatory subunit 15B	PPP1R15B
Protein phosphatase 1 regulatory subunit 16A	PPP1R16A
Protein phosphatase 1 regulatory subunit 16B	PPP1R16B
Protein phosphatase 1 regulatory subunit 17	PPP1R17
Protein phosphatase 1 regulatory subunit 18	PPP1R18
Protein phosphatase 1 regulatory subunit 21	PPP1R21
Protein phosphatase 1 regulatory subunit 26	PPP1R26
Protein phosphatase 1 regulatory subunit 27	PPP1R27
Protein phosphatase 1 regulatory subunit 32	PPP1R32
Protein phosphatase 1 regulatory subunit 35	PPP1R35
Protein phosphatase 1 regulatory subunit 36	PPP1R36
Protein phosphatase 1 regulatory subunit 37	PPP1R37
Protein phosphatase 1 regulatory subunit 3A	PPP1R3A
Protein phosphatase 1 regulatory subunit 3B	PPP1R3B
Protein phosphatase 1 regulatory subunit 3C	PPP1R3C
Protein phosphatase 1 regulatory subunit 3D	PPP1R3D
Protein phosphatase 1 regulatory subunit 3E	PPP1R3E
Protein phosphatase 1 regulatory subunit 3F	PPP1R3F
Protein phosphatase 1 regulatory subunit 3G	PPP1R3G
Protein phosphatase 1 regulatory subunit 7	PPP1R7
Protein phosphatase 1 regulatory subunit 8	PPP1R8
Protein phosphatase 1 regulatory subunit 9A	PPP1R9A
Protein phosphatase 1 regulatory subunit 9B	PPP1R9B
Protein phosphatase 2 catalytic subunit alpha	PPP2CA
Protein phosphatase 2 catalytic subunit beta	PPP2CB
Protein phosphatase 2 phosphatase activator	PTPA
Protein phosphatase 2 regulatory subunit B''alpha	PPP2R3A
Protein phosphatase 2 regulatory subunit B''beta	PPP2R3B
Protein phosphatase 2 regulatory subunit B''gamma	PPP2R3C
Protein phosphatase 2 regulatory subunit B'alpha	PPP2R5A
Protein phosphatase 2 regulatory subunit B'beta	PPP2R5B
Protein phosphatase 2 regulatory subunit B'delta	PPP2R5D
Protein phosphatase 2 regulatory subunit B'epsilon	PPP2R5E
Protein phosphatase 2 regulatory subunit B'gamma	PPP2R5C
Protein phosphatase 2 regulatory subunit Balpha	PPP2R2A
Protein phosphatase 2 regulatory subunit Bbeta	PPP2R2B
Protein phosphatase 2 regulatory subunit Bdelta	PPP2R2D
Protein phosphatase 2 regulatory subunit Bgamma	PPP2R2C
Protein phosphatase 2 scaffold subunit Aalpha	PPP2R1A
Protein phosphatase 2 scaffold subunit Abeta	PPP2R1B
Protein phosphatase 3 catalytic subunit alpha	PPP3CA
Protein phosphatase 3 catalytic subunit beta	PPP3CB
Protein phosphatase 3 catalytic subunit gamma	PPP3CC
Protein phosphatase 3 regulatory subunit B, alpha	PPP3R1
Protein phosphatase 3 regulatory subunit B, beta	PPP3R2
Protein phosphatase 4 catalytic subunit	PPP4C
Protein phosphatase 4 regulatory subunit 1	PPP4R1
Protein phosphatase 4 regulatory subunit 2	PPP4R2
Protein phosphatase 4 regulatory subunit 3A	PPP4R3A
Protein phosphatase 4 regulatory subunit 3B	PPP4R3B
Protein phosphatase 4 regulatory subunit 4	PPP4R4
Protein phosphatase 5 catalytic subunit	PPP5C
Protein phosphatase 6 catalytic subunit	PPP6C
Protein phosphatase 6 regulatory subunit 1	PPP6R1
Protein phosphatase 6 regulatory subunit 2	PPP6R2
Protein phosphatase 6 regulatory subunit 3	PPP6R3
Protein phosphatase methylesterase 1	PPME-1; PPME1
Protein phosphatase targeting COQ7	PPTC-7; PPTC7
Protein phosphatase with EF-hand domain 1	PPEF-1; PPEF1
Protein phosphatase with EF-hand domain 2	PPEF-2; PPEF2
Protein phosphatase, Mg2+/Mn2+ dependent 1A	PPM1A
Protein phosphatase, Mg2+/Mn2+ dependent 1B	PPM1B
Protein phosphatase, Mg2+/Mn2+ dependent 1D	PPM1D
Protein phosphatase, Mg2+/Mn2+ dependent 1E	PPM1E
Protein phosphatase, Mg2+/Mn2+ dependent 1F	PPM1F
Protein phosphatase, Mg2+/Mn2+ dependent 1G	PPM1G
Protein phosphatase, Mg2+/Mn2+ dependent 1H	PPM1H
Protein phosphatase, Mg2+/Mn2+ dependent 1J	PPM1J
Protein phosphatase, Mg2+/Mn2+ dependent 1K	PPM1K
Protein phosphatase, Mg2+/Mn2+ dependent 1L	PPM1L
Protein prenyltransferase alpha subunit repeat containing 1	PTAR-1; PTAR1
Protein regulator of cytokinesis 1	PRC-1; PRC1
Protein S	PROS-1; PROS1
Protein serine kinase H1	PSKH-1; PSKH1
Protein serine kinase H2	PSKH-2; PSKH2
Protein tyrosine kinase 2	PTK-2; PTK2
Protein tyrosine kinase 2 beta	PTK2B
Protein tyrosine kinase 6	PTK-6; PTK6
Protein tyrosine kinase 7 (inactive)	PTK-7; PTK7
Protein tyrosine phosphatase 4A1	PTP4A1
Protein tyrosine phosphatase 4A2	PTP4A2
Protein tyrosine phosphatase 4A3	PTP4A3
Protein tyrosine phosphatase domain containing 1	PTPDC-1; PTPDC1
Protein tyrosine phosphatase mitochondrial 1	PTPMT-1; PTPMT1
Protein tyrosine phosphatase non-receptor type 1	PTPN-1; PTPN1
Protein tyrosine phosphatase non-receptor type 11	PTPN-11; PTPN11
Protein tyrosine phosphatase non-receptor type 12	PTPN-12; PTPN12
Protein tyrosine phosphatase non-receptor type 13	PTPN-13; PTPN13
Protein tyrosine phosphatase non-receptor type 14	PTPN-14; PTPN14
Protein tyrosine phosphatase non-receptor type 18	PTPN-18; PTPN18
Protein tyrosine phosphatase non-receptor type 2	PTPN-2; PTPN2
Protein tyrosine phosphatase non-receptor type 20	PTPN-20; PTPN20
Protein tyrosine phosphatase non-receptor type 21	PTPN-21; PTPN21
Protein tyrosine phosphatase non-receptor type 22	PTPN-22; PTPN22
Protein tyrosine phosphatase non-receptor type 23	PTPN-23; PTPN23
Protein tyrosine phosphatase non-receptor type 3	PTPN-3; PTPN3
Protein tyrosine phosphatase non-receptor type 4	PTPN-4; PTPN4
Protein tyrosine phosphatase non-receptor type 5	PTPN-5; PTPN5
Protein tyrosine phosphatase non-receptor type 6	PTPN-6; PTPN6
Protein tyrosine phosphatase non-receptor type 7	PTPN-7; PTPN7
Protein tyrosine phosphatase non-receptor type 9	PTPN-9; PTPN9
Protein tyrosine phosphatase receptor type A	PTPRA
Protein tyrosine phosphatase receptor type B	PTPRB
Protein tyrosine phosphatase receptor type C	PTPRC
Protein tyrosine phosphatase receptor type C associated protein	PTPRCAP
Protein tyrosine phosphatase receptor type D	PTPRD
Protein tyrosine phosphatase receptor type E	PTPRE
Protein tyrosine phosphatase receptor type F	PTPRF
Protein tyrosine phosphatase receptor type G	PTPRG
Protein tyrosine phosphatase receptor type H	PTPRH
Protein tyrosine phosphatase receptor type J	PTPRJ
Protein tyrosine phosphatase receptor type K	PTPRK
Protein tyrosine phosphatase receptor type M	PTPRM
Protein tyrosine phosphatase receptor type N	PTPRN
Protein tyrosine phosphatase receptor type N2	PTPRN-2; PTPRN2
Protein tyrosine phosphatase receptor type O	PTPRO
Protein tyrosine phosphatase receptor type R	PTPRR
Protein tyrosine phosphatase receptor type S	PTPRS
Protein tyrosine phosphatase receptor type T	PTPRT
Protein tyrosine phosphatase receptor type U	PTPRU
Protein tyrosine phosphatase receptor type Z1	PTPRZ-1; PTPRZ1
Protein Z, vitamin K dependent plasma glycoprotein	PROZ
Protein-glucosylgalactosylhydroxylysine glucosidase	PGGHG
Protein-L-isoaspartate (D-aspartate) O-methyltransferase	PCMT-1; PCMT1
Protein-L-isoaspartate (D-aspartate) O-methyltransferase domain containing 1	PCMTD-1; PCMTD1
Protein-L-isoaspartate (D-aspartate) O-methyltransferase domain containing 2	PCMTD-2; PCMTD2
Proteinase 3	Proteinase-3; PRTN-3; PRTN3
Proteoglycan 2, pro eosinophil major basic protein	PRG-2; PRG2
Proteoglycan 3, pro eosinophil major basic protein 2	PRG-3; PRG3
Proteoglycan 4	PRG-4; PRG4; Proteoglycan-4
Proteolipid protein 1	PLP-1; PLP1; Proteolipid protein-1
Proteolipid protein 2	PLP-2; PLP2; Proteolipid protein-2
Prothymosin alpha	PTMA
Protocadherin 1	PCDH-1; PCDH1; Protocadherin-1
Protocadherin 10	PCDH-10; PCDH10; Protocadherin-10
Protocadherin 11 Y-linked	PCDH11Y
Protocadherin 12	PCDH-12; PCDH12; Protocadherin-12
Protocadherin 17	PCDH-17; PCDH17; Protocadherin-17
Protocadherin 18	PCDH-18; PCDH18; Protocadherin-18
Protocadherin 19	PCDH-19; PCDH19; Protocadherin-19
Protocadherin 7	PCDH-7; PCDH7; Protocadherin-7
Protocadherin 8	PCDH-8; PCDH8; Protocadherin-8
Protocadherin 9	PCDH-9; PCDH9; Protocadherin-9
Protocadherin alpha 2	PCDHA-2; PCDHA2; Protocadherin alpha-2
Protocadherin alpha 4	PCDHA-4; PCDHA4; Protocadherin alpha-4
Protocadherin beta 10	PCDHB-10; PCDHB10; Protocadherin beta-10
Protocadherin beta 12	PCDHB-12; PCDHB12; Protocadherin beta-12
Protocadherin beta 14	PCDHB-14; PCDHB14; Protocadherin beta-14
Protocadherin beta 16	PCDHB-16; PCDHB16; Protocadherin beta-16
Protocadherin beta 2	PCDHB-2; PCDHB2; Protocadherin beta-2
Protocadherin beta 3	PCDHB-3; PCDHB3; Protocadherin beta-3
Protocadherin gamma subfamily A, 4	PCDHGA-4; PCDHGA4
Protocadherin gamma subfamily A, 9	PCDHGA-9; PCDHGA9
Protocadherin gamma subfamily B, 1	PCDHGB-1; PCDHGB1
Protocadherin gamma subfamily B, 3	PCDHGB-3; PCDHGB3
Protocadherin gamma subfamily C, 3	PCDHGC-3; PCDHGC3
Protocadherin gamma subfamily C, 4	PCDHGC-4; PCDHGC4
Protocadherin related 15	PCDH-15; PCDH15; Protocadherin related-15
Proton activated chloride channel 1	PACC-1; PACC1
Protoporphyrinogen oxidase	PPOX
Prune exopolyphosphatase 1	Prune exopolyphosphatase-1; PRUNE-1; PRUNE1
Prune homolog 2 with BCH domain	PRUNE-2; PRUNE2
Pseudopodium enriched atypical kinase 1	PEAK-1; PEAK1
Pseudouridine 5'-phosphatase	PUDP
Pseudouridine synthase 1	Pseudouridine synthase-1; PUS-1; PUS1
Pseudouridine synthase 10	Pseudouridine synthase-10; PUS-10; PUS10
Pseudouridine synthase 3	Pseudouridine synthase-3; PUS-3; PUS3
Pseudouridine synthase 7	Pseudouridine synthase-7; PUS-7; PUS7
Pseudouridine synthase 7 like	PUS7L
Pseudouridine synthase like 1	PUSL-1; PUSL1
PSMC3 interacting protein	PSMC3IP
Psoriasis susceptibility 1 candidate 1	PSORS1C1
Psoriasis susceptibility 1 candidate 2	PSORS1C2
PTEN induced kinase 1	PINK-1; PINK1
Pterin-4 alpha-carbinolamine dehydratase 1	PCBD-1; PCBD1
Pterin-4 alpha-carbinolamine dehydratase 2	PCBD-2; PCBD2
PTGES3L-AARSD1 readthrough	PTGES3L-AARSD1
PTOV1 extended AT-hook containing adaptor protein	PTOV-1; PTOV1
PTPN13 like Y-linked	PRY
PTPN13 like Y-linked 2	PRY-2; PRY2
PTPRF interacting protein alpha 1	PPFIA-1; PPFIA1
PTPRF interacting protein alpha 2	PPFIA-2; PPFIA2
PTPRF interacting protein alpha 3	PPFIA-3; PPFIA3
PTTG1 interacting protein	PTTG1IP
PTTG1 regulator of sister chromatid separation, securin	PTTG-1; PTTG1
Pumilio RNA binding family member 1	PUM-1; PUM1
Pumilio RNA binding family member 2	PUM-2; PUM2
Pumilio RNA binding family member 3	PUM-3; PUM3
Purine nucleoside phosphorylase	PNP
Purine rich element binding protein A	PURA
Purine rich element binding protein B	PURB
Purinergic receptor P2X 1	P2RX1
Purinergic receptor P2X 2	P2RX2
Purinergic receptor P2X 3	P2RX3
Purinergic receptor P2X 4	P2RX4
Purinergic receptor P2X 6	P2RX6
Purinergic receptor P2X 7	P2RX7
Purinergic receptor P2Y1	P2RY1
Purinergic receptor P2Y12	P2RY12
Purinergic receptor P2Y13	P2RY13
Purinergic receptor P2Y2	P2RY2
Purkinje cell protein 2	PCP-2; PCP2
Purkinje cell protein 4	PCP-4; PCP4
PVR cell adhesion molecule	PVR
PVR related immunoglobulin domain containing	PVRIG
PWP1 homolog, endonuclein	PWP-1; PWP1
PWP2 small subunit processome component	PWP-2; PWP2
PWWP domain containing 2A	PWWP2A
PWWP domain containing 2B	PWWP2B
PWWP domain containing 3A, DNA repair factor	PWWP3A
PX domain containing serine/threonine kinase like	PXK
PYD and CARD domain containing	PYCARD
Pygopus family PHD finger 1	PYGO-1; PYGO1
Pygopus family PHD finger 2	PYGO-2; PYGO2
PYM homolog 1, exon junction complex associated factor	PYM-1; PYM1
Pyridine nucleotide-disulphide oxidoreductase domain 1	PYROXD-1; PYROXD1
Pyridine nucleotide-disulphide oxidoreductase domain 2	PYROXD-2; PYROXD2
Pyridoxal dependent decarboxylase domain containing 1	PDXDC-1; PDXDC1
Pyridoxal kinase	PDXK
Pyridoxal phosphatase	PDXP
Pyridoxal phosphate binding protein	PLPBP
Pyridoxamine 5'-phosphate oxidase	PNPO
Pyrimidinergic receptor P2Y4	P2RY4
Pyrimidinergic receptor P2Y6	P2RY6
Pyrin and HIN domain family member 1	PYHIN-1; PYHIN1
Pyrin domain containing 1	PYDC-1; PYDC1
Pyrin domain containing 2	PYDC-2; PYDC2
Pyrin domain containing 5	PYDC-5; PYDC5
Pyroglutamyl-peptidase I	PGPEP-1; PGPEP1
Pyroglutamylated RFamide peptide receptor	QRFPR
Pyrroline-5-carboxylate reductase 1	PYCR-1; PYCR1; Pyrroline-5-carboxylate reductase-1
Pyrroline-5-carboxylate reductase 2	PYCR-2; PYCR2; Pyrroline-5-carboxylate reductase-2
Pyrroline-5-carboxylate reductase 3	PYCR-3; PYCR3; Pyrroline-5-carboxylate reductase-3
Pyruvate carboxylase	PC
Pyruvate dehydrogenase complex component X	PDHX
Pyruvate dehydrogenase E1 subunit alpha 1	PDHA-1; PDHA1
Pyruvate dehydrogenase E1 subunit alpha 2	PDHA-2; PDHA2
Pyruvate dehydrogenase E1 subunit beta	PDHB
Pyruvate dehydrogenase kinase 1	PDK-1; PDK1
Pyruvate dehydrogenase kinase 2	PDK-2; PDK2
Pyruvate dehydrogenase kinase 3	PDK-3; PDK3
Pyruvate dehydrogenase kinase 4	PDK-4; PDK4
Pyruvate dehydrogenase phosphatase catalytic subunit 1	PDP-1; PDP1
Pyruvate dehydrogenase phosphatase regulatory subunit	PDPR
Pyruvate kinase L/R	PKLR
Pyruvate kinase M1/2	PKM
PZP alpha-2-macroglobulin like	PZP
QKI, KH domain containing RNA binding	QKI
Queuine tRNA-ribosyltransferase accessory subunit 2	QTRT-2; QTRT2
Queuine tRNA-ribosyltransferase catalytic subunit 1	QTRT-1; QTRT1
Quiescin sulfhydryl oxidase 1	QSOX-1; QSOX1
Quiescin sulfhydryl oxidase 2	QSOX-2; QSOX2
Quinoid dihydropteridine reductase	QDPR
Quinolinate phosphoribosyltransferase	QPRT
R-spondin 1	R-spondin-1; RSPO-1; RSPO1
R-spondin 2	R-spondin-2; RSPO-2; RSPO2
R-spondin 3	R-spondin-3; RSPO-3; RSPO3
R-spondin 4	R-spondin-4; RSPO-4; RSPO4
R3H domain and coiled-coil containing 1	R3HCC1
R3H domain and coiled-coil containing 1 like	R3HCC1L
R3H domain containing 1	R3HDM1
R3H domain containing 2	R3HDM2
R3H domain containing 4	R3HDM4
Rab acceptor 1	Rab acceptor-1; RABAC-1; RABAC1
Rab geranylgeranyltransferase subunit alpha	RABGGTA
Rab geranylgeranyltransferase subunit beta	RABGGTB
RAB GTPase activating protein 1	RABGAP-1; RABGAP1
RAB GTPase activating protein 1 like	RABGAP1L
RAB guanine nucleotide exchange factor 1	RABGEF-1; RABGEF1
RAB interacting factor	RABIF
Rab interacting lysosomal protein	RILP
Rab interacting lysosomal protein like 1	RILPL-1; RILPL1
Rab interacting lysosomal protein like 2	RILPL-2; RILPL2
RAB, member of RAS oncogene family like 2A	RABL2A
RAB, member of RAS oncogene family like 2B	RABL2B
RAB, member of RAS oncogene family like 3	RABL-3; RABL3
RAB, member RAS oncogene family like 6	RABL-6; RABL6
RAB10, member RAS oncogene family	RAB-10; RAB10
RAB11 binding and LisH domain, coiled-coil and HEAT repeat containing	RELCH
RAB11 family interacting protein 1	RAB11FIP1
RAB11 family interacting protein 2	RAB11FIP2
RAB11 family interacting protein 3	RAB11FIP3
RAB11 family interacting protein 4	RAB11FIP4
RAB11 family interacting protein 5	RAB11FIP5
RAB11A, member RAS oncogene family	RAB11A
RAB11B, member RAS oncogene family	RAB11B
RAB13, member RAS oncogene family	RAB-13; RAB13
RAB14, member RAS oncogene family	RAB-14; RAB14
RAB15 effector protein	REP-15; REP15
RAB15, member RAS oncogene family	RAB-15; RAB15
RAB17, member RAS oncogene family	RAB-17; RAB17
RAB18, member RAS oncogene family	RAB-18; RAB18
RAB19, member RAS oncogene family	RAB-19; RAB19
RAB1A, member RAS oncogene family	RAB1A
RAB1B, member RAS oncogene family	RAB1B
RAB20, member RAS oncogene family	RAB-20; RAB20
RAB21, member RAS oncogene family	RAB-21; RAB21
RAB22A, member RAS oncogene family	RAB22A
RAB23, member RAS oncogene family	RAB-23; RAB23
RAB24, member RAS oncogene family	RAB-24; RAB24
RAB25, member RAS oncogene family	RAB-25; RAB25
RAB26, member RAS oncogene family	RAB-26; RAB26
RAB27A, member RAS oncogene family	RAB27A
RAB27B, member RAS oncogene family	RAB27B
RAB28, member RAS oncogene family	RAB-28; RAB28
RAB29, member RAS oncogene family	RAB-29; RAB29
RAB2A, member RAS oncogene family	RAB2A
RAB2B, member RAS oncogene family	RAB2B
RAB3 GTPase activating non-catalytic protein subunit 2	RAB3GAP2
RAB3 GTPase activating protein catalytic subunit 1	RAB3GAP1
RAB30, member RAS oncogene family	RAB-30; RAB30
RAB31, member RAS oncogene family	RAB-31; RAB31
RAB32, member RAS oncogene family	RAB-32; RAB32
RAB33A, member RAS oncogene family	RAB33A
RAB33B, member RAS oncogene family	RAB33B
RAB34, member RAS oncogene family	RAB-34; RAB34
RAB35, member RAS oncogene family	RAB-35; RAB35
RAB36, member RAS oncogene family	RAB-36; RAB36
RAB37, member RAS oncogene family	RAB-37; RAB37
RAB38, member RAS oncogene family	RAB-38; RAB38
RAB39A, member RAS oncogene family	RAB39A
RAB39B, member RAS oncogene family	RAB39B
RAB3A interacting protein	RAB3IP
RAB3A interacting protein like 1	RAB3IL1
RAB3A, member RAS oncogene family	RAB3A
RAB3B, member RAS oncogene family	RAB3B
RAB3C, member RAS oncogene family	RAB3C
RAB3D, member RAS oncogene family	RAB3D
RAB40A like	RAB40AL
RAB40B, member RAS oncogene family	RAB40B
RAB40C, member RAS oncogene family	RAB40C
RAB41, member RAS oncogene family	RAB-41; RAB41
RAB42, member RAS oncogene family	RAB-42; RAB42
RAB43, member RAS oncogene family	RAB-43; RAB43
RAB44, member RAS oncogene family	RAB-44; RAB44
RAB4A, member RAS oncogene family	RAB4A
RAB4B, member RAS oncogene family	RAB4B
RAB5 interacting factor	RAB5IF
RAB5A, member RAS oncogene family	RAB5A
RAB5B, member RAS oncogene family	RAB5B
RAB5C, member RAS oncogene family	RAB5C
RAB6A, member RAS oncogene family	RAB6A
RAB6B, member RAS oncogene family	RAB6B
RAB6C, member RAS oncogene family	RAB6C
RAB7A interacting MON1-CCZ1 complex subunit 1	RIMOC-1; RIMOC1
RAB7A, member RAS oncogene family	RAB7A
RAB7B, member RAS oncogene family	RAB7B
RAB8A, member RAS oncogene family	RAB8A
RAB8B, member RAS oncogene family	RAB8B
Rab9 effector protein with kelch motifs	RABEPK
RAB9A, member RAS oncogene family	RAB9A
RAB9B, member RAS oncogene family	RAB9B
Rabaptin, RAB GTPase binding effector protein 1	RABEP-1; RABEP1
Rabaptin, RAB GTPase binding effector protein 2	RABEP-2; RABEP2
Rabenosyn, RAB effector	RBSN
Rabphilin 3A	RPH3A
Rabphilin 3A like (without C2 domains)	RPH3AL
Rac family small GTPase 1	RAC-1; RAC1
Rac family small GTPase 2	RAC-2; RAC2
Rac family small GTPase 3	RAC-3; RAC3
Rac GTPase activating protein 1	RACGAP-1; RACGAP1
Rac/Cdc42 guanine nucleotide exchange factor 6	ARHGEF-6; ARHGEF6
RAD1 checkpoint DNA exonuclease	RAD-1; RAD1
RAD17 checkpoint clamp loader component	RAD-17; RAD17
RAD18 E3 ubiquitin protein ligase	RAD-18; RAD18
RAD21 cohesin complex component	RAD-21; RAD21
RAD23 homolog A, nucleotide excision repair protein	RAD23A
RAD23 homolog B, nucleotide excision repair protein	RAD23B
RAD50 double strand break repair protein	RAD-50; RAD50
RAD50 interactor 1	RAD50 interactor-1; RINT-1; RINT1
RAD51 associated protein 1	RAD51AP1
RAD51 associated protein 2	RAD51AP2
RAD51 paralog B	RAD51B
RAD51 paralog C	RAD51C
RAD51 paralog D	RAD51D
RAD51 recombinase	RAD-51; RAD51
RAD52 homolog, DNA repair protein	RAD-52; RAD52
RAD52 motif containing 1	RDM-1; RDM1
RAD54 homolog B	RAD54B
RAD54 like	RAD54L
RAD54 like 2	RAD54 like-2; RAD54L2
RAD9 checkpoint clamp component A	RAD9A
RAD9 checkpoint clamp component B	RAD9B
RAD9-HUS1-RAD1 interacting nuclear orphan 1	RHNO-1; RHNO1
Radial spoke head 14 homolog	RSPH-14; RSPH14
Radial spoke head 6 homolog A	RSPH6A
Radial spoke head component 1	RSPH-1; RSPH1
Radial spoke head component 4A	RSPH4A
Radial spoke head component 9	RSPH-9; RSPH9
Radical S-adenosyl methionine domain containing 1	RSAD-1; RSAD1
Radical S-adenosyl methionine domain containing 2	RSAD-2; RSAD2
Radixin	RDX
Raf-1 proto-oncogene, serine/threonine kinase	RAF-1; RAF1
Raftlin family member 2	RFTN-2; RFTN2
Raftlin, lipid raft linker 1	RFTN-1; RFTN1
Ral GEF with PH domain and SH3 binding motif 1	RALGPS-1; RALGPS1
Ral GEF with PH domain and SH3 binding motif 2	RALGPS-2; RALGPS2
Ral GTPase activating protein catalytic subunit alpha 1	RALGAPA-1; RALGAPA1
Ral GTPase activating protein catalytic subunit alpha 2	RALGAPA-2; RALGAPA2
Ral GTPase activating protein non-catalytic subunit beta	RALGAPB
Ral guanine nucleotide dissociation stimulator	RALGDS
Ral guanine nucleotide dissociation stimulator like 1	RGL-1; RGL1
Ral guanine nucleotide dissociation stimulator like 2	RGL-2; RGL2
Ral guanine nucleotide dissociation stimulator like 3	RGL-3; RGL3
RalA binding protein 1	RALBP-1; RALBP1
RALBP1 associated Eps domain containing 1	REPS-1; REPS1
RALBP1 associated Eps domain containing 2	REPS-2; REPS2
RALY heterogeneous nuclear ribonucleoprotein	RALY
RALY RNA binding protein like	RALYL
RAN binding protein 1	RANBP-1; RANBP1
RAN binding protein 10	RANBP-10; RANBP10
RAN binding protein 2	RANBP-2; RANBP2
RAN binding protein 3	RANBP-3; RANBP3
RAN binding protein 3 like	RANBP3L
RAN binding protein 6	RANBP-6; RANBP6
RAN binding protein 9	RANBP-9; RANBP9
Ran GTPase activating protein 1	RANGAP-1; RANGAP1
RAN guanine nucleotide release factor	RANGRF
RAN, member RAS oncogene family	RAN
RANBP2 like and GRIP domain containing 5	RGPD-5; RGPD5
RANBP2 like and GRIP domain containing 6	RGPD-6; RGPD6
RANBP2 like and GRIP domain containing 8	RGPD-8; RGPD8
RANBP2-type and C3HC4-type zinc finger containing 1	RBCK-1; RBCK1
Rap associating with DIL domain	RADIL
Rap guanine nucleotide exchange factor 1	RAPGEF-1; RAPGEF1
Rap guanine nucleotide exchange factor 2	RAPGEF-2; RAPGEF2
Rap guanine nucleotide exchange factor 3	RAPGEF-3; RAPGEF3
Rap guanine nucleotide exchange factor 4	RAPGEF-4; RAPGEF4
Rap guanine nucleotide exchange factor 5	RAPGEF-5; RAPGEF5
Rap guanine nucleotide exchange factor 6	RAPGEF-6; RAPGEF6
Rap guanine nucleotide exchange factor like 1	RAPGEFL-1; RAPGEFL1
RAP1 GTPase activating protein	RAP1GAP
RAP1 GTPase activating protein 2	RAP1GAP2
Rap1 GTPase-GDP dissociation stimulator 1	RAP1GDS1
RAP1A, member of RAS oncogene family	RAP1A
RAP1B, member of RAS oncogene family	RAP1B
RAP2A, member of RAS oncogene family	RAP2A
RAP2B, member of RAS oncogene family	RAP2B
RAP2C, member of RAS oncogene family	RAP2C
RAR related orphan receptor A	RORA
RAR related orphan receptor B	RORB
RAR related orphan receptor C	RORC
RAS and EF-hand domain containing	RASEF
Ras and Rab interactor 1	RIN-1; RIN1
Ras and Rab interactor 2	RIN-2; RIN2
Ras and Rab interactor 3	RIN-3; RIN3
Ras association (RalGDS/AF-6) and pleckstrin homology domains 1	RAPH-1; RAPH1
Ras association domain family member 1	RASSF-1; RASSF1
Ras association domain family member 10	RASSF-10; RASSF10
Ras association domain family member 2	RASSF-2; RASSF2
Ras association domain family member 3	RASSF-3; RASSF3
Ras association domain family member 4	RASSF-4; RASSF4
Ras association domain family member 5	RASSF-5; RASSF5
Ras association domain family member 6	RASSF-6; RASSF6
Ras association domain family member 7	RASSF-7; RASSF7
Ras association domain family member 8	RASSF-8; RASSF8
Ras converting CAAX endopeptidase 1	RCE-1; RCE1
RAS guanyl releasing protein 1	RASGRP-1; RASGRP1
RAS guanyl releasing protein 2	RASGRP-2; RASGRP2
RAS guanyl releasing protein 3	RASGRP-3; RASGRP3
RAS guanyl releasing protein 4	RASGRP-4; RASGRP4
Ras homolog family member A	RHOA
Ras homolog family member B	RHOB
Ras homolog family member C	RHOC
Ras homolog family member D	RHOD
Ras homolog family member F, filopodia associated	RHOF
Ras homolog family member G	RHOG
Ras homolog family member H	RHOH
Ras homolog family member J	RHOJ
Ras homolog family member Q	RHOQ
Ras homolog family member T1	RHOT-1; RHOT1
Ras homolog family member T2	RHOT-2; RHOT2
Ras homolog family member U	RHOU
Ras homolog family member V	RHOV
Ras homolog, mTORC1 binding	RHEB
Ras interacting protein 1	RASIP-1; RASIP1
RAS like estrogen regulated growth inhibitor	RERG
RAS like family 10 member A	RASL10A
RAS like family 10 member B	RASL10B
RAS like family 11 member A	RASL11A
RAS like family 11 member B	RASL11B
RAS like family 12	RASL-12; RASL12
RAS like proto-oncogene A	RALA
RAS like proto-oncogene B	RALB
Ras like without CAAX 1	RIT-1; RIT1
Ras like without CAAX 2	RIT-2; RIT2
RAS p21 protein activator 1	RASA-1; RASA1
RAS p21 protein activator 2	RASA-2; RASA2
RAS p21 protein activator 3	RASA-3; RASA3
RAS protein activator like 1	RASAL-1; RASAL1
RAS protein activator like 2	RASAL-2; RASAL2
RAS protein activator like 3	RASAL-3; RASAL3
Ras protein specific guanine nucleotide releasing factor 1	RASGRF-1; RASGRF1
Ras protein specific guanine nucleotide releasing factor 2	RASGRF-2; RASGRF2
RAS related	RRAS
RAS related 2	RAS related-2; RRAS-2; RRAS2
Ras related dexamethasone induced 1	RASD-1; RASD1
Ras related GTP binding A	RRAGA
Ras related GTP binding B	RRAGB
Ras related GTP binding C	RRAGC
Ras related GTP binding D	RRAGD
Ras responsive element binding protein 1	RREB-1; RREB1
Ras suppressor protein 1	RSU-1; RSU1
RASD family member 2	RASD-2; RASD2
RasGEF domain family member 1B	RASGEF1B
RB associated KRAB zinc finger	RBAK
RB binding protein 4, chromatin remodeling factor	RBBP-4; RBBP4
RB binding protein 5, histone lysine methyltransferase complex subunit	RBBP-5; RBBP5
RB binding protein 6, ubiquitin ligase	RBBP-6; RBBP6
RB binding protein 7, chromatin remodeling factor	RBBP-7; RBBP7
RB binding protein 8, endonuclease	RBBP-8; RBBP8
RB binding protein 9, serine hydrolase	RBBP-9; RBBP9
RB transcriptional corepressor 1	RB-1; RB1
RB transcriptional corepressor like 1	RBL-1; RBL1
RB transcriptional corepressor like 2	RBL-2; RBL2
RB1 inducible coiled-coil 1	RB1CC1
RBBP8 N-terminal like	RBBP8NL
RBMX like 1	RBMX like-1; RBMXL-1; RBMXL1
RBMX like 2	RBMX like-2; RBMXL-2; RBMXL2
RBPJ interacting and tubulin associated 1	RITA-1; RITA1
RCAN family member 3	RCAN-3; RCAN3
RCC1 and BTB domain containing protein 1	RCBTB-1; RCBTB1
RCC1 and BTB domain containing protein 2	RCBTB-2; RCBTB2
RCC1 domain containing 1	RCCD-1; RCCD1
RCC1 like	RCC1L
RCSD domain containing 1	RCSD-1; RCSD1
RD3 regulator of GUCY2D	RD-3; RD3
RE1 silencing transcription factor	REST
Reactive intermediate imine deaminase A homolog	RIDA
Reactive oxygen species modulator 1	ROMO-1; ROMO1
REC114 meiotic recombination protein	REC-114; REC114
REC8 meiotic recombination protein	REC-8; REC8
Receptor accessory protein 1	REEP-1; REEP1
Receptor accessory protein 2	REEP-2; REEP2
Receptor accessory protein 3	REEP-3; REEP3
Receptor accessory protein 4	REEP-4; REEP4
Receptor accessory protein 5	REEP-5; REEP5
Receptor accessory protein 6	REEP-6; REEP6
Receptor activity modifying protein 1	RAMP-1; RAMP1
Receptor activity modifying protein 2	RAMP-2; RAMP2
Receptor activity modifying protein 3	RAMP-3; RAMP3
Receptor associated protein of the synapse	RAPSN
Receptor for activated C kinase 1	RACK-1; RACK1
Receptor interacting serine/threonine kinase 1	RIPK-1; RIPK1
Receptor interacting serine/threonine kinase 2	RIPK-2; RIPK2
Receptor interacting serine/threonine kinase 3	RIPK-3; RIPK3
Receptor interacting serine/threonine kinase 4	RIPK-4; RIPK4
Receptor like tyrosine kinase	RYK
Receptor transporter protein 2	RTP-2; RTP2
Receptor transporter protein 3	RTP-3; RTP3
Receptor transporter protein 4	RTP-4; RTP4
Receptor transporter protein 5 (putative)	RTP-5; RTP5
Receptor tyrosine kinase like orphan receptor 1	ROR-1; ROR1
Receptor tyrosine kinase like orphan receptor 2	ROR-2; ROR2
Recombination activating 1	RAG-1; RAG1; Recombination activating-1
Recombination activating 2	RAG-2; RAG2; Recombination activating-2
Recombination signal binding protein for immunoglobulin kappa J region	RBPJ
Recombination signal binding protein for immunoglobulin kappa J region like	RBPJL
Recoverin	RCVRN
RecQ like helicase	RECQL
RecQ like helicase 4	RECQL-4; RECQL4
RecQ like helicase 5	RECQL-5; RECQL5
RecQ mediated genome instability 1	RMI-1; RMI1
RecQ mediated genome instability 2	RMI-2; RMI2
Reelin	RELN
Refilin A	RFLNA
Refilin B	RFLNB
Regenerating family member 1 alpha	REG1A
Regenerating family member 1 beta	REG1B
Regenerating family member 3 alpha	REG3A
Regenerating family member 3 gamma	REG3G
Regenerating family member 4	REG-4; REG4
Regucalcin	RGN
Regulating synaptic membrane exocytosis 1	RIMS-1; RIMS1
Regulating synaptic membrane exocytosis 2	RIMS-2; RIMS2
Regulating synaptic membrane exocytosis 3	RIMS-3; RIMS3
Regulating synaptic membrane exocytosis 4	RIMS-4; RIMS4
Regulation of nuclear pre-mRNA domain containing 1A	RPRD1A
Regulation of nuclear pre-mRNA domain containing 1B	RPRD1B
Regulation of nuclear pre-mRNA domain containing 2	RPRD-2; RPRD2
Regulator of calcineurin 1	RCAN-1; RCAN1
Regulator of cell cycle	RGCC
Regulator of chromosome condensation 1	RCC-1; RCC1
Regulator of chromosome condensation 2	RCC-2; RCC2
Regulator of G protein signaling 1	RGS-1; RGS1
Regulator of G protein signaling 10	RGS-10; RGS10
Regulator of G protein signaling 11	RGS-11; RGS11
Regulator of G protein signaling 12	RGS-12; RGS12
Regulator of G protein signaling 13	RGS-13; RGS13
Regulator of G protein signaling 14	RGS-14; RGS14
Regulator of G protein signaling 16	RGS-16; RGS16
Regulator of G protein signaling 17	RGS-17; RGS17
Regulator of G protein signaling 18	RGS-18; RGS18
Regulator of G protein signaling 19	RGS-19; RGS19
Regulator of G protein signaling 2	RGS-2; RGS2
Regulator of G protein signaling 20	RGS-20; RGS20
Regulator of G protein signaling 22	RGS-22; RGS22
Regulator of G protein signaling 3	RGS-3; RGS3
Regulator of G protein signaling 4	RGS-4; RGS4
Regulator of G protein signaling 5	RGS-5; RGS5
Regulator of G protein signaling 6	RGS-6; RGS6
Regulator of G protein signaling 7	RGS-7; RGS7
Regulator of G protein signaling 8	RGS-8; RGS8
Regulator of G protein signaling 9	RGS-9; RGS9
Regulator of hemoglobinization and erythroid cell expansion	RHEX
Regulator of microtubule dynamics 1	RMDN-1; RMDN1
Regulator of microtubule dynamics 2	RMDN-2; RMDN2
Regulator of microtubule dynamics 3	RMDN-3; RMDN3
Regulator of MON1-CCZ1	RMC-1; RMC1
Regulator of solute carriers 1	RSC1A1
Regulator of telomere elongation helicase 1	RTEL-1; RTEL1
Regulatory associated protein of MTOR complex 1	RPTOR
Regulatory factor X associated ankyrin containing protein	RFXANK
Regulatory factor X associated protein	RFXAP
Regulatory factor X1	RFX-1; RFX1
Regulatory factor X2	RFX-2; RFX2
Regulatory factor X3	RFX-3; RFX3
Regulatory factor X4	RFX-4; RFX4
Regulatory factor X5	RFX-5; RFX5
Regulatory factor X6	RFX-6; RFX6
Regulatory factor X7	RFX-7; RFX7
REL proto-oncogene, NF-kB subunit	REL
RELA proto-oncogene, NF-kB subunit	RELA
Relaxin 1	Relaxin-1; RLN-1; RLN1
Relaxin 2	Relaxin-2; RLN-2; RLN2
Relaxin 3	Relaxin-3; RLN-3; RLN3
Relaxin family peptide receptor 1	RXFP-1; RXFP1
Relaxin family peptide receptor 2	RXFP-2; RXFP2
Relaxin family peptide receptor 3	RXFP-3; RXFP3
Relaxin family peptide/INSL5 receptor 4	RXFP-4; RXFP4
RELB proto-oncogene, NF-kB subunit	RELB
RELT like 1	RELL-1; RELL1; RELT like-1
RELT like 2	RELL-2; RELL2; RELT like-2
RELT TNF receptor	RELT
Remodeling and spacing factor 1	RSF-1; RSF1
Renalase, FAD dependent amine oxidase	RNLS
Renin	REN
Renin binding protein	RENBP
Repetin	RPTN
Replication factor C subunit 1	RFC-1; RFC1
Replication factor C subunit 2	RFC-2; RFC2
Replication factor C subunit 3	RFC-3; RFC3
Replication factor C subunit 4	RFC-4; RFC4
Replication factor C subunit 5	RFC-5; RFC5
Replication initiator 1	REPIN-1; REPIN1; Replication initiator-1
Replication protein A1	RPA-1; RPA1
Replication protein A2	RPA-2; RPA2
Replication protein A3	RPA-3; RPA3
Replication protein A4	RPA-4; RPA4
Replication termination factor 2	RTF-2; RTF2
Replication timing regulatory factor 1	RIF-1; RIF1
Reprimo, TP53 dependent G2 arrest mediator homolog	RPRM
Repulsive guidance molecule BMP co-receptor a	RGMA
Repulsive guidance molecule BMP co-receptor b	RGMB
Required for excision 1-B domain containing	REX1BD
Required for meiotic nuclear division 1 homolog	RMND-1; RMND1
Required for meiotic nuclear division 5 homolog A	RMND5A
Required for meiotic nuclear division 5 homolog B	RMND5B
Resistin	RETN
REST corepressor 1	RCOR-1; RCOR1; REST corepressor-1
REST corepressor 2	RCOR-2; RCOR2; REST corepressor-2
REST corepressor 3	RCOR-3; RCOR3; REST corepressor-3
Ret finger protein like 1	RFPL-1; RFPL1
Ret finger protein like 3	RFPL-3; RFPL3
Ret finger protein like 4A	RFPL4A
Ret proto-oncogene	RET
Retbindin	RTBDN
Retention in endoplasmic reticulum sorting receptor 1	RER-1; RER1
Reticulocalbin 1	RCN-1; RCN1; Reticulocalbin-1
Reticulocalbin 2	RCN-2; RCN2; Reticulocalbin-2
Reticulocalbin 3	RCN-3; RCN3; Reticulocalbin-3
Reticulon 1	Reticulon-1; RTN-1; RTN1
Reticulon 2	Reticulon-2; RTN-2; RTN2
Reticulon 3	Reticulon-3; RTN-3; RTN3
Reticulon 4	Reticulon-4; RTN-4; RTN4
Reticulon 4 interacting protein 1	RTN4IP1
Reticulon 4 receptor	RTN4R
Reticulon 4 receptor like 1	RTN4RL1
Reticulon 4 receptor like 2	RTN4RL2
Reticulophagy regulator 1	Reticulophagy regulator-1; RETREG-1; RETREG1
Reticulophagy regulator family member 2	RETREG-2; RETREG2
Reticulophagy regulator family member 3	RETREG-3; RETREG3
Retina and anterior neural fold homeobox	RAX
Retina and anterior neural fold homeobox 2	RAX-2; RAX2
Retinal G protein coupled receptor	RGR
Retinal outer segment membrane protein 1	ROM-1; ROM1
Retinal pigment epithelium-derived rhodopsin homolog	RRH
Retinaldehyde binding protein 1	RLBP-1; RLBP1
Retinitis pigmentosa GTPase regulator	RPGR
Retinoic acid early transcript 1E	RAET1E
Retinoic acid early transcript 1G	RAET1G
Retinoic acid early transcript 1L	RAET1L
Retinoic acid induced 1	RAI-1; RAI1
Retinoic acid induced 14	RAI-14; RAI14
Retinoic acid induced 2	RAI-2; RAI2
Retinoic acid receptor alpha	RARA
Retinoic acid receptor beta	RARB
Retinoic acid receptor gamma	RARG
Retinoic acid receptor responder 1	RARRES-1; RARRES1
Retinoic acid receptor responder 2	RARRES-2; RARRES2
Retinoid isomerohydrolase RPE65	RPE-65; RPE65
Retinoid X receptor alpha	RXRA
Retinoid X receptor beta	RXRB
Retinoid X receptor gamma	RXRG
Retinol binding protein 1	RBP-1; RBP1
Retinol binding protein 2	RBP-2; RBP2
Retinol binding protein 3	RBP-3; RBP3
Retinol binding protein 4	RBP-4; RBP4
Retinol binding protein 5	RBP-5; RBP5
Retinol binding protein 7	RBP-7; RBP7
Retinol dehydrogenase 10	RDH-10; RDH10; Retinol dehydrogenase-10
Retinol dehydrogenase 11	RDH-11; RDH11; Retinol dehydrogenase-11
Retinol dehydrogenase 12	RDH-12; RDH12; Retinol dehydrogenase-12
Retinol dehydrogenase 13	RDH-13; RDH13; Retinol dehydrogenase-13
Retinol dehydrogenase 14	RDH-14; RDH14; Retinol dehydrogenase-14
Retinol dehydrogenase 16	RDH-16; RDH16; Retinol dehydrogenase-16
Retinol dehydrogenase 5	RDH-5; RDH5; Retinol dehydrogenase-5
Retinol dehydrogenase 8	RDH-8; RDH8; Retinol dehydrogenase-8
Retinol saturase	RETSAT
Retinoschisin 1	Retinoschisin-1; RS-1; RS1
Retroelement silencing factor 1	RESF-1; RESF1
Retrotransposon Gag like 10	RTL-10; RTL10
Retrotransposon Gag like 4	RTL-4; RTL4
Retrotransposon Gag like 8A	RTL8A
Retrotransposon Gag like 8B	RTL8B
Retrotransposon Gag like 8C	RTL8C
Retrotransposon Gag like 9	RTL-9; RTL9
REV1 DNA directed polymerase	REV-1; REV1
REV3 like, DNA directed polymerase zeta catalytic subunit	REV3L
Reversion inducing cysteine rich protein with kazal motifs	RECK
REX4 homolog, 3'-5' exonuclease	REXO-4; REXO4
RFT1 homolog	RFT-1; RFT1
RGP1 homolog, RAB6A GEF complex partner 1	RGP-1; RGP1
Rh associated glycoprotein	RHAG
Rh blood group CcEe antigens	RHCE
Rh blood group D antigen	RHD
Rh family B glycoprotein	RHBG
Rh family C glycoprotein	RHCG
RHEB like 1	RHEB like-1; RHEBL-1; RHEBL1
Rho associated coiled-coil containing protein kinase 1	ROCK-1; ROCK1
Rho associated coiled-coil containing protein kinase 2	ROCK-2; ROCK2
Rho family GTPase 1	RND-1; RND1
Rho family GTPase 2	RND-2; RND2
Rho family GTPase 3	RND-3; RND3
RHO family interacting cell polarization regulator 1	RIPOR-1; RIPOR1
RHO family interacting cell polarization regulator 2	RIPOR-2; RIPOR2
Rho GDP dissociation inhibitor alpha	ARHGDIA
Rho GDP dissociation inhibitor beta	ARHGDIB
Rho GDP dissociation inhibitor gamma	ARHGDIG
Rho GTPase activating protein 1	ARHGAP-1; ARHGAP1
Rho GTPase activating protein 10	ARHGAP-10; ARHGAP10
Rho GTPase activating protein 11A	ARHGAP11A
Rho GTPase activating protein 11B	ARHGAP11B
Rho GTPase activating protein 12	ARHGAP-12; ARHGAP12
Rho GTPase activating protein 15	ARHGAP-15; ARHGAP15
Rho GTPase activating protein 17	ARHGAP-17; ARHGAP17
Rho GTPase activating protein 18	ARHGAP-18; ARHGAP18
Rho GTPase activating protein 19	ARHGAP-19; ARHGAP19
Rho GTPase activating protein 20	ARHGAP-20; ARHGAP20
Rho GTPase activating protein 21	ARHGAP-21; ARHGAP21
Rho GTPase activating protein 22	ARHGAP-22; ARHGAP22
Rho GTPase activating protein 23	ARHGAP-23; ARHGAP23
Rho GTPase activating protein 24	ARHGAP-24; ARHGAP24
Rho GTPase activating protein 25	ARHGAP-25; ARHGAP25
Rho GTPase activating protein 26	ARHGAP-26; ARHGAP26
Rho GTPase activating protein 27	ARHGAP-27; ARHGAP27
Rho GTPase activating protein 28	ARHGAP-28; ARHGAP28
Rho GTPase activating protein 29	ARHGAP-29; ARHGAP29
Rho GTPase activating protein 30	ARHGAP-30; ARHGAP30
Rho GTPase activating protein 31	ARHGAP-31; ARHGAP31
Rho GTPase activating protein 32	ARHGAP-32; ARHGAP32
Rho GTPase activating protein 33	ARHGAP-33; ARHGAP33
Rho GTPase activating protein 35	ARHGAP-35; ARHGAP35
Rho GTPase activating protein 39	ARHGAP-39; ARHGAP39
Rho GTPase activating protein 4	ARHGAP-4; ARHGAP4
Rho GTPase activating protein 42	ARHGAP-42; ARHGAP42
Rho GTPase activating protein 44	ARHGAP-44; ARHGAP44
Rho GTPase activating protein 45	ARHGAP-45; ARHGAP45
Rho GTPase activating protein 5	ARHGAP-5; ARHGAP5
Rho GTPase activating protein 6	ARHGAP-6; ARHGAP6
Rho GTPase activating protein 8	ARHGAP-8; ARHGAP8
Rho GTPase activating protein 9	ARHGAP-9; ARHGAP9
Rho guanine nucleotide exchange factor 1	ARHGEF-1; ARHGEF1
Rho guanine nucleotide exchange factor 10	ARHGEF-10; ARHGEF10
Rho guanine nucleotide exchange factor 10 like	ARHGEF10L
Rho guanine nucleotide exchange factor 11	ARHGEF-11; ARHGEF11
Rho guanine nucleotide exchange factor 12	ARHGEF-12; ARHGEF12
Rho guanine nucleotide exchange factor 15	ARHGEF-15; ARHGEF15
Rho guanine nucleotide exchange factor 16	ARHGEF-16; ARHGEF16
Rho guanine nucleotide exchange factor 17	ARHGEF-17; ARHGEF17
Rho guanine nucleotide exchange factor 19	ARHGEF-19; ARHGEF19
Rho guanine nucleotide exchange factor 25	ARHGEF-25; ARHGEF25
Rho guanine nucleotide exchange factor 26	ARHGEF-26; ARHGEF26
Rho guanine nucleotide exchange factor 28	ARHGEF-28; ARHGEF28
Rho guanine nucleotide exchange factor 3	ARHGEF-3; ARHGEF3
Rho guanine nucleotide exchange factor 35	ARHGEF-35; ARHGEF35
Rho guanine nucleotide exchange factor 38	ARHGEF-38; ARHGEF38
Rho guanine nucleotide exchange factor 39	ARHGEF-39; ARHGEF39
Rho guanine nucleotide exchange factor 4	ARHGEF-4; ARHGEF4
Rho guanine nucleotide exchange factor 40	ARHGEF-40; ARHGEF40
Rho guanine nucleotide exchange factor 5	ARHGEF-5; ARHGEF5
Rho guanine nucleotide exchange factor 7	ARHGEF-7; ARHGEF7
Rho related BTB domain containing 1	RHOBTB-1; RHOBTB1
Rho related BTB domain containing 2	RHOBTB-2; RHOBTB2
Rho related BTB domain containing 3	RHOBTB-3; RHOBTB3
Rho/Rac guanine nucleotide exchange factor 18	ARHGEF-18; ARHGEF18
Rho/Rac guanine nucleotide exchange factor 2	ARHGEF-2; ARHGEF2
Rhodopsin	RHO
Rhomboid 5 homolog 1	RHBDF-1; RHBDF1
Rhomboid 5 homolog 2	RHBDF-2; RHBDF2
Rhomboid domain containing 1	RHBDD-1; RHBDD1
Rhomboid domain containing 2	RHBDD-2; RHBDD2
Rhomboid like 1	RHBDL-1; RHBDL1; Rhomboid like-1
Rhomboid like 2	RHBDL-2; RHBDL2; Rhomboid like-2
Rhophilin associated tail protein 1	ROPN-1; ROPN1
Rhophilin associated tail protein 1 like	ROPN1L
Rhophilin associated tail protein 1B	ROPN1B
Rhophilin Rho GTPase binding protein 1	RHPN-1; RHPN1
Rhophilin Rho GTPase binding protein 2	RHPN-2; RHPN2
Rhotekin	RTKN
Rhox homeobox family member 1	RHOXF-1; RHOXF1
Rhox homeobox family member 2	RHOXF-2; RHOXF2
Rhox homeobox family member 2B	RHOXF2B
RIB43A domain with coiled-coils 1	RIBC-1; RIBC1
RIB43A domain with coiled-coils 2	RIBC-2; RIBC2
Ribitol xylosyltransferase 1	Ribitol xylosyltransferase-1; RXYLT-1; RXYLT1
Riboflavin kinase	RFK
Ribokinase	RBKS
Ribonuclease A family member 1, pancreatic	RNASE-1; RNASE1
Ribonuclease A family member 10 (inactive)	RNASE-10; RNASE10
Ribonuclease A family member 11 (inactive)	RNASE-11; RNASE11
Ribonuclease A family member 2	RNASE-2; RNASE2
Ribonuclease A family member 3	RNASE-3; RNASE3
Ribonuclease A family member 4	RNASE-4; RNASE4
Ribonuclease A family member 7	RNASE-7; RNASE7
Ribonuclease A family member 8	RNASE-8; RNASE8
Ribonuclease A family member 9 (inactive)	RNASE-9; RNASE9
Ribonuclease A family member k6	RNASE-6; RNASE6
Ribonuclease H1	RNASEH-1; RNASEH1
Ribonuclease H2 subunit A	RNASEH2A
Ribonuclease H2 subunit B	RNASEH2B
Ribonuclease H2 subunit C	RNASEH2C
Ribonuclease K	RNASEK
Ribonuclease L	RNASEL
Ribonuclease P and MRP subunit p25	RPP-25; RPP25
Ribonuclease P/MRP subunit p14	RPP-14; RPP14
Ribonuclease P/MRP subunit p21	RPP-21; RPP21
Ribonuclease P/MRP subunit p25 like	RPP25L
Ribonuclease P/MRP subunit p30	RPP-30; RPP30
Ribonuclease P/MRP subunit p38	RPP-38; RPP38
Ribonuclease P/MRP subunit p40	RPP-40; RPP40
Ribonuclease T2	RNASET-2; RNASET2
Ribonuclease/angiogenin inhibitor 1	Ribonuclease/angiogenin inhibitor-1; RNH-1; RNH1
Ribonucleic acid export 1	RAE-1; RAE1
Ribonucleoprotein, PTB binding 2	RAVER-2; RAVER2
Ribonucleotide reductase catalytic subunit M1	RRM-1; RRM1
Ribonucleotide reductase regulatory subunit M2	RRM-2; RRM2
Ribonucleotide reductase regulatory TP53 inducible subunit M2B	RRM2B
Ribophorin I	RPN-1; RPN1
Ribophorin II	RPN-2; RPN2
Ribose 5-phosphate isomerase A	RPIA
Ribosomal biogenesis factor	RBIS
Ribosomal L1 domain containing 1	RSL1D1
Ribosomal L24 domain containing 1	RSL24D1
Ribosomal modification protein rimK like family member A	RIMKLA
Ribosomal oxygenase 1	Ribosomal oxygenase-1; RIOX-1; RIOX1
Ribosomal oxygenase 2	Ribosomal oxygenase-2; RIOX-2; RIOX2
Ribosomal protein L10	RPL-10; RPL10
Ribosomal protein L10 like	RPL10L
Ribosomal protein L10a	RPL10A
Ribosomal protein L11	RPL-11; RPL11
Ribosomal protein L12	RPL-12; RPL12
Ribosomal protein L13	RPL-13; RPL13
Ribosomal protein L13a	RPL13A
Ribosomal protein L14	RPL-14; RPL14
Ribosomal protein L15	RPL-15; RPL15
Ribosomal protein L17	RPL-17; RPL17
Ribosomal protein L18	RPL-18; RPL18
Ribosomal protein L18a	RPL18A
Ribosomal protein L19	RPL-19; RPL19
Ribosomal protein L21	RPL-21; RPL21
Ribosomal protein L22	RPL-22; RPL22
Ribosomal protein L22 like 1	RPL22L1
Ribosomal protein L23	RPL-23; RPL23
Ribosomal protein L23a	RPL23A
Ribosomal protein L24	RPL-24; RPL24
Ribosomal protein L26	RPL-26; RPL26
Ribosomal protein L26 like 1	RPL26L1
Ribosomal protein L27	RPL-27; RPL27
Ribosomal protein L27a	RPL27A
Ribosomal protein L28	RPL-28; RPL28
Ribosomal protein L29	RPL-29; RPL29
Ribosomal protein L3	RPL-3; RPL3
Ribosomal protein L3 like	RPL3L
Ribosomal protein L30	RPL-30; RPL30
Ribosomal protein L31	RPL-31; RPL31
Ribosomal protein L32	RPL-32; RPL32
Ribosomal protein L34	RPL-34; RPL34
Ribosomal protein L35	RPL-35; RPL35
Ribosomal protein L35a	RPL35A
Ribosomal protein L36	RPL-36; RPL36
Ribosomal protein L36a	RPL36A
Ribosomal protein L36a like	RPL36AL
Ribosomal protein L37	RPL-37; RPL37
Ribosomal protein L37a	RPL37A
Ribosomal protein L38	RPL-38; RPL38
Ribosomal protein L39	RPL-39; RPL39
Ribosomal protein L39 like	RPL39L
Ribosomal protein L4	RPL-4; RPL4
Ribosomal protein L41	RPL-41; RPL41
Ribosomal protein L5	RPL-5; RPL5
Ribosomal protein L6	RPL-6; RPL6
Ribosomal protein L7	RPL-7; RPL7
Ribosomal protein L7 like 1	RPL7L1
Ribosomal protein L7a	RPL7A
Ribosomal protein L8	RPL-8; RPL8
Ribosomal protein L9	RPL-9; RPL9
Ribosomal protein lateral stalk subunit P0	RPLP-0; RPLP0
Ribosomal protein lateral stalk subunit P1	RPLP-1; RPLP1
Ribosomal protein lateral stalk subunit P2	RPLP-2; RPLP2
Ribosomal protein S10	RPS-10; RPS10
Ribosomal protein S11	RPS-11; RPS11
Ribosomal protein S12	RPS-12; RPS12
Ribosomal protein S13	RPS-13; RPS13
Ribosomal protein S14	RPS-14; RPS14
Ribosomal protein S15	RPS-15; RPS15
Ribosomal protein S15a	RPS15A
Ribosomal protein S16	RPS-16; RPS16
Ribosomal protein S17	RPS-17; RPS17
Ribosomal protein S18	RPS-18; RPS18
Ribosomal protein S19	RPS-19; RPS19
Ribosomal protein S19 binding protein 1	RPS19BP1
Ribosomal protein S2	RPS-2; RPS2
Ribosomal protein S20	RPS-20; RPS20
Ribosomal protein S21	RPS-21; RPS21
Ribosomal protein S23	RPS-23; RPS23
Ribosomal protein S24	RPS-24; RPS24
Ribosomal protein S25	RPS-25; RPS25
Ribosomal protein S26	RPS-26; RPS26
Ribosomal protein S27	RPS-27; RPS27
Ribosomal protein S27 like	RPS27L
Ribosomal protein S27a	RPS27A
Ribosomal protein S28	RPS-28; RPS28
Ribosomal protein S29	RPS-29; RPS29
Ribosomal protein S3	RPS-3; RPS3
Ribosomal protein S3A	RPS3A
Ribosomal protein S4 X-linked	RPS4X
Ribosomal protein S4 Y-linked 1	RPS4Y1
Ribosomal protein S5	RPS-5; RPS5
Ribosomal protein S6	RPS-6; RPS6
Ribosomal protein S6 kinase A1	RPS6KA1
Ribosomal protein S6 kinase A2	RPS6KA2
Ribosomal protein S6 kinase A3	RPS6KA3
Ribosomal protein S6 kinase A4	RPS6KA4
Ribosomal protein S6 kinase A5	RPS6KA5
Ribosomal protein S6 kinase A6	RPS6KA6
Ribosomal protein S6 kinase B1	RPS6KB1
Ribosomal protein S6 kinase B2	RPS6KB2
Ribosomal protein S6 kinase C1	RPS6KC1
Ribosomal protein S7	RPS-7; RPS7
Ribosomal protein S8	RPS-8; RPS8
Ribosomal protein S9	RPS-9; RPS9
Ribosomal protein SA	RPSA
Ribosomal RNA processing 1	RRP-1; RRP1
Ribosomal RNA processing 12 homolog	RRP-12; RRP12
Ribosomal RNA processing 15 homolog	RRP-15; RRP15
Ribosomal RNA processing 1B	RRP1B
Ribosomal RNA processing 36	RRP-36; RRP36
Ribosomal RNA processing 7 homolog A	RRP7A
Ribosomal RNA processing 8	RRP-8; RRP8
Ribosomal RNA processing 9, U3 small nucleolar RNA binding protein	RRP-9; RRP9
Ribosome binding factor A	RBFA
Ribosome binding protein 1	RRBP-1; RRBP1
Ribosome biogenesis regulator 1 homolog	RRS-1; RRS1
Ribosome production factor 1 homolog	RPF-1; RPF1
Ribosome production factor 2 homolog	RPF-2; RPF2
Ribulose-5-phosphate-3-epimerase	RPE
RIC1 homolog, RAB6A GEF complex partner 1	RIC-1; RIC1
RIC3 acetylcholine receptor chaperone	RIC-3; RIC3
RIC8 guanine nucleotide exchange factor A	RIC8A
RIC8 guanine nucleotide exchange factor B	RIC8B
Rieske Fe-S domain containing	RFESD
RIMS binding protein 2	RIMBP-2; RIMBP2
RIMS binding protein 3	RIMBP-3; RIMBP3
RIMS binding protein 3C	RIMBP3C
Ring finger and CCCH-type domains 1	RC3H1
Ring finger and CCCH-type domains 2	RC3H2
Ring finger and CHY zinc finger domain containing 1	RCHY-1; RCHY1
Ring finger and FYVE like domain containing E3 ubiquitin protein ligase	RFFL
Ring finger and SPRY domain containing 1	RSPRY-1; RSPRY1
Ring finger and WD repeat domain 3	RFWD-3; RFWD3
Ring finger protein 1	RING-1; RING1
Ring finger protein 10	RNF-10; RNF10
Ring finger protein 103	RNF-103; RNF103
Ring finger protein 11	RNF-11; RNF11
Ring finger protein 111	RNF-111; RNF111
Ring finger protein 112	RNF-112; RNF112
Ring finger protein 113A	RNF113A
Ring finger protein 113B	RNF113B
Ring finger protein 114	RNF-114; RNF114
Ring finger protein 115	RNF-115; RNF115
Ring finger protein 121	RNF-121; RNF121
Ring finger protein 122	RNF-122; RNF122
Ring finger protein 123	RNF-123; RNF123
Ring finger protein 125	RNF-125; RNF125
Ring finger protein 126	RNF-126; RNF126
Ring finger protein 128	RNF-128; RNF128
Ring finger protein 13	RNF-13; RNF13
Ring finger protein 130	RNF-130; RNF130
Ring finger protein 135	RNF-135; RNF135
Ring finger protein 138	RNF-138; RNF138
Ring finger protein 139	RNF-139; RNF139
Ring finger protein 14	RNF-14; RNF14
Ring finger protein 141	RNF-141; RNF141
Ring finger protein 144A	RNF144A
Ring finger protein 144B	RNF144B
Ring finger protein 146	RNF-146; RNF146
Ring finger protein 150	RNF-150; RNF150
Ring finger protein 151	RNF-151; RNF151
Ring finger protein 152	RNF-152; RNF152
Ring finger protein 157	RNF-157; RNF157
Ring finger protein 165	RNF-165; RNF165
Ring finger protein 166	RNF-166; RNF166
Ring finger protein 167	RNF-167; RNF167
Ring finger protein 168	RNF-168; RNF168
Ring finger protein 169	RNF-169; RNF169
Ring finger protein 17	RNF-17; RNF17
Ring finger protein 170	RNF-170; RNF170
Ring finger protein 175	RNF-175; RNF175
Ring finger protein 181	RNF-181; RNF181
Ring finger protein 182	RNF-182; RNF182
Ring finger protein 183	RNF-183; RNF183
Ring finger protein 185	RNF-185; RNF185
Ring finger protein 186	RNF-186; RNF186
Ring finger protein 187	RNF-187; RNF187
Ring finger protein 19A, RBR E3 ubiquitin protein ligase	RNF19A
Ring finger protein 19B	RNF19B
Ring finger protein 2	RNF-2; RNF2
Ring finger protein 20	RNF-20; RNF20
Ring finger protein 207	RNF-207; RNF207
Ring finger protein 208	RNF-208; RNF208
Ring finger protein 213	RNF-213; RNF213
Ring finger protein 214	RNF-214; RNF214
Ring finger protein 216	RNF-216; RNF216
Ring finger protein 217	RNF-217; RNF217
Ring finger protein 220	RNF-220; RNF220
Ring finger protein 24	RNF-24; RNF24
Ring finger protein 25	RNF-25; RNF25
Ring finger protein 26	RNF-26; RNF26
Ring finger protein 31	RNF-31; RNF31
Ring finger protein 32	RNF-32; RNF32
Ring finger protein 34	RNF-34; RNF34
Ring finger protein 38	RNF-38; RNF38
Ring finger protein 39	RNF-39; RNF39
Ring finger protein 4	RNF-4; RNF4
Ring finger protein 40	RNF-40; RNF40
Ring finger protein 41	RNF-41; RNF41
Ring finger protein 43	RNF-43; RNF43
Ring finger protein 44	RNF-44; RNF44
Ring finger protein 5	RNF-5; RNF5
Ring finger protein 6	RNF-6; RNF6
Ring finger protein 7	RNF-7; RNF7
Ring finger protein 8	RNF-8; RNF8
Ring finger protein, LIM domain interacting	RLIM
Ring finger protein, transmembrane 1	RNFT-1; RNFT1
Ring-box 1	RBX-1; RBX1; Ring-box-1
RING1 and YY1 binding protein	RYBP
RIO kinase 1	RIO kinase-1; RIOK-1; RIOK1
RIO kinase 2	RIO kinase-2; RIOK-2; RIOK2
RIO kinase 3	RIO kinase-3; RIOK-3; RIOK3
RIPOR family member 3	RIPOR-3; RIPOR3
Ripply transcriptional repressor 1	RIPPLY-1; RIPPLY1
Ripply transcriptional repressor 2	RIPPLY-2; RIPPLY2
Ripply transcriptional repressor 3	RIPPLY-3; RIPPLY3
RLF zinc finger	RLF
RNA 2',3'-cyclic phosphate and 5'-OH ligase	RTCB
RNA 3'-terminal phosphate cyclase	RTCA
RNA binding fox-1 homolog 1	RBFOX-1; RBFOX1
RNA binding fox-1 homolog 2	RBFOX-2; RBFOX2
RNA binding motif protein 10	RBM-10; RBM10
RNA binding motif protein 11	RBM-11; RBM11
RNA binding motif protein 12	RBM-12; RBM12
RNA binding motif protein 12B	RBM12B
RNA binding motif protein 14	RBM-14; RBM14
RNA binding motif protein 15	RBM-15; RBM15
RNA binding motif protein 15B	RBM15B
RNA binding motif protein 17	RBM-17; RBM17
RNA binding motif protein 19	RBM-19; RBM19
RNA binding motif protein 20	RBM-20; RBM20
RNA binding motif protein 22	RBM-22; RBM22
RNA binding motif protein 23	RBM-23; RBM23
RNA binding motif protein 24	RBM-24; RBM24
RNA binding motif protein 25	RBM-25; RBM25
RNA binding motif protein 26	RBM-26; RBM26
RNA binding motif protein 27	RBM-27; RBM27
RNA binding motif protein 28	RBM-28; RBM28
RNA binding motif protein 3	RBM-3; RBM3
RNA binding motif protein 33	RBM-33; RBM33
RNA binding motif protein 34	RBM-34; RBM34
RNA binding motif protein 38	RBM-38; RBM38
RNA binding motif protein 39	RBM-39; RBM39
RNA binding motif protein 4	RBM-4; RBM4
RNA binding motif protein 41	RBM-41; RBM41
RNA binding motif protein 42	RBM-42; RBM42
RNA binding motif protein 43	RBM-43; RBM43
RNA binding motif protein 45	RBM-45; RBM45
RNA binding motif protein 46	RBM-46; RBM46
RNA binding motif protein 47	RBM-47; RBM47
RNA binding motif protein 48	RBM-48; RBM48
RNA binding motif protein 4B	RBM4B
RNA binding motif protein 5	RBM-5; RBM5
RNA binding motif protein 6	RBM-6; RBM6
RNA binding motif protein 7	RBM-7; RBM7
RNA binding motif protein 8A	RBM8A
RNA binding motif protein X-linked	RBMX
RNA binding motif protein X-linked 2	RBMX-2; RBMX2
RNA binding motif protein Y-linked family 1 member A1	RBMY1A1
RNA binding motif protein Y-linked family 1 member E	RBMY1E
RNA binding motif protein Y-linked family 1 member F	RBMY1F
RNA binding motif protein Y-linked family 1 member J	RBMY1J
RNA binding motif single stranded interacting protein 1	RBMS-1; RBMS1
RNA binding motif single stranded interacting protein 2	RBMS-2; RBMS2
RNA binding motif single stranded interacting protein 3	RBMS-3; RBMS3
RNA binding protein with serine rich domain 1	RNPS-1; RNPS1
RNA binding protein, mRNA processing factor	RBPMS
RNA binding protein, mRNA processing factor 2	RBPMS-2; RBPMS2
RNA binding region (RNP1, RRM) containing 3	RNPC-3; RNPC3
RNA exonuclease 1 homolog	REXO-1; REXO1
RNA exonuclease 2	REXO-2; REXO2; RNA exonuclease-2
RNA guanine-7 methyltransferase	RNMT
RNA guanine-7 methyltransferase activating subunit	RAMAC
RNA guanylyltransferase and 5'-phosphatase	RNGTT
RNA polymerase I and III subunit C	POLR1C
RNA polymerase I and III subunit D	POLR1D
RNA polymerase I subunit A	POLR1A
RNA polymerase I subunit B	POLR1B
RNA polymerase I subunit E	POLR1E
RNA polymerase I subunit F	POLR1F
RNA polymerase I subunit G	POLR1G
RNA polymerase I subunit H	POLR1H
RNA polymerase II associated protein 1	RPAP-1; RPAP1
RNA polymerase II associated protein 2	RPAP-2; RPAP2
RNA polymerase II associated protein 3	RPAP-3; RPAP3
RNA polymerase II subunit B	POLR2B
RNA polymerase II subunit C	POLR2C
RNA polymerase II subunit D	POLR2D
RNA polymerase II subunit G	POLR2G
RNA polymerase II subunit I	POLR2I
RNA polymerase II subunit J	POLR2J
RNA polymerase II subunit J2	POLR2J2
RNA polymerase II subunit M	POLR2M
RNA polymerase II, I and III subunit E	POLR2E
RNA polymerase II, I and III subunit F	POLR2F
RNA polymerase II, I and III subunit H	POLR2H
RNA polymerase II, I and III subunit K	POLR2K
RNA polymerase II, I and III subunit L	POLR2L
RNA polymerase III subunit A	POLR3A
RNA polymerase III subunit B	POLR3B
RNA polymerase III subunit C	POLR3C
RNA polymerase III subunit D	POLR3D
RNA polymerase III subunit E	POLR3E
RNA polymerase III subunit F	POLR3F
RNA polymerase III subunit G	POLR3G
RNA polymerase III subunit GL	POLR3GL
RNA polymerase III subunit H	POLR3H
RNA polymerase III subunit K	POLR3K
RNA polymerase mitochondrial	POLRMT
RNA pseudouridine synthase D3	RPUSD-3; RPUSD3
RNA pseudouridine synthase D4	RPUSD-4; RPUSD4
RNA pseudouridine synthase domain containing 1	RPUSD-1; RPUSD1
RNA pseudouridine synthase domain containing 2	RPUSD-2; RPUSD2
RNA sensor RIG-I	RIGI
RNA terminal phosphate cyclase like 1	RCL-1; RCL1
RNA transcription, translation and transport factor	RTRAF
Ro60, Y RNA binding protein	RO-60; RO60
Rogdi atypical leucine zipper	ROGDI
ROS proto-oncogene 1, receptor tyrosine kinase	ROS-1; ROS1
Rotatin	RTTN
Round spermatid basic protein 1	RSBN-1; RSBN1
Round spermatid basic protein 1 like	RSBN1L
Roundabout guidance receptor 1	ROBO-1; ROBO1
Roundabout guidance receptor 2	ROBO-2; ROBO2
Roundabout guidance receptor 3	ROBO-3; ROBO3
Roundabout guidance receptor 4	ROBO-4; ROBO4
RP1 axonemal microtubule associated	RP-1; RP1
RP1 like 1	RP1 like-1; RP1L1
RP2 activator of ARL3 GTPase	RP-2; RP2
RP9 pre-mRNA splicing factor	RP-9; RP9
RPA interacting protein	RPAIN
RPA1 related single stranded DNA binding protein, X-linked	RADX
RPGR interacting protein 1	RPGRIP-1; RPGRIP1
RPGRIP1 like	RPGRIP1L
RPTOR independent companion of MTOR complex 2	RICTOR
RRAD and GEM like GTPase 1	REM-1; REM1
RRAD and GEM like GTPase 2	REM-2; REM2
RRAD, Ras related glycolysis inhibitor and calcium channel regulator	RRAD
RRN3 homolog, RNA polymerase I transcription factor	RRN-3; RRN3
RTF1 homolog, Paf1/RNA polymerase II complex component	RTF-1; RTF1
Rubicon autophagy regulator	RUBCN
Rubicon like autophagy enhancer	RUBCNL
RUN and FYVE domain containing 1	RUFY-1; RUFY1
RUN and FYVE domain containing 2	RUFY-2; RUFY2
RUN and FYVE domain containing 3	RUFY-3; RUFY3
RUN and FYVE domain containing 4	RUFY-4; RUFY4
RUN and SH3 domain containing 1	RUSC-1; RUSC1
RUN and SH3 domain containing 2	RUSC-2; RUSC2
RUN domain containing 1	RUNDC-1; RUNDC1
RUN domain containing 3A	RUNDC3A
RUNX family transcription factor 1	RUNX-1; RUNX1
RUNX family transcription factor 2	RUNX-2; RUNX2
RUNX family transcription factor 3	RUNX-3; RUNX3
RUNX1 partner transcriptional co-repressor 1	RUNX1T1
RUS family member 1	RUSF-1; RUSF1
RuvB like AAA ATPase 1	RUVBL-1; RUVBL1
RuvB like AAA ATPase 2	RUVBL-2; RUVBL2
RWD domain containing 1	RWDD-1; RWDD1
RWD domain containing 2A	RWDD2A
RWD domain containing 2B	RWDD2B
RWD domain containing 3	RWDD-3; RWDD3
RWD domain containing 4	RWDD-4; RWDD4
Ryanodine receptor 1	Ryanodine receptor-1; RYR-1; RYR1
Ryanodine receptor 2	Ryanodine receptor-2; RYR-2; RYR2
Ryanodine receptor 3	Ryanodine receptor-3; RYR-3; RYR3
S-antigen visual arrestin	SAG
S-phase cyclin A associated protein in the ER	SCAPER
S-phase kinase associated protein 1	SKP-1; SKP1
S-phase kinase associated protein 2	SKP-2; SKP2
S1 RNA binding domain 1	SRBD-1; SRBD1
S100 calcium binding protein A1	S100A1
S100 calcium binding protein A10	S100A10
S100 calcium binding protein A11	S100A11
S100 calcium binding protein A12	S100A12
S100 calcium binding protein A13	S100A13
S100 calcium binding protein A14	S100A14
S100 calcium binding protein A16	S100A16
S100 calcium binding protein A2	S100A2
S100 calcium binding protein A3	S100A3
S100 calcium binding protein A4	S100A4
S100 calcium binding protein A5	S100A5
S100 calcium binding protein A6	S100A6
S100 calcium binding protein A7	S100A7
S100 calcium binding protein A7A	S100A7A
S100 calcium binding protein A8	S100A8
S100 calcium binding protein A9	S100A9
S100 calcium binding protein B	S100B
S100 calcium binding protein G	S100G
S100 calcium binding protein P	S100P
S100 calcium binding protein Z	S100Z
S100P binding protein	S100PBP
SAC1 like phosphatidylinositide phosphatase	SACM1L
Saccharopine dehydrogenase (putative)	SCCPDH
Sacsin molecular chaperone	SACS
Sad1 and UNC84 domain containing 1	SUN-1; SUN1
Sad1 and UNC84 domain containing 2	SUN-2; SUN2
Sad1 and UNC84 domain containing 3	SUN-3; SUN3
Sad1 and UNC84 domain containing 5	SUN-5; SUN5
SAFB like transcription modulator	SLTM
SAGA complex associated factor 29	SGF-29; SGF29
Saitohin	STH
Salt inducible kinase 1	SIK-1; SIK1
Salt inducible kinase 2	SIK-2; SIK2
Salvador family WW domain containing protein 1	SAV-1; SAV1
SAM and HD domain containing deoxynucleoside triphosphate triphosphohydrolase 1	SAMHD-1; SAMHD1
SAM and SH3 domain containing 1	SASH-1; SASH1
SAM and SH3 domain containing 3	SASH-3; SASH3
SAM domain, SH3 domain and nuclear localization signals 1	SAMSN-1; SAMSN1
SAM pointed domain containing ETS transcription factor	SPDEF
SAMM50 sorting and assembly machinery component	SAMM-50; SAMM50
SAP domain containing ribonucleoprotein	SARNP
SAP30 binding protein	SAP30BP
SAP30 like	SAP30L
Sarcalumenin	SRL
Sarcoglycan alpha	SGCA
Sarcoglycan beta	SGCB
Sarcoglycan delta	SGCD
Sarcoglycan epsilon	SGCE
Sarcoglycan gamma	SGCG
Sarcolemma associated protein	SLMAP
Sarcolipin	SLN
Sarcoma antigen 1	SAGE-1; SAGE1; Sarcoma antigen-1
Sarcosine dehydrogenase	SARDH
SAS-6 centriolar assembly protein	SASS-6; SASS6
SATB homeobox 1	SATB homeobox-1; SATB-1; SATB1
SATB homeobox 2	SATB homeobox-2; SATB-2; SATB2
SBDS ribosome maturation factor	SBDS
Scaffold attachment factor B	SAFB
Scaffold attachment factor B2	SAFB-2; SAFB2
Scaffold protein involved in DNA repair	SPIDR
SCAN domain containing 1	SCAND-1; SCAND1
Scavenger receptor class A member 3	SCARA-3; SCARA3
Scavenger receptor class A member 5	SCARA-5; SCARA5
Scavenger receptor class B member 1	SCARB-1; SCARB1
Scavenger receptor class B member 2	SCARB-2; SCARB2
Scavenger receptor class F member 1	SCARF-1; SCARF1
Scavenger receptor class F member 2	SCARF-2; SCARF2
Scavenger receptor cysteine rich family member with 5 domains	SSC5D
Scavenger receptor family member expressed on T cells 1	SCART-1; SCART1
Schlafen family member 11	SLFN-11; SLFN11
Schlafen family member 12	SLFN-12; SLFN12
Schlafen family member 13	SLFN-13; SLFN13
Schlafen family member 14	SLFN-14; SLFN14
Schlafen family member 5	SLFN-5; SLFN5
Schwannomin interacting protein 1	SCHIP-1; SCHIP1
Sciellin	SCEL
Scinderin	SCIN
Scleraxis bHLH transcription factor	SCX
Sclerostin	SOST
Sclerostin domain containing 1	SOSTDC-1; SOSTDC1
Scm like with four mbt domains 1	SFMBT-1; SFMBT1
Scm like with four mbt domains 2	SFMBT-2; SFMBT2
Scm polycomb group protein homolog 1	SCMH-1; SCMH1
Scm polycomb group protein like 1	SCML-1; SCML1
Scm polycomb group protein like 2	SCML-2; SCML2
Scm polycomb group protein like 4	SCML-4; SCML4
Scratch family transcriptional repressor 1	SCRT-1; SCRT1
Scribble planar cell polarity protein	SCRIB
SCY1 like pseudokinase 1	SCYL-1; SCYL1
SCY1 like pseudokinase 2	SCYL-2; SCYL2
SCY1 like pseudokinase 3	SCYL-3; SCYL3
SDA1 domain containing 1	SDAD-1; SDAD1
SDE2 telomere maintenance homolog	SDE-2; SDE2
SDS3 homolog, SIN3A corepressor complex component	SUDS-3; SUDS3
Sec1 family domain containing 1	SCFD-1; SCFD1
Sec1 family domain containing 2	SCFD-2; SCFD2
SEC11 homolog A, signal peptidase complex subunit	SEC11A
SEC11 homolog C, signal peptidase complex subunit	SEC11C
SEC13 homolog, nuclear pore and COPII coat complex component	SEC-13; SEC13
SEC14 and spectrin domain containing 1	SESTD-1; SESTD1
SEC14 like lipid binding 1	SEC14L1
SEC14 like lipid binding 2	SEC14L2
SEC14 like lipid binding 3	SEC14L3
SEC14 like lipid binding 4	SEC14L4
SEC14 like lipid binding 5	SEC14L5
SEC16 homolog A, endoplasmic reticulum export factor	SEC16A
SEC16 homolog B, endoplasmic reticulum export factor	SEC16B
SEC22 homolog A, vesicle trafficking protein	SEC22A
SEC22 homolog B, vesicle trafficking protein	SEC22B
SEC22 homolog C, vesicle trafficking protein	SEC22C
SEC23 homolog A, COPII coat complex component	SEC23A
SEC23 homolog B, COPII coat complex component	SEC23B
SEC23 interacting protein	SEC23IP
SEC24 homolog A, COPII coat complex component	SEC24A
SEC24 homolog B, COPII coat complex component	SEC24B
SEC24 homolog C, COPII coat complex component	SEC24C
SEC24 homolog D, COPII coat complex component	SEC24D
SEC31 homolog A, COPII coat complex component	SEC31A
SEC31 homolog B, COPII coat complex component	SEC31B
SEC61 translocon subunit alpha 1	SEC61A1
SEC61 translocon subunit beta	SEC61B
SEC61 translocon subunit gamma	SEC61G
SEC62 homolog, preprotein translocation factor	SEC-62; SEC62
SEC63 homolog, protein translocation regulator	SEC-63; SEC63
Secernin 1	SCRN-1; SCRN1; Secernin-1
Secernin 2	SCRN-2; SCRN2; Secernin-2
Secernin 3	SCRN-3; SCRN3; Secernin-3
SECIS binding protein 2	SECISBP-2; SECISBP2
SECIS binding protein 2 like	SECISBP2L
Secondary ossification center associated regulator of chondrocyte maturation	SNORC
Secretagogin, EF-hand calcium binding protein	SCGN
Secreted and transmembrane 1	SECTM-1; SECTM1
Secreted frizzled related protein 1	SFRP-1; SFRP1
Secreted frizzled related protein 2	SFRP-2; SFRP2
Secreted frizzled related protein 4	SFRP-4; SFRP4
Secreted LY6/PLAUR domain containing 1	SLURP-1; SLURP1
Secreted LY6/PLAUR domain containing 2	SLURP-2; SLURP2
Secreted phosphoprotein 1	Secreted phosphoprotein-1; SPP-1; SPP1
Secreted phosphoprotein 2	Secreted phosphoprotein-2; SPP-2; SPP2
Secreted protein acidic and cysteine rich	SPARC
Secretin	SCT
Secretin receptor	SCTR
Secretion associated Ras related GTPase 1A	SAR1A
Secretion associated Ras related GTPase 1B	SAR1B
Secretion regulating guanine nucleotide exchange factor	SERGEF
Secretoglobin family 1A member 1	SCGB1A1
Secretoglobin family 1C member 2	SCGB1C2
Secretoglobin family 1D member 1	SCGB1D1
Secretoglobin family 1D member 4	SCGB1D4
Secretoglobin family 2A member 1	SCGB2A1
Secretoglobin family 2A member 2	SCGB2A2
Secretoglobin family 2B member 2	SCGB2B2
Secretoglobin family 3A member 1	SCGB3A1
Secretoglobin family 3A member 2	SCGB3A2
Secretogranin II	SCG-2; SCG2
Secretogranin III	SCG-3; SCG3
Secretogranin V	SCG-5; SCG5
Secretory carrier membrane protein 1	SCAMP-1; SCAMP1
Secretory carrier membrane protein 2	SCAMP-2; SCAMP2
Secretory carrier membrane protein 3	SCAMP-3; SCAMP3
Secretory carrier membrane protein 4	SCAMP-4; SCAMP4
Secretory carrier membrane protein 5	SCAMP-5; SCAMP5
Secretory leukocyte peptidase inhibitor	SLPI
Sedoheptulokinase	SHPK
SEH1 like nucleoporin	SEH1L
Seizure related 6 homolog	SEZ-6; SEZ6
Seizure related 6 homolog like	SEZ6L
Seizure related 6 homolog like 2	SEZ6L2
SEL1L adaptor subunit of ERAD E3 ubiquitin ligase	SEL1L
SEL1L family member 3	SEL1L3
Selectin E	SELE
Selectin L	SELL
Selectin P	SELP
Selectin P ligand	SELPLG
Selenium binding protein 1	SELENBP-1; SELENBP1
Selenocysteine lyase	SCLY
Selenophosphate synthetase 1	Selenophosphate synthetase-1; SEPHS-1; SEPHS1
Selenophosphate synthetase 2	Selenophosphate synthetase-2; SEPHS-2; SEPHS2
Selenoprotein F	SELENOF
Selenoprotein H	SELENOH
Selenoprotein I	SELENOI
Selenoprotein K	SELENOK
Selenoprotein M	SELENOM
Selenoprotein N	SELENON
Selenoprotein O	SELENOO
Selenoprotein P	SELENOP
Selenoprotein S	SELENOS
Selenoprotein T	SELENOT
Selenoprotein V	SELENOV
Selenoprotein W	SELENOW
SEM1 26S proteasome subunit	SEM-1; SEM1
Semaphorin 3A	SEMA3A
Semaphorin 3B	SEMA3B
Semaphorin 3E	SEMA3E
Semaphorin 3G	SEMA3G
Semaphorin 4A	SEMA4A
Semaphorin 4B	SEMA4B
Semaphorin 4C	SEMA4C
Semaphorin 4D	SEMA4D
Semaphorin 4G	SEMA4G
Semaphorin 5A	SEMA5A
Semaphorin 6A	SEMA6A
Semaphorin 6B	SEMA6B
Semaphorin 6D	SEMA6D
Semaphorin 7A (John Milton Hagen blood group)	SEMA7A
Semenogelin 1	Semenogelin-1; SEMG-1; SEMG1
Semenogelin 2	Semenogelin-2; SEMG-2; SEMG2
Senataxin	SETX
Sep (O-phosphoserine) tRNA:Sec (selenocysteine) tRNA synthase	SEPSECS
Sepiapterin reductase	SPR
Septin 1	SEPTIN-1; Septin-1; SEPTIN1
Septin 10	Septin-10; SEPTIN-10; SEPTIN10
Septin 11	Septin-11; SEPTIN-11; SEPTIN11
Septin 12	SEPTIN-12; Septin-12; SEPTIN12
Septin 14	Septin-14; SEPTIN-14; SEPTIN14
Septin 2	SEPTIN-2; Septin-2; SEPTIN2
Septin 3	SEPTIN-3; Septin-3; SEPTIN3
Septin 4	SEPTIN-4; Septin-4; SEPTIN4
Septin 5	Septin-5; SEPTIN-5; SEPTIN5
Septin 6	Septin-6; SEPTIN-6; SEPTIN6
Septin 7	Septin-7; SEPTIN-7; SEPTIN7
Septin 8	Septin-8; SEPTIN-8; SEPTIN8
Septin 9	Septin-9; SEPTIN-9; SEPTIN9
Sequestosome 1	Sequestosome-1; SQSTM-1; SQSTM1
Serglycin	SRGN
Serine active site containing 1	SERAC-1; SERAC1
Serine and arginine repetitive matrix 1	SRRM-1; SRRM1
Serine and arginine rich splicing factor 1	SRSF-1; SRSF1
Serine and arginine rich splicing factor 10	SRSF-10; SRSF10
Serine and arginine rich splicing factor 11	SRSF-11; SRSF11
Serine and arginine rich splicing factor 2	SRSF-2; SRSF2
Serine and arginine rich splicing factor 3	SRSF-3; SRSF3
Serine and arginine rich splicing factor 4	SRSF-4; SRSF4
Serine and arginine rich splicing factor 5	SRSF-5; SRSF5
Serine and arginine rich splicing factor 6	SRSF-6; SRSF6
Serine and arginine rich splicing factor 7	SRSF-7; SRSF7
Serine and arginine rich splicing factor 8	SRSF-8; SRSF8
Serine and arginine rich splicing factor 9	SRSF-9; SRSF9
Serine carboxypeptidase 1	SCPEP-1; SCPEP1; Serine carboxypeptidase-1
Serine dehydratase	SDS
Serine dehydratase like	SDSL
Serine hydroxymethyltransferase 1	Serine hydroxymethyltransferase-1; SHMT-1; SHMT1
Serine hydroxymethyltransferase 2	Serine hydroxymethyltransferase-2; SHMT-2; SHMT2
Serine incorporator 1	SERINC-1; SERINC1; Serine incorporator-1
Serine incorporator 3	SERINC-3; SERINC3; Serine incorporator-3
Serine palmitoyltransferase long chain base subunit 1	SPTLC-1; SPTLC1
Serine palmitoyltransferase long chain base subunit 2	SPTLC-2; SPTLC2
Serine palmitoyltransferase long chain base subunit 3	SPTLC-3; SPTLC3
Serine palmitoyltransferase small subunit A	SPTSSA
Serine palmitoyltransferase small subunit B	SPTSSB
Serine peptidase inhibitor Kazal type 1	SPINK-1; SPINK1
Serine peptidase inhibitor Kazal type 13	SPINK-13; SPINK13
Serine peptidase inhibitor Kazal type 2	SPINK-2; SPINK2
Serine peptidase inhibitor Kazal type 4	SPINK-4; SPINK4
Serine peptidase inhibitor Kazal type 5	SPINK-5; SPINK5
Serine peptidase inhibitor Kazal type 6	SPINK-6; SPINK6
Serine peptidase inhibitor Kazal type 7	SPINK-7; SPINK7
Serine peptidase inhibitor Kazal type 9	SPINK-9; SPINK9
Serine peptidase inhibitor, Kunitz type 1	SPINT-1; SPINT1
Serine peptidase inhibitor, Kunitz type 2	SPINT-2; SPINT2
Serine protease 1	PRSS-1; PRSS1; Serine protease-1
Serine protease 2	PRSS-2; PRSS2; Serine protease-2
Serine protease 21	PRSS-21; PRSS21; Serine protease-21
Serine protease 22	PRSS-22; PRSS22; Serine protease-22
Serine protease 23	PRSS-23; PRSS23; Serine protease-23
Serine protease 27	PRSS-27; PRSS27; Serine protease-27
Serine protease 3	PRSS-3; PRSS3; Serine protease-3
Serine protease 33	PRSS-33; PRSS33; Serine protease-33
Serine protease 35	PRSS-35; PRSS35; Serine protease-35
Serine protease 36	PRSS-36; PRSS36; Serine protease-36
Serine protease 37	PRSS-37; PRSS37; Serine protease-37
Serine protease 50	PRSS-50; PRSS50; Serine protease-50
Serine protease 53	PRSS-53; PRSS53; Serine protease-53
Serine protease 55	PRSS-55; PRSS55; Serine protease-55
Serine protease 56	PRSS-56; PRSS56; Serine protease-56
Serine protease 57	PRSS-57; PRSS57; Serine protease-57
Serine protease 8	PRSS-8; PRSS8; Serine protease-8
Serine racemase	SRR
Serine rich and transmembrane domain containing 1	SERTM-1; SERTM1
Serine rich single-pass membrane protein 1	SSMEM-1; SSMEM1
Serine/arginine repetitive matrix 2	SRRM-2; SRRM2
Serine/arginine repetitive matrix 4	SRRM-4; SRRM4
Serine/arginine repetitive matrix 5	SRRM-5; SRRM5
Serine/threonine kinase 10	Serine/threonine kinase-10; STK-10; STK10
Serine/threonine kinase 11	Serine/threonine kinase-11; STK-11; STK11
Serine/threonine kinase 11 interacting protein	STK11IP
Serine/threonine kinase 16	Serine/threonine kinase-16; STK-16; STK16
Serine/threonine kinase 17a	STK17A
Serine/threonine kinase 17b	STK17B
Serine/threonine kinase 19	Serine/threonine kinase-19; STK-19; STK19
Serine/threonine kinase 24	Serine/threonine kinase-24; STK-24; STK24
Serine/threonine kinase 25	Serine/threonine kinase-25; STK-25; STK25
Serine/threonine kinase 26	Serine/threonine kinase-26; STK-26; STK26
Serine/threonine kinase 3	Serine/threonine kinase-3; STK-3; STK3
Serine/threonine kinase 32A	STK32A
Serine/threonine kinase 32C	STK32C
Serine/threonine kinase 33	Serine/threonine kinase-33; STK-33; STK33
Serine/threonine kinase 35	Serine/threonine kinase-35; STK-35; STK35
Serine/threonine kinase 36	Serine/threonine kinase-36; STK-36; STK36
Serine/threonine kinase 38	Serine/threonine kinase-38; STK-38; STK38
Serine/threonine kinase 38 like	STK38L
Serine/threonine kinase 39	Serine/threonine kinase-39; STK-39; STK39
Serine/threonine kinase 4	Serine/threonine kinase-4; STK-4; STK4
Serine/threonine kinase 40	Serine/threonine kinase-40; STK-40; STK40
Serine/threonine kinase receptor associated protein	STRAP
Serine/threonine/tyrosine interacting like 1	STYXL-1; STYXL1
Serine/threonine/tyrosine interacting protein	STYX
Serine/threonine/tyrosine kinase 1	Serine/threonine/tyrosine kinase-1; STYK-1; STYK1
Serpin family A member 1	SERPINA-1; SERPINA1
Serpin family A member 10	SERPINA-10; SERPINA10
Serpin family A member 12	SERPINA-12; SERPINA12
Serpin family A member 3	SERPINA-3; SERPINA3
Serpin family A member 4	SERPINA-4; SERPINA4
Serpin family A member 5	SERPINA-5; SERPINA5
Serpin family A member 6	SERPINA-6; SERPINA6
Serpin family A member 7	SERPINA-7; SERPINA7
Serpin family A member 9	SERPINA-9; SERPINA9
Serpin family B member 1	SERPINB-1; SERPINB1
Serpin family B member 10	SERPINB-10; SERPINB10
Serpin family B member 12	SERPINB-12; SERPINB12
Serpin family B member 13	SERPINB-13; SERPINB13
Serpin family B member 2	SERPINB-2; SERPINB2
Serpin family B member 3	SERPINB-3; SERPINB3
Serpin family B member 4	SERPINB-4; SERPINB4
Serpin family B member 5	SERPINB-5; SERPINB5
Serpin family B member 6	SERPINB-6; SERPINB6
Serpin family B member 7	SERPINB-7; SERPINB7
Serpin family B member 8	SERPINB-8; SERPINB8
Serpin family B member 9	SERPINB-9; SERPINB9
Serpin family C member 1	SERPINC-1; SERPINC1
Serpin family D member 1	SERPIND-1; SERPIND1
Serpin family E member 1	SERPINE-1; SERPINE1
Serpin family E member 2	SERPINE-2; SERPINE2
Serpin family F member 1	SERPINF-1; SERPINF1
Serpin family F member 2	SERPINF-2; SERPINF2
Serpin family G member 1	SERPING-1; SERPING1
Serpin family H member 1	SERPINH-1; SERPINH1
Serpin family I member 1	SERPINI-1; SERPINI1
Serpin family I member 2	SERPINI-2; SERPINI2
SERPINE1 mRNA binding protein 1	SERBP-1; SERBP1
Serrate, RNA effector molecule	SRRT
SERTA domain containing 1	SERTAD-1; SERTAD1
SERTA domain containing 2	SERTAD-2; SERTAD2
SERTA domain containing 3	SERTAD-3; SERTAD3
SERTA domain containing 4	SERTAD-4; SERTAD4
Serum amyloid A like 1	SAAL-1; SAAL1
Serum amyloid A1	SAA-1; SAA1
Serum amyloid A2	SAA-2; SAA2
Serum amyloid A4, constitutive	SAA-4; SAA4
Serum response factor	SRF
Serum response factor binding protein 1	SRFBP-1; SRFBP1
Serum/glucocorticoid regulated kinase 1	SGK-1; SGK1
Serum/glucocorticoid regulated kinase 2	SGK-2; SGK2
Serum/glucocorticoid regulated kinase family member 3	SGK-3; SGK3
Seryl-tRNA synthetase 1	SARS-1; SARS1; Seryl-tRNA synthetase-1
Seryl-tRNA synthetase 2, mitochondrial	SARS-2; SARS2
Sestrin 1	SESN-1; SESN1; Sestrin-1
Sestrin 2	SESN-2; SESN2; Sestrin-2
Sestrin 3	SESN-3; SESN3; Sestrin-3
SET and MYND domain containing 1	SMYD-1; SMYD1
SET and MYND domain containing 2	SMYD-2; SMYD2
SET and MYND domain containing 3	SMYD-3; SMYD3
SET and MYND domain containing 4	SMYD-4; SMYD4
SET binding factor 1	SBF-1; SBF1
SET binding factor 2	SBF-2; SBF2
SET binding protein 1	SETBP-1; SETBP1
SET domain and mariner transposase fusion gene	SETMAR
SET domain bifurcated histone lysine methyltransferase 1	SETDB-1; SETDB1
SET domain bifurcated histone lysine methyltransferase 2	SETDB-2; SETDB2
SET domain containing 1A, histone lysine methyltransferase	SETD1A
SET domain containing 1B, histone lysine methyltransferase	SETD1B
SET domain containing 2, histone lysine methyltransferase	SETD-2; SETD2
SET domain containing 3, actin histidine methyltransferase	SETD-3; SETD3
SET domain containing 4	SETD-4; SETD4
SET domain containing 5	SETD-5; SETD5
SET domain containing 6, protein lysine methyltransferase	SETD-6; SETD6
SET domain containing 7, histone lysine methyltransferase	SETD-7; SETD7
SET like protein	SETSIP
SET nuclear proto-oncogene	SET
Sex determining region Y	SRY
Sex hormone binding globulin	SHBG
SFI1 centrin binding protein	SFI-1; SFI1
SFT2 domain containing 1	SFT2D1
SFT2 domain containing 2	SFT2D2
SGT1 homolog, MIS12 kinetochore complex assembly cochaperone	SUGT-1; SUGT1
SH2 domain containing 1A	SH2D1A
SH2 domain containing 1B	SH2D1B
SH2 domain containing 2A	SH2D2A
SH2 domain containing 3A	SH2D3A
SH2 domain containing 3C	SH2D3C
SH2 domain containing 4A	SH2D4A
SH2 domain containing 5	SH2D5
SH2 domain containing adaptor protein B	SHB
SH2B adaptor protein 1	SH2B1
SH2B adaptor protein 2	SH2B2
SH2B adaptor protein 3	SH2B3
SH3 and cysteine rich domain	STAC
SH3 and cysteine rich domain 2	STAC-2; STAC2
SH3 and cysteine rich domain 3	STAC-3; STAC3
SH3 and multiple ankyrin repeat domains 1	SHANK-1; SHANK1
SH3 and multiple ankyrin repeat domains 2	SHANK-2; SHANK2
SH3 and PX domains 2A	SH3PXD2A
SH3 and PX domains 2B	SH3PXD2B
SH3 and SYLF domain containing 1	SH3YL1
SH3 binding domain protein 5 like	SH3BP5L
SH3 domain and tetratricopeptide repeats 1	SH3TC1
SH3 domain and tetratricopeptide repeats 2	SH3TC2
SH3 domain binding glutamate rich protein like	SH3BGRL
SH3 domain binding glutamate rich protein like 2	SH3BGRL2
SH3 domain binding glutamate rich protein like 3	SH3BGRL3
SH3 domain binding kinase family member 3	SBK-3; SBK3
SH3 domain binding protein 1	SH3BP1
SH3 domain binding protein 2	SH3BP2
SH3 domain binding protein 4	SH3BP4
SH3 domain binding protein 5	SH3BP5
SH3 domain containing 19	SH3D19
SH3 domain containing GRB2 like 1, endophilin A2	SH3GL1
SH3 domain containing GRB2 like 2, endophilin A1	SH3GL2
SH3 domain containing GRB2 like 3, endophilin A3	SH3GL3
SH3 domain containing GRB2 like, endophilin B1	SH3GLB1
SH3 domain containing GRB2 like, endophilin B2	SH3GLB2
SH3 domain containing kinase binding protein 1	SH3KBP1
SH3 domain containing ring finger 1	SH3RF1
SH3 domain containing ring finger 2	SH3RF2
SH3 domain containing ring finger 3	SH3RF3
SH3GL interacting endocytic adaptor 1	SGIP-1; SGIP1
SH3KBP1 binding protein 1	SHKBP-1; SHKBP1
SHANK associated RH domain interactor	SHARPIN
SHC adaptor protein 1	SHC-1; SHC1
SHC adaptor protein 2	SHC-2; SHC2
SHC adaptor protein 3	SHC-3; SHC3
SHC adaptor protein 4	SHC-4; SHC4
SHC binding and spindle associated 1	SHCBP-1; SHCBP1
SHC binding and spindle associated 1 like	SHCBP1L
SHH signaling and ciliogenesis regulator SDCCAG8	SDCCAG-8; SDCCAG8
Shieldin complex subunit 1	SHLD-1; SHLD1
Shieldin complex subunit 2	SHLD-2; SHLD2
Shieldin complex subunit 3	SHLD-3; SHLD3
Shiftless antiviral inhibitor of ribosomal frameshifting	SHFL
Shisa family member 2	SHISA-2; SHISA2
Shisa family member 3	SHISA-3; SHISA3
Shisa family member 4	SHISA-4; SHISA4
Shisa family member 5	SHISA-5; SHISA5
Shisa family member 6	SHISA-6; SHISA6
Shisa like 1	Shisa like-1; SHISAL-1; SHISAL1
Shisa like 2A	SHISAL2A
SHOC2 leucine rich repeat scaffold protein	SHOC-2; SHOC2
Shootin 1	Shootin-1; SHTN-1; SHTN1
Short chain dehydrogenase/reductase family 16C member 5	SDR16C5
Short chain dehydrogenase/reductase family 39U member 1	SDR39U1
Short chain dehydrogenase/reductase family 9C member 7	SDR9C7
Short coiled-coil protein	SCOC
Short stature homeobox	SHOX
Short stature homeobox 2	SHOX-2; SHOX2
Short transmembrane mitochondrial protein 1	STMP-1; STMP1
Shortage in chiasmata 1	SHOC-1; SHOC1
SHQ1, H/ACA ribonucleoprotein assembly factor	SHQ-1; SHQ1
Shroom family member 1	SHROOM-1; SHROOM1
Shroom family member 2	SHROOM-2; SHROOM2
Shroom family member 3	SHROOM-3; SHROOM3
Shroom family member 4	SHROOM-4; SHROOM4
Shugoshin 1	SGO-1; SGO1; Shugoshin-1
Shugoshin 2	SGO-2; SGO2; Shugoshin-2
Siah E3 ubiquitin protein ligase 1	SIAH-1; SIAH1
Siah E3 ubiquitin protein ligase 2	SIAH-2; SIAH2
Siah E3 ubiquitin protein ligase family member 3	SIAH-3; SIAH3
Sialic acid acetylesterase	SIAE
Sialic acid binding Ig like lectin 1	SIGLEC-1; SIGLEC1
Sialic acid binding Ig like lectin 10	SIGLEC-10; SIGLEC10
Sialic acid binding Ig like lectin 11	SIGLEC-11; SIGLEC11
Sialic acid binding Ig like lectin 12	SIGLEC-12; SIGLEC12
Sialic acid binding Ig like lectin 14	SIGLEC-14; SIGLEC14
Sialic acid binding Ig like lectin 15	SIGLEC-15; SIGLEC15
Sialic acid binding Ig like lectin 5	SIGLEC-5; SIGLEC5
Sialic acid binding Ig like lectin 6	SIGLEC-6; SIGLEC6
Sialic acid binding Ig like lectin 7	SIGLEC-7; SIGLEC7
Sialic acid binding Ig like lectin 8	SIGLEC-8; SIGLEC8
Sialic acid binding Ig like lectin 9	SIGLEC-9; SIGLEC9
Sialophorin	SPN
SID1 transmembrane family member 2	SIDT-2; SIDT2
Sidekick cell adhesion molecule 2	SDK-2; SDK2
Sideroflexin 1	SFXN-1; SFXN1; Sideroflexin-1
Sideroflexin 2	SFXN-2; SFXN2; Sideroflexin-2
Sideroflexin 3	SFXN-3; SFXN3; Sideroflexin-3
Sideroflexin 4	SFXN-4; SFXN4; Sideroflexin-4
Sideroflexin 5	SFXN-5; SFXN5; Sideroflexin-5
SIGLEC family like 1	SIGLECL-1; SIGLECL1
Sigma non-opioid intracellular receptor 1	SIGMAR-1; SIGMAR1
Signal induced proliferation associated 1 like 1	SIPA1L1
Signal induced proliferation associated 1 like 2	SIPA1L2
Signal induced proliferation associated 1 like 3	SIPA1L3
Signal peptidase complex subunit 1	SPCS-1; SPCS1
Signal peptidase complex subunit 2	SPCS-2; SPCS2
Signal peptidase complex subunit 3	SPCS-3; SPCS3
Signal peptide peptidase like 2A	SPPL2A
Signal peptide peptidase like 2B	SPPL2B
Signal peptide peptidase like 2C	SPPL2C
Signal peptide peptidase like 3	SPPL-3; SPPL3
Signal peptide, CUB domain and EGF like domain containing 1	SCUBE-1; SCUBE1
Signal peptide, CUB domain and EGF like domain containing 2	SCUBE-2; SCUBE2
Signal peptide, CUB domain and EGF like domain containing 3	SCUBE-3; SCUBE3
Signal recognition particle 14	SRP-14; SRP14
Signal recognition particle 19	SRP-19; SRP19
Signal recognition particle 54	SRP-54; SRP54
Signal recognition particle 68	SRP-68; SRP68
Signal recognition particle 72	SRP-72; SRP72
Signal recognition particle 9	SRP-9; SRP9
Signal regulatory protein alpha	SIRPA
Signal regulatory protein beta 1	SIRPB-1; SIRPB1
Signal regulatory protein gamma	SIRPG
Signal sequence receptor subunit 1	SSR-1; SSR1
Signal sequence receptor subunit 2	SSR-2; SSR2
Signal sequence receptor subunit 3	SSR-3; SSR3
Signal sequence receptor subunit 4	SSR-4; SSR4
Signal transducer and activator of transcription 1	STAT-1; STAT1
Signal transducer and activator of transcription 2	STAT-2; STAT2
Signal transducer and activator of transcription 3	STAT-3; STAT3
Signal transducer and activator of transcription 4	STAT-4; STAT4
Signal transducer and activator of transcription 5A	STAT5A
Signal transducer and activator of transcription 5B	STAT5B
Signal transducer and activator of transcription 6	STAT-6; STAT6
Signal transducing adaptor family member 1	STAP-1; STAP1
Signal transducing adaptor family member 2	STAP-2; STAP2
Signal transducing adaptor molecule	STAM
Signal transducing adaptor molecule 2	STAM-2; STAM2
Signal-induced proliferation-associated 1	Signal-induced proliferation-associated-1; SIPA-1; SIPA1
Signaling lymphocytic activation molecule family member 1	SLAMF-1; SLAMF1
Signaling receptor and transporter of retinol STRA6	STRA-6; STRA6
Signaling threshold regulating transmembrane adaptor 1	SIT-1; SIT1
SIK family kinase 3	SIK-3; SIK3
SIL1 nucleotide exchange factor	SIL-1; SIL1
SIM bHLH transcription factor 1	SIM-1; SIM1
SIM bHLH transcription factor 2	SIM-2; SIM2
SIN3 transcription regulator family member A	SIN3A
SIN3 transcription regulator family member B	SIN3B
SIN3-HDAC complex associated factor	SINHCAF
Sin3A associated protein 130	SAP-130; SAP130
Sin3A associated protein 18	SAP-18; SAP18
Sin3A associated protein 25	SAP-25; SAP25
Sin3A associated protein 30	SAP-30; SAP30
Sine oculis binding protein homolog	SOBP
Single Ig and TIR domain containing	SIGIRR
Single stranded DNA binding protein 1	SSBP-1; SSBP1
Single stranded DNA binding protein 2	SSBP-2; SSBP2
Single stranded DNA binding protein 3	SSBP-3; SSBP3
Single stranded DNA binding protein 4	SSBP-4; SSBP4
Single-pass membrane protein with aspartate rich tail 1	SMDT-1; SMDT1
Single-pass membrane protein with coiled-coil domains 1	SMCO-1; SMCO1
Single-pass membrane protein with coiled-coil domains 3	SMCO-3; SMCO3
Single-pass membrane protein with coiled-coil domains 4	SMCO-4; SMCO4
Single-strand-selective monofunctional uracil-DNA glycosylase 1	SMUG-1; SMUG1
Sirtuin 1	SIRT-1; SIRT1; Sirtuin-1
Sirtuin 2	SIRT-2; SIRT2; Sirtuin-2
Sirtuin 3	SIRT-3; SIRT3; Sirtuin-3
Sirtuin 4	SIRT-4; SIRT4; Sirtuin-4
Sirtuin 5	SIRT-5; SIRT5; Sirtuin-5
Sirtuin 6	SIRT-6; SIRT6; Sirtuin-6
Sirtuin 7	SIRT-7; SIRT7; Sirtuin-7
SIVA1 apoptosis inducing factor	SIVA-1; SIVA1
SIX homeobox 1	SIX homeobox-1; SIX-1; SIX1
SIX homeobox 2	SIX homeobox-2; SIX-2; SIX2
SIX homeobox 3	SIX homeobox-3; SIX-3; SIX3
SIX homeobox 4	SIX homeobox-4; SIX-4; SIX4
SIX homeobox 5	SIX homeobox-5; SIX-5; SIX5
SIX homeobox 6	SIX homeobox-6; SIX-6; SIX6
SKI family transcriptional corepressor 1	SKOR-1; SKOR1
SKI family transcriptional corepressor 2	SKOR-2; SKOR2
SKI like proto-oncogene	SKIL
SKI proto-oncogene	SKI
SKI/DACH domain containing 1	SKIDA-1; SKIDA1
SKI2 subunit of superkiller complex	SKIC-2; SKIC2
SKI3 subunit of superkiller complex	SKIC-3; SKIC3
SKI8 subunit of superkiller complex	SKIC-8; SKIC8
SLAIN motif family member 1	SLAIN-1; SLAIN1
SLAIN motif family member 2	SLAIN-2; SLAIN2
SLAM family member 6	SLAMF-6; SLAMF6
SLAM family member 7	SLAMF-7; SLAMF7
SLAM family member 8	SLAMF-8; SLAMF8
SLC2A4 regulator	SLC2A4RG
SLC9A3 regulator 1	SLC9A3 regulator-1; SLC9A3R1
SLC9A3 regulator 2	SLC9A3 regulator-2; SLC9A3R2
SLCO1B3-SLCO1B7 readthrough	SLCO1B3-SLCO1B7
Slingshot protein phosphatase 1	SSH-1; SSH1
Slingshot protein phosphatase 2	SSH-2; SSH2
Slingshot protein phosphatase 3	SSH-3; SSH3
SLIT and NTRK like family member 1	SLITRK-1; SLITRK1
SLIT and NTRK like family member 2	SLITRK-2; SLITRK2
SLIT and NTRK like family member 3	SLITRK-3; SLITRK3
SLIT and NTRK like family member 4	SLITRK-4; SLITRK4
SLIT and NTRK like family member 5	SLITRK-5; SLITRK5
Slit guidance ligand 1	SLIT-1; SLIT1
Slit guidance ligand 2	SLIT-2; SLIT2
SLIT-ROBO Rho GTPase activating protein 1	SRGAP-1; SRGAP1
SLIT-ROBO Rho GTPase activating protein 2	SRGAP-2; SRGAP2
SLIT-ROBO Rho GTPase activating protein 2C	SRGAP2C
SLIT-ROBO Rho GTPase activating protein 3	SRGAP-3; SRGAP3
SLP adaptor and CSK interacting membrane protein	SCIMP
SLU7 homolog, splicing factor	SLU-7; SLU7
SLX1 homolog A, structure-specific endonuclease subunit	SLX1A
SLX1 homolog B, structure-specific endonuclease subunit	SLX1B
SLX4 interacting protein	SLX4IP
SLX4 structure-specific endonuclease subunit	SLX-4; SLX4
SLX9 ribosome biogenesis factor	SLX-9; SLX9
SMAD family member 1	SMAD-1; SMAD1
SMAD family member 2	SMAD-2; SMAD2
SMAD family member 3	SMAD-3; SMAD3
SMAD family member 4	SMAD-4; SMAD4
SMAD family member 5	SMAD-5; SMAD5
SMAD family member 6	SMAD-6; SMAD6
SMAD family member 7	SMAD-7; SMAD7
SMAD family member 9	SMAD-9; SMAD9
Smad nuclear interacting protein 1	SNIP-1; SNIP1
SMAD specific E3 ubiquitin protein ligase 1	SMURF-1; SMURF1
SMAD specific E3 ubiquitin protein ligase 2	SMURF-2; SMURF2
Small ArfGAP 1	Small ArfGAP-1; SMAP-1; SMAP1
Small ArfGAP2	SMAP-2; SMAP2
Small cell adhesion glycoprotein	SMAGP
Small cysteine and glycine repeat containing 1	SCYGR-1; SCYGR1
Small cysteine and glycine repeat containing 10 (gene/pseudogene)	SCYGR-10; SCYGR10
Small cysteine and glycine repeat containing 2	SCYGR-2; SCYGR2
Small cysteine and glycine repeat containing 3	SCYGR-3; SCYGR3
Small cysteine and glycine repeat containing 4	SCYGR-4; SCYGR4
Small cysteine and glycine repeat containing 5	SCYGR-5; SCYGR5
Small cysteine and glycine repeat containing 6	SCYGR-6; SCYGR6
Small cysteine and glycine repeat containing 7	SCYGR-7; SCYGR7
Small cysteine and glycine repeat containing 8	SCYGR-8; SCYGR8
Small EDRK-rich factor 1A	SERF1A
Small EDRK-rich factor 1B	SERF1B
Small EDRK-rich factor 2	SERF-2; SERF2
Small G protein signaling modulator 1	SGSM-1; SGSM1
Small G protein signaling modulator 2	SGSM-2; SGSM2
Small G protein signaling modulator 3	SGSM-3; SGSM3
Small glutamine rich tetratricopeptide repeat co-chaperone alpha	SGTA
Small glutamine rich tetratricopeptide repeat co-chaperone beta	SGTB
Small integral membrane protein 1 (Vel blood group)	SMIM-1; SMIM1
Small integral membrane protein 11	SMIM-11; SMIM11
Small integral membrane protein 12	SMIM-12; SMIM12
Small integral membrane protein 14	SMIM-14; SMIM14
Small integral membrane protein 19	SMIM-19; SMIM19
Small integral membrane protein 2	SMIM-2; SMIM2
Small integral membrane protein 20	SMIM-20; SMIM20
Small integral membrane protein 21	SMIM-21; SMIM21
Small integral membrane protein 22	SMIM-22; SMIM22
Small integral membrane protein 3	SMIM-3; SMIM3
Small integral membrane protein 34	SMIM-34; SMIM34
Small integral membrane protein 4	SMIM-4; SMIM4
Small integral membrane protein 40	SMIM-40; SMIM40
Small integral membrane protein 5	SMIM-5; SMIM5
Small integral membrane protein 7	SMIM-7; SMIM7
Small integral membrane protein 8	SMIM-8; SMIM8
Small leucine rich protein 1	SMLR-1; SMLR1
Small nuclear ribonucleoprotein 13	SNU-13; SNU13
Small nuclear ribonucleoprotein D1 polypeptide	SNRPD-1; SNRPD1
Small nuclear ribonucleoprotein D2 polypeptide	SNRPD-2; SNRPD2
Small nuclear ribonucleoprotein D3 polypeptide	SNRPD-3; SNRPD3
Small nuclear ribonucleoprotein polypeptide A	SNRPA
Small nuclear ribonucleoprotein polypeptide A'	SNRPA-1; SNRPA1
Small nuclear ribonucleoprotein polypeptide B2	SNRPB-2; SNRPB2
Small nuclear ribonucleoprotein polypeptide C	SNRPC
Small nuclear ribonucleoprotein polypeptide E	SNRPE
Small nuclear ribonucleoprotein polypeptide F	SNRPF
Small nuclear ribonucleoprotein polypeptide G	SNRPG
Small nuclear ribonucleoprotein polypeptide N	SNRPN
Small nuclear ribonucleoprotein polypeptides B and B1	SNRPB
Small nuclear ribonucleoprotein U1 subunit 70	SNRNP-70; SNRNP70
Small nuclear ribonucleoprotein U11/U12 subunit 25	SNRNP-25; SNRNP25
Small nuclear ribonucleoprotein U11/U12 subunit 35	SNRNP-35; SNRNP35
Small nuclear ribonucleoprotein U11/U12 subunit 48	SNRNP-48; SNRNP48
Small nuclear ribonucleoprotein U4/U6.U5 subunit 27	SNRNP-27; SNRNP27
Small nuclear ribonucleoprotein U5 subunit 200	SNRNP-200; SNRNP200
Small nuclear ribonucleoprotein U5 subunit 40	SNRNP-40; SNRNP40
Small nuclear RNA activating complex polypeptide 1	SNAPC-1; SNAPC1
Small nuclear RNA activating complex polypeptide 2	SNAPC-2; SNAPC2
Small nuclear RNA activating complex polypeptide 3	SNAPC-3; SNAPC3
Small nuclear RNA activating complex polypeptide 4	SNAPC-4; SNAPC4
Small nuclear RNA activating complex polypeptide 5	SNAPC-5; SNAPC5
Small proline rich protein 1A	SPRR1A
Small proline rich protein 1B	SPRR1B
Small proline rich protein 2A	SPRR2A
Small proline rich protein 3	SPRR-3; SPRR3
Small regulatory polypeptide of amino acid response	SPAAR
Small RNA binding exonuclease protection factor La	SSB
Small transmembrane regulator of ion transport 1	STRIT-1; STRIT1
Small ubiquitin like modifier 1	SUMO-1; SUMO1
Small ubiquitin like modifier 2	SUMO-2; SUMO2
Small ubiquitin like modifier 3	SUMO-3; SUMO3
Small ubiquitin like modifier 4	SUMO-4; SUMO4
Small vasohibin binding protein	SVBP
Small VCP interacting protein	SVIP
SMC5-SMC6 complex localization factor 1	SLF-1; SLF1
SMC5-SMC6 complex localization factor 2	SLF-2; SLF2
SMCR8-C9orf72 complex subunit	SMCR-8; SMCR8
SMG1 nonsense mediated mRNA decay associated PI3K related kinase	SMG-1; SMG1
SMG5 nonsense mediated mRNA decay factor	SMG-5; SMG5
SMG6 nonsense mediated mRNA decay factor	SMG-6; SMG6
SMG7 nonsense mediated mRNA decay factor	SMG-7; SMG7
SMG8 nonsense mediated mRNA decay factor	SMG-8; SMG8
SMG9 nonsense mediated mRNA decay factor	SMG-9; SMG9
Smoothelin	SMTN
Smoothelin like 1	Smoothelin like-1; SMTNL-1; SMTNL1
Smoothened, frizzled class receptor	SMO
SMU1 DNA replication regulator and spliceosomal factor	SMU-1; SMU1
SMYD family member 5	SMYD-5; SMYD5
Snail family transcriptional repressor 1	SNAI-1; SNAI1
Snail family transcriptional repressor 2	SNAI-2; SNAI2
SNAP associated protein	SNAPIN
SNF related kinase	SNRK
SNF2 histone linker PHD RING helicase	SHPRH
Snf2 related CREBBP activator protein	SRCAP
SNF8 subunit of ESCRT-II	SNF-8; SNF8
SNRPN upstream open reading frame	SNURF
Snurportin 1	SNUPN; Snurportin-1
SNW domain containing 1	SNW-1; SNW1
Sodium channel and clathrin linker 1	SCLT-1; SCLT1
Sodium channel epithelial 1 subunit alpha	SCNN1A
Sodium channel epithelial 1 subunit beta	SCNN1B
Sodium channel epithelial 1 subunit delta	SCNN1D
Sodium channel epithelial 1 subunit gamma	SCNN1G
Sodium channel modifier 1	SCNM-1; SCNM1
Sodium leak channel, non-selective	NALCN
Sodium voltage-gated channel alpha subunit 1	SCN1A
Sodium voltage-gated channel alpha subunit 10	SCN10A
Sodium voltage-gated channel alpha subunit 11	SCN11A
Sodium voltage-gated channel alpha subunit 2	SCN2A
Sodium voltage-gated channel alpha subunit 3	SCN3A
Sodium voltage-gated channel alpha subunit 4	SCN4A
Sodium voltage-gated channel alpha subunit 5	SCN5A
Sodium voltage-gated channel alpha subunit 7	SCN7A
Sodium voltage-gated channel alpha subunit 8	SCN8A
Sodium voltage-gated channel alpha subunit 9	SCN9A
Sodium voltage-gated channel beta subunit 1	SCN1B
Sodium voltage-gated channel beta subunit 2	SCN2B
Sodium voltage-gated channel beta subunit 3	SCN3B
Sodium voltage-gated channel beta subunit 4	SCN4B
Sodium/potassium transporting ATPase interacting 4	NKAIN-4; NKAIN4
Solute carrier family 1 member 1	SLC1A1
Solute carrier family 1 member 2	SLC1A2
Solute carrier family 1 member 3	SLC1A3
Solute carrier family 1 member 4	SLC1A4
Solute carrier family 1 member 5	SLC1A5
Solute carrier family 1 member 6	SLC1A6
Solute carrier family 10 member 1	SLC10A1
Solute carrier family 10 member 2	SLC10A2
Solute carrier family 10 member 4	SLC10A4
Solute carrier family 10 member 6	SLC10A6
Solute carrier family 10 member 7	SLC10A7
Solute carrier family 11 member 2	SLC11A2
Solute carrier family 12 member 1	SLC12A1
Solute carrier family 12 member 2	SLC12A2
Solute carrier family 12 member 3	SLC12A3
Solute carrier family 12 member 4	SLC12A4
Solute carrier family 12 member 5	SLC12A5
Solute carrier family 12 member 6	SLC12A6
Solute carrier family 12 member 7	SLC12A7
Solute carrier family 12 member 8	SLC12A8
Solute carrier family 12 member 9	SLC12A9
Solute carrier family 13 member 1	SLC13A1
Solute carrier family 13 member 2	SLC13A2
Solute carrier family 13 member 3	SLC13A3
Solute carrier family 13 member 4	SLC13A4
Solute carrier family 13 member 5	SLC13A5
Solute carrier family 14 member 1 (Kidd blood group)	SLC14A1
Solute carrier family 14 member 2	SLC14A2
Solute carrier family 15 member 1	SLC15A1
Solute carrier family 15 member 2	SLC15A2
Solute carrier family 15 member 3	SLC15A3
Solute carrier family 15 member 4	SLC15A4
Solute carrier family 15 member 5	SLC15A5
Solute carrier family 16 member 1	SLC16A1
Solute carrier family 16 member 10	SLC16A10
Solute carrier family 16 member 12	SLC16A12
Solute carrier family 16 member 13	SLC16A13
Solute carrier family 16 member 2	SLC16A2
Solute carrier family 16 member 3	SLC16A3
Solute carrier family 16 member 4	SLC16A4
Solute carrier family 16 member 5	SLC16A5
Solute carrier family 16 member 6	SLC16A6
Solute carrier family 16 member 7	SLC16A7
Solute carrier family 16 member 8	SLC16A8
Solute carrier family 16 member 9	SLC16A9
Solute carrier family 17 member 1	SLC17A1
Solute carrier family 17 member 3	SLC17A3
Solute carrier family 17 member 5	SLC17A5
Solute carrier family 17 member 8	SLC17A8
Solute carrier family 17 member 9	SLC17A9
Solute carrier family 18 member A1	SLC18A1
Solute carrier family 18 member A2	SLC18A2
Solute carrier family 18 member A3	SLC18A3
Solute carrier family 18 member B1	SLC18B1
Solute carrier family 19 member 1	SLC19A1
Solute carrier family 19 member 2	SLC19A2
Solute carrier family 19 member 3	SLC19A3
Solute carrier family 2 member 1	SLC2A1
Solute carrier family 2 member 10	SLC2A10
Solute carrier family 2 member 13	SLC2A13
Solute carrier family 2 member 2	SLC2A2
Solute carrier family 2 member 3	SLC2A3
Solute carrier family 2 member 4	SLC2A4
Solute carrier family 2 member 5	SLC2A5
Solute carrier family 2 member 6	SLC2A6
Solute carrier family 2 member 7	SLC2A7
Solute carrier family 2 member 8	SLC2A8
Solute carrier family 2 member 9	SLC2A9
Solute carrier family 20 member 1	SLC20A1
Solute carrier family 20 member 2	SLC20A2
Solute carrier family 22 member 1	SLC22A1
Solute carrier family 22 member 11	SLC22A11
Solute carrier family 22 member 12	SLC22A12
Solute carrier family 22 member 13	SLC22A13
Solute carrier family 22 member 14	SLC22A14
Solute carrier family 22 member 16	SLC22A16
Solute carrier family 22 member 17	SLC22A17
Solute carrier family 22 member 18	SLC22A18
Solute carrier family 22 member 2	SLC22A2
Solute carrier family 22 member 23	SLC22A23
Solute carrier family 22 member 24	SLC22A24
Solute carrier family 22 member 3	SLC22A3
Solute carrier family 22 member 4	SLC22A4
Solute carrier family 22 member 5	SLC22A5
Solute carrier family 22 member 6	SLC22A6
Solute carrier family 22 member 7	SLC22A7
Solute carrier family 22 member 8	SLC22A8
Solute carrier family 22 member 9	SLC22A9
Solute carrier family 23 member 1	SLC23A1
Solute carrier family 23 member 2	SLC23A2
Solute carrier family 24 member 1	SLC24A1
Solute carrier family 24 member 2	SLC24A2
Solute carrier family 24 member 4	SLC24A4
Solute carrier family 24 member 5	SLC24A5
Solute carrier family 25 member 1	SLC25A1
Solute carrier family 25 member 10	SLC25A10
Solute carrier family 25 member 11	SLC25A11
Solute carrier family 25 member 12	SLC25A12
Solute carrier family 25 member 13	SLC25A13
Solute carrier family 25 member 15	SLC25A15
Solute carrier family 25 member 16	SLC25A16
Solute carrier family 25 member 17	SLC25A17
Solute carrier family 25 member 18	SLC25A18
Solute carrier family 25 member 19	SLC25A19
Solute carrier family 25 member 2	SLC25A2
Solute carrier family 25 member 20	SLC25A20
Solute carrier family 25 member 21	SLC25A21
Solute carrier family 25 member 22	SLC25A22
Solute carrier family 25 member 23	SLC25A23
Solute carrier family 25 member 24	SLC25A24
Solute carrier family 25 member 25	SLC25A25
Solute carrier family 25 member 26	SLC25A26
Solute carrier family 25 member 29	SLC25A29
Solute carrier family 25 member 3	SLC25A3
Solute carrier family 25 member 30	SLC25A30
Solute carrier family 25 member 31	SLC25A31
Solute carrier family 25 member 32	SLC25A32
Solute carrier family 25 member 33	SLC25A33
Solute carrier family 25 member 35	SLC25A35
Solute carrier family 25 member 36	SLC25A36
Solute carrier family 25 member 37	SLC25A37
Solute carrier family 25 member 38	SLC25A38
Solute carrier family 25 member 39	SLC25A39
Solute carrier family 25 member 4	SLC25A4
Solute carrier family 25 member 40	SLC25A40
Solute carrier family 25 member 42	SLC25A42
Solute carrier family 25 member 46	SLC25A46
Solute carrier family 25 member 48	SLC25A48
Solute carrier family 25 member 5	SLC25A5
Solute carrier family 25 member 51	SLC25A51
Solute carrier family 25 member 6	SLC25A6
Solute carrier family 26 member 1	SLC26A1
Solute carrier family 26 member 11	SLC26A11
Solute carrier family 26 member 2	SLC26A2
Solute carrier family 26 member 3	SLC26A3
Solute carrier family 26 member 4	SLC26A4
Solute carrier family 26 member 5	SLC26A5
Solute carrier family 26 member 6	SLC26A6
Solute carrier family 26 member 8	SLC26A8
Solute carrier family 26 member 9	SLC26A9
Solute carrier family 27 member 1	SLC27A1
Solute carrier family 27 member 2	SLC27A2
Solute carrier family 27 member 3	SLC27A3
Solute carrier family 27 member 4	SLC27A4
Solute carrier family 27 member 5	SLC27A5
Solute carrier family 28 member 1	SLC28A1
Solute carrier family 28 member 3	SLC28A3
Solute carrier family 29 member 1 (Augustine blood group)	SLC29A1
Solute carrier family 29 member 2	SLC29A2
Solute carrier family 29 member 3	SLC29A3
Solute carrier family 29 member 4	SLC29A4
Solute carrier family 3 member 1	SLC3A1
Solute carrier family 3 member 2	SLC3A2
Solute carrier family 30 member 1	SLC30A1
Solute carrier family 30 member 10	SLC30A10
Solute carrier family 30 member 2	SLC30A2
Solute carrier family 30 member 3	SLC30A3
Solute carrier family 30 member 4	SLC30A4
Solute carrier family 30 member 5	SLC30A5
Solute carrier family 30 member 6	SLC30A6
Solute carrier family 30 member 8	SLC30A8
Solute carrier family 30 member 9	SLC30A9
Solute carrier family 31 member 1	SLC31A1
Solute carrier family 31 member 2	SLC31A2
Solute carrier family 33 member 1	SLC33A1
Solute carrier family 34 member 1	SLC34A1
Solute carrier family 34 member 2	SLC34A2
Solute carrier family 34 member 3	SLC34A3
Solute carrier family 35 member A1	SLC35A1
Solute carrier family 35 member A2	SLC35A2
Solute carrier family 35 member A3	SLC35A3
Solute carrier family 35 member A4	SLC35A4
Solute carrier family 35 member A5	SLC35A5
Solute carrier family 35 member B1	SLC35B1
Solute carrier family 35 member B2	SLC35B2
Solute carrier family 35 member B3	SLC35B3
Solute carrier family 35 member B4	SLC35B4
Solute carrier family 35 member C1	SLC35C1
Solute carrier family 35 member C2	SLC35C2
Solute carrier family 35 member D1	SLC35D1
Solute carrier family 35 member D2	SLC35D2
Solute carrier family 35 member E1	SLC35E1
Solute carrier family 35 member E3	SLC35E3
Solute carrier family 35 member E4	SLC35E4
Solute carrier family 35 member F1	SLC35F1
Solute carrier family 35 member F2	SLC35F2
Solute carrier family 35 member F5	SLC35F5
Solute carrier family 35 member F6	SLC35F6
Solute carrier family 35 member G1	SLC35G1
Solute carrier family 35 member G2	SLC35G2
Solute carrier family 35 member G5	SLC35G5
Solute carrier family 36 member 1	SLC36A1
Solute carrier family 36 member 2	SLC36A2
Solute carrier family 36 member 4	SLC36A4
Solute carrier family 38 member 1	SLC38A1
Solute carrier family 38 member 10	SLC38A10
Solute carrier family 38 member 11	SLC38A11
Solute carrier family 38 member 2	SLC38A2
Solute carrier family 38 member 3	SLC38A3
Solute carrier family 38 member 4	SLC38A4
Solute carrier family 38 member 5	SLC38A5
Solute carrier family 38 member 6	SLC38A6
Solute carrier family 38 member 7	SLC38A7
Solute carrier family 38 member 8	SLC38A8
Solute carrier family 38 member 9	SLC38A9
Solute carrier family 39 member 1	SLC39A1
Solute carrier family 39 member 10	SLC39A10
Solute carrier family 39 member 13	SLC39A13
Solute carrier family 39 member 14	SLC39A14
Solute carrier family 39 member 2	SLC39A2
Solute carrier family 39 member 3	SLC39A3
Solute carrier family 39 member 4	SLC39A4
Solute carrier family 39 member 5	SLC39A5
Solute carrier family 39 member 6	SLC39A6
Solute carrier family 39 member 7	SLC39A7
Solute carrier family 39 member 8	SLC39A8
Solute carrier family 39 member 9	SLC39A9
Solute carrier family 4 member 1 (Diego blood group)	SLC4A1
Solute carrier family 4 member 1 adaptor protein	SLC4A1AP
Solute carrier family 4 member 10	SLC4A10
Solute carrier family 4 member 11	SLC4A11
Solute carrier family 4 member 2	SLC4A2
Solute carrier family 4 member 3	SLC4A3
Solute carrier family 4 member 4	SLC4A4
Solute carrier family 4 member 7	SLC4A7
Solute carrier family 4 member 8	SLC4A8
Solute carrier family 40 member 1	SLC40A1
Solute carrier family 41 member 1	SLC41A1
Solute carrier family 41 member 2	SLC41A2
Solute carrier family 41 member 3	SLC41A3
Solute carrier family 43 member 1	SLC43A1
Solute carrier family 43 member 2	SLC43A2
Solute carrier family 43 member 3	SLC43A3
Solute carrier family 44 member 1	SLC44A1
Solute carrier family 44 member 2	SLC44A2
Solute carrier family 44 member 3	SLC44A3
Solute carrier family 44 member 4	SLC44A4
Solute carrier family 44 member 5	SLC44A5
Solute carrier family 45 member 1	SLC45A1
Solute carrier family 45 member 2	SLC45A2
Solute carrier family 45 member 4	SLC45A4
Solute carrier family 46 member 1	SLC46A1
Solute carrier family 46 member 3	SLC46A3
Solute carrier family 47 member 1	SLC47A1
Solute carrier family 47 member 2	SLC47A2
Solute carrier family 48 member 1	SLC48A1
Solute carrier family 49 member 3	SLC49A3
Solute carrier family 49 member 4	SLC49A4
Solute carrier family 5 member 1	SLC5A1
Solute carrier family 5 member 10	SLC5A10
Solute carrier family 5 member 11	SLC5A11
Solute carrier family 5 member 2	SLC5A2
Solute carrier family 5 member 3	SLC5A3
Solute carrier family 5 member 4	SLC5A4
Solute carrier family 5 member 5	SLC5A5
Solute carrier family 5 member 6	SLC5A6
Solute carrier family 5 member 7	SLC5A7
Solute carrier family 5 member 8	SLC5A8
Solute carrier family 5 member 9	SLC5A9
Solute carrier family 50 member 1	SLC50A1
Solute carrier family 51 subunit alpha	SLC51A
Solute carrier family 51 subunit beta	SLC51B
Solute carrier family 52 member 1	SLC52A1
Solute carrier family 52 member 2	SLC52A2
Solute carrier family 52 member 3	SLC52A3
Solute carrier family 6 member 1	SLC6A1
Solute carrier family 6 member 12	SLC6A12
Solute carrier family 6 member 13	SLC6A13
Solute carrier family 6 member 14	SLC6A14
Solute carrier family 6 member 15	SLC6A15
Solute carrier family 6 member 17	SLC6A17
Solute carrier family 6 member 19	SLC6A19
Solute carrier family 6 member 2	SLC6A2
Solute carrier family 6 member 20	SLC6A20
Solute carrier family 6 member 3	SLC6A3
Solute carrier family 6 member 4	SLC6A4
Solute carrier family 6 member 5	SLC6A5
Solute carrier family 6 member 6	SLC6A6
Solute carrier family 6 member 7	SLC6A7
Solute carrier family 6 member 8	SLC6A8
Solute carrier family 6 member 9	SLC6A9
Solute carrier family 66 member 1	SLC66A1
Solute carrier family 66 member 2	SLC66A2
Solute carrier family 7 member 1	SLC7A1
Solute carrier family 7 member 10	SLC7A10
Solute carrier family 7 member 11	SLC7A11
Solute carrier family 7 member 14	SLC7A14
Solute carrier family 7 member 2	SLC7A2
Solute carrier family 7 member 3	SLC7A3
Solute carrier family 7 member 5	SLC7A5
Solute carrier family 7 member 6	SLC7A6
Solute carrier family 7 member 6 opposite strand	SLC7A6OS
Solute carrier family 7 member 7	SLC7A7
Solute carrier family 7 member 8	SLC7A8
Solute carrier family 7 member 9	SLC7A9
Solute carrier family 8 member A1	SLC8A1
Solute carrier family 8 member A3	SLC8A3
Solute carrier family 8 member B1	SLC8B1
Solute carrier family 9 member A1	SLC9A1
Solute carrier family 9 member A3	SLC9A3
Solute carrier family 9 member A5	SLC9A5
Solute carrier family 9 member A6	SLC9A6
Solute carrier family 9 member A7	SLC9A7
Solute carrier family 9 member A8	SLC9A8
Solute carrier family 9 member A9	SLC9A9
Solute carrier family 9 member B2	SLC9B2
Solute carrier organic anion transporter family member 1A2	SLCO1A2
Solute carrier organic anion transporter family member 1B1	SLCO1B1
Solute carrier organic anion transporter family member 1B3	SLCO1B3
Solute carrier organic anion transporter family member 1C1	SLCO1C1
Solute carrier organic anion transporter family member 2A1	SLCO2A1
Solute carrier organic anion transporter family member 2B1	SLCO2B1
Solute carrier organic anion transporter family member 3A1	SLCO3A1
Solute carrier organic anion transporter family member 4A1	SLCO4A1
Solute carrier organic anion transporter family member 4C1	SLCO4C1
Solute carrier organic anion transporter family member 6A1	SLCO6A1
Somatomedin B and thrombospondin type 1 domain containing	SBSPON
Somatostatin	SST
Somatostatin receptor 1	Somatostatin receptor-1; SSTR-1; SSTR1
Somatostatin receptor 2	Somatostatin receptor-2; SSTR-2; SSTR2
Somatostatin receptor 3	Somatostatin receptor-3; SSTR-3; SSTR3
Somatostatin receptor 4	Somatostatin receptor-4; SSTR-4; SSTR4
Somatostatin receptor 5	Somatostatin receptor-5; SSTR-5; SSTR5
SON DNA and RNA binding protein	SON
Sonic hedgehog signaling molecule	SHH
Sorbin and SH3 domain containing 1	SORBS-1; SORBS1
Sorbin and SH3 domain containing 2	SORBS-2; SORBS2
Sorbin and SH3 domain containing 3	SORBS-3; SORBS3
Sorbitol dehydrogenase	SORD
Sorcin	SRI
Sortilin 1	SORT-1; SORT1; Sortilin-1
Sortilin related receptor 1	SORL-1; SORL1
Sortilin related VPS10 domain containing receptor 1	SORCS-1; SORCS1
Sortilin related VPS10 domain containing receptor 2	SORCS-2; SORCS2
Sortilin related VPS10 domain containing receptor 3	SORCS-3; SORCS3
Sorting nexin 1	SNX-1; SNX1; Sorting nexin-1
Sorting nexin 10	SNX-10; SNX10; Sorting nexin-10
Sorting nexin 11	SNX-11; SNX11; Sorting nexin-11
Sorting nexin 12	SNX-12; SNX12; Sorting nexin-12
Sorting nexin 13	SNX-13; SNX13; Sorting nexin-13
Sorting nexin 14	SNX-14; SNX14; Sorting nexin-14
Sorting nexin 15	SNX-15; SNX15; Sorting nexin-15
Sorting nexin 16	SNX-16; SNX16; Sorting nexin-16
Sorting nexin 17	SNX-17; SNX17; Sorting nexin-17
Sorting nexin 18	SNX-18; SNX18; Sorting nexin-18
Sorting nexin 19	SNX-19; SNX19; Sorting nexin-19
Sorting nexin 2	SNX-2; SNX2; Sorting nexin-2
Sorting nexin 20	SNX-20; SNX20; Sorting nexin-20
Sorting nexin 22	SNX-22; SNX22; Sorting nexin-22
Sorting nexin 24	SNX-24; SNX24; Sorting nexin-24
Sorting nexin 25	SNX-25; SNX25; Sorting nexin-25
Sorting nexin 27	SNX-27; SNX27; Sorting nexin-27
Sorting nexin 29	SNX-29; SNX29; Sorting nexin-29
Sorting nexin 3	SNX-3; SNX3; Sorting nexin-3
Sorting nexin 31	SNX-31; SNX31; Sorting nexin-31
Sorting nexin 32	SNX-32; SNX32; Sorting nexin-32
Sorting nexin 33	SNX-33; SNX33; Sorting nexin-33
Sorting nexin 4	SNX-4; SNX4; Sorting nexin-4
Sorting nexin 5	SNX-5; SNX5; Sorting nexin-5
Sorting nexin 6	SNX-6; SNX6; Sorting nexin-6
Sorting nexin 7	SNX-7; SNX7; Sorting nexin-7
Sorting nexin 8	SNX-8; SNX8; Sorting nexin-8
Sorting nexin 9	SNX-9; SNX9; Sorting nexin-9
Sorting nexin family member 21	SNX-21; SNX21
Sorting nexin family member 30	SNX-30; SNX30
SOS Ras/Rac guanine nucleotide exchange factor 1	SOS-1; SOS1
SOS Ras/Rho guanine nucleotide exchange factor 2	SOS-2; SOS2
Sosondowah ankyrin repeat domain family member A	SOWAHA
Sosondowah ankyrin repeat domain family member B	SOWAHB
Sosondowah ankyrin repeat domain family member C	SOWAHC
Sp1 transcription factor	SP-1; SP1
SP100 nuclear antigen	SP-100; SP100
SP110 nuclear body protein	SP-110; SP110
SP140 nuclear body protein	SP-140; SP140
SP140 nuclear body protein like	SP140L
Sp2 transcription factor	SP-2; SP2
Sp3 transcription factor	SP-3; SP3
Sp4 transcription factor	SP-4; SP4
Sp6 transcription factor	SP-6; SP6
Sp7 transcription factor	SP-7; SP7
Sp8 transcription factor	SP-8; SP8
Spalt like transcription factor 1	SALL-1; SALL1
Spalt like transcription factor 2	SALL-2; SALL2
Spalt like transcription factor 3	SALL-3; SALL3
Spalt like transcription factor 4	SALL-4; SALL4
SPANX family member A2	SPANXA-2; SPANXA2
SPANX family member B1	SPANXB-1; SPANXB1
SPANX family member C	SPANXC
SPANX family member D	SPANXD
SPANX family member N2	SPANXN-2; SPANXN2
SPANX family member N3	SPANXN-3; SPANXN3
SPARC (osteonectin), cwcv and kazal like domains proteoglycan 1	SPOCK-1; SPOCK1
SPARC (osteonectin), cwcv and kazal like domains proteoglycan 2	SPOCK-2; SPOCK2
SPARC (osteonectin), cwcv and kazal like domains proteoglycan 3	SPOCK-3; SPOCK3
SPARC like 1	SPARC like-1; SPARCL-1; SPARCL1
SPARC related modular calcium binding 1	SMOC-1; SMOC1
SPARC related modular calcium binding 2	SMOC-2; SMOC2
Spartin	SPART
Spastin	SPAST
SPATA31 subfamily A member 7	SPATA31A7
SPC24 component of NDC80 kinetochore complex	SPC-24; SPC24
SPC25 component of NDC80 kinetochore complex	SPC-25; SPC25
Speckle type BTB/POZ protein	SPOP
Speckle type BTB/POZ protein like	SPOPL
Spectrin alpha, erythrocytic 1	SPTA-1; SPTA1
Spectrin alpha, non-erythrocytic 1	SPTAN-1; SPTAN1
Spectrin beta, erythrocytic	SPTB
Spectrin beta, non-erythrocytic 1	SPTBN-1; SPTBN1
Spectrin beta, non-erythrocytic 2	SPTBN-2; SPTBN2
Spectrin beta, non-erythrocytic 4	SPTBN-4; SPTBN4
Spectrin beta, non-erythrocytic 5	SPTBN-5; SPTBN5
Spectrin repeat containing nuclear envelope family member 3	SYNE-3; SYNE3
Spectrin repeat containing nuclear envelope family member 4	SYNE-4; SYNE4
Spectrin repeat containing nuclear envelope protein 1	SYNE-1; SYNE1
Spectrin repeat containing nuclear envelope protein 2	SYNE-2; SYNE2
Speedy/RINGO cell cycle regulator family member A	SPDYA
Speedy/RINGO cell cycle regulator family member C	SPDYC
Speedy/RINGO cell cycle regulator family member E2	SPDYE-2; SPDYE2
Speedy/RINGO cell cycle regulator family member E4	SPDYE-4; SPDYE4
Speedy/RINGO cell cycle regulator family member E6	SPDYE-6; SPDYE6
Spen family transcriptional repressor	SPEN
Sperm acrosome associated 1	SPACA-1; SPACA1
Sperm acrosome associated 3	SPACA-3; SPACA3
Sperm acrosome associated 4	SPACA-4; SPACA4
Sperm acrosome associated 6	SPACA-6; SPACA6
Sperm acrosome associated 7	SPACA-7; SPACA7
Sperm acrosome associated 9	SPACA-9; SPACA9
Sperm acrosome developmental regulator	SPACDR
Sperm adhesion molecule 1	SPAM-1; SPAM1
Sperm antigen with calponin homology and coiled-coil domains 1	SPECC-1; SPECC1
Sperm antigen with calponin homology and coiled-coil domains 1 like	SPECC1L
Sperm associated antigen 1	SPAG-1; SPAG1
Sperm associated antigen 11B	SPAG11B
Sperm associated antigen 16	SPAG-16; SPAG16
Sperm associated antigen 17	SPAG-17; SPAG17
Sperm associated antigen 4	SPAG-4; SPAG4
Sperm associated antigen 5	SPAG-5; SPAG5
Sperm associated antigen 7	SPAG-7; SPAG7
Sperm associated antigen 8	SPAG-8; SPAG8
Sperm associated antigen 9	SPAG-9; SPAG9
Sperm autoantigenic protein 17	SPA-17; SPA17
Sperm equatorial segment protein 1	SPESP-1; SPESP1
Sperm flagellar 1	SPEF-1; SPEF1; Sperm flagellar-1
Sperm flagellar 2	SPEF-2; SPEF2; Sperm flagellar-2
Sperm mitochondria associated cysteine rich protein	SMCP
Sperm protein associated with the nucleus, X-linked, family member A1	SPANXA-1; SPANXA1
Sperm tail PG-rich repeat containing 1	STPG-1; STPG1
Sperm-tail PG-rich repeat containing 4	STPG-4; STPG4
Spermatid perinuclear RNA binding protein	STRBP
Spermatogenesis and centriole associated 1 like	SPATC1L
Spermatogenesis and oogenesis specific basic helix-loop-helix 1	SOHLH-1; SOHLH1
Spermatogenesis associated 12	SPATA-12; SPATA12; Spermatogenesis associated-12
Spermatogenesis associated 13	SPATA-13; SPATA13; Spermatogenesis associated-13
Spermatogenesis associated 16	SPATA-16; SPATA16; Spermatogenesis associated-16
Spermatogenesis associated 17	SPATA-17; SPATA17; Spermatogenesis associated-17
Spermatogenesis associated 18	SPATA-18; SPATA18; Spermatogenesis associated-18
Spermatogenesis associated 2	SPATA-2; SPATA2; Spermatogenesis associated-2
Spermatogenesis associated 2 like	SPATA2L
Spermatogenesis associated 22	SPATA-22; SPATA22; Spermatogenesis associated-22
Spermatogenesis associated 24	SPATA-24; SPATA24; Spermatogenesis associated-24
Spermatogenesis associated 25	SPATA-25; SPATA25; Spermatogenesis associated-25
Spermatogenesis associated 32	SPATA-32; SPATA32; Spermatogenesis associated-32
Spermatogenesis associated 33	SPATA-33; SPATA33; Spermatogenesis associated-33
Spermatogenesis associated 4	SPATA-4; SPATA4; Spermatogenesis associated-4
Spermatogenesis associated 46	SPATA-46; SPATA46; Spermatogenesis associated-46
Spermatogenesis associated 5	SPATA-5; SPATA5; Spermatogenesis associated-5
Spermatogenesis associated 5 like 1	SPATA5L1
Spermatogenesis associated 6	SPATA-6; SPATA6; Spermatogenesis associated-6
Spermatogenesis associated 7	SPATA-7; SPATA7; Spermatogenesis associated-7
Spermatogenesis associated serine rich 1	SPATS-1; SPATS1
Spermatogenesis associated serine rich 2	SPATS-2; SPATS2
Spermatogenesis associated serine rich 2 like	SPATS2L
Spermatogenic leucine zipper 1	SPZ-1; SPZ1
Spermidine synthase	SRM
Spermidine/spermine N1-acetyltransferase 1	SAT-1; SAT1; Spermidine/spermine N1-acetyltransferase-1
Spermidine/spermine N1-acetyltransferase family member 2	SAT-2; SAT2
Spermine oxidase	SMOX
Spermine synthase	SMS
Spexin hormone	SPX
SPG11 vesicle trafficking associated, spatacsin	SPG-11; SPG11
SPG21 abhydrolase domain containing, maspardin	SPG-21; SPG21
SPG7 matrix AAA peptidase subunit, paraplegin	SPG-7; SPG7
Sphingolipid transporter 1 (putative)	SPNS-1; SPNS1
Sphingolipid transporter 2	Sphingolipid transporter-2; SPNS-2; SPNS2
Sphingolipid transporter 3 (putative)	SPNS-3; SPNS3
Sphingomyelin phosphodiesterase 1	SMPD-1; SMPD1; Sphingomyelin phosphodiesterase-1
Sphingomyelin phosphodiesterase 2	SMPD-2; SMPD2; Sphingomyelin phosphodiesterase-2
Sphingomyelin phosphodiesterase 3	SMPD-3; SMPD3; Sphingomyelin phosphodiesterase-3
Sphingomyelin phosphodiesterase 4	SMPD-4; SMPD4; Sphingomyelin phosphodiesterase-4
Sphingomyelin phosphodiesterase acid like 3A	SMPDL3A
Sphingomyelin phosphodiesterase acid like 3B	SMPDL3B
Sphingomyelin synthase 1	SGMS-1; SGMS1; Sphingomyelin synthase-1
Sphingomyelin synthase 2	SGMS-2; SGMS2; Sphingomyelin synthase-2
Sphingosine kinase 1	Sphingosine kinase-1; SPHK-1; SPHK1
Sphingosine kinase 2	Sphingosine kinase-2; SPHK-2; SPHK2
Sphingosine-1-phosphate lyase 1	SGPL-1; SGPL1; Sphingosine-1-phosphate lyase-1
Sphingosine-1-phosphate phosphatase 1	SGPP-1; SGPP1; Sphingosine-1-phosphate phosphatase-1
Sphingosine-1-phosphate phosphatase 2	SGPP-2; SGPP2; Sphingosine-1-phosphate phosphatase-2
Sphingosine-1-phosphate receptor 1	S1PR1; Sphingosine-1-phosphate receptor-1
Sphingosine-1-phosphate receptor 2	S1PR2; Sphingosine-1-phosphate receptor-2
Sphingosine-1-phosphate receptor 3	S1PR3; Sphingosine-1-phosphate receptor-3
Sphingosine-1-phosphate receptor 4	S1PR4; Sphingosine-1-phosphate receptor-4
Sphingosine-1-phosphate receptor 5	S1PR5; Sphingosine-1-phosphate receptor-5
SPHK1 interactor, AKAP domain containing	SPHKAP
Spi-1 proto-oncogene	SPI-1; SPI1
Spi-B transcription factor	SPIB
Spi-C transcription factor	SPIC
Spindle and centriole associated protein 1	SPICE-1; SPICE1
Spindle and kinetochore associated complex subunit 1	SKA-1; SKA1
Spindle and kinetochore associated complex subunit 2	SKA-2; SKA2
Spindle and kinetochore associated complex subunit 3	SKA-3; SKA3
Spindle apparatus coiled-coil protein 1	SPDL-1; SPDL1
Spindlin 1	SPIN-1; SPIN1; Spindlin-1
Spindlin family member 2A	SPIN2A
Spindlin family member 2B	SPIN2B
Spindlin family member 3	SPIN-3; SPIN3
Spindlin family member 4	SPIN-4; SPIN4
Spindlin interactor and repressor of chromatin binding	SPINDOC
Spire type actin nucleation factor 1	SPIRE-1; SPIRE1
Spire type actin nucleation factor 2	SPIRE-2; SPIRE2
SplA/ryanodine receptor domain and SOCS box containing 1	SPSB-1; SPSB1
SplA/ryanodine receptor domain and SOCS box containing 2	SPSB-2; SPSB2
SplA/ryanodine receptor domain and SOCS box containing 3	SPSB-3; SPSB3
SplA/ryanodine receptor domain and SOCS box containing 4	SPSB-4; SPSB4
Spleen associated tyrosine kinase	SYK
Spliceosome associated factor 1, recruiter of U4/U6.U5 tri-snRNP	SART-1; SART1
Spliceosome associated factor 3, U4/U6 recycling protein	SART-3; SART3
Splicing factor 1	SF-1; SF1; Splicing factor-1
Splicing factor 3a subunit 1	SF3A1
Splicing factor 3a subunit 2	SF3A2
Splicing factor 3a subunit 3	SF3A3
Splicing factor 3b subunit 1	SF3B1
Splicing factor 3b subunit 2	SF3B2
Splicing factor 3b subunit 3	SF3B3
Splicing factor 3b subunit 4	SF3B4
Splicing factor 3b subunit 5	SF3B5
Splicing factor 3b subunit 6	SF3B6
Splicing factor proline and glutamine rich	SFPQ
Splicing factor SWAP	SFSWAP
Splicing regulatory glutamic acid and lysine rich protein 1	SREK-1; SREK1
SPO11 initiator of meiotic double stranded breaks	SPO-11; SPO11
Spondin 1	SPON-1; SPON1; Spondin-1
Spondin 2	SPON-2; SPON2; Spondin-2
SPOUT domain containing methyltransferase 1	SPOUT-1; SPOUT1
Sprouty related EVH1 domain containing 1	SPRED-1; SPRED1
Sprouty related EVH1 domain containing 2	SPRED-2; SPRED2
Sprouty related EVH1 domain containing 3	SPRED-3; SPRED3
Sprouty RTK signaling antagonist 1	SPRY-1; SPRY1
Sprouty RTK signaling antagonist 2	SPRY-2; SPRY2
Sprouty RTK signaling antagonist 3	SPRY-3; SPRY3
Sprouty RTK signaling antagonist 4	SPRY-4; SPRY4
SprT-like N-terminal domain	SPRTN
SPRY domain containing 3	SPRYD-3; SPRYD3
SPRY domain containing 4	SPRYD-4; SPRYD4
SPRY domain containing 7	SPRYD-7; SPRYD7
SPT16 homolog, facilitates chromatin remodeling subunit	SUPT16H
SPT2 chromatin protein domain containing 1	SPTY2D1
SPT20 homolog, SAGA complex component	SUPT20H
SPT3 homolog, SAGA and STAGA complex component	SUPT3H
SPT4 homolog, DSIF elongation factor subunit	SUPT4H1
SPT5 homolog, DSIF elongation factor subunit	SUPT5H
SPT6 homolog, histone chaperone and transcription elongation factor	SUPT6H
SPT7 like, STAGA complex subunit gamma	SUPT7L
Squalene epoxidase	SQLE
SR-related CTD associated factor 1	SCAF-1; SCAF1
SR-related CTD associated factor 11	SCAF-11; SCAF11
SR-related CTD associated factor 4	SCAF-4; SCAF4
SR-related CTD associated factor 8	SCAF-8; SCAF8
SRA stem-loop interacting RNA binding protein	SLIRP
Src homology 2 domain containing E	SHE
Src homology 2 domain containing F	SHF
Src homology 2 domain containing transforming protein D	SHD
Src kinase associated phosphoprotein 1	SKAP-1; SKAP1
Src kinase associated phosphoprotein 2	SKAP-2; SKAP2
SRC kinase signaling inhibitor 1	SRCIN-1; SRCIN1
Src like adaptor	SLA
Src like adaptor 2	SLA-2; SLA2
SRC proto-oncogene, non-receptor tyrosine kinase	SRC
Src-related kinase lacking C-terminal regulatory tyrosine and N-terminal myristylation sites	SRMS
SREBF chaperone	SCAP
SREBF pathway regulator in golgi 1	SPRING-1; SPRING1
SREK1 interacting protein 1	SREK1IP1
SRP receptor subunit alpha	SRPRA
SRP receptor subunit beta	SRPRB
SRSF protein kinase 1	SRPK-1; SRPK1
SRSF protein kinase 2	SRPK-2; SRPK2
SRSF protein kinase 3	SRPK-3; SRPK3
SRY-box transcription factor 1	SOX-1; SOX1
SRY-box transcription factor 10	SOX-10; SOX10
SRY-box transcription factor 11	SOX-11; SOX11
SRY-box transcription factor 13	SOX-13; SOX13
SRY-box transcription factor 14	SOX-14; SOX14
SRY-box transcription factor 15	SOX-15; SOX15
SRY-box transcription factor 17	SOX-17; SOX17
SRY-box transcription factor 18	SOX-18; SOX18
SRY-box transcription factor 2	SOX-2; SOX2
SRY-box transcription factor 3	SOX-3; SOX3
SRY-box transcription factor 30	SOX-30; SOX30
SRY-box transcription factor 4	SOX-4; SOX4
SRY-box transcription factor 5	SOX-5; SOX5
SRY-box transcription factor 6	SOX-6; SOX6
SRY-box transcription factor 7	SOX-7; SOX7
SRY-box transcription factor 9	SOX-9; SOX9
SS nuclear autoantigen 1	SSNA-1; SSNA1
SS18 like 2	SS18 like-2; SS18L2
SS18 subunit of BAF chromatin remodeling complex	SS-18; SS18
SS18L1 subunit of BAF chromatin remodeling complex	SS18L1
Ssu-2 homolog	SSUH-2; SSUH2
SSU72 homolog, RNA polymerase II CTD phosphatase	SSU-72; SSU72
SSX family member 1	SSX-1; SSX1
SSX family member 2	SSX-2; SSX2
SSX family member 2 interacting protein	SSX2IP
SSX family member 2B	SSX2B
SSX family member 3	SSX-3; SSX3
SSX family member 4	SSX-4; SSX4
SSX family member 4B	SSX4B
SSX family member 5	SSX-5; SSX5
SSX family member 7	SSX-7; SSX7
ST13 Hsp70 interacting protein	ST-13; ST13
ST14 transmembrane serine protease matriptase	ST-14; ST14
ST18 C2H2C-type zinc finger transcription factor	ST-18; ST18
ST3 beta-galactoside alpha-2,3-sialyltransferase 1	ST3GAL1
ST3 beta-galactoside alpha-2,3-sialyltransferase 2	ST3GAL2
ST3 beta-galactoside alpha-2,3-sialyltransferase 3	ST3GAL3
ST3 beta-galactoside alpha-2,3-sialyltransferase 4	ST3GAL4
ST3 beta-galactoside alpha-2,3-sialyltransferase 5	ST3GAL5
ST3 beta-galactoside alpha-2,3-sialyltransferase 6	ST3GAL6
ST6 beta-galactoside alpha-2,6-sialyltransferase 1	ST6GAL1
ST6 beta-galactoside alpha-2,6-sialyltransferase 2	ST6GAL2
ST6 N-acetylgalactosaminide alpha-2,6-sialyltransferase 1	ST6GALNAC1
ST6 N-acetylgalactosaminide alpha-2,6-sialyltransferase 2	ST6GALNAC2
ST6 N-acetylgalactosaminide alpha-2,6-sialyltransferase 3	ST6GALNAC3
ST6 N-acetylgalactosaminide alpha-2,6-sialyltransferase 5	ST6GALNAC5
ST6 N-acetylgalactosaminide alpha-2,6-sialyltransferase 6	ST6GALNAC6
ST8 alpha-N-acetyl-neuraminide alpha-2,8-sialyltransferase 1	ST8SIA1
ST8 alpha-N-acetyl-neuraminide alpha-2,8-sialyltransferase 3	ST8SIA3
ST8 alpha-N-acetyl-neuraminide alpha-2,8-sialyltransferase 4	ST8SIA4
ST8 alpha-N-acetyl-neuraminide alpha-2,8-sialyltransferase 5	ST8SIA5
Stabilin 1	STAB-1; STAB1; Stabilin-1
Stabilin 2	STAB-2; STAB2; Stabilin-2
Stabilizer of axonemal microtubules 1	SAXO-1; SAXO1
Stabilizer of axonemal microtubules 2	SAXO-2; SAXO2
STAM binding protein	STAMBP
STAM binding protein like 1	STAMBPL-1; STAMBPL1
Stannin	SNN
Stanniocalcin 1	Stanniocalcin-1; STC-1; STC1
Stanniocalcin 2	Stanniocalcin-2; STC-2; STC2
Staphylococcal nuclease and tudor domain containing 1	SND-1; SND1
StAR related lipid transfer domain containing 10	STARD-10; STARD10
StAR related lipid transfer domain containing 13	STARD-13; STARD13
StAR related lipid transfer domain containing 3	STARD-3; STARD3
StAR related lipid transfer domain containing 4	STARD-4; STARD4
StAR related lipid transfer domain containing 5	STARD-5; STARD5
StAR related lipid transfer domain containing 6	STARD-6; STARD6
StAR related lipid transfer domain containing 7	STARD-7; STARD7
StAR related lipid transfer domain containing 8	STARD-8; STARD8
StAR related lipid transfer domain containing 9	STARD-9; STARD9
Starch binding domain 1	STBD-1; STBD1
STARD3 N-terminal like	STARD3NL
Statherin	STATH
Stathmin 1	Stathmin-1; STMN-1; STMN1
Stathmin 2	Stathmin-2; STMN-2; STMN2
Stathmin 3	Stathmin-3; STMN-3; STMN3
Stathmin 4	Stathmin-4; STMN-4; STMN4
Staufen double-stranded RNA binding protein 1	STAU-1; STAU1
Staufen double-stranded RNA binding protein 2	STAU-2; STAU2
STE20 like kinase	SLK
STE20 related adaptor alpha	STRADA
STE20 related adaptor beta	STRADB
STEAP family member 1	STEAP-1; STEAP1
STEAP family member 1B	STEAP1B
STEAP2 metalloreductase	STEAP-2; STEAP2
STEAP3 metalloreductase	STEAP-3; STEAP3
STEAP4 metalloreductase	STEAP-4; STEAP4
Stearoyl-CoA desaturase	SCD
Stearoyl-CoA desaturase 5	SCD-5; SCD5; Stearoyl-CoA desaturase-5
Stem-loop binding protein	SLBP
Sterile alpha and TIR motif containing 1	SARM-1; SARM1
Sterile alpha motif domain containing 11	SAMD-11; SAMD11
Sterile alpha motif domain containing 12	SAMD-12; SAMD12
Sterile alpha motif domain containing 3	SAMD-3; SAMD3
Sterile alpha motif domain containing 4A	SAMD4A
Sterile alpha motif domain containing 4B	SAMD4B
Sterile alpha motif domain containing 5	SAMD-5; SAMD5
Sterile alpha motif domain containing 7	SAMD-7; SAMD7
Sterile alpha motif domain containing 8	SAMD-8; SAMD8
Sterile alpha motif domain containing 9	SAMD-9; SAMD9
Sterile alpha motif domain containing 9 like	SAMD9L
Steroid 5 alpha-reductase 1	SRD5A1
Steroid 5 alpha-reductase 2	SRD5A2
Steroid 5 alpha-reductase 3	SRD5A3
Steroid receptor associated and regulated protein	SRARP
Steroid receptor RNA activator 1	SRA-1; SRA1
Steroidogenic acute regulatory protein	STAR
Sterol carrier protein 2	SCP-2; SCP2
Sterol O-acyltransferase 1	SOAT-1; SOAT1; Sterol O-acyltransferase-1
Sterol O-acyltransferase 2	SOAT-2; SOAT2; Sterol O-acyltransferase-2
Sterol regulatory element binding transcription factor 1	SREBF-1; SREBF1
Sterol regulatory element binding transcription factor 2	SREBF-2; SREBF2
Sterol-C5-desaturase	SC5D
STIL centriolar assembly protein	STIL
STIM activating enhancer	STIMATE
Stimulated by retinoic acid 8	STRA-8; STRA8
Stimulator of chondrogenesis 1	SCRG-1; SCRG1
Stimulator of interferon response cGAMP interactor 1	STING-1; STING1
STING1 ER exit protein 1	STEEP-1; STEEP1
STIP1 homology and U-box containing protein 1	STUB-1; STUB1
STN1 subunit of CST complex	STN-1; STN1
Stomatin	STOM
Stomatin like 1	Stomatin like-1; STOML-1; STOML1
Stomatin like 2	Stomatin like-2; STOML-2; STOML2
Stomatin like 3	Stomatin like-3; STOML-3; STOML3
Stonin 1	STON-1; STON1; Stonin-1
Stonin 2	STON-2; STON2; Stonin-2
Store-operated calcium entry associated regulatory factor	SARAF
Storkhead box 1	Storkhead box-1; STOX-1; STOX1
Stratifin	SFN
Strawberry notch homolog 1	SBNO-1; SBNO1
Stress associated endoplasmic reticulum protein 1	SERP-1; SERP1
Stress associated endoplasmic reticulum protein family member 2	SERP-2; SERP2
Stress induced phosphoprotein 1	STIP-1; STIP1
Striated muscle enriched protein kinase	SPEG
Striatin	STRN
Striatin 3	Striatin-3; STRN-3; STRN3
Striatin 4	Striatin-4; STRN-4; STRN4
Striatin interacting protein 1	STRIP-1; STRIP1
Striatin interacting protein 2	STRIP-2; STRIP2
Stromal antigen 1	STAG-1; STAG1; Stromal antigen-1
Stromal antigen 2	STAG-2; STAG2; Stromal antigen-2
Stromal antigen 3	STAG-3; STAG3; Stromal antigen-3
Stromal cell derived factor 2	SDF-2; SDF2
Stromal cell derived factor 2 like 1	SDF2L1
Stromal interaction molecule 1	STIM-1; STIM1
Stromal interaction molecule 2	STIM-2; STIM2
Structural maintenance of chromosomes 1A	SMC1A
Structural maintenance of chromosomes 2	SMC-2; SMC2
Structural maintenance of chromosomes 3	SMC-3; SMC3
Structural maintenance of chromosomes 4	SMC-4; SMC4
Structural maintenance of chromosomes 5	SMC-5; SMC5
Structural maintenance of chromosomes 6	SMC-6; SMC6
Structural maintenance of chromosomes flexible hinge domain containing 1	SMCHD-1; SMCHD1
Structure specific recognition protein 1	SSRP-1; SSRP1
STT3 oligosaccharyltransferase complex catalytic subunit A	STT3A
STT3 oligosaccharyltransferase complex catalytic subunit B	STT3B
Stum, mechanosensory transduction mediator homolog	STUM
SUB1 regulator of transcription	SUB-1; SUB1
Submaxillary gland androgen regulated protein 3A	SMR3A
Submaxillary gland androgen regulated protein 3B	SMR3B
Succinate dehydrogenase complex assembly factor 1	SDHAF-1; SDHAF1
Succinate dehydrogenase complex assembly factor 2	SDHAF-2; SDHAF2
Succinate dehydrogenase complex assembly factor 3	SDHAF-3; SDHAF3
Succinate dehydrogenase complex assembly factor 4	SDHAF-4; SDHAF4
Succinate dehydrogenase complex flavoprotein subunit A	SDHA
Succinate dehydrogenase complex iron sulfur subunit B	SDHB
Succinate dehydrogenase complex subunit C	SDHC
Succinate dehydrogenase complex subunit D	SDHD
Succinate receptor 1	Succinate receptor-1; SUCNR-1; SUCNR1
Succinate-CoA ligase ADP-forming subunit beta	SUCLA-2; SUCLA2
Succinate-CoA ligase GDP-forming subunit beta	SUCLG-2; SUCLG2
Succinate-CoA ligase GDP/ADP-forming subunit alpha	SUCLG-1; SUCLG1
Succinyl-CoA:glutarate-CoA transferase	SUGCT
Sucrase-isomaltase	SI
SUFU negative regulator of hedgehog signaling	SUFU
Sulfatase 1	SULF-1; SULF1; Sulfatase-1
Sulfatase 2	SULF-2; SULF2; Sulfatase-2
Sulfatase modifying factor 1	SUMF-1; SUMF1
Sulfatase modifying factor 2	SUMF-2; SUMF2
Sulfide quinone oxidoreductase	SQOR
Sulfiredoxin 1	SRXN-1; SRXN1; Sulfiredoxin-1
Sulfite oxidase	SUOX
Sulfotransferase family 1A member 1	SULT1A1
Sulfotransferase family 1A member 2	SULT1A2
Sulfotransferase family 1A member 3	SULT1A3
Sulfotransferase family 1A member 4	SULT1A4
Sulfotransferase family 1B member 1	SULT1B1
Sulfotransferase family 1C member 2	SULT1C2
Sulfotransferase family 1C member 3	SULT1C3
Sulfotransferase family 1C member 4	SULT1C4
Sulfotransferase family 1E member 1	SULT1E1
Sulfotransferase family 2A member 1	SULT2A1
Sulfotransferase family 2B member 1	SULT2B1
Sulfotransferase family 4A member 1	SULT4A1
SUMO interacting motifs containing 1	SIMC-1; SIMC1
SUMO peptidase family member, NEDD8 specific	SENP-8; SENP8
SUMO specific peptidase 1	SENP-1; SENP1
SUMO specific peptidase 2	SENP-2; SENP2
SUMO specific peptidase 3	SENP-3; SENP3
SUMO specific peptidase 5	SENP-5; SENP5
SUMO specific peptidase 6	SENP-6; SENP6
SUMO specific peptidase 7	SENP-7; SENP7
SUMO1 activating enzyme subunit 1	SAE-1; SAE1
SUN domain containing ossification factor	SUCO
Superoxide dismutase 1	SOD-1; SOD1; Superoxide dismutase-1
Superoxide dismutase 2	SOD-2; SOD2; Superoxide dismutase-2
Superoxide dismutase 3	SOD-3; SOD3; Superoxide dismutase-3
Supervillin	SVIL
Suppression of tumorigenicity 7	ST-7; ST7
Suppressor APC domain containing 1	SAPCD-1; SAPCD1
Suppressor APC domain containing 2	SAPCD-2; SAPCD2
Suppressor of cancer cell invasion	SCAI
Suppressor of cytokine signaling 1	SOCS-1; SOCS1
Suppressor of cytokine signaling 2	SOCS-2; SOCS2
Suppressor of cytokine signaling 3	SOCS-3; SOCS3
Suppressor of cytokine signaling 4	SOCS-4; SOCS4
Suppressor of cytokine signaling 5	SOCS-5; SOCS5
Suppressor of cytokine signaling 6	SOCS-6; SOCS6
Suppressor of cytokine signaling 7	SOCS-7; SOCS7
Suppressor of glucose, autophagy associated 1	SOGA-1; SOGA1
Suppressor of IKBKE 1	SIKE-1; SIKE1
Suprabasin	SBSN
SURF1 cytochrome c oxidase assembly factor	SURF-1; SURF1
Surfactant associated 2	SFTA-2; SFTA2; Surfactant associated-2
Surfactant protein A1	SFTPA-1; SFTPA1
Surfactant protein A2	SFTPA-2; SFTPA2
Surfactant protein B	SFTPB
Surfactant protein C	SFTPC
Surfactant protein D	SFTPD
Surfeit 2	SURF-2; SURF2; Surfeit-2
Surfeit 4	SURF-4; SURF4; Surfeit-4
Surfeit 6	SURF-6; SURF6; Surfeit-6
SURP and G-patch domain containing 1	SUGP-1; SUGP1
SURP and G-patch domain containing 2	SUGP-2; SUGP2
Survival motor neuron domain containing 1	SMNDC-1; SMNDC1
Survival of motor neuron 1, telomeric	SMN-1; SMN1
Survival of motor neuron 2, centromeric	SMN-2; SMN2
Sushi domain containing 1	SUSD-1; SUSD1
Sushi domain containing 2	SUSD-2; SUSD2
Sushi domain containing 3	SUSD-3; SUSD3
Sushi domain containing 4	SUSD-4; SUSD4
Sushi domain containing 5	SUSD-5; SUSD5
Sushi domain containing 6	SUSD-6; SUSD6
Sushi repeat containing protein X-linked	SRPX
Sushi repeat containing protein X-linked 2	SRPX-2; SRPX2
Sushi, nidogen and EGF like domains 1	SNED-1; SNED1
Sushi, von Willebrand factor type A, EGF and pentraxin domain containing 1	SVEP-1; SVEP1
Suv3 like RNA helicase	SUPV3L1
SUV39H1 histone lysine methyltransferase	SUV39H1
SUV39H2 histone lysine methyltransferase	SUV39H2
SUZ RNA binding domain containing 1	SZRD-1; SZRD1
SUZ12 polycomb repressive complex 2 subunit	SUZ-12; SUZ12
SV2 related protein	SVOP
SVOP like	SVOPL
SWI/SNF related, matrix associated, actin dependent regulator of chromatin subfamily c member 1	SMARCC-1; SMARCC1
SWI/SNF related, matrix associated, actin dependent regulator of chromatin subfamily c member 2	SMARCC-2; SMARCC2
SWI/SNF related, matrix associated, actin dependent regulator of chromatin, subfamily a like 1	SMARCAL-1; SMARCAL1
SWI/SNF related, matrix associated, actin dependent regulator of chromatin, subfamily a, member 1	SMARCA-1; SMARCA1
SWI/SNF related, matrix associated, actin dependent regulator of chromatin, subfamily a, member 2	SMARCA-2; SMARCA2
SWI/SNF related, matrix associated, actin dependent regulator of chromatin, subfamily a, member 4	SMARCA-4; SMARCA4
SWI/SNF related, matrix associated, actin dependent regulator of chromatin, subfamily a, member 5	SMARCA-5; SMARCA5
SWI/SNF related, matrix associated, actin dependent regulator of chromatin, subfamily b, member 1	SMARCB-1; SMARCB1
SWI/SNF related, matrix associated, actin dependent regulator of chromatin, subfamily d, member 1	SMARCD-1; SMARCD1
SWI/SNF related, matrix associated, actin dependent regulator of chromatin, subfamily d, member 2	SMARCD-2; SMARCD2
SWI/SNF related, matrix associated, actin dependent regulator of chromatin, subfamily d, member 3	SMARCD-3; SMARCD3
SWI/SNF related, matrix associated, actin dependent regulator of chromatin, subfamily e, member 1	SMARCE-1; SMARCE1
SWI/SNF-related, matrix-associated actin-dependent regulator of chromatin, subfamily a, containing DEAD/H box 1	SMARCAD-1; SMARCAD1
SWI5 dependent homologous recombination repair protein 1	SFR-1; SFR1
SWIM-type zinc finger 7 associated protein 1	SWSAP-1; SWSAP1
Switching B cell complex subunit SWAP70	SWAP-70; SWAP70
SYF2 pre-mRNA splicing factor	SYF-2; SYF2
Symplekin scaffold protein	SYMPK
Synapse associated protein 1	SYAP-1; SYAP1
Synapse defective Rho GTPase homolog 1	SYDE-1; SYDE1
Synapse defective Rho GTPase homolog 2	SYDE-2; SYDE2
Synapse differentiation inducing 1	SYNDIG-1; SYNDIG1
Synapsin I	SYN-1; SYN1
Synapsin II	SYN-2; SYN2
Synapsin III	SYN-3; SYN3
Synaptic Ras GTPase activating protein 1	SYNGAP-1; SYNGAP1
Synaptic vesicle glycoprotein 2A	SV2A
Synaptic vesicle glycoprotein 2B	SV2B
Synaptic vesicle glycoprotein 2C	SV2C
Synaptogyrin 1	Synaptogyrin-1; SYNGR-1; SYNGR1
Synaptogyrin 2	Synaptogyrin-2; SYNGR-2; SYNGR2
Synaptogyrin 3	Synaptogyrin-3; SYNGR-3; SYNGR3
Synaptojanin 1	Synaptojanin-1; SYNJ-1; SYNJ1
Synaptojanin 2	Synaptojanin-2; SYNJ-2; SYNJ2
Synaptojanin 2 binding protein	SYNJ2BP
Synaptonemal complex central element protein 1	SYCE-1; SYCE1
Synaptonemal complex central element protein 2	SYCE-2; SYCE2
Synaptonemal complex central element protein 3	SYCE-3; SYCE3
Synaptonemal complex protein 1	SYCP-1; SYCP1
Synaptonemal complex protein 2 like	SYCP2L
Synaptonemal complex protein 3	SYCP-3; SYCP3
Synaptophysin	SYP
Synaptophysin like 1	Synaptophysin like-1; SYPL-1; SYPL1
Synaptophysin like 2	Synaptophysin like-2; SYPL-2; SYPL2
Synaptopodin	SYNPO
Synaptopodin 2	Synaptopodin-2; SYNPO-2; SYNPO2
Synaptopodin 2 like	SYNPO2L
Synaptoporin	SYNPR
Synaptosome associated protein 23	SNAP-23; SNAP23
Synaptosome associated protein 25	SNAP-25; SNAP25
Synaptosome associated protein 29	SNAP-29; SNAP29
Synaptosome associated protein 47	SNAP-47; SNAP47
Synaptosome associated protein 91	SNAP-91; SNAP91
Synaptotagmin 1	Synaptotagmin-1; SYT-1; SYT1
Synaptotagmin 11	Synaptotagmin-11; SYT-11; SYT11
Synaptotagmin 12	Synaptotagmin-12; SYT-12; SYT12
Synaptotagmin 13	Synaptotagmin-13; SYT-13; SYT13
Synaptotagmin 14	Synaptotagmin-14; SYT-14; SYT14
Synaptotagmin 15	Synaptotagmin-15; SYT-15; SYT15
Synaptotagmin 16	Synaptotagmin-16; SYT-16; SYT16
Synaptotagmin 17	Synaptotagmin-17; SYT-17; SYT17
Synaptotagmin 2	Synaptotagmin-2; SYT-2; SYT2
Synaptotagmin 3	Synaptotagmin-3; SYT-3; SYT3
Synaptotagmin 4	Synaptotagmin-4; SYT-4; SYT4
Synaptotagmin 5	Synaptotagmin-5; SYT-5; SYT5
Synaptotagmin 6	Synaptotagmin-6; SYT-6; SYT6
Synaptotagmin 7	Synaptotagmin-7; SYT-7; SYT7
Synaptotagmin 9	Synaptotagmin-9; SYT-9; SYT9
Synaptotagmin binding cytoplasmic RNA interacting protein	SYNCRIP
Synaptotagmin like 1	Synaptotagmin like-1; SYTL-1; SYTL1
Synaptotagmin like 2	Synaptotagmin like-2; SYTL-2; SYTL2
Synaptotagmin like 3	Synaptotagmin like-3; SYTL-3; SYTL3
Synaptotagmin like 4	Synaptotagmin like-4; SYTL-4; SYTL4
Synaptotagmin like 5	Synaptotagmin like-5; SYTL-5; SYTL5
Syncoilin, intermediate filament protein	SYNC
Syndecan 1	SDC-1; SDC1; Syndecan-1
Syndecan 2	SDC-2; SDC2; Syndecan-2
Syndecan 3	SDC-3; SDC3; Syndecan-3
Syndecan 4	SDC-4; SDC4; Syndecan-4
Syndecan binding protein	SDCBP
Syndecan binding protein 2	SDCBP-2; SDCBP2
Synemin	SYNM
Synergin gamma	SYNRG
Synoviolin 1	Synoviolin-1; SYVN-1; SYVN1
Syntabulin	SYBU
Syntaphilin	SNPH
Syntaxin 10	STX-10; STX10; Syntaxin-10
Syntaxin 11	STX-11; STX11; Syntaxin-11
Syntaxin 12	STX-12; STX12; Syntaxin-12
Syntaxin 16	STX-16; STX16; Syntaxin-16
Syntaxin 17	STX-17; STX17; Syntaxin-17
Syntaxin 18	STX-18; STX18; Syntaxin-18
Syntaxin 19	STX-19; STX19; Syntaxin-19
Syntaxin 1A	STX1A
Syntaxin 1B	STX1B
Syntaxin 2	STX-2; STX2; Syntaxin-2
Syntaxin 3	STX-3; STX3; Syntaxin-3
Syntaxin 4	STX-4; STX4; Syntaxin-4
Syntaxin 5	STX-5; STX5; Syntaxin-5
Syntaxin 6	STX-6; STX6; Syntaxin-6
Syntaxin 7	STX-7; STX7; Syntaxin-7
Syntaxin 8	STX-8; STX8; Syntaxin-8
Syntaxin binding protein 1	STXBP-1; STXBP1
Syntaxin binding protein 2	STXBP-2; STXBP2
Syntaxin binding protein 3	STXBP-3; STXBP3
Syntaxin binding protein 4	STXBP-4; STXBP4
Syntaxin binding protein 5	STXBP-5; STXBP5
Syntaxin binding protein 5L	STXBP5L
Syntaxin binding protein 6	STXBP-6; STXBP6
Synthesis of cytochrome C oxidase 1	SCO-1; SCO1
Synthesis of cytochrome C oxidase 2	SCO-2; SCO2
Syntrophin alpha 1	SNTA-1; SNTA1; Syntrophin alpha-1
Syntrophin beta 1	SNTB-1; SNTB1; Syntrophin beta-1
Syntrophin beta 2	SNTB-2; SNTB2; Syntrophin beta-2
Syntrophin gamma 1	SNTG-1; SNTG1; Syntrophin gamma-1
Syntrophin gamma 2	SNTG-2; SNTG2; Syntrophin gamma-2
Synuclein alpha	SNCA
Synuclein alpha interacting protein	SNCAIP
Synuclein beta	SNCB
Synuclein gamma	SNCG
SYS1 golgi trafficking protein	SYS-1; SYS1
SZT2 subunit of KICSTOR complex	SZT-2; SZT2
T cell activation RhoGTPase activating protein	TAGAP
T cell immune regulator 1, ATPase H+ transporting V0 subunit a3	TCIRG-1; TCIRG1
T cell immunoglobulin and mucin domain containing 4	TIMD-4; TIMD4
T cell immunoreceptor with Ig and ITIM domains	TIGIT
T cell leukemia homeobox 1	TLX-1; TLX1
T cell leukemia homeobox 2	TLX-2; TLX2
T cell leukemia homeobox 3	TLX-3; TLX3
T cell leukemia translocation altered	TCTA
T cell receptor alpha constant	TRAC
T cell receptor alpha variable 10	TRAV-10; TRAV10
T cell receptor alpha variable 12-2	TRAV12-2
T cell receptor alpha variable 12-3	TRAV12-3
T cell receptor alpha variable 20	TRAV-20; TRAV20
T cell receptor alpha variable 21	TRAV-21; TRAV21
T cell receptor alpha variable 22	TRAV-22; TRAV22
T cell receptor alpha variable 24	TRAV-24; TRAV24
T cell receptor alpha variable 26-1	TRAV26-1
T cell receptor alpha variable 27	TRAV-27; TRAV27
T cell receptor alpha variable 29/delta variable 5	TRAV29DV5
T cell receptor alpha variable 30	TRAV-30; TRAV30
T cell receptor alpha variable 4	TRAV-4; TRAV4
T cell receptor associated transmembrane adaptor 1	TRAT-1; TRAT1
T cell receptor beta constant 1	TRBC-1; TRBC1
T cell receptor beta constant 2	TRBC-2; TRBC2
T cell receptor beta joining 1-2	TRBJ1-2
T cell receptor beta joining 2-3	TRBJ2-3
T cell receptor beta variable 12-3	TRBV12-3
T cell receptor beta variable 12-4	TRBV12-4
T cell receptor beta variable 14	TRBV-14; TRBV14
T cell receptor beta variable 17 (non-functional)	TRBV-17; TRBV17
T cell receptor beta variable 19	TRBV-19; TRBV19
T cell receptor beta variable 23-1 (non-functional)	TRBV23-1
T cell receptor beta variable 28	TRBV-28; TRBV28
T cell receptor beta variable 5-1	TRBV5-1
T cell receptor beta variable 5-3 (non-functional)	TRBV5-3
T cell receptor beta variable 5-7 (non-functional)	TRBV5-7
T cell receptor beta variable 6-5	TRBV6-5
T cell receptor beta variable 6-7 (non-functional)	TRBV6-7
T cell receptor beta variable 7-1 (non-functional)	TRBV7-1
T cell receptor beta variable 7-3	TRBV7-3
T cell receptor beta variable 7-9	TRBV7-9
T cell receptor beta variable 9	TRBV-9; TRBV9
T cell receptor delta constant	TRDC
T cell receptor delta diversity 1	TRDD-1; TRDD1
T cell receptor delta joining 1	TRDJ-1; TRDJ1
T cell receptor delta variable 1	TRDV-1; TRDV1
T cell receptor delta variable 2	TRDV-2; TRDV2
T cell receptor delta variable 3	TRDV-3; TRDV3
T cell receptor gamma joining 1	TRGJ-1; TRGJ1
T cell receptor gamma variable 1 (non-functional)	TRGV-1; TRGV1
T cell receptor gamma variable 10 (non-functional)	TRGV-10; TRGV10
T cell receptor gamma variable 11 (non-functional)	TRGV-11; TRGV11
T cell receptor gamma variable 2	TRGV-2; TRGV2
T cell receptor gamma variable 3	TRGV-3; TRGV3
T cell receptor gamma variable 4	TRGV-4; TRGV4
T cell receptor gamma variable 5	TRGV-5; TRGV5
T cell receptor gamma variable 8	TRGV-8; TRGV8
T cell receptor gamma variable 9	TRGV-9; TRGV9
T cell-interacting, activating receptor on myeloid cells 1	TARM-1; TARM1
T-box brain transcription factor 1	TBR-1; TBR1
T-box transcription factor 1	TBX-1; TBX1
T-box transcription factor 15	TBX-15; TBX15
T-box transcription factor 18	TBX-18; TBX18
T-box transcription factor 19	TBX-19; TBX19
T-box transcription factor 2	TBX-2; TBX2
T-box transcription factor 20	TBX-20; TBX20
T-box transcription factor 21	TBX-21; TBX21
T-box transcription factor 22	TBX-22; TBX22
T-box transcription factor 3	TBX-3; TBX3
T-box transcription factor 4	TBX-4; TBX4
T-box transcription factor 5	TBX-5; TBX5
T-box transcription factor 6	TBX-6; TBX6
T-box transcription factor T	TBXT
T-complex 1	T-complex-1; TCP-1; TCP1
T-complex 10 like	TCP10L
T-complex 11	T-complex-11; TCP-11; TCP11
T-complex 11 like 1	TCP11L1
T-complex 11 like 2	TCP11L2
T-SNARE domain containing 1	TSNARE-1; TSNARE1
Tachykinin precursor 1	TAC-1; TAC1; Tachykinin precursor-1
Tachykinin precursor 3	TAC-3; TAC3; Tachykinin precursor-3
Tachykinin precursor 4	TAC-4; TAC4; Tachykinin precursor-4
Tachykinin receptor 1	Tachykinin receptor-1; TACR-1; TACR1
Tachykinin receptor 2	Tachykinin receptor-2; TACR-2; TACR2
Tachykinin receptor 3	Tachykinin receptor-3; TACR-3; TACR3
TAFA chemokine like family member 1	TAFA-1; TAFA1
TAFA chemokine like family member 4	TAFA-4; TAFA4
TAFA chemokine like family member 5	TAFA-5; TAFA5
Tafazzin, phospholipid-lysophospholipid transacylase	TAFAZZIN
TAL bHLH transcription factor 1, erythroid differentiation factor	TAL-1; TAL1
TAL bHLH transcription factor 2	TAL-2; TAL2
Talin 1	Talin-1; TLN-1; TLN1
Talin 2	Talin-2; TLN-2; TLN2
Talin rod domain containing 1	TLNRD-1; TLNRD1
TAM41 mitochondrial translocator assembly and maintenance homolog	TAMM-41; TAMM41
Tandem C2 domains, nuclear	TC2N
TANK binding kinase 1	TBK-1; TBK1
Tankyrase	TNKS
Tankyrase 1 binding protein 1	TNKS1BP1
Tankyrase 2	Tankyrase-2; TNKS-2; TNKS2
TAO kinase 1	TAO kinase-1; TAOK-1; TAOK1
TAO kinase 2	TAO kinase-2; TAOK-2; TAOK2
TAO kinase 3	TAO kinase-3; TAOK-3; TAOK3
TAP binding protein	TAPBP
TAP binding protein like	TAPBPL
Taperin	TPRN
TAR (HIV-1) RNA binding protein 1	TARBP-1; TARBP1
TAR DNA binding protein	TARDBP
TARBP2 subunit of RISC loading complex	TARBP-2; TARBP2
Target of EGR1, exonuclease	TOE-1; TOE1
Target of myb1 like 1 membrane trafficking protein	TOM1L1
Target of myb1 like 2 membrane trafficking protein	TOM1L2
Target of myb1 membrane trafficking protein	TOM-1; TOM1
Taspase 1	TASP-1; TASP1; Taspase-1
Taste 1 receptor member 3	TAS1R3
Taste 2 receptor member 1	TAS2R1
Taste 2 receptor member 10	TAS2R10
Taste 2 receptor member 13	TAS2R13
Taste 2 receptor member 14	TAS2R14
Taste 2 receptor member 16	TAS2R16
Taste 2 receptor member 19	TAS2R19
Taste 2 receptor member 4	TAS2R4
Taste 2 receptor member 41	TAS2R41
Taste 2 receptor member 46	TAS2R46
Taste 2 receptor member 5	TAS2R5
Taste 2 receptor member 7	TAS2R7
Taste 2 receptor member 8	TAS2R8
Taste 2 receptor member 9	TAS2R9
TATA element modulatory factor 1	TMF-1; TMF1
TATA-box binding protein	TBP
TATA-box binding protein associated factor 1	TAF-1; TAF1
TATA-box binding protein associated factor 1 like	TAF1L
TATA-box binding protein associated factor 10	TAF-10; TAF10
TATA-box binding protein associated factor 11	TAF-11; TAF11
TATA-box binding protein associated factor 12	TAF-12; TAF12
TATA-box binding protein associated factor 13	TAF-13; TAF13
TATA-box binding protein associated factor 15	TAF-15; TAF15
TATA-box binding protein associated factor 2	TAF-2; TAF2
TATA-box binding protein associated factor 3	TAF-3; TAF3
TATA-box binding protein associated factor 4	TAF-4; TAF4
TATA-box binding protein associated factor 4b	TAF4B
TATA-box binding protein associated factor 5	TAF-5; TAF5
TATA-box binding protein associated factor 5 like	TAF5L
TATA-box binding protein associated factor 6	TAF-6; TAF6
TATA-box binding protein associated factor 6 like	TAF6L
TATA-box binding protein associated factor 7	TAF-7; TAF7
TATA-box binding protein associated factor 7 like	TAF7L
TATA-box binding protein associated factor 8	TAF-8; TAF8
TATA-box binding protein associated factor 9	TAF-9; TAF9
TATA-box binding protein associated factor 9b	TAF9B
TATA-box binding protein associated factor, RNA polymerase I subunit A	TAF1A
TATA-box binding protein associated factor, RNA polymerase I subunit B	TAF1B
TATA-box binding protein associated factor, RNA polymerase I subunit C	TAF1C
TATA-box binding protein associated factor, RNA polymerase I subunit D	TAF1D
TATA-box binding protein like 1	TBPL-1; TBPL1
TatD DNase domain containing 1	TATDN-1; TATDN1
TatD DNase domain containing 2	TATDN-2; TATDN2
TatD DNase domain containing 3	TATDN-3; TATDN3
Tau tubulin kinase 1	TTBK-1; TTBK1
Tau tubulin kinase 2	TTBK-2; TTBK2
Tax1 binding protein 1	TAX1BP1
Tax1 binding protein 3	TAX1BP3
Taxilin alpha	TXLNA
Taxilin beta	TXLNB
Taxilin gamma	TXLNG
TBC1 domain containing kinase	TBCK
TBC1 domain family member 1	TBC1D1
TBC1 domain family member 10A	TBC1D10A
TBC1 domain family member 10B	TBC1D10B
TBC1 domain family member 10C	TBC1D10C
TBC1 domain family member 12	TBC1D12
TBC1 domain family member 13	TBC1D13
TBC1 domain family member 14	TBC1D14
TBC1 domain family member 15	TBC1D15
TBC1 domain family member 17	TBC1D17
TBC1 domain family member 19	TBC1D19
TBC1 domain family member 2	TBC1D2
TBC1 domain family member 20	TBC1D20
TBC1 domain family member 21	TBC1D21
TBC1 domain family member 22A	TBC1D22A
TBC1 domain family member 22B	TBC1D22B
TBC1 domain family member 23	TBC1D23
TBC1 domain family member 24	TBC1D24
TBC1 domain family member 25	TBC1D25
TBC1 domain family member 2B	TBC1D2B
TBC1 domain family member 3	TBC1D3
TBC1 domain family member 30	TBC1D30
TBC1 domain family member 31	TBC1D31
TBC1 domain family member 32	TBC1D32
TBC1 domain family member 3G	TBC1D3G
TBC1 domain family member 4	TBC1D4
TBC1 domain family member 5	TBC1D5
TBC1 domain family member 7	TBC1D7
TBC1 domain family member 8	TBC1D8
TBC1 domain family member 8B	TBC1D8B
TBC1 domain family member 9B	TBC1D9B
TBCC domain containing 1	TBCCD-1; TBCCD1
TBK1 binding protein 1	TBKBP-1; TBKBP1
TBL1X/Y related 1	TBL1X/Y related-1; TBL1XR1
TCDD inducible poly(ADP-ribose) polymerase	TIPARP
TCF3 fusion partner	TFPT
TCL1 family AKT coactivator A	TCL1A
TCL1 family AKT coactivator B	TCL1B
TCL1 upstream neural differentiation-associated RNA	TUNAR
TCR gamma alternate reading frame protein	TARP
TDP-glucose 4,6-dehydratase	TGDS
TEA domain transcription factor 1	TEAD-1; TEAD1
TEA domain transcription factor 2	TEAD-2; TEAD2
TEA domain transcription factor 3	TEAD-3; TEAD3
TEA domain transcription factor 4	TEAD-4; TEAD4
Teashirt zinc finger homeobox 1	TSHZ-1; TSHZ1
Teashirt zinc finger homeobox 2	TSHZ-2; TSHZ2
Teashirt zinc finger homeobox 3	TSHZ-3; TSHZ3
Tec protein tyrosine kinase	TEC
Tectonic family member 3	TCTN-3; TCTN3
Tectonin beta-propeller repeat containing 1	TECPR-1; TECPR1
Tectonin beta-propeller repeat containing 2	TECPR-2; TECPR2
Tectorin alpha	TECTA
TEF transcription factor, PAR bZIP family member	TEF
TEK receptor tyrosine kinase	TEK
Tektin 1	TEKT-1; TEKT1; Tektin-1
Tektin 2	TEKT-2; TEKT2; Tektin-2
Tektin 3	TEKT-3; TEKT3; Tektin-3
Tektin 4	TEKT-4; TEKT4; Tektin-4
Tektin 5	TEKT-5; TEKT5; Tektin-5
TELO2 interacting protein 1	TTI-1; TTI1
TELO2 interacting protein 2	TTI-2; TTI2
Telomerase associated protein 1	TEP-1; TEP1
Telomerase reverse transcriptase	TERT
Telomerase RNA component interacting RNase	TRIR
Telomere maintenance 2	TELO-2; TELO2; Telomere maintenance-2
Telomere repeat binding bouquet formation protein 1	TERB-1; TERB1
Telomere repeat binding bouquet formation protein 2	TERB-2; TERB2
Telomeric repeat binding factor 1	TERF-1; TERF1
Telomeric repeat binding factor 2	TERF-2; TERF2
TEN1 subunit of CST complex	TEN-1; TEN1
Tenascin C	TNC
Tenascin N	TNN
Tenascin R	TNR
Tenascin XB	TNXB
Teneurin transmembrane protein 1	TENM-1; TENM1
Teneurin transmembrane protein 2	TENM-2; TENM2
Teneurin transmembrane protein 3	TENM-3; TENM3
Teneurin transmembrane protein 4	TENM-4; TENM4
Tenomodulin	TNMD
Tensin 1	Tensin-1; TNS-1; TNS1
Tensin 2	Tensin-2; TNS-2; TNS2
Tensin 3	Tensin-3; TNS-3; TNS3
Tensin 4	Tensin-4; TNS-4; TNS4
TEPSIN adaptor related protein complex 4 accessory protein	TEPSIN
Teratocarcinoma-derived growth factor 1	TDGF-1; TDGF1
TERF1 interacting nuclear factor 2	TINF-2; TINF2
TERF2 interacting protein	TERF2IP
Terminal nucleotidyltransferase 2	TENT-2; TENT2; Terminal nucleotidyltransferase-2
Terminal nucleotidyltransferase 4A	TENT4A
Terminal nucleotidyltransferase 4B	TENT4B
Terminal nucleotidyltransferase 5A	TENT5A
Terminal nucleotidyltransferase 5B	TENT5B
Terminal nucleotidyltransferase 5C	TENT5C
Terminal nucleotidyltransferase 5D	TENT5D
Terminal uridylyl transferase 1, U6 snRNA-specific	TUT-1; TUT1
Terminal uridylyl transferase 4	TUT-4; TUT4
Terminal uridylyl transferase 7	TUT-7; TUT7
Tescalcin	TESC
Testin LIM domain protein	TES
Testis associated actin remodelling kinase 1	TESK-1; TESK1
Testis associated actin remodelling kinase 2	TESK-2; TESK2
Testis development related protein	TDRP
Testis expressed 10	Testis expressed-10; TEX-10; TEX10
Testis expressed 101	Testis expressed-101; TEX-101; TEX101
Testis expressed 11	Testis expressed-11; TEX-11; TEX11
Testis expressed 12	Testis expressed-12; TEX-12; TEX12
Testis expressed 13A	TEX13A
Testis expressed 13B	TEX13B
Testis expressed 14, intercellular bridge forming factor	TEX-14; TEX14
Testis expressed 15, meiosis and synapsis associated	TEX-15; TEX15
Testis expressed 19	Testis expressed-19; TEX-19; TEX19
Testis expressed 2	Testis expressed-2; TEX-2; TEX2
Testis expressed 264, ER-phagy receptor	TEX-264; TEX264
Testis expressed 28	Testis expressed-28; TEX-28; TEX28
Testis expressed 29	Testis expressed-29; TEX-29; TEX29
Testis expressed 33	Testis expressed-33; TEX-33; TEX33
Testis expressed 35	Testis expressed-35; TEX-35; TEX35
Testis expressed 37	Testis expressed-37; TEX-37; TEX37
Testis expressed 43	Testis expressed-43; TEX-43; TEX43
Testis expressed 44	Testis expressed-44; TEX-44; TEX44
Testis expressed 45	Testis expressed-45; TEX-45; TEX45
Testis expressed 47	Testis expressed-47; TEX-47; TEX47
Testis expressed 48	Testis expressed-48; TEX-48; TEX48
Testis expressed 55	Testis expressed-55; TEX-55; TEX55
Testis expressed 9	Testis expressed-9; TEX-9; TEX9
Testis expressed metallothionein like protein	TESMIN
Testis specific 10	Testis specific-10; TSGA-10; TSGA10
Testis specific 10 interacting protein	TSGA10IP
Testis specific 13	Testis specific-13; TSGA-13; TSGA13
Testis specific protein Y-linked 1	TSPY-1; TSPY1
Testis specific protein Y-linked 10	TSPY-10; TSPY10
Testis specific protein Y-linked 2	TSPY-2; TSPY2
Testis specific serine kinase 1B	TSSK1B
Testis specific serine kinase 2	TSSK-2; TSSK2
Testis specific serine kinase 3	TSSK-3; TSSK3
Testis specific serine kinase 4	TSSK-4; TSSK4
Testis specific serine kinase 6	TSSK-6; TSSK6
Testis specific serine kinase substrate	TSKS
Tet methylcytosine dioxygenase 1	TET-1; TET1
Tet methylcytosine dioxygenase 2	TET-2; TET2
Tet methylcytosine dioxygenase 3	TET-3; TET3
Tetraspanin 1	Tetraspanin-1; TSPAN-1; TSPAN1
Tetraspanin 12	Tetraspanin-12; TSPAN-12; TSPAN12
Tetraspanin 14	Tetraspanin-14; TSPAN-14; TSPAN14
Tetraspanin 15	Tetraspanin-15; TSPAN-15; TSPAN15
Tetraspanin 2	Tetraspanin-2; TSPAN-2; TSPAN2
Tetraspanin 31	Tetraspanin-31; TSPAN-31; TSPAN31
Tetraspanin 33	Tetraspanin-33; TSPAN-33; TSPAN33
Tetraspanin 4	Tetraspanin-4; TSPAN-4; TSPAN4
Tetraspanin 5	Tetraspanin-5; TSPAN-5; TSPAN5
Tetraspanin 6	Tetraspanin-6; TSPAN-6; TSPAN6
Tetraspanin 7	Tetraspanin-7; TSPAN-7; TSPAN7
Tetraspanin 8	Tetraspanin-8; TSPAN-8; TSPAN8
Tetraspanin 9	Tetraspanin-9; TSPAN-9; TSPAN9
Tetratricopeptide repeat domain 1	TTC-1; TTC1
Tetratricopeptide repeat domain 12	TTC-12; TTC12
Tetratricopeptide repeat domain 14	TTC-14; TTC14
Tetratricopeptide repeat domain 17	TTC-17; TTC17
Tetratricopeptide repeat domain 19	TTC-19; TTC19
Tetratricopeptide repeat domain 21A	TTC21A
Tetratricopeptide repeat domain 21B	TTC21B
Tetratricopeptide repeat domain 23	TTC-23; TTC23
Tetratricopeptide repeat domain 23 like	TTC23L
Tetratricopeptide repeat domain 26	TTC-26; TTC26
Tetratricopeptide repeat domain 27	TTC-27; TTC27
Tetratricopeptide repeat domain 28	TTC-28; TTC28
Tetratricopeptide repeat domain 29	TTC-29; TTC29
Tetratricopeptide repeat domain 3	TTC-3; TTC3
Tetratricopeptide repeat domain 30B	TTC30B
Tetratricopeptide repeat domain 31	TTC-31; TTC31
Tetratricopeptide repeat domain 32	TTC-32; TTC32
Tetratricopeptide repeat domain 33	TTC-33; TTC33
Tetratricopeptide repeat domain 36	TTC-36; TTC36
Tetratricopeptide repeat domain 38	TTC-38; TTC38
Tetratricopeptide repeat domain 39A	TTC39A
Tetratricopeptide repeat domain 39B	TTC39B
Tetratricopeptide repeat domain 4	TTC-4; TTC4
Tetratricopeptide repeat domain 5	TTC-5; TTC5
Tetratricopeptide repeat domain 7A	TTC7A
Tetratricopeptide repeat domain 7B	TTC7B
Tetratricopeptide repeat domain 8	TTC-8; TTC8
Tetratricopeptide repeat domain 9	TTC-9; TTC9
Tetratricopeptide repeat domain 9C	TTC9C
Tetratricopeptide repeat, ankyrin repeat and coiled-coil containing 1	TANC-1; TANC1
Tetratricopeptide repeat, ankyrin repeat and coiled-coil containing 2	TANC-2; TANC2
TGF-beta activated kinase 1 (MAP3K7) binding protein 1	TAB-1; TAB1
TGF-beta activated kinase 1 (MAP3K7) binding protein 2	TAB-2; TAB2
TGF-beta activated kinase 1 (MAP3K7) binding protein 3	TAB-3; TAB3
TGFB induced factor homeobox 1	TGIF-1; TGIF1
TGFB induced factor homeobox 2	TGIF-2; TGIF2
TGFB induced factor homeobox 2 like X-linked	TGIF2LX
TGFB induced factor homeobox 2 like Y-linked	TGIF2LY
THADA armadillo repeat containing	THADA
THAP domain containing 1	THAP-1; THAP1
THAP domain containing 10	THAP-10; THAP10
THAP domain containing 11	THAP-11; THAP11
THAP domain containing 12	THAP-12; THAP12
THAP domain containing 2	THAP-2; THAP2
THAP domain containing 3	THAP-3; THAP3
THAP domain containing 4	THAP-4; THAP4
THAP domain containing 5	THAP-5; THAP5
THAP domain containing 6	THAP-6; THAP6
THAP domain containing 7	THAP-7; THAP7
THAP domain containing 8	THAP-8; THAP8
THAP domain containing 9	THAP-9; THAP9
Theg spermatid protein	THEG
Thiamin pyrophosphokinase 1	Thiamin pyrophosphokinase-1; TPK-1; TPK1
Thiamine triphosphatase	THTPA
Thimet oligopeptidase 1	Thimet oligopeptidase-1; THOP-1; THOP1
Thioesterase superfamily member 4	THEM-4; THEM4
Thioesterase superfamily member 5	THEM-5; THEM5
Thioesterase superfamily member 6	THEM-6; THEM6
Thiopurine S-methyltransferase	TPMT
Thioredoxin	TXN
Thioredoxin 2	Thioredoxin-2; TXN-2; TXN2
Thioredoxin domain containing 11	TXNDC-11; TXNDC11
Thioredoxin domain containing 12	TXNDC-12; TXNDC12
Thioredoxin domain containing 15	TXNDC-15; TXNDC15
Thioredoxin domain containing 16	TXNDC-16; TXNDC16
Thioredoxin domain containing 17	TXNDC-17; TXNDC17
Thioredoxin domain containing 2	TXNDC-2; TXNDC2
Thioredoxin domain containing 5	TXNDC-5; TXNDC5
Thioredoxin domain containing 8	TXNDC-8; TXNDC8
Thioredoxin domain containing 9	TXNDC-9; TXNDC9
Thioredoxin interacting protein	TXNIP
Thioredoxin like 1	Thioredoxin like-1; TXNL-1; TXNL1
Thioredoxin like 4A	TXNL4A
Thioredoxin like 4B	TXNL4B
Thioredoxin reductase 1	Thioredoxin reductase-1; TXNRD-1; TXNRD1
Thioredoxin reductase 2	Thioredoxin reductase-2; TXNRD-2; TXNRD2
Thioredoxin reductase 3	Thioredoxin reductase-3; TXNRD-3; TXNRD3
Thioredoxin related transmembrane protein 1	TMX-1; TMX1
Thioredoxin related transmembrane protein 2	TMX-2; TMX2
Thioredoxin related transmembrane protein 3	TMX-3; TMX3
Thioredoxin related transmembrane protein 4	TMX-4; TMX4
Thiosulfate sulfurtransferase	TST
Thiosulfate sulfurtransferase like domain containing 1	TSTD-1; TSTD1
Thiosulfate sulfurtransferase like domain containing 2	TSTD-2; TSTD2
THO complex subunit 1	THOC-1; THOC1
THO complex subunit 2	THOC-2; THOC2
THO complex subunit 3	THOC-3; THOC3
THO complex subunit 5	THOC-5; THOC5
THO complex subunit 6	THOC-6; THOC6
THO complex subunit 7	THOC-7; THOC7
Three prime repair exonuclease 1	TREX-1; TREX1
Three prime repair exonuclease 2	TREX-2; TREX2
Threonine synthase like 1	THNSL-1; THNSL1
Threonyl-tRNA synthetase 1	TARS-1; TARS1; Threonyl-tRNA synthetase-1
Threonyl-tRNA synthetase 2, mitochondrial	TARS-2; TARS2
Threonyl-tRNA synthetase 3	TARS-3; TARS3; Threonyl-tRNA synthetase-3
Thrombomodulin	THBD
Thrombopoietin	THPO
Thrombospondin 1	THBS-1; THBS1; Thrombospondin-1
Thrombospondin 2	THBS-2; THBS2; Thrombospondin-2
Thrombospondin 3	THBS-3; THBS3; Thrombospondin-3
Thrombospondin 4	THBS-4; THBS4; Thrombospondin-4
Thrombospondin type 1 domain containing 1	THSD-1; THSD1
Thrombospondin type 1 domain containing 4	THSD-4; THSD4
Thrombospondin type 1 domain containing 7A	THSD7A
Thrombospondin type 1 domain containing 7B	THSD7B
Thrombospondin type laminin G domain and EAR repeats	TSPEAR
Thromboxane A synthase 1	TBXAS-1; TBXAS1
Thromboxane A2 receptor	TBXA2R
THUMP domain containing 1	THUMPD-1; THUMPD1
THUMP domain containing 2	THUMPD-2; THUMPD2
THUMP domain containing 3	THUMPD-3; THUMPD3
Thy-1 cell surface antigen	THY-1; THY1
Thymic stromal lymphopoietin	TSLP
Thymidine kinase 1	Thymidine kinase-1; TK-1; TK1
Thymidine kinase 2	Thymidine kinase-2; TK-2; TK2
Thymidine phosphorylase	TYMP
Thymidylate synthetase	TYMS
Thymine DNA glycosylase	TDG
Thymocyte expressed, positive selection associated 1	TESPA-1; TESPA1
Thymocyte nuclear protein 1	THYN-1; THYN1
Thymocyte selection associated	THEMIS
Thymocyte selection associated family member 2	THEMIS-2; THEMIS2
Thymocyte selection associated high mobility group box	TOX
Thymopoietin	TMPO
Thymosin beta 10	Thymosin beta-10; TMSB-10; TMSB10
Thymosin beta 15A	TMSB15A
Thymosin beta 15B	TMSB15B
Thymosin beta 4 X-linked	TMSB4X
Thymosin beta 4 Y-linked	TMSB4Y
Thymus, brain and testes associated	TBATA
Thyroglobulin	TG
Thyroid hormone receptor alpha	THRA
Thyroid hormone receptor associated protein 3	THRAP-3; THRAP3
Thyroid hormone receptor beta	THRB
Thyroid hormone receptor interactor 10	TRIP-10; TRIP10
Thyroid hormone receptor interactor 11	TRIP-11; TRIP11
Thyroid hormone receptor interactor 12	TRIP-12; TRIP12
Thyroid hormone receptor interactor 13	TRIP-13; TRIP13
Thyroid hormone receptor interactor 4	TRIP-4; TRIP4
Thyroid hormone receptor interactor 6	TRIP-6; TRIP6
Thyroid hormone responsive	THRSP
Thyroid peroxidase	TPO
Thyroid stimulating hormone receptor	TSHR
Thyroid stimulating hormone subunit beta	TSHB
Thyrotropin releasing hormone	TRH
Thyrotropin releasing hormone receptor	TRHR
TIA1 cytotoxic granule associated RNA binding protein	TIA-1; TIA1
TIA1 cytotoxic granule associated RNA binding protein like 1	TIAL-1; TIAL1
TIAM Rac1 associated GEF 1	TIAM-1; TIAM1
TIFA inhibitor	TIFAB
Tigger transposable element derived 1	TIGD-1; TIGD1
Tigger transposable element derived 3	TIGD-3; TIGD3
Tigger transposable element derived 4	TIGD-4; TIGD4
Tigger transposable element derived 5	TIGD-5; TIGD5
Tigger transposable element derived 7	TIGD-7; TIGD7
Tight junction associated protein 1	TJAP-1; TJAP1
Tight junction protein 1	TJP-1; TJP1
Tight junction protein 2	TJP-2; TJP2
Tight junction protein 3	TJP-3; TJP3
Timeless circadian regulator	TIMELESS
TIMELESS interacting protein	TIPIN
TIMP metallopeptidase inhibitor 1	TIMP-1; TIMP1
TIMP metallopeptidase inhibitor 2	TIMP-2; TIMP2
TIMP metallopeptidase inhibitor 3	TIMP-3; TIMP3
TINCR ubiquitin domain containing	TINCR
TIR domain containing adaptor molecule 1	TICAM-1; TICAM1
TIR domain containing adaptor molecule 2	TICAM-2; TICAM2
TIR domain containing adaptor protein	TIRAP
Tissue factor pathway inhibitor	TFPI
Tissue factor pathway inhibitor 2	TFPI-2; TFPI2
Titin	TTN
Titin-cap	TCAP
TLC domain containing 1	TLCD-1; TLCD1
TLC domain containing 3A	TLCD3A
TLC domain containing 3B	TLCD3B
TLC domain containing 4	TLCD-4; TLCD4
TLE family member 1, transcriptional corepressor	TLE-1; TLE1
TLE family member 2, transcriptional corepressor	TLE-2; TLE2
TLE family member 3, transcriptional corepressor	TLE-3; TLE3
TLE family member 4, transcriptional corepressor	TLE-4; TLE4
TLE family member 5, transcriptional modulator	TLE-5; TLE5
TLE family member 6, subcortical maternal complex member	TLE-6; TLE6
TLR adaptor interacting with endolysosomal SLC15A4	TASL
TLR4 interactor with leucine rich repeats	TRIL
TM2 domain containing 1	TM2D1
TM2 domain containing 2	TM2D2
TMEM9 domain family member B	TMEM9B
TNF alpha induced protein 1	TNFAIP-1; TNFAIP1
TNF alpha induced protein 2	TNFAIP-2; TNFAIP2
TNF alpha induced protein 3	TNFAIP-3; TNFAIP3
TNF alpha induced protein 6	TNFAIP-6; TNFAIP6
TNF alpha induced protein 8	TNFAIP-8; TNFAIP8
TNF alpha induced protein 8 like 1	TNFAIP8L1
TNF alpha induced protein 8 like 2	TNFAIP8L2
TNF alpha induced protein 8 like 3	TNFAIP8L3
TNF receptor associated factor 1	TRAF-1; TRAF1
TNF receptor associated factor 2	TRAF-2; TRAF2
TNF receptor associated factor 3	TRAF-3; TRAF3
TNF receptor associated factor 4	TRAF-4; TRAF4
TNF receptor associated factor 5	TRAF-5; TRAF5
TNF receptor associated factor 6	TRAF-6; TRAF6
TNF receptor associated factor 7	TRAF-7; TRAF7
TNF receptor associated protein 1	TRAP-1; TRAP1
TNF receptor superfamily member 10a	TNFRSF10A
TNF receptor superfamily member 10b	TNFRSF10B
TNF receptor superfamily member 10c	TNFRSF10C
TNF receptor superfamily member 10d	TNFRSF10D
TNF receptor superfamily member 11a	TNFRSF11A
TNF receptor superfamily member 11b	TNFRSF11B
TNF receptor superfamily member 12A	TNFRSF12A
TNF receptor superfamily member 13B	TNFRSF13B
TNF receptor superfamily member 13C	TNFRSF13C
TNF receptor superfamily member 14	TNFRSF-14; TNFRSF14
TNF receptor superfamily member 17	TNFRSF-17; TNFRSF17
TNF receptor superfamily member 18	TNFRSF-18; TNFRSF18
TNF receptor superfamily member 19	TNFRSF-19; TNFRSF19
TNF receptor superfamily member 1A	TNFRSF1A
TNF receptor superfamily member 1B	TNFRSF1B
TNF receptor superfamily member 21	TNFRSF-21; TNFRSF21
TNF receptor superfamily member 25	TNFRSF-25; TNFRSF25
TNF receptor superfamily member 4	TNFRSF-4; TNFRSF4
TNF receptor superfamily member 6b	TNFRSF6B
TNF receptor superfamily member 8	TNFRSF-8; TNFRSF8
TNF receptor superfamily member 9	TNFRSF-9; TNFRSF9
TNF superfamily member 10	TNFSF-10; TNFSF10
TNF superfamily member 11	TNFSF-11; TNFSF11
TNF superfamily member 12	TNFSF-12; TNFSF12
TNF superfamily member 13	TNFSF-13; TNFSF13
TNF superfamily member 13b	TNFSF13B
TNF superfamily member 14	TNFSF-14; TNFSF14
TNF superfamily member 15	TNFSF-15; TNFSF15
TNF superfamily member 18	TNFSF-18; TNFSF18
TNF superfamily member 4	TNFSF-4; TNFSF4
TNF superfamily member 8	TNFSF-8; TNFSF8
TNF superfamily member 9	TNFSF-9; TNFSF9
TNFAIP3 interacting protein 1	TNIP-1; TNIP1
TNFAIP3 interacting protein 2	TNIP-2; TNIP2
TNFAIP3 interacting protein 3	TNIP-3; TNIP3
TNFRSF1A associated via death domain	TRADD
TNNI3 interacting kinase	TNNI3K
TOG array regulator of axonemal microtubules 1	TOGARAM-1; TOGARAM1
Toll interacting protein	TOLLIP
Toll like receptor 1	TLR-1; TLR1
Toll like receptor 10	TLR-10; TLR10
Toll like receptor 2	TLR-2; TLR2
Toll like receptor 3	TLR-3; TLR3
Toll like receptor 4	TLR-4; TLR4
Toll like receptor 5	TLR-5; TLR5
Toll like receptor 6	TLR-6; TLR6
Toll like receptor 7	TLR-7; TLR7
Toll like receptor 8	TLR-8; TLR8
Toll like receptor 9	TLR-9; TLR9
Tolloid like 1	TLL-1; TLL1; Tolloid like-1
Tolloid like 2	TLL-2; TLL2; Tolloid like-2
Tonsoku like, DNA repair protein	TONSL
TOP1 binding arginine/serine rich protein, E3 ubiquitin ligase	TOPORS
TOPBP1 interacting checkpoint and replication regulator	TICRR
TOR signaling pathway regulator	TIPRL
Torsin 1A interacting protein 1	TOR1AIP1
Torsin 1A interacting protein 2	TOR1AIP2
Torsin family 1 member A	TOR1A
Torsin family 1 member B	TOR1B
Torsin family 2 member A	TOR2A
Torsin family 3 member A	TOR3A
Torsin family 4 member A	TOR4A
Tousled like kinase 1	TLK-1; TLK1
Tousled like kinase 2	TLK-2; TLK2
TOX high mobility group box family member 2	TOX-2; TOX2
TOX high mobility group box family member 3	TOX-3; TOX3
TOX high mobility group box family member 4	TOX-4; TOX4
TP53 induced glycolysis regulatory phosphatase	TIGAR
TP53 regulated inhibitor of apoptosis 1	TRIAP-1; TRIAP1
TP53 regulating kinase	TP53RK
TP53 target 5	TP53 target-5; TP53TG5
TP53RK binding protein	TPRKB
TPD52 like 1	TPD52 like-1; TPD52L1
TPD52 like 2	TPD52 like-2; TPD52L2
TPD52 like 3	TPD52 like-3; TPD52L3
TPX2 microtubule nucleation factor	TPX-2; TPX2
TraB domain containing	TRABD
TraB domain containing 2B	TRABD2B
Trace amine associated receptor 9	TAAR-9; TAAR9
TRAF family member associated NFKB activator	TANK
TRAF interacting protein	TRAIP
TRAF interacting protein with forkhead associated domain	TIFA
TRAF-type zinc finger domain containing 1	TRAFD-1; TRAFD1
TRAF2 and NCK interacting kinase	TNIK
TRAF3 interacting protein 1	TRAF3IP1
TRAF3 interacting protein 2	TRAF3IP2
TRAF3 interacting protein 3	TRAF3IP3
Trafficking from ER to golgi regulator	TFG
Trafficking kinesin protein 1	TRAK-1; TRAK1
Trafficking kinesin protein 2	TRAK-2; TRAK2
Trafficking protein particle complex subunit 1	TRAPPC-1; TRAPPC1
Trafficking protein particle complex subunit 10	TRAPPC-10; TRAPPC10
Trafficking protein particle complex subunit 11	TRAPPC-11; TRAPPC11
Trafficking protein particle complex subunit 12	TRAPPC-12; TRAPPC12
Trafficking protein particle complex subunit 13	TRAPPC-13; TRAPPC13
Trafficking protein particle complex subunit 14	TRAPPC-14; TRAPPC14
Trafficking protein particle complex subunit 2	TRAPPC-2; TRAPPC2
Trafficking protein particle complex subunit 2B	TRAPPC2B
Trafficking protein particle complex subunit 2L	TRAPPC2L
Trafficking protein particle complex subunit 3	TRAPPC-3; TRAPPC3
Trafficking protein particle complex subunit 3L	TRAPPC3L
Trafficking protein particle complex subunit 4	TRAPPC-4; TRAPPC4
Trafficking protein particle complex subunit 5	TRAPPC-5; TRAPPC5
Trafficking protein particle complex subunit 6A	TRAPPC6A
Trafficking protein particle complex subunit 6B	TRAPPC6B
Trafficking protein particle complex subunit 8	TRAPPC-8; TRAPPC8
Trafficking protein particle complex subunit 9	TRAPPC-9; TRAPPC9
Trafficking regulator and scaffold protein tamalin	TAMALIN
Trans-2,3-enoyl-CoA reductase	TECR
Trans-2,3-enoyl-CoA reductase like	TECRL
Trans-golgi network protein 2	TGOLN-2; TGOLN2
Trans-golgi network vesicle protein 23 homolog A	TVP23A
Trans-golgi network vesicle protein 23 homolog B	TVP23B
Trans-golgi network vesicle protein 23 homolog C	TVP23C
Trans-L-3-hydroxyproline dehydratase	L3HYPDH
Transaldolase 1	TALDO-1; TALDO1; Transaldolase-1
Transcobalamin 1	TCN-1; TCN1; Transcobalamin-1
Transcobalamin 2	TCN-2; TCN2; Transcobalamin-2
Transcription activation suppressor	TASOR
Transcription activation suppressor family member 2	TASOR-2; TASOR2
Transcription elongation factor A like 1	TCEAL-1; TCEAL1
Transcription elongation factor A like 3	TCEAL-3; TCEAL3
Transcription elongation factor A like 4	TCEAL-4; TCEAL4
Transcription elongation factor A like 5	TCEAL-5; TCEAL5
Transcription elongation factor A like 8	TCEAL-8; TCEAL8
Transcription elongation factor A N-terminal and central domain containing	TCEANC
Transcription elongation factor A N-terminal and central domain containing 2	TCEANC-2; TCEANC2
Transcription elongation factor A1	TCEA-1; TCEA1
Transcription elongation factor A2	TCEA-2; TCEA2
Transcription elongation factor A3	TCEA-3; TCEA3
Transcription elongation factor, mitochondrial	TEFM
Transcription elongation regulator 1	TCERG-1; TCERG1
Transcription factor 12	TCF-12; TCF12; Transcription factor-12
Transcription factor 19	TCF-19; TCF19; Transcription factor-19
Transcription factor 20	TCF-20; TCF20; Transcription factor-20
Transcription factor 21	TCF-21; TCF21; Transcription factor-21
Transcription factor 23	TCF-23; TCF23; Transcription factor-23
Transcription factor 24	TCF-24; TCF24; Transcription factor-24
Transcription factor 25	TCF-25; TCF25; Transcription factor-25
Transcription factor 3	TCF-3; TCF3; Transcription factor-3
Transcription factor 4	TCF-4; TCF4; Transcription factor-4
Transcription factor 7	TCF-7; TCF7; Transcription factor-7
Transcription factor 7 like 1	TCF7L1
Transcription factor 7 like 2	TCF7L2
Transcription factor A, mitochondrial	TFAM
Transcription factor AP-2 alpha	TFAP2A
Transcription factor AP-2 beta	TFAP2B
Transcription factor AP-2 delta	TFAP2D
Transcription factor AP-2 gamma	TFAP2C
Transcription factor AP-4	TFAP-4; TFAP4
Transcription factor B1, mitochondrial	TFB1M
Transcription factor B2, mitochondrial	TFB2M
Transcription factor binding to IGHM enhancer 3	TFE-3; TFE3
Transcription factor CP2	TFCP-2; TFCP2
Transcription factor CP2 like 1	TFCP2L1
Transcription factor Dp family member 3	TFDP-3; TFDP3
Transcription factor Dp-1	TFDP-1; TFDP1
Transcription factor Dp-2	TFDP-2; TFDP2
Transcription factor EB	TFEB
Transcription factor EC	TFEC
Transcription termination factor 1	TTF-1; TTF1
Transcription termination factor 2	TTF-2; TTF2
Transcriptional adaptor 1	TADA-1; TADA1; Transcriptional adaptor-1
Transcriptional adaptor 2B	TADA2B
Transcriptional adaptor 3	TADA-3; TADA3; Transcriptional adaptor-3
Transcriptional and immune response regulator	TCIM
Transcriptional regulating factor 1	TRERF-1; TRERF1
Transcriptional repressor GATA binding 1	TRPS-1; TRPS1
Transducer of ERBB2, 1	TOB-1; TOB1
Transducer of ERBB2, 2	TOB-2; TOB2
Transducin beta like 1 X-linked	TBL1X
Transducin beta like 1 Y-linked	TBL1Y
Transducin beta like 2	TBL-2; TBL2
Transducin beta like 3	TBL-3; TBL3
Transferrin	TF
Transferrin receptor	TFRC
Transferrin receptor 2	TFR-2; TFR2; Transferrin receptor-2
Transformation/transcription domain associated protein	TRRAP
Transformer 2 alpha homolog	TRA2A
Transformer 2 beta homolog	TRA2B
Transforming acidic coiled-coil containing protein 1	TACC-1; TACC1
Transforming acidic coiled-coil containing protein 2	TACC-2; TACC2
Transforming acidic coiled-coil containing protein 3	TACC-3; TACC3
Transforming growth factor alpha	TGFA
Transforming growth factor beta 1 induced transcript 1	TGFB1I1
Transforming growth factor beta 2	TGFB-2; TGFB2
Transforming growth factor beta 3	TGFB-3; TGFB3
Transforming growth factor beta induced	TGFBI
Transforming growth factor beta receptor 1	TGFBR-1; TGFBR1
Transforming growth factor beta receptor 2	TGFBR-2; TGFBR2
Transforming growth factor beta receptor 3	TGFBR-3; TGFBR3
Transforming growth factor beta receptor associated protein 1	TGFBRAP-1; TGFBRAP1
Transforming growth factor beta regulator 1	TBRG-1; TBRG1
Transforming growth factor beta regulator 4	TBRG-4; TBRG4
Transgelin	TAGLN
Transgelin 2	TAGLN-2; TAGLN2; Transgelin-2
Transgelin 3	TAGLN-3; TAGLN3; Transgelin-3
Transglutaminase 1	TGM-1; TGM1; Transglutaminase-1
Transglutaminase 2	TGM-2; TGM2; Transglutaminase-2
Transglutaminase 3	TGM-3; TGM3; Transglutaminase-3
Transglutaminase 4	TGM-4; TGM4; Transglutaminase-4
Transglutaminase 5	TGM-5; TGM5; Transglutaminase-5
Transglutaminase 6	TGM-6; TGM6; Transglutaminase-6
Transglutaminase 7	TGM-7; TGM7; Transglutaminase-7
Transient receptor potential cation channel subfamily A member 1	TRPA-1; TRPA1
Transient receptor potential cation channel subfamily C member 1	TRPC-1; TRPC1
Transient receptor potential cation channel subfamily C member 3	TRPC-3; TRPC3
Transient receptor potential cation channel subfamily C member 4	TRPC-4; TRPC4
Transient receptor potential cation channel subfamily C member 4 associated protein	TRPC4AP
Transient receptor potential cation channel subfamily C member 5	TRPC-5; TRPC5
Transient receptor potential cation channel subfamily C member 6	TRPC-6; TRPC6
Transient receptor potential cation channel subfamily C member 7	TRPC-7; TRPC7
Transient receptor potential cation channel subfamily M member 1	TRPM-1; TRPM1
Transient receptor potential cation channel subfamily M member 2	TRPM-2; TRPM2
Transient receptor potential cation channel subfamily M member 4	TRPM-4; TRPM4
Transient receptor potential cation channel subfamily M member 5	TRPM-5; TRPM5
Transient receptor potential cation channel subfamily M member 6	TRPM-6; TRPM6
Transient receptor potential cation channel subfamily M member 7	TRPM-7; TRPM7
Transient receptor potential cation channel subfamily M member 8	TRPM-8; TRPM8
Transient receptor potential cation channel subfamily V member 1	TRPV-1; TRPV1
Transient receptor potential cation channel subfamily V member 2	TRPV-2; TRPV2
Transient receptor potential cation channel subfamily V member 3	TRPV-3; TRPV3
Transient receptor potential cation channel subfamily V member 4	TRPV-4; TRPV4
Transient receptor potential cation channel subfamily V member 5	TRPV-5; TRPV5
Transient receptor potential cation channel subfamily V member 6	TRPV-6; TRPV6
Transition protein 1	TNP-1; TNP1; Transition protein-1
Transition protein 2	TNP-2; TNP2; Transition protein-2
Transketolase	TKT
Transketolase like 1	TKTL-1; TKTL1; Transketolase like-1
Translation machinery associated 16 homolog	TMA-16; TMA16
Translation machinery associated 7 homolog	TMA-7; TMA7
Translational activator of cytochrome c oxidase I	TACO-1; TACO1
Translin	TSN
Translin associated factor X	TSNAX
Translin associated factor X interacting protein 1	TSNAXIP-1; TSNAXIP1
Translocase of inner mitochondrial membrane 10	TIMM-10; TIMM10
Translocase of inner mitochondrial membrane 10B	TIMM10B
Translocase of inner mitochondrial membrane 13	TIMM-13; TIMM13
Translocase of inner mitochondrial membrane 17A	TIMM17A
Translocase of inner mitochondrial membrane 17B	TIMM17B
Translocase of inner mitochondrial membrane 21	TIMM-21; TIMM21
Translocase of inner mitochondrial membrane 22	TIMM-22; TIMM22
Translocase of inner mitochondrial membrane 23	TIMM-23; TIMM23
Translocase of inner mitochondrial membrane 23 homolog B	TIMM23B
Translocase of inner mitochondrial membrane 29	TIMM-29; TIMM29
Translocase of inner mitochondrial membrane 44	TIMM-44; TIMM44
Translocase of inner mitochondrial membrane 50	TIMM-50; TIMM50
Translocase of inner mitochondrial membrane 8 homolog B	TIMM8B
Translocase of inner mitochondrial membrane 8A	TIMM8A
Translocase of inner mitochondrial membrane 9	TIMM-9; TIMM9
Translocase of inner mitochondrial membrane domain containing 1	TIMMDC-1; TIMMDC1
Translocase of outer mitochondrial membrane 20	TOMM-20; TOMM20
Translocase of outer mitochondrial membrane 20 like	TOMM20L
Translocase of outer mitochondrial membrane 22	TOMM-22; TOMM22
Translocase of outer mitochondrial membrane 34	TOMM-34; TOMM34
Translocase of outer mitochondrial membrane 40	TOMM-40; TOMM40
Translocase of outer mitochondrial membrane 40 like	TOMM40L
Translocase of outer mitochondrial membrane 5	TOMM-5; TOMM5
Translocase of outer mitochondrial membrane 6	TOMM-6; TOMM6
Translocase of outer mitochondrial membrane 7	TOMM-7; TOMM7
Translocase of outer mitochondrial membrane 70	TOMM-70; TOMM70
Translocated promoter region, nuclear basket protein	TPR
Translocation associated membrane protein 1	TRAM-1; TRAM1
Translocation associated membrane protein 1 like 1	TRAM1L1
Translocation associated membrane protein 2	TRAM-2; TRAM2
Translocator protein	TSPO
Translocator protein 2	Translocator protein-2; TSPO-2; TSPO2
Transmembrane 131 like	TMEM131L
Transmembrane 4 L six family member 1	TM4SF1
Transmembrane 4 L six family member 18	TM4SF18
Transmembrane 4 L six family member 19	TM4SF19
Transmembrane 4 L six family member 20	TM4SF20
Transmembrane 4 L six family member 4	TM4SF4
Transmembrane 4 L six family member 5	TM4SF5
Transmembrane 6 superfamily member 1	TM6SF1
Transmembrane 6 superfamily member 2	TM6SF2
Transmembrane 7 superfamily member 2	TM7SF2
Transmembrane 9 superfamily member 2	TM9SF2
Transmembrane 9 superfamily member 3	TM9SF3
Transmembrane 9 superfamily member 4	TM9SF4
Transmembrane and coiled-coil domain family 1	TMCC-1; TMCC1
Transmembrane and coiled-coil domain family 2	TMCC-2; TMCC2
Transmembrane and coiled-coil domain family 3	TMCC-3; TMCC3
Transmembrane and coiled-coil domains 1	TMCO-1; TMCO1
Transmembrane and coiled-coil domains 2	TMCO-2; TMCO2
Transmembrane and coiled-coil domains 3	TMCO-3; TMCO3
Transmembrane and coiled-coil domains 4	TMCO-4; TMCO4
Transmembrane and coiled-coil domains 5A	TMCO5A
Transmembrane and coiled-coil domains 6	TMCO-6; TMCO6
Transmembrane and immunoglobulin domain containing 1	TMIGD-1; TMIGD1
Transmembrane and immunoglobulin domain containing 2	TMIGD-2; TMIGD2
Transmembrane and immunoglobulin domain containing 3	TMIGD-3; TMIGD3
Transmembrane and ubiquitin like domain containing 1	TMUB-1; TMUB1
Transmembrane and ubiquitin like domain containing 2	TMUB-2; TMUB2
Transmembrane anterior posterior transformation 1	TAPT-1; TAPT1
Transmembrane BAX inhibitor motif containing 1	TMBIM-1; TMBIM1
Transmembrane BAX inhibitor motif containing 4	TMBIM-4; TMBIM4
Transmembrane BAX inhibitor motif containing 6	TMBIM-6; TMBIM6
Transmembrane channel like 1	TMC-1; TMC1
Transmembrane channel like 6	TMC-6; TMC6
Transmembrane channel like 7	TMC-7; TMC7
Transmembrane channel like 8	TMC-8; TMC8
Transmembrane immune signaling adaptor TYROBP	TYROBP
Transmembrane inner ear	TMIE
Transmembrane O-mannosyltransferase targeting cadherins 1	TMTC-1; TMTC1
Transmembrane O-mannosyltransferase targeting cadherins 2	TMTC-2; TMTC2
Transmembrane O-mannosyltransferase targeting cadherins 3	TMTC-3; TMTC3
Transmembrane O-mannosyltransferase targeting cadherins 4	TMTC-4; TMTC4
Transmembrane p24 trafficking protein 1	TMED-1; TMED1
Transmembrane p24 trafficking protein 10	TMED-10; TMED10
Transmembrane p24 trafficking protein 2	TMED-2; TMED2
Transmembrane p24 trafficking protein 3	TMED-3; TMED3
Transmembrane p24 trafficking protein 4	TMED-4; TMED4
Transmembrane p24 trafficking protein 5	TMED-5; TMED5
Transmembrane p24 trafficking protein 7	TMED-7; TMED7
Transmembrane p24 trafficking protein 9	TMED-9; TMED9
Transmembrane p24 trafficking protein family member 8	TMED-8; TMED8
Transmembrane phosphatase with tensin homology	TPTE
Transmembrane phosphoinositide 3-phosphatase and tensin homolog 2	TPTE-2; TPTE2
Transmembrane protein 100	TMEM-100; TMEM100; Transmembrane protein-100
Transmembrane protein 101	TMEM-101; TMEM101; Transmembrane protein-101
Transmembrane protein 102	TMEM-102; TMEM102; Transmembrane protein-102
Transmembrane protein 104	TMEM-104; TMEM104; Transmembrane protein-104
Transmembrane protein 106A	TMEM106A
Transmembrane protein 106B	TMEM106B
Transmembrane protein 106C	TMEM106C
Transmembrane protein 107	TMEM-107; TMEM107; Transmembrane protein-107
Transmembrane protein 108	TMEM-108; TMEM108; Transmembrane protein-108
Transmembrane protein 109	TMEM-109; TMEM109; Transmembrane protein-109
Transmembrane protein 11	TMEM-11; TMEM11; Transmembrane protein-11
Transmembrane protein 114	TMEM-114; TMEM114; Transmembrane protein-114
Transmembrane protein 115	TMEM-115; TMEM115; Transmembrane protein-115
Transmembrane protein 117	TMEM-117; TMEM117; Transmembrane protein-117
Transmembrane protein 119	TMEM-119; TMEM119; Transmembrane protein-119
Transmembrane protein 120A	TMEM120A
Transmembrane protein 120B	TMEM120B
Transmembrane protein 121	TMEM-121; TMEM121; Transmembrane protein-121
Transmembrane protein 123	TMEM-123; TMEM123; Transmembrane protein-123
Transmembrane protein 126A	TMEM126A
Transmembrane protein 126B	TMEM126B
Transmembrane protein 127	TMEM-127; TMEM127; Transmembrane protein-127
Transmembrane protein 128	TMEM-128; TMEM128; Transmembrane protein-128
Transmembrane protein 129, E3 ubiquitin ligase	TMEM-129; TMEM129
Transmembrane protein 130	TMEM-130; TMEM130; Transmembrane protein-130
Transmembrane protein 131	TMEM-131; TMEM131; Transmembrane protein-131
Transmembrane protein 132A	TMEM132A
Transmembrane protein 132D	TMEM132D
Transmembrane protein 132E	TMEM132E
Transmembrane protein 134	TMEM-134; TMEM134; Transmembrane protein-134
Transmembrane protein 138	TMEM-138; TMEM138; Transmembrane protein-138
Transmembrane protein 139	TMEM-139; TMEM139; Transmembrane protein-139
Transmembrane protein 140	TMEM-140; TMEM140; Transmembrane protein-140
Transmembrane protein 141	TMEM-141; TMEM141; Transmembrane protein-141
Transmembrane protein 143	TMEM-143; TMEM143; Transmembrane protein-143
Transmembrane protein 144	TMEM-144; TMEM144; Transmembrane protein-144
Transmembrane protein 147	TMEM-147; TMEM147; Transmembrane protein-147
Transmembrane protein 14A	TMEM14A
Transmembrane protein 14B	TMEM14B
Transmembrane protein 14C	TMEM14C
Transmembrane protein 150A	TMEM150A
Transmembrane protein 151A	TMEM151A
Transmembrane protein 154	TMEM-154; TMEM154; Transmembrane protein-154
Transmembrane protein 160	TMEM-160; TMEM160; Transmembrane protein-160
Transmembrane protein 161A	TMEM161A
Transmembrane protein 165	TMEM-165; TMEM165; Transmembrane protein-165
Transmembrane protein 167A	TMEM167A
Transmembrane protein 167B	TMEM167B
Transmembrane protein 168	TMEM-168; TMEM168; Transmembrane protein-168
Transmembrane protein 17	TMEM-17; TMEM17; Transmembrane protein-17
Transmembrane protein 170A	TMEM170A
Transmembrane protein 170B	TMEM170B
Transmembrane protein 171	TMEM-171; TMEM171; Transmembrane protein-171
Transmembrane protein 174	TMEM-174; TMEM174; Transmembrane protein-174
Transmembrane protein 175	TMEM-175; TMEM175; Transmembrane protein-175
Transmembrane protein 176A	TMEM176A
Transmembrane protein 176B	TMEM176B
Transmembrane protein 177	TMEM-177; TMEM177; Transmembrane protein-177
Transmembrane protein 179B	TMEM179B
Transmembrane protein 18	TMEM-18; TMEM18; Transmembrane protein-18
Transmembrane protein 181	TMEM-181; TMEM181; Transmembrane protein-181
Transmembrane protein 182	TMEM-182; TMEM182; Transmembrane protein-182
Transmembrane protein 183A	TMEM183A
Transmembrane protein 184A	TMEM184A
Transmembrane protein 184B	TMEM184B
Transmembrane protein 184C	TMEM184C
Transmembrane protein 185A	TMEM185A
Transmembrane protein 185B	TMEM185B
Transmembrane protein 186	TMEM-186; TMEM186; Transmembrane protein-186
Transmembrane protein 187	TMEM-187; TMEM187; Transmembrane protein-187
Transmembrane protein 19	TMEM-19; TMEM19; Transmembrane protein-19
Transmembrane protein 190	TMEM-190; TMEM190; Transmembrane protein-190
Transmembrane protein 192	TMEM-192; TMEM192; Transmembrane protein-192
Transmembrane protein 196	TMEM-196; TMEM196; Transmembrane protein-196
Transmembrane protein 198	TMEM-198; TMEM198; Transmembrane protein-198
Transmembrane protein 199	TMEM-199; TMEM199; Transmembrane protein-199
Transmembrane protein 200A	TMEM200A
Transmembrane protein 201	TMEM-201; TMEM201; Transmembrane protein-201
Transmembrane protein 203	TMEM-203; TMEM203; Transmembrane protein-203
Transmembrane protein 205	TMEM-205; TMEM205; Transmembrane protein-205
Transmembrane protein 207	TMEM-207; TMEM207; Transmembrane protein-207
Transmembrane protein 208	TMEM-208; TMEM208; Transmembrane protein-208
Transmembrane protein 209	TMEM-209; TMEM209; Transmembrane protein-209
Transmembrane protein 214	TMEM-214; TMEM214; Transmembrane protein-214
Transmembrane protein 216	TMEM-216; TMEM216; Transmembrane protein-216
Transmembrane protein 218	TMEM-218; TMEM218; Transmembrane protein-218
Transmembrane protein 219	TMEM-219; TMEM219; Transmembrane protein-219
Transmembrane protein 220	TMEM-220; TMEM220; Transmembrane protein-220
Transmembrane protein 222	TMEM-222; TMEM222; Transmembrane protein-222
Transmembrane protein 223	TMEM-223; TMEM223; Transmembrane protein-223
Transmembrane protein 225B	TMEM225B
Transmembrane protein 229B	TMEM229B
Transmembrane protein 230	TMEM-230; TMEM230; Transmembrane protein-230
Transmembrane protein 231	TMEM-231; TMEM231; Transmembrane protein-231
Transmembrane protein 234	TMEM-234; TMEM234; Transmembrane protein-234
Transmembrane protein 236	TMEM-236; TMEM236; Transmembrane protein-236
Transmembrane protein 237	TMEM-237; TMEM237; Transmembrane protein-237
Transmembrane protein 238	TMEM-238; TMEM238; Transmembrane protein-238
Transmembrane protein 238 like	TMEM238L
Transmembrane protein 239	TMEM-239; TMEM239; Transmembrane protein-239
Transmembrane protein 240	TMEM-240; TMEM240; Transmembrane protein-240
Transmembrane protein 241	TMEM-241; TMEM241; Transmembrane protein-241
Transmembrane protein 242	TMEM-242; TMEM242; Transmembrane protein-242
Transmembrane protein 243	TMEM-243; TMEM243; Transmembrane protein-243
Transmembrane protein 245	TMEM-245; TMEM245; Transmembrane protein-245
Transmembrane protein 248	TMEM-248; TMEM248; Transmembrane protein-248
Transmembrane protein 25	TMEM-25; TMEM25; Transmembrane protein-25
Transmembrane protein 250	TMEM-250; TMEM250; Transmembrane protein-250
Transmembrane protein 251	TMEM-251; TMEM251; Transmembrane protein-251
Transmembrane protein 252	TMEM-252; TMEM252; Transmembrane protein-252
Transmembrane protein 254	TMEM-254; TMEM254; Transmembrane protein-254
Transmembrane protein 255B	TMEM255B
Transmembrane protein 258	TMEM-258; TMEM258; Transmembrane protein-258
Transmembrane protein 259	TMEM-259; TMEM259; Transmembrane protein-259
Transmembrane protein 26	TMEM-26; TMEM26; Transmembrane protein-26
Transmembrane protein 260	TMEM-260; TMEM260; Transmembrane protein-260
Transmembrane protein 262	TMEM-262; TMEM262; Transmembrane protein-262
Transmembrane protein 263	TMEM-263; TMEM263; Transmembrane protein-263
Transmembrane protein 266	TMEM-266; TMEM266; Transmembrane protein-266
Transmembrane protein 267	TMEM-267; TMEM267; Transmembrane protein-267
Transmembrane protein 30A	TMEM30A
Transmembrane protein 30B	TMEM30B
Transmembrane protein 31	TMEM-31; TMEM31; Transmembrane protein-31
Transmembrane protein 33	TMEM-33; TMEM33; Transmembrane protein-33
Transmembrane protein 35A	TMEM35A
Transmembrane protein 35B	TMEM35B
Transmembrane protein 38A	TMEM38A
Transmembrane protein 38B	TMEM38B
Transmembrane protein 39A	TMEM39A
Transmembrane protein 39B	TMEM39B
Transmembrane protein 40	TMEM-40; TMEM40; Transmembrane protein-40
Transmembrane protein 41A	TMEM41A
Transmembrane protein 41B	TMEM41B
Transmembrane protein 42	TMEM-42; TMEM42; Transmembrane protein-42
Transmembrane protein 43	TMEM-43; TMEM43; Transmembrane protein-43
Transmembrane protein 44	TMEM-44; TMEM44; Transmembrane protein-44
Transmembrane protein 45A	TMEM45A
Transmembrane protein 45B	TMEM45B
Transmembrane protein 47	TMEM-47; TMEM47; Transmembrane protein-47
Transmembrane protein 50A	TMEM50A
Transmembrane protein 50B	TMEM50B
Transmembrane protein 51	TMEM-51; TMEM51; Transmembrane protein-51
Transmembrane protein 52B	TMEM52B
Transmembrane protein 54	TMEM-54; TMEM54; Transmembrane protein-54
Transmembrane protein 59	TMEM-59; TMEM59; Transmembrane protein-59
Transmembrane protein 60	TMEM-60; TMEM60; Transmembrane protein-60
Transmembrane protein 61	TMEM-61; TMEM61; Transmembrane protein-61
Transmembrane protein 62	TMEM-62; TMEM62; Transmembrane protein-62
Transmembrane protein 63A	TMEM63A
Transmembrane protein 63B	TMEM63B
Transmembrane protein 63C	TMEM63C
Transmembrane protein 65	TMEM-65; TMEM65; Transmembrane protein-65
Transmembrane protein 67	TMEM-67; TMEM67; Transmembrane protein-67
Transmembrane protein 69	TMEM-69; TMEM69; Transmembrane protein-69
Transmembrane protein 70	TMEM-70; TMEM70; Transmembrane protein-70
Transmembrane protein 71	TMEM-71; TMEM71; Transmembrane protein-71
Transmembrane protein 72	TMEM-72; TMEM72; Transmembrane protein-72
Transmembrane protein 74	TMEM-74; TMEM74; Transmembrane protein-74
Transmembrane protein 79	TMEM-79; TMEM79; Transmembrane protein-79
Transmembrane protein 80	TMEM-80; TMEM80; Transmembrane protein-80
Transmembrane protein 86A	TMEM86A
Transmembrane protein 86B	TMEM86B
Transmembrane protein 87A	TMEM87A
Transmembrane protein 87B	TMEM87B
Transmembrane protein 88	TMEM-88; TMEM88; Transmembrane protein-88
Transmembrane protein 8B	TMEM8B
Transmembrane protein 9	TMEM-9; TMEM9; Transmembrane protein-9
Transmembrane protein 91	TMEM-91; TMEM91; Transmembrane protein-91
Transmembrane protein 92	TMEM-92; TMEM92; Transmembrane protein-92
Transmembrane protein 94	TMEM-94; TMEM94; Transmembrane protein-94
Transmembrane protein 95	TMEM-95; TMEM95; Transmembrane protein-95
Transmembrane protein 97	TMEM-97; TMEM97; Transmembrane protein-97
Transmembrane protein 98	TMEM-98; TMEM98; Transmembrane protein-98
Transmembrane protein adipocyte associated 1	TPRA-1; TPRA1
Transmembrane protein with EGF like and two follistatin like domains 1	TMEFF-1; TMEFF1
Transmembrane protein with EGF like and two follistatin like domains 2	TMEFF-2; TMEFF2
Transmembrane protein with metallophosphoesterase domain	TMPPE
Transmembrane serine protease 11A	TMPRSS11A
Transmembrane serine protease 11D	TMPRSS11D
Transmembrane serine protease 11E	TMPRSS11E
Transmembrane serine protease 12	TMPRSS-12; TMPRSS12
Transmembrane serine protease 15	TMPRSS-15; TMPRSS15
Transmembrane serine protease 2	TMPRSS-2; TMPRSS2
Transmembrane serine protease 3	TMPRSS-3; TMPRSS3
Transmembrane serine protease 4	TMPRSS-4; TMPRSS4
Transmembrane serine protease 5	TMPRSS-5; TMPRSS5
Transmembrane serine protease 6	TMPRSS-6; TMPRSS6
Transmembrane serine protease 9	TMPRSS-9; TMPRSS9
Transport and golgi organization 2 homolog	TANGO-2; TANGO2
Transport and golgi organization 6 homolog	TANGO-6; TANGO6
Transporter 1, ATP binding cassette subfamily B member	TAP-1; TAP1
Transporter 2, ATP binding cassette subfamily B member	TAP-2; TAP2
Transportin 1	TNPO-1; TNPO1; Transportin-1
Transportin 2	TNPO-2; TNPO2; Transportin-2
Transportin 3	TNPO-3; TNPO3; Transportin-3
Transthyretin	TTR
Treacle ribosome biogenesis factor 1	TCOF-1; TCOF1
Trefoil factor 1	TFF-1; TFF1; Trefoil factor-1
Trefoil factor 2	TFF-2; TFF2; Trefoil factor-2
Trefoil factor 3	TFF-3; TFF3; Trefoil factor-3
Trehalase	TREH
Triadin	TRDN
Tribbles pseudokinase 1	TRIB-1; TRIB1; Tribbles pseudokinase-1
Tribbles pseudokinase 2	TRIB-2; TRIB2; Tribbles pseudokinase-2
Tribbles pseudokinase 3	TRIB-3; TRIB3; Tribbles pseudokinase-3
Trichohyalin	TCHH
Trichoplein keratin filament binding	TCHP
Triggering receptor expressed on myeloid cells 1	TREM-1; TREM1
Triggering receptor expressed on myeloid cells 2	TREM-2; TREM2
Triggering receptor expressed on myeloid cells like 1	TREML-1; TREML1
Triggering receptor expressed on myeloid cells like 2	TREML-2; TREML2
Trimethylguanosine synthase 1	TGS-1; TGS1; Trimethylguanosine synthase-1
Trimethyllysine hydroxylase, epsilon	TMLHE
Trinucleotide repeat containing 18	TNRC-18; TNRC18
Trinucleotide repeat containing adaptor 6A	TNRC6A
Trinucleotide repeat containing adaptor 6B	TNRC6B
Trinucleotide repeat containing adaptor 6C	TNRC6C
TRIO and F-actin binding protein	TRIOBP
Trio Rho guanine nucleotide exchange factor	TRIO
Triokinase and FMN cyclase	TKFC
Triosephosphate isomerase 1	TPI-1; TPI1; Triosephosphate isomerase-1
Tripartite motif containing 10	TRIM-10; TRIM10
Tripartite motif containing 11	TRIM-11; TRIM11
Tripartite motif containing 13	TRIM-13; TRIM13
Tripartite motif containing 14	TRIM-14; TRIM14
Tripartite motif containing 15	TRIM-15; TRIM15
Tripartite motif containing 16	TRIM-16; TRIM16
Tripartite motif containing 17	TRIM-17; TRIM17
Tripartite motif containing 2	TRIM-2; TRIM2
Tripartite motif containing 21	TRIM-21; TRIM21
Tripartite motif containing 22	TRIM-22; TRIM22
Tripartite motif containing 23	TRIM-23; TRIM23
Tripartite motif containing 24	TRIM-24; TRIM24
Tripartite motif containing 25	TRIM-25; TRIM25
Tripartite motif containing 26	TRIM-26; TRIM26
Tripartite motif containing 27	TRIM-27; TRIM27
Tripartite motif containing 28	TRIM-28; TRIM28
Tripartite motif containing 29	TRIM-29; TRIM29
Tripartite motif containing 3	TRIM-3; TRIM3
Tripartite motif containing 31	TRIM-31; TRIM31
Tripartite motif containing 32	TRIM-32; TRIM32
Tripartite motif containing 33	TRIM-33; TRIM33
Tripartite motif containing 34	TRIM-34; TRIM34
Tripartite motif containing 35	TRIM-35; TRIM35
Tripartite motif containing 36	TRIM-36; TRIM36
Tripartite motif containing 37	TRIM-37; TRIM37
Tripartite motif containing 38	TRIM-38; TRIM38
Tripartite motif containing 39	TRIM-39; TRIM39
Tripartite motif containing 4	TRIM-4; TRIM4
Tripartite motif containing 40	TRIM-40; TRIM40
Tripartite motif containing 41	TRIM-41; TRIM41
Tripartite motif containing 42	TRIM-42; TRIM42
Tripartite motif containing 43	TRIM-43; TRIM43
Tripartite motif containing 44	TRIM-44; TRIM44
Tripartite motif containing 45	TRIM-45; TRIM45
Tripartite motif containing 47	TRIM-47; TRIM47
Tripartite motif containing 48	TRIM-48; TRIM48
Tripartite motif containing 49	TRIM-49; TRIM49
Tripartite motif containing 49C	TRIM49C
Tripartite motif containing 5	TRIM-5; TRIM5
Tripartite motif containing 50	TRIM-50; TRIM50
Tripartite motif containing 52	TRIM-52; TRIM52
Tripartite motif containing 54	TRIM-54; TRIM54
Tripartite motif containing 55	TRIM-55; TRIM55
Tripartite motif containing 56	TRIM-56; TRIM56
Tripartite motif containing 59	TRIM-59; TRIM59
Tripartite motif containing 6	TRIM-6; TRIM6
Tripartite motif containing 60	TRIM-60; TRIM60
Tripartite motif containing 62	TRIM-62; TRIM62
Tripartite motif containing 63	TRIM-63; TRIM63
Tripartite motif containing 65	TRIM-65; TRIM65
Tripartite motif containing 67	TRIM-67; TRIM67
Tripartite motif containing 68	TRIM-68; TRIM68
Tripartite motif containing 69	TRIM-69; TRIM69
Tripartite motif containing 7	TRIM-7; TRIM7
Tripartite motif containing 71	TRIM-71; TRIM71
Tripartite motif containing 72	TRIM-72; TRIM72
Tripartite motif containing 74	TRIM-74; TRIM74
Tripartite motif containing 8	TRIM-8; TRIM8
Tripartite motif containing 9	TRIM-9; TRIM9
Tripartite motif family like 2	TRIML-2; TRIML2
Tripeptidyl peptidase 1	TPP-1; TPP1; Tripeptidyl peptidase-1
Tripeptidyl peptidase 2	TPP-2; TPP2; Tripeptidyl peptidase-2
TRNA aspartic acid methyltransferase 1	TRDMT-1; TRDMT1
TRNA isopentenyltransferase 1	TRIT-1; TRIT1; TRNA isopentenyltransferase-1
TRNA methyltransferase 1	TRMT-1; TRMT1; TRNA methyltransferase-1
TRNA methyltransferase 1 like	TRMT1L
TRNA methyltransferase 10A	TRMT10A
TRNA methyltransferase 10B	TRMT10B
TRNA methyltransferase 10C, mitochondrial RNase P subunit	TRMT10C
TRNA methyltransferase 11 homolog	TRMT-11; TRMT11
TRNA methyltransferase 12 homolog	TRMT-12; TRMT12
TRNA methyltransferase 13 homolog	TRMT-13; TRMT13
TRNA methyltransferase 2 homolog A	TRMT2A
TRNA methyltransferase 2 homolog B	TRMT2B
TRNA methyltransferase 44 homolog	TRMT-44; TRMT44
TRNA methyltransferase 5	TRMT-5; TRMT5; TRNA methyltransferase-5
TRNA methyltransferase 6 non-catalytic subunit	TRMT-6; TRMT6
TRNA methyltransferase 61A	TRMT61A
TRNA methyltransferase 61B	TRMT61B
TRNA methyltransferase activator subunit 11-2	TRMT-112; TRMT112
TRNA methyltransferase O	TRMO
TRNA mitochondrial 2-thiouridylase	TRMU
TRNA nucleotidyl transferase 1	TRNT-1; TRNT1
TRNA phosphotransferase 1	TRNA phosphotransferase-1; TRPT-1; TRPT1
TRNA selenocysteine 1 associated protein 1	TRNAU1AP
TRNA splicing endonuclease subunit 15	TSEN-15; TSEN15
TRNA splicing endonuclease subunit 2	TSEN-2; TSEN2
TRNA splicing endonuclease subunit 34	TSEN-34; TSEN34
TRNA splicing endonuclease subunit 54	TSEN-54; TSEN54
TRNA-histidine guanylyltransferase 1 like	THG1L
TRNA-yW synthesizing protein 1 homolog B	TYW1B
TRNA-yW synthesizing protein 3 homolog	TYW-3; TYW3
TRNA-yW synthesizing protein 5	TYW-5; TYW5
Trophinin	TRO
Trophinin associated protein	TROAP
Trophoblast glycoprotein	TPBG
Tropomodulin 1	TMOD-1; TMOD1; Tropomodulin-1
Tropomodulin 2	TMOD-2; TMOD2; Tropomodulin-2
Tropomodulin 3	TMOD-3; TMOD3; Tropomodulin-3
Tropomodulin 4	TMOD-4; TMOD4; Tropomodulin-4
Tropomyosin 1	TPM-1; TPM1; Tropomyosin-1
Tropomyosin 2	TPM-2; TPM2; Tropomyosin-2
Tropomyosin 3	TPM-3; TPM3; Tropomyosin-3
Tropomyosin 4	TPM-4; TPM4; Tropomyosin-4
Troponin C1, slow skeletal and cardiac type	TNNC-1; TNNC1
Troponin C2, fast skeletal type	TNNC-2; TNNC2
Troponin I1, slow skeletal type	TNNI-1; TNNI1
Troponin I2, fast skeletal type	TNNI-2; TNNI2
Troponin I3, cardiac type	TNNI-3; TNNI3
Troponin T1, slow skeletal type	TNNT-1; TNNT1
Troponin T2, cardiac type	TNNT-2; TNNT2
Troponin T3, fast skeletal type	TNNT-3; TNNT3
TRPM8 channel associated factor 1	TCAF-1; TCAF1
TRPM8 channel associated factor 2	TCAF-2; TCAF2
TruB pseudouridine synthase family member 1	TRUB-1; TRUB1
TruB pseudouridine synthase family member 2	TRUB-2; TRUB2
Trypsin like peroxisomal matrix peptidase 1	TYSND-1; TYSND1
Tryptase alpha/beta 1	TPSAB-1; TPSAB1; Tryptase alpha/beta-1
Tryptase beta 2	TPSB-2; TPSB2; Tryptase beta-2
Tryptase gamma 1	TPSG-1; TPSG1; Tryptase gamma-1
Tryptophan 2,3-dioxygenase	TDO-2; TDO2
Tryptophan hydroxylase 1	TPH-1; TPH1; Tryptophan hydroxylase-1
Tryptophan hydroxylase 2	TPH-2; TPH2; Tryptophan hydroxylase-2
Tryptophanyl tRNA synthetase 2, mitochondrial	WARS-2; WARS2
Tryptophanyl-tRNA synthetase 1	Tryptophanyl-tRNA synthetase-1; WARS-1; WARS1
Ts translation elongation factor, mitochondrial	TSFM
TSC complex subunit 1	TSC-1; TSC1
TSC complex subunit 2	TSC-2; TSC2
TSC22 domain family member 1	TSC22D1
TSC22 domain family member 2	TSC22D2
TSC22 domain family member 3	TSC22D3
TSC22 domain family member 4	TSC22D4
TSPO associated protein 1	TSPOAP-1; TSPOAP1
TSPY like 1	TSPY like-1; TSPYL-1; TSPYL1
TSPY like 2	TSPY like-2; TSPYL-2; TSPYL2
TSPY like 4	TSPY like-4; TSPYL-4; TSPYL4
TSPY like 5	TSPY like-5; TSPYL-5; TSPYL5
TSPY like 6	TSPY like-6; TSPYL-6; TSPYL6
TSR1 ribosome maturation factor	TSR-1; TSR1
TSR2 ribosome maturation factor	TSR-2; TSR2
TSR3 ribosome maturation factor	TSR-3; TSR3
TSSK6 activating cochaperone	TSACC
Tsukushi, small leucine rich proteoglycan	TSKU
TTK protein kinase	TTK
TTL family tubulin polyglutamylase complex subunit L1	TTLL-1; TTLL1
Tu translation elongation factor, mitochondrial	TUFM
TUB bipartite transcription factor	TUB
TUB like protein 1	TULP-1; TULP1
TUB like protein 3	TULP-3; TULP3
TUB like protein 4	TULP-4; TULP4
Tubulin alpha 1a	TUBA1A
Tubulin alpha 1b	TUBA1B
Tubulin alpha 1c	TUBA1C
Tubulin alpha 3c	TUBA3C
Tubulin alpha 3d	TUBA3D
Tubulin alpha 3e	TUBA3E
Tubulin alpha 4a	TUBA4A
Tubulin alpha 8	TUBA-8; TUBA8; Tubulin alpha-8
Tubulin alpha like 3	TUBAL-3; TUBAL3
Tubulin beta 1 class VI	TUBB-1; TUBB1
Tubulin beta 2A class IIa	TUBB2A
Tubulin beta 2B class IIb	TUBB2B
Tubulin beta 3 class III	TUBB-3; TUBB3
Tubulin beta 4A class IVa	TUBB4A
Tubulin beta 4B class IVb	TUBB4B
Tubulin beta 6 class V	TUBB-6; TUBB6
Tubulin beta 8 class VIII	TUBB-8; TUBB8
Tubulin beta 8B	TUBB8B
Tubulin beta class I	TUBB
Tubulin epsilon and delta complex 2	TEDC-2; TEDC2
Tubulin folding cofactor A	TBCA
Tubulin folding cofactor B	TBCB
Tubulin folding cofactor C	TBCC
Tubulin folding cofactor D	TBCD
Tubulin folding cofactor E	TBCE
Tubulin folding cofactor E like	TBCEL
Tubulin gamma 1	TUBG-1; TUBG1; Tubulin gamma-1
Tubulin gamma complex associated protein 2	TUBGCP-2; TUBGCP2
Tubulin gamma complex associated protein 3	TUBGCP-3; TUBGCP3
Tubulin gamma complex associated protein 4	TUBGCP-4; TUBGCP4
Tubulin gamma complex associated protein 5	TUBGCP-5; TUBGCP5
Tubulin gamma complex associated protein 6	TUBGCP-6; TUBGCP6
Tubulin polyglutamylase complex subunit 1	TPGS-1; TPGS1
Tubulin polyglutamylase complex subunit 2	TPGS-2; TPGS2
Tubulin polymerization promoting protein	TPPP
Tubulin polymerization promoting protein family member 2	TPPP-2; TPPP2
Tubulin polymerization promoting protein family member 3	TPPP-3; TPPP3
Tubulin tyrosine ligase	TTL
Tubulin tyrosine ligase like 10	TTLL-10; TTLL10
Tubulin tyrosine ligase like 11	TTLL-11; TTLL11
Tubulin tyrosine ligase like 12	TTLL-12; TTLL12
Tubulin tyrosine ligase like 13	TTLL-13; TTLL13
Tubulin tyrosine ligase like 4	TTLL-4; TTLL4
Tubulin tyrosine ligase like 5	TTLL-5; TTLL5
Tubulin tyrosine ligase like 6	TTLL-6; TTLL6
Tubulin tyrosine ligase like 7	TTLL-7; TTLL7
Tubulointerstitial nephritis antigen like 1	TINAGL-1; TINAGL1
Tudor and KH domain containing	TDRKH
Tudor domain containing 1	TDRD-1; TDRD1
Tudor domain containing 3	TDRD-3; TDRD3
Tudor domain containing 5	TDRD-5; TDRD5
Tudor domain containing 7	TDRD-7; TDRD7
Tuftelin 1	TUFT-1; TUFT1; Tuftelin-1
Tuftelin interacting protein 11	TFIP-11; TFIP11
Tumor associated calcium signal transducer 2	TACSTD-2; TACSTD2
Tumor necrosis factor	TNF
Tumor protein D52	TPD-52; TPD52
Tumor protein p53	TP-53; TP53
Tumor protein p53 binding protein 1	TP53BP1
Tumor protein p53 binding protein 2	TP53BP2
Tumor protein p53 inducible nuclear protein 1	TP53INP1
Tumor protein p53 inducible nuclear protein 2	TP53INP2
Tumor protein p53 inducible protein 11	TP53I11
Tumor protein p53 inducible protein 13	TP53I13
Tumor protein p53 inducible protein 3	TP53I3
Tumor protein p63	TP-63; TP63
Tumor protein p63 regulated 1	TPRG-1; TPRG1
Tumor protein p63 regulated 1 like	TPRG1L
Tumor protein p73	TP-73; TP73
Tumor protein, translationally-controlled 1	TPT-1; TPT1
Tumor suppressing subtransferable candidate 4	TSSC-4; TSSC4
Tumor suppressor 2, mitochondrial calcium regulator	TUSC-2; TUSC2
Tumor suppressor candidate 1	TUSC-1; TUSC1
Tumor suppressor candidate 3	TUSC-3; TUSC3
Tumor susceptibility 101	TSG-101; TSG101; Tumor susceptibility-101
Tweety family member 1	TTYH-1; TTYH1
Tweety family member 2	TTYH-2; TTYH2
Tweety family member 3	TTYH-3; TTYH3
Twinfilin actin binding protein 1	TWF-1; TWF1
Twinfilin actin binding protein 2	TWF-2; TWF2
Twinkle mtDNA helicase	TWNK
Twist family bHLH transcription factor 1	TWIST-1; TWIST1
Twist family bHLH transcription factor 2	TWIST-2; TWIST2
Twisted gastrulation BMP signaling modulator 1	TWSG-1; TWSG1
Two pore segment channel 1	TPCN-1; TPCN1
Two pore segment channel 2	TPCN-2; TPCN2
TXK tyrosine kinase	TXK
TYRO3 protein tyrosine kinase	TYRO-3; TYRO3
Tyrosinase	TYR
Tyrosinase related protein 1	TYRP-1; TYRP1
Tyrosine 3-monooxygenase/tryptophan 5-monooxygenase activation protein beta	YWHAB
Tyrosine 3-monooxygenase/tryptophan 5-monooxygenase activation protein epsilon	YWHAE
Tyrosine 3-monooxygenase/tryptophan 5-monooxygenase activation protein eta	YWHAH
Tyrosine 3-monooxygenase/tryptophan 5-monooxygenase activation protein gamma	YWHAG
Tyrosine 3-monooxygenase/tryptophan 5-monooxygenase activation protein theta	YWHAQ
Tyrosine 3-monooxygenase/tryptophan 5-monooxygenase activation protein zeta	YWHAZ
Tyrosine aminotransferase	TAT
Tyrosine hydroxylase	TH
Tyrosine kinase 2	TYK-2; TYK2; Tyrosine kinase-2
Tyrosine kinase non receptor 1	TNK-1; TNK1
Tyrosine kinase non receptor 2	TNK-2; TNK2
Tyrosine kinase with immunoglobulin like and EGF like domains 1	TIE-1; TIE1
Tyrosyl-DNA phosphodiesterase 1	TDP-1; TDP1; Tyrosyl-DNA phosphodiesterase-1
Tyrosyl-DNA phosphodiesterase 2	TDP-2; TDP2; Tyrosyl-DNA phosphodiesterase-2
Tyrosyl-tRNA synthetase 1	Tyrosyl-tRNA synthetase-1; YARS-1; YARS1
Tyrosyl-tRNA synthetase 2	Tyrosyl-tRNA synthetase-2; YARS-2; YARS2
Tyrosylprotein sulfotransferase 1	TPST-1; TPST1; Tyrosylprotein sulfotransferase-1
Tyrosylprotein sulfotransferase 2	TPST-2; TPST2; Tyrosylprotein sulfotransferase-2
U-box domain containing 5	UBOX-5; UBOX5
U2 small nuclear RNA auxiliary factor 1	U2AF1
U2 small nuclear RNA auxiliary factor 1 like 4	U2AF1L4
U2 small nuclear RNA auxiliary factor 2	U2AF2
U2 snRNP associated SURP domain containing	U2SURP
U2AF homology motif kinase 1	UHMK-1; UHMK1
U6 snRNA biogenesis phosphodiesterase 1	USB-1; USB1
UBA domain containing 1	UBAC-1; UBAC1
UBA domain containing 2	UBAC-2; UBAC2
UBA like domain containing 1	UBALD-1; UBALD1
UBA like domain containing 2	UBALD-2; UBALD2
UBAP1-MVB12-associated (UMA) domain containing 1	UMAD-1; UMAD1
UbiA prenyltransferase domain containing 1	UBIAD-1; UBIAD1
Ubinuclein 1	Ubinuclein-1; UBN-1; UBN1
Ubinuclein 2	Ubinuclein-2; UBN-2; UBN2
Ubiquilin 1	Ubiquilin-1; UBQLN-1; UBQLN1
Ubiquilin 2	Ubiquilin-2; UBQLN-2; UBQLN2
Ubiquilin 3	Ubiquilin-3; UBQLN-3; UBQLN3
Ubiquilin 4	Ubiquilin-4; UBQLN-4; UBQLN4
Ubiquilin like	UBQLNL
Ubiquinol-cytochrome c reductase binding protein	UQCRB
Ubiquinol-cytochrome c reductase complex assembly factor 1	UQCC-1; UQCC1
Ubiquinol-cytochrome c reductase complex assembly factor 2	UQCC-2; UQCC2
Ubiquinol-cytochrome c reductase complex assembly factor 3	UQCC-3; UQCC3
Ubiquinol-cytochrome c reductase complex III subunit VII	UQCRQ
Ubiquinol-cytochrome c reductase core protein 1	UQCRC-1; UQCRC1
Ubiquinol-cytochrome c reductase core protein 2	UQCRC-2; UQCRC2
Ubiquinol-cytochrome c reductase hinge protein	UQCRH
Ubiquinol-cytochrome c reductase, complex III subunit X	UQCR-10; UQCR10
Ubiquinol-cytochrome c reductase, complex III subunit XI	UQCR-11; UQCR11
Ubiquinol-cytochrome c reductase, Rieske iron-sulfur polypeptide 1	UQCRFS-1; UQCRFS1
Ubiquitin A-52 residue ribosomal protein fusion product 1	UBA-52; UBA52
Ubiquitin associated and SH3 domain containing A	UBASH3A
Ubiquitin associated and SH3 domain containing B	UBASH3B
Ubiquitin associated protein 1	UBAP-1; UBAP1
Ubiquitin associated protein 2	UBAP-2; UBAP2
Ubiquitin associated protein 2 like	UBAP2L
Ubiquitin B	UBB
Ubiquitin C	UBC
Ubiquitin C-terminal hydrolase L1	UCHL-1; UCHL1
Ubiquitin C-terminal hydrolase L3	UCHL-3; UCHL3
Ubiquitin C-terminal hydrolase L5	UCHL-5; UCHL5
Ubiquitin conjugating enzyme E2 A	UBE2A
Ubiquitin conjugating enzyme E2 B	UBE2B
Ubiquitin conjugating enzyme E2 C	UBE2C
Ubiquitin conjugating enzyme E2 D1	UBE2D1
Ubiquitin conjugating enzyme E2 D2	UBE2D2
Ubiquitin conjugating enzyme E2 D3	UBE2D3
Ubiquitin conjugating enzyme E2 D4 (putative)	UBE2D4
Ubiquitin conjugating enzyme E2 E1	UBE2E1
Ubiquitin conjugating enzyme E2 E2	UBE2E2
Ubiquitin conjugating enzyme E2 E3	UBE2E3
Ubiquitin conjugating enzyme E2 F (putative)	UBE2F
Ubiquitin conjugating enzyme E2 G1	UBE2G1
Ubiquitin conjugating enzyme E2 G2	UBE2G2
Ubiquitin conjugating enzyme E2 H	UBE2H
Ubiquitin conjugating enzyme E2 I	UBE2I
Ubiquitin conjugating enzyme E2 J1	UBE2J1
Ubiquitin conjugating enzyme E2 J2	UBE2J2
Ubiquitin conjugating enzyme E2 K	UBE2K
Ubiquitin conjugating enzyme E2 L3	UBE2L3
Ubiquitin conjugating enzyme E2 L6	UBE2L6
Ubiquitin conjugating enzyme E2 M	UBE2M
Ubiquitin conjugating enzyme E2 N	UBE2N
Ubiquitin conjugating enzyme E2 O	UBE2O
Ubiquitin conjugating enzyme E2 Q family like 1	UBE2QL1
Ubiquitin conjugating enzyme E2 Q1	UBE2Q1
Ubiquitin conjugating enzyme E2 Q2	UBE2Q2
Ubiquitin conjugating enzyme E2 R2	UBE2R2
Ubiquitin conjugating enzyme E2 S	UBE2S
Ubiquitin conjugating enzyme E2 T	UBE2T
Ubiquitin conjugating enzyme E2 U	UBE2U
Ubiquitin conjugating enzyme E2 V1	UBE2V1
Ubiquitin conjugating enzyme E2 V2	UBE2V2
Ubiquitin conjugating enzyme E2 W	UBE2W
Ubiquitin conjugating enzyme E2 Z	UBE2Z
Ubiquitin D	UBD
Ubiquitin domain containing 1	UBTD-1; UBTD1
Ubiquitin domain containing 2	UBTD-2; UBTD2
Ubiquitin family domain containing 1	UBFD-1; UBFD1
Ubiquitin fold modifier 1	UFM-1; UFM1
Ubiquitin interaction motif containing 1	UIMC-1; UIMC1
Ubiquitin like 3	Ubiquitin like-3; UBL-3; UBL3
Ubiquitin like 4A	UBL4A
Ubiquitin like 4B	UBL4B
Ubiquitin like 5	Ubiquitin like-5; UBL-5; UBL5
Ubiquitin like 7	Ubiquitin like-7; UBL-7; UBL7
Ubiquitin like domain containing CTD phosphatase 1	UBLCP-1; UBLCP1
Ubiquitin like modifier activating enzyme 1	UBA-1; UBA1
Ubiquitin like modifier activating enzyme 2	UBA-2; UBA2
Ubiquitin like modifier activating enzyme 3	UBA-3; UBA3
Ubiquitin like modifier activating enzyme 5	UBA-5; UBA5
Ubiquitin like modifier activating enzyme 6	UBA-6; UBA6
Ubiquitin like modifier activating enzyme 7	UBA-7; UBA7
Ubiquitin like with PHD and ring finger domains 1	UHRF-1; UHRF1
Ubiquitin like with PHD and ring finger domains 2	UHRF-2; UHRF2
Ubiquitin protein ligase E3 component n-recognin 1	UBR-1; UBR1
Ubiquitin protein ligase E3 component n-recognin 2	UBR-2; UBR2
Ubiquitin protein ligase E3 component n-recognin 4	UBR-4; UBR4
Ubiquitin protein ligase E3 component n-recognin 5	UBR-5; UBR5
Ubiquitin protein ligase E3 component n-recognin 7	UBR-7; UBR7
Ubiquitin protein ligase E3A	UBE3A
Ubiquitin protein ligase E3B	UBE3B
Ubiquitin protein ligase E3C	UBE3C
Ubiquitin protein ligase E3D	UBE3D
Ubiquitin recognition factor in ER associated degradation 1	UFD-1; UFD1
Ubiquitin related modifier 1	URM-1; URM1
Ubiquitin specific peptidase 1	USP-1; USP1
Ubiquitin specific peptidase 10	USP-10; USP10
Ubiquitin specific peptidase 11	USP-11; USP11
Ubiquitin specific peptidase 12	USP-12; USP12
Ubiquitin specific peptidase 13	USP-13; USP13
Ubiquitin specific peptidase 14	USP-14; USP14
Ubiquitin specific peptidase 15	USP-15; USP15
Ubiquitin specific peptidase 16	USP-16; USP16
Ubiquitin specific peptidase 17 like family member 2	USP17L2
Ubiquitin specific peptidase 17 like family member 24	USP17L24
Ubiquitin specific peptidase 17 like family member 25	USP17L25
Ubiquitin specific peptidase 17 like family member 26	USP17L26
Ubiquitin specific peptidase 17 like family member 27	USP17L27
Ubiquitin specific peptidase 17 like family member 28	USP17L28
Ubiquitin specific peptidase 17 like family member 29	USP17L29
Ubiquitin specific peptidase 17 like family member 30	USP17L30
Ubiquitin specific peptidase 18	USP-18; USP18
Ubiquitin specific peptidase 19	USP-19; USP19
Ubiquitin specific peptidase 2	USP-2; USP2
Ubiquitin specific peptidase 20	USP-20; USP20
Ubiquitin specific peptidase 21	USP-21; USP21
Ubiquitin specific peptidase 22	USP-22; USP22
Ubiquitin specific peptidase 24	USP-24; USP24
Ubiquitin specific peptidase 25	USP-25; USP25
Ubiquitin specific peptidase 26	USP-26; USP26
Ubiquitin specific peptidase 27 X-linked	USP27X
Ubiquitin specific peptidase 28	USP-28; USP28
Ubiquitin specific peptidase 3	USP-3; USP3
Ubiquitin specific peptidase 30	USP-30; USP30
Ubiquitin specific peptidase 32	USP-32; USP32
Ubiquitin specific peptidase 33	USP-33; USP33
Ubiquitin specific peptidase 34	USP-34; USP34
Ubiquitin specific peptidase 35	USP-35; USP35
Ubiquitin specific peptidase 36	USP-36; USP36
Ubiquitin specific peptidase 37	USP-37; USP37
Ubiquitin specific peptidase 38	USP-38; USP38
Ubiquitin specific peptidase 39	USP-39; USP39
Ubiquitin specific peptidase 4	USP-4; USP4
Ubiquitin specific peptidase 40	USP-40; USP40
Ubiquitin specific peptidase 42	USP-42; USP42
Ubiquitin specific peptidase 43	USP-43; USP43
Ubiquitin specific peptidase 44	USP-44; USP44
Ubiquitin specific peptidase 45	USP-45; USP45
Ubiquitin specific peptidase 46	USP-46; USP46
Ubiquitin specific peptidase 47	USP-47; USP47
Ubiquitin specific peptidase 48	USP-48; USP48
Ubiquitin specific peptidase 49	USP-49; USP49
Ubiquitin specific peptidase 5	USP-5; USP5
Ubiquitin specific peptidase 51	USP-51; USP51
Ubiquitin specific peptidase 53	USP-53; USP53
Ubiquitin specific peptidase 54	USP-54; USP54
Ubiquitin specific peptidase 6	USP-6; USP6
Ubiquitin specific peptidase 7	USP-7; USP7
Ubiquitin specific peptidase 8	USP-8; USP8
Ubiquitin specific peptidase 9 X-linked	USP9X
Ubiquitin specific peptidase like 1	USPL-1; USPL1
Ubiquitin-fold modifier conjugating enzyme 1	UFC-1; UFC1
Ubiquitination factor E4A	UBE4A
Ubiquitination factor E4B	UBE4B
Ubiquitously expressed prefoldin like chaperone	UXT
Ubiquitously transcribed tetratricopeptide repeat containing, Y-linked	UTY
UBX domain protein 1	UBXN-1; UBXN1
UBX domain protein 10	UBXN-10; UBXN10
UBX domain protein 11	UBXN-11; UBXN11
UBX domain protein 2A	UBXN2A
UBX domain protein 2B	UBXN2B
UBX domain protein 4	UBXN-4; UBXN4
UBX domain protein 6	UBXN-6; UBXN6
UBX domain protein 7	UBXN-7; UBXN7
UBX domain protein 8	UBXN-8; UBXN8
UDP glucuronosyltransferase family 1 member A1	UGT1A1
UDP glucuronosyltransferase family 1 member A10	UGT1A10
UDP glucuronosyltransferase family 1 member A3	UGT1A3
UDP glucuronosyltransferase family 1 member A4	UGT1A4
UDP glucuronosyltransferase family 1 member A5	UGT1A5
UDP glucuronosyltransferase family 1 member A6	UGT1A6
UDP glucuronosyltransferase family 1 member A7	UGT1A7
UDP glucuronosyltransferase family 1 member A8	UGT1A8
UDP glucuronosyltransferase family 1 member A9	UGT1A9
UDP glucuronosyltransferase family 2 member A1 complex locus	UGT2A1
UDP glucuronosyltransferase family 2 member A2	UGT2A2
UDP glucuronosyltransferase family 2 member B10	UGT2B10
UDP glucuronosyltransferase family 2 member B11	UGT2B11
UDP glucuronosyltransferase family 2 member B15	UGT2B15
UDP glucuronosyltransferase family 2 member B17	UGT2B17
UDP glucuronosyltransferase family 2 member B28	UGT2B28
UDP glucuronosyltransferase family 2 member B4	UGT2B4
UDP glucuronosyltransferase family 2 member B7	UGT2B7
UDP glycosyltransferase 8	UDP glycosyltransferase-8; UGT-8; UGT8
UDP-galactose-4-epimerase	GALE
UDP-GlcNAc:betaGal beta-1,3-N-acetylglucosaminyltransferase 2	B3GNT2; UDP-GlcNAc:betaGal beta-1,3-N-acetylglucosaminyltransferase-2
UDP-GlcNAc:betaGal beta-1,3-N-acetylglucosaminyltransferase 3	B3GNT3; UDP-GlcNAc:betaGal beta-1,3-N-acetylglucosaminyltransferase-3
UDP-GlcNAc:betaGal beta-1,3-N-acetylglucosaminyltransferase 4	B3GNT4; UDP-GlcNAc:betaGal beta-1,3-N-acetylglucosaminyltransferase-4
UDP-GlcNAc:betaGal beta-1,3-N-acetylglucosaminyltransferase 5	B3GNT5; UDP-GlcNAc:betaGal beta-1,3-N-acetylglucosaminyltransferase-5
UDP-GlcNAc:betaGal beta-1,3-N-acetylglucosaminyltransferase 6	B3GNT6; UDP-GlcNAc:betaGal beta-1,3-N-acetylglucosaminyltransferase-6
UDP-GlcNAc:betaGal beta-1,3-N-acetylglucosaminyltransferase 7	B3GNT7; UDP-GlcNAc:betaGal beta-1,3-N-acetylglucosaminyltransferase-7
UDP-GlcNAc:betaGal beta-1,3-N-acetylglucosaminyltransferase 8	B3GNT8; UDP-GlcNAc:betaGal beta-1,3-N-acetylglucosaminyltransferase-8
UDP-glucose 6-dehydrogenase	UGDH
UDP-glucose ceramide glucosyltransferase	UGCG
UDP-glucose glycoprotein glucosyltransferase 1	UGGT-1; UGGT1
UDP-glucose glycoprotein glucosyltransferase 2	UGGT-2; UGGT2
UDP-glucose pyrophosphorylase 2	UDP-glucose pyrophosphorylase-2; UGP-2; UGP2
UDP-glucuronate decarboxylase 1	UDP-glucuronate decarboxylase-1; UXS-1; UXS1
UDP-N-acetylglucosamine pyrophosphorylase 1	UAP-1; UAP1; UDP-N-acetylglucosamine pyrophosphorylase-1
UDP-N-acetylglucosamine pyrophosphorylase 1 like 1	UAP1L1
UEV and lactate/malate dehyrogenase domains	UEVLD
UFM1 specific ligase 1	UFL-1; UFL1
UFM1 specific peptidase 1 (inactive)	UFSP-1; UFSP1
UFM1 specific peptidase 2	UFSP-2; UFSP2
UL16 binding protein 1	ULBP-1; ULBP1
UL16 binding protein 2	ULBP-2; ULBP2
UL16 binding protein 3	ULBP-3; ULBP3
Unc-119 lipid binding chaperone	UNC-119; UNC119
Unc-119 lipid binding chaperone B	UNC119B
Unc-13 homolog B	UNC13B
Unc-13 homolog D	UNC13D
Unc-45 myosin chaperone A	UNC45A
Unc-45 myosin chaperone B	UNC45B
Unc-5 family C-terminal like	UNC5CL
Unc-5 netrin receptor A	UNC5A
Unc-5 netrin receptor B	UNC5B
Unc-5 netrin receptor C	UNC5C
Unc-5 netrin receptor D	UNC5D
Unc-50 inner nuclear membrane RNA binding protein	UNC-50; UNC50
Unc-51 like autophagy activating kinase 1	ULK-1; ULK1
Unc-51 like autophagy activating kinase 2	ULK-2; ULK2
Unc-51 like kinase 3	ULK-3; ULK3
Unc-51 like kinase 4	ULK-4; ULK4
Unc-79 homolog, NALCN channel complex subunit	UNC-79; UNC79
Unc-80 homolog, NALCN channel complex subunit	UNC-80; UNC80
Unc-93 homolog A	UNC93A
Unc-93 homolog B1, TLR signaling regulator	UNC93B1
Unconventional SNARE in the ER 1	USE-1; USE1
Uncoupling protein 1	UCP-1; UCP1; Uncoupling protein-1
Uncoupling protein 2	UCP-2; UCP2; Uncoupling protein-2
Uncoupling protein 3	UCP-3; UCP3; Uncoupling protein-3
Undifferentiated embryonic cell transcription factor 1	UTF-1; UTF1
Unk like zinc finger	UNKL
Unk zinc finger	UNK
UPF1 RNA helicase and ATPase	UPF-1; UPF1
UPF2 regulator of nonsense mediated mRNA decay	UPF-2; UPF2
UPF3A regulator of nonsense mediated mRNA decay	UPF3A
UPF3B regulator of nonsense mediated mRNA decay	UPF3B
Upregulator of cell proliferation	URGCP
Upstream binding protein 1	UBP-1; UBP1
Upstream binding transcription factor	UBTF
Upstream binding transcription factor like 1	UBTFL-1; UBTFL1
Upstream transcription factor 1	USF-1; USF1
Upstream transcription factor 2, c-fos interacting	USF-2; USF2
Upstream transcription factor family member 3	USF-3; USF3
Uracil DNA glycosylase	UNG
Uracil phosphoribosyltransferase homolog	UPRT
URB1 ribosome biogenesis homolog	URB-1; URB1
URB2 ribosome biogenesis homolog	URB-2; URB2
URI1 prefoldin like chaperone	URI-1; URI1
Uridine monophosphate synthetase	UMPS
Uridine phosphorylase 1	UPP-1; UPP1; Uridine phosphorylase-1
Uridine phosphorylase 2	UPP-2; UPP2; Uridine phosphorylase-2
Uridine-cytidine kinase 1	UCK-1; UCK1; Uridine-cytidine kinase-1
Uridine-cytidine kinase 1 like 1	UCKL-1; UCKL1
Uridine-cytidine kinase 2	UCK-2; UCK2; Uridine-cytidine kinase-2
Urocanate hydratase 1	UROC-1; UROC1; Urocanate hydratase-1
Urocortin	UCN
Urocortin 2	UCN-2; UCN2; Urocortin-2
Urocortin 3	UCN-3; UCN3; Urocortin-3
Uromodulin	UMOD
Uroplakin 1A	UPK1A
Uroplakin 1B	UPK1B
Uroplakin 2	UPK-2; UPK2; Uroplakin-2
Uroplakin 3A	UPK3A
Uroplakin 3B	UPK3B
Uroporphyrinogen decarboxylase	UROD
Uroporphyrinogen III synthase	UROS
Urotensin 2	Urotensin-2; UTS-2; UTS2
Urotensin 2 receptor	UTS2R
USH1 protein network component harmonin	USH1C
USH1 protein network component harmonin binding protein 1	USHBP-1; USHBP1
USH1 protein network component sans	USH1G
Usherin	USH2A
USO1 vesicle transport factor	USO-1; USO1
USP6 N-terminal like	USP6NL
UTP11 small subunit processome component	UTP-11; UTP11
UTP14A small subunit processome component	UTP14A
UTP14C small subunit processome component	UTP14C
UTP15 small subunit processome component	UTP-15; UTP15
UTP18 small subunit processome component	UTP-18; UTP18
UTP20 small subunit processome component	UTP-20; UTP20
UTP23 small subunit processome component	UTP-23; UTP23
UTP25 small subunit processome component	UTP-25; UTP25
UTP3 small subunit processome component	UTP-3; UTP3
UTP4 small subunit processome component	UTP-4; UTP4
UTP6 small subunit processome component	UTP-6; UTP6
Utrophin	UTRN
UV radiation resistance associated	UVRAG
UV stimulated scaffold protein A	UVSSA
Uveal autoantigen with coiled-coil domains and ankyrin repeats	UACA
V-set and immunoglobulin domain containing 1	VSIG-1; VSIG1
V-set and immunoglobulin domain containing 2	VSIG-2; VSIG2
V-set and immunoglobulin domain containing 4	VSIG-4; VSIG4
V-set and transmembrane domain containing 1	VSTM-1; VSTM1
V-set and transmembrane domain containing 2 like	VSTM2L
V-set and transmembrane domain containing 2A	VSTM2A
V-set and transmembrane domain containing 4	VSTM-4; VSTM4
V-set domain containing T cell activation inhibitor 1	VTCN-1; VTCN1
V-set immunoregulatory receptor	VSIR
V-set pre-B cell surrogate light chain 1	VPREB-1; VPREB1
VAC14 component of PIKFYVE complex	VAC-14; VAC14
Vacuolar ATPase assembly factor VMA21	VMA-21; VMA21
Vacuolar protein sorting 13 homolog A	VPS13A
Vacuolar protein sorting 13 homolog B	VPS13B
Vacuolar protein sorting 13 homolog C	VPS13C
Vacuolar protein sorting 13 homolog D	VPS13D
Vacuolar protein sorting 25 homolog	VPS-25; VPS25
Vacuolar protein sorting 36 homolog	VPS-36; VPS36
Vacuolar protein sorting 4 homolog A	VPS4A
Vacuolar protein sorting 4 homolog B	VPS4B
Vacuolar protein sorting 45 homolog	VPS-45; VPS45
Vacuolar protein sorting 72 homolog	VPS-72; VPS72
Vacuole membrane protein 1	VMP-1; VMP1
Valosin containing protein	VCP
Valosin containing protein interacting protein 1	VCPIP-1; VCPIP1
Valosin containing protein lysine methyltransferase	VCPKMT
Valyl-tRNA synthetase 1	Valyl-tRNA synthetase-1; VARS-1; VARS1
Valyl-tRNA synthetase 2, mitochondrial	VARS-2; VARS2
VAMP associated protein A	VAPA
VAMP associated protein B and C	VAPB
VANGL planar cell polarity protein 1	VANGL-1; VANGL1
VANGL planar cell polarity protein 2	VANGL-2; VANGL2
Vanin 1	Vanin-1; VNN-1; VNN1
Vanin 2	Vanin-2; VNN-2; VNN2
Variable charge Y-linked	VCY
Variable charge Y-linked 1B	VCY1B
Vascular cell adhesion molecule 1	VCAM-1; VCAM1
Vascular endothelial growth factor A	VEGFA
Vascular endothelial growth factor B	VEGFB
Vascular endothelial growth factor C	VEGFC
Vascular endothelial growth factor D	VEGFD
Vascular endothelial zinc finger 1	VEZF-1; VEZF1
Vasoactive intestinal peptide	VIP
Vasoactive intestinal peptide receptor 1	VIPR-1; VIPR1
Vasoactive intestinal peptide receptor 2	VIPR-2; VIPR2
Vasodilator stimulated phosphoprotein	VASP
Vasohibin 1	VASH-1; VASH1; Vasohibin-1
Vasohibin 2	VASH-2; VASH2; Vasohibin-2
Vasorin	VASN
Vav guanine nucleotide exchange factor 1	VAV-1; VAV1
Vav guanine nucleotide exchange factor 2	VAV-2; VAV2
Vav guanine nucleotide exchange factor 3	VAV-3; VAV3
VENT homeobox	VENTX
Ventral anterior homeobox 1	VAX-1; VAX1
Ventral anterior homeobox 2	VAX-2; VAX2
Ventricular zone expressed PH domain containing 1	VEPH-1; VEPH1
Versican	VCAN
Vertebrae development associated	VRTN
Very low density lipoprotein receptor	VLDLR
Vesicle amine transport 1	VAT-1; VAT1
Vesicle amine transport 1 like	VAT1L
Vesicle associated membrane protein 1	VAMP-1; VAMP1
Vesicle associated membrane protein 2	VAMP-2; VAMP2
Vesicle associated membrane protein 3	VAMP-3; VAMP3
Vesicle associated membrane protein 4	VAMP-4; VAMP4
Vesicle associated membrane protein 5	VAMP-5; VAMP5
Vesicle associated membrane protein 7	VAMP-7; VAMP7
Vesicle associated membrane protein 8	VAMP-8; VAMP8
Vesicle trafficking 1	Vesicle trafficking-1; VTA-1; VTA1
Vesicle transport through interaction with t-SNAREs 1A	VTI1A
Vesicle transport through interaction with t-SNAREs 1B	VTI1B
Vestigial like family member 1	VGLL-1; VGLL1
Vestigial like family member 2	VGLL-2; VGLL2
Vestigial like family member 3	VGLL-3; VGLL3
Vestigial like family member 4	VGLL-4; VGLL4
Vexin	VXN
Vezatin, adherens junctions transmembrane protein	VEZT
VGF nerve growth factor inducible	VGF
VHL binding protein 1	VBP-1; VBP1
VHL like	VHLL
Villin 1	VIL-1; VIL1; Villin-1
Villin like	VILL
Vimentin	VIM
Vimentin type intermediate filament associated coiled-coil protein	VMAC
Vinculin	VCL
Vir like m6A methyltransferase associated	VIRMA
Visinin like 1	Visinin like-1; VSNL-1; VSNL1
Visual system homeobox 1	VSX-1; VSX1
Visual system homeobox 2	VSX-2; VSX2
Vitamin D receptor	VDR
Vitamin K epoxide reductase complex subunit 1	VKORC-1; VKORC1
Vitamin K epoxide reductase complex subunit 1 like 1	VKORC1L1
Vitelline membrane outer layer 1 homolog	VMO-1; VMO1
Vitronectin	VTN
Voltage dependent anion channel 1	VDAC-1; VDAC1
Voltage dependent anion channel 2	VDAC-2; VDAC2
Voltage dependent anion channel 3	VDAC-3; VDAC3
Von Hippel-Lindau tumor suppressor	VHL
Von Willebrand factor	VWF
Von Willebrand factor A domain containing 1	VWA-1; VWA1
Von Willebrand factor A domain containing 2	VWA-2; VWA2
Von Willebrand factor A domain containing 3B	VWA3B
Von Willebrand factor A domain containing 5A	VWA5A
Von Willebrand factor A domain containing 5B1	VWA5B1
Von Willebrand factor A domain containing 8	VWA-8; VWA8
Von Willebrand factor C and EGF domains	VWCE
Von Willebrand factor C domain containing 2	VWC-2; VWC2
Von Willebrand factor C domain containing 2 like	VWC2L
VPS16 core subunit of CORVET and HOPS complexes	VPS-16; VPS16
VPS18 core subunit of CORVET and HOPS complexes	VPS-18; VPS18
VPS26 endosomal protein sorting factor C	VPS26C
VPS26 retromer complex component A	VPS26A
VPS26 retromer complex component B	VPS26B
VPS28 subunit of ESCRT-I	VPS-28; VPS28
VPS29 retromer complex component	VPS-29; VPS29
VPS33A core subunit of CORVET and HOPS complexes	VPS33A
VPS33B interacting protein, apical-basolateral polarity regulator, spe-39 homolog	VIPAS-39; VIPAS39
VPS33B late endosome and lysosome associated	VPS33B
VPS35 endosomal protein sorting factor like	VPS35L
VPS35 retromer complex component	VPS-35; VPS35
VPS37A subunit of ESCRT-I	VPS37A
VPS37B subunit of ESCRT-I	VPS37B
VPS37C subunit of ESCRT-I	VPS37C
VPS37D subunit of ESCRT-I	VPS37D
VPS39 subunit of HOPS complex	VPS-39; VPS39
VPS41 subunit of HOPS complex	VPS-41; VPS41
VPS50 subunit of EARP/GARPII complex	VPS-50; VPS50
VPS51 subunit of GARP complex	VPS-51; VPS51
VPS52 subunit of GARP complex	VPS-52; VPS52
VPS53 subunit of GARP complex	VPS-53; VPS53
VPS54 subunit of GARP complex	VPS-54; VPS54
VPS8 subunit of CORVET complex	VPS-8; VPS8
VPS9 domain containing 1	VPS9D1
VRK serine/threonine kinase 1	VRK-1; VRK1
VRK serine/threonine kinase 2	VRK-2; VRK2
VRK serine/threonine kinase 3	VRK-3; VRK3
WAP four-disulfide core domain 10B	WFDC10B
WAP four-disulfide core domain 12	WFDC-12; WFDC12
WAP four-disulfide core domain 13	WFDC-13; WFDC13
WAP four-disulfide core domain 2	WFDC-2; WFDC2
WAP four-disulfide core domain 3	WFDC-3; WFDC3
WAP four-disulfide core domain 5	WFDC-5; WFDC5
WAP four-disulfide core domain 6	WFDC-6; WFDC6
WAP four-disulfide core domain 9	WFDC-9; WFDC9
WAP, follistatin/kazal, immunoglobulin, kunitz and netrin domain containing 1	WFIKKN-1; WFIKKN1
WAP, follistatin/kazal, immunoglobulin, kunitz and netrin domain containing 2	WFIKKN-2; WFIKKN2
WAPL cohesin release factor	WAPL
WAS/WASL interacting protein family member 1	WIPF-1; WIPF1
WAS/WASL interacting protein family member 2	WIPF-2; WIPF2
WAS/WASL interacting protein family member 3	WIPF-3; WIPF3
WASH complex subunit 1	WASHC-1; WASHC1
WASH complex subunit 2A	WASHC2A
WASH complex subunit 2C	WASHC2C
WASH complex subunit 3	WASHC-3; WASHC3
WASH complex subunit 4	WASHC-4; WASHC4
WASH complex subunit 5	WASHC-5; WASHC5
WASP actin nucleation promoting factor	WAS
WASP family member 1	WASF-1; WASF1
WASP family member 2	WASF-2; WASF2
WASP family member 3	WASF-3; WASF3
WASP homolog associated with actin, golgi membranes and microtubules	WHAMM
WASP like actin nucleation promoting factor	WASL
WBP2 N-terminal like	WBP2NL
WD and tetratricopeptide repeats 1	WDTC-1; WDTC1
WD repeat and coiled coil containing	WDCP
WD repeat and FYVE domain containing 1	WDFY-1; WDFY1
WD repeat and FYVE domain containing 2	WDFY-2; WDFY2
WD repeat and FYVE domain containing 3	WDFY-3; WDFY3
WD repeat and HMG-box DNA binding protein 1	WDHD-1; WDHD1
WD repeat and SOCS box containing 1	WSB-1; WSB1
WD repeat containing antisense to TP53	WRAP-53; WRAP53
WD repeat containing planar cell polarity effector	WDPCP
WD repeat containing, antisense to TP73	WRAP-73; WRAP73
WD repeat domain 1	WDR-1; WDR1
WD repeat domain 11	WDR-11; WDR11
WD repeat domain 12	WDR-12; WDR12
WD repeat domain 13	WDR-13; WDR13
WD repeat domain 18	WDR-18; WDR18
WD repeat domain 19	WDR-19; WDR19
WD repeat domain 20	WDR-20; WDR20
WD repeat domain 24	WDR-24; WDR24
WD repeat domain 25	WDR-25; WDR25
WD repeat domain 26	WDR-26; WDR26
WD repeat domain 27	WDR-27; WDR27
WD repeat domain 3	WDR-3; WDR3
WD repeat domain 31	WDR-31; WDR31
WD repeat domain 33	WDR-33; WDR33
WD repeat domain 35	WDR-35; WDR35
WD repeat domain 37	WDR-37; WDR37
WD repeat domain 4	WDR-4; WDR4
WD repeat domain 41	WDR-41; WDR41
WD repeat domain 43	WDR-43; WDR43
WD repeat domain 44	WDR-44; WDR44
WD repeat domain 45	WDR-45; WDR45
WD repeat domain 45B	WDR45B
WD repeat domain 46	WDR-46; WDR46
WD repeat domain 47	WDR-47; WDR47
WD repeat domain 48	WDR-48; WDR48
WD repeat domain 5	WDR-5; WDR5
WD repeat domain 54	WDR-54; WDR54
WD repeat domain 55	WDR-55; WDR55
WD repeat domain 59	WDR-59; WDR59
WD repeat domain 6	WDR-6; WDR6
WD repeat domain 62	WDR-62; WDR62
WD repeat domain 7	WDR-7; WDR7
WD repeat domain 70	WDR-70; WDR70
WD repeat domain 73	WDR-73; WDR73
WD repeat domain 74	WDR-74; WDR74
WD repeat domain 75	WDR-75; WDR75
WD repeat domain 76	WDR-76; WDR76
WD repeat domain 77	WDR-77; WDR77
WD repeat domain 81	WDR-81; WDR81
WD repeat domain 82	WDR-82; WDR82
WD repeat domain 83	WDR-83; WDR83
WD repeat domain 83 opposite strand	WDR83OS
WD repeat domain 87	WDR-87; WDR87
WD repeat domain 88	WDR-88; WDR88
WD repeat domain 90	WDR-90; WDR90
WD repeat domain 91	WDR-91; WDR91
WD repeat domain, phosphoinositide interacting 1	WIPI-1; WIPI1
WD repeat domain, phosphoinositide interacting 2	WIPI-2; WIPI2
WD repeat, sterile alpha motif and U-box domain containing 1	WDSUB-1; WDSUB1
WDFY family member 4	WDFY-4; WDFY4
WEE1 G2 checkpoint kinase	WEE-1; WEE1
WEE2 oocyte meiosis inhibiting kinase	WEE-2; WEE2
Whirlin	WHRN
WIZ zinc finger	WIZ
WNK lysine deficient protein kinase 1	WNK-1; WNK1
WNK lysine deficient protein kinase 2	WNK-2; WNK2
WNK lysine deficient protein kinase 3	WNK-3; WNK3
WNK lysine deficient protein kinase 4	WNK-4; WNK4
Wnt family member 1	WNT-1; WNT1
Wnt family member 10A	WNT10A
Wnt family member 10B	WNT10B
Wnt family member 11	WNT-11; WNT11
Wnt family member 2B	WNT2B
Wnt family member 3	WNT-3; WNT3
Wnt family member 3A	WNT3A
Wnt family member 4	WNT-4; WNT4
Wnt family member 5A	WNT5A
Wnt family member 6	WNT-6; WNT6
Wnt family member 7A	WNT7A
Wnt family member 7B	WNT7B
Wnt family member 8A	WNT8A
Wnt family member 9A	WNT9A
Wnt family member 9B	WNT9B
WNT inhibitory factor 1	WIF-1; WIF1
Wnt ligand secretion mediator	WLS
Wolframin ER transmembrane glycoprotein	WFS-1; WFS1
WRN helicase interacting protein 1	WRNIP-1; WRNIP1
WRN RecQ like helicase	WRN
WT1 associated protein	WTAP
WT1 interacting protein	WTIP
WT1 transcription factor	WT-1; WT1
WW and C2 domain containing 1	WWC-1; WWC1
WW and C2 domain containing 2	WWC-2; WWC2
WW domain binding protein 1	WBP-1; WBP1
WW domain binding protein 1 like	WBP1L
WW domain binding protein 11	WBP-11; WBP11
WW domain binding protein 2	WBP-2; WBP2
WW domain binding protein 4	WBP-4; WBP4
WW domain containing adaptor with coiled-coil	WAC
WW domain containing E3 ubiquitin protein ligase 1	WWP-1; WWP1
WW domain containing E3 ubiquitin protein ligase 2	WWP-2; WWP2
WW domain containing oxidoreductase	WWOX
WW domain containing transcription regulator 1	WWTR-1; WWTR1
WWC family member 3	WWC-3; WWC3
X antigen family member 1A	XAGE1A
X antigen family member 1B	XAGE1B
X antigen family member 2	XAGE-2; XAGE2
X antigen family member 3	XAGE-3; XAGE3
X-box binding protein 1	XBP-1; XBP1
X-C motif chemokine ligand 1	XCL-1; XCL1
X-C motif chemokine ligand 2	XCL-2; XCL2
X-C motif chemokine receptor 1	XCR-1; XCR1
X-linked inhibitor of apoptosis	XIAP
X-linked Kx blood group antigen, Kell and VPS13A binding protein	XK
X-prolyl aminopeptidase 1	X-prolyl aminopeptidase-1; XPNPEP-1; XPNPEP1
X-prolyl aminopeptidase 2	X-prolyl aminopeptidase-2; XPNPEP-2; XPNPEP2
X-prolyl aminopeptidase 3	X-prolyl aminopeptidase-3; XPNPEP-3; XPNPEP3
X-ray repair cross complementing 1	XRCC-1; XRCC1
X-ray repair cross complementing 2	XRCC-2; XRCC2
X-ray repair cross complementing 3	XRCC-3; XRCC3
X-ray repair cross complementing 4	XRCC-4; XRCC4
X-ray repair cross complementing 5	XRCC-5; XRCC5
X-ray repair cross complementing 6	XRCC-6; XRCC6
Xanthine dehydrogenase	XDH
Xenotropic and polytropic retrovirus receptor 1	XPR-1; XPR1
XIAP associated factor 1	XAF-1; XAF1
Xin actin binding repeat containing 1	XIRP-1; XIRP1
Xin actin binding repeat containing 2	XIRP-2; XIRP2
XK related 4	XK related-4; XKR-4; XKR4
XK related 8	XK related-8; XKR-8; XKR8
XK related 9	XK related-9; XKR-9; XKR9
XPA binding protein 2	XAB-2; XAB2
XPA, DNA damage recognition and repair factor	XPA
XPC complex subunit, DNA damage recognition and repair factor	XPC
Xyloside xylosyltransferase 1	XXYLT-1; XXYLT1; Xyloside xylosyltransferase-1
Xylosyltransferase 1	Xylosyltransferase-1; XYLT-1; XYLT1
Xylosyltransferase 2	Xylosyltransferase-2; XYLT-2; XYLT2
Xylulokinase	XYLB
Y-box binding protein 1	YBX-1; YBX1
Y-box binding protein 2	YBX-2; YBX2
Y-box binding protein 3	YBX-3; YBX3
YAE1 maturation factor of ABCE1	YAE-1; YAE1
YbeY metalloendoribonuclease	YBEY
YdjC chitooligosaccharide deacetylase homolog	YDJC
YEATS domain containing 2	YEATS-2; YEATS2
YEATS domain containing 4	YEATS-4; YEATS4
YES proto-oncogene 1, Src family tyrosine kinase	YES-1; YES1
Yes1 associated transcriptional regulator	YAP-1; YAP1
Yip1 domain family member 1	YIPF-1; YIPF1
Yip1 domain family member 2	YIPF-2; YIPF2
Yip1 domain family member 3	YIPF-3; YIPF3
Yip1 domain family member 4	YIPF-4; YIPF4
Yip1 domain family member 5	YIPF-5; YIPF5
Yip1 domain family member 6	YIPF-6; YIPF6
Yip1 domain family member 7	YIPF-7; YIPF7
Yip1 interacting factor homolog A, membrane trafficking protein	YIF1A
Yip1 interacting factor homolog B, membrane trafficking protein	YIF1B
Yippee like 2	Yippee like-2; YPEL-2; YPEL2
Yippee like 5	Yippee like-5; YPEL-5; YPEL5
YjeF N-terminal domain containing 3	YJEFN-3; YJEFN3
YJU2 splicing factor homolog	YJU-2; YJU2
YJU2 splicing factor homolog B	YJU2B
YKT6 v-SNARE homolog	YKT-6; YKT6
YLP motif containing 1	YLPM-1; YLPM1
YME1 like 1 ATPase	YME1L1
YOD1 deubiquitinase	YOD-1; YOD1
YrdC N6-threonylcarbamoyltransferase domain containing	YRDC
YTH domain containing 1	YTHDC-1; YTHDC1
YTH domain containing 2	YTHDC-2; YTHDC2
YTH N6-methyladenosine RNA binding protein 1	YTHDF-1; YTHDF1
YTH N6-methyladenosine RNA binding protein 2	YTHDF-2; YTHDF2
YTH N6-methyladenosine RNA binding protein 3	YTHDF-3; YTHDF3
YY1 associated factor 2	YAF-2; YAF2
YY1 associated protein 1	YY1AP1
YY1 transcription factor	YY-1; YY1
Z-DNA binding protein 1	ZBP-1; ZBP1
Zeta chain of T cell receptor associated protein kinase 70	ZAP-70; ZAP70
ZFP1 zinc finger protein	ZFP-1; ZFP1
ZFP14 zinc finger protein	ZFP-14; ZFP14
ZFP2 zinc finger protein	ZFP-2; ZFP2
ZFP28 zinc finger protein	ZFP-28; ZFP28
ZFP3 zinc finger protein	ZFP-3; ZFP3
ZFP30 zinc finger protein	ZFP-30; ZFP30
ZFP36 ring finger protein	ZFP-36; ZFP36
ZFP36 ring finger protein like 1	ZFP36L1
ZFP36 ring finger protein like 2	ZFP36L2
ZFP41 zinc finger protein	ZFP-41; ZFP41
ZFP42 zinc finger protein	ZFP-42; ZFP42
ZFP57 zinc finger protein	ZFP-57; ZFP57
ZFP62 zinc finger protein	ZFP-62; ZFP62
ZFP64 zinc finger protein	ZFP-64; ZFP64
ZFP69 zinc finger protein B	ZFP69B
ZFP82 zinc finger protein	ZFP-82; ZFP82
ZFP90 zinc finger protein	ZFP-90; ZFP90
ZFP91 zinc finger protein, atypical E3 ubiquitin ligase	ZFP-91; ZFP91
ZHX1-C8orf76 readthrough	ZHX1-C8orf76
Zic family member 1	ZIC-1; ZIC1
Zic family member 2	ZIC-2; ZIC2
Zic family member 3	ZIC-3; ZIC3
Zic family member 5	ZIC-5; ZIC5
Zinc activated ion channel	ZACN
Zinc and ring finger 1	ZNRF-1; ZNRF1
Zinc and ring finger 2	ZNRF-2; ZNRF2
Zinc and ring finger 3	ZNRF-3; ZNRF3
Zinc and ring finger 4	ZNRF-4; ZNRF4
Zinc finger AN1-type containing 1	ZFAND-1; ZFAND1
Zinc finger AN1-type containing 2A	ZFAND2A
Zinc finger AN1-type containing 2B	ZFAND2B
Zinc finger AN1-type containing 3	ZFAND-3; ZFAND3
Zinc finger AN1-type containing 5	ZFAND-5; ZFAND5
Zinc finger AN1-type containing 6	ZFAND-6; ZFAND6
Zinc finger and AT-hook domain containing	ZFAT
Zinc finger and BTB domain containing 1	ZBTB-1; ZBTB1
Zinc finger and BTB domain containing 10	ZBTB-10; ZBTB10
Zinc finger and BTB domain containing 11	ZBTB-11; ZBTB11
Zinc finger and BTB domain containing 12	ZBTB-12; ZBTB12
Zinc finger and BTB domain containing 14	ZBTB-14; ZBTB14
Zinc finger and BTB domain containing 16	ZBTB-16; ZBTB16
Zinc finger and BTB domain containing 17	ZBTB-17; ZBTB17
Zinc finger and BTB domain containing 18	ZBTB-18; ZBTB18
Zinc finger and BTB domain containing 2	ZBTB-2; ZBTB2
Zinc finger and BTB domain containing 20	ZBTB-20; ZBTB20
Zinc finger and BTB domain containing 21	ZBTB-21; ZBTB21
Zinc finger and BTB domain containing 22	ZBTB-22; ZBTB22
Zinc finger and BTB domain containing 24	ZBTB-24; ZBTB24
Zinc finger and BTB domain containing 25	ZBTB-25; ZBTB25
Zinc finger and BTB domain containing 26	ZBTB-26; ZBTB26
Zinc finger and BTB domain containing 3	ZBTB-3; ZBTB3
Zinc finger and BTB domain containing 32	ZBTB-32; ZBTB32
Zinc finger and BTB domain containing 33	ZBTB-33; ZBTB33
Zinc finger and BTB domain containing 38	ZBTB-38; ZBTB38
Zinc finger and BTB domain containing 39	ZBTB-39; ZBTB39
Zinc finger and BTB domain containing 4	ZBTB-4; ZBTB4
Zinc finger and BTB domain containing 40	ZBTB-40; ZBTB40
Zinc finger and BTB domain containing 41	ZBTB-41; ZBTB41
Zinc finger and BTB domain containing 42	ZBTB-42; ZBTB42
Zinc finger and BTB domain containing 43	ZBTB-43; ZBTB43
Zinc finger and BTB domain containing 44	ZBTB-44; ZBTB44
Zinc finger and BTB domain containing 45	ZBTB-45; ZBTB45
Zinc finger and BTB domain containing 46	ZBTB-46; ZBTB46
Zinc finger and BTB domain containing 47	ZBTB-47; ZBTB47
Zinc finger and BTB domain containing 48	ZBTB-48; ZBTB48
Zinc finger and BTB domain containing 49	ZBTB-49; ZBTB49
Zinc finger and BTB domain containing 5	ZBTB-5; ZBTB5
Zinc finger and BTB domain containing 6	ZBTB-6; ZBTB6
Zinc finger and BTB domain containing 7A	ZBTB7A
Zinc finger and BTB domain containing 7B	ZBTB7B
Zinc finger and BTB domain containing 8 opposite strand	ZBTB8OS
Zinc finger and BTB domain containing 8A	ZBTB8A
Zinc finger and BTB domain containing 8B	ZBTB8B
Zinc finger and BTB domain containing 9	ZBTB-9; ZBTB9
Zinc finger and SCAN domain containing 1	ZSCAN-1; ZSCAN1
Zinc finger and SCAN domain containing 10	ZSCAN-10; ZSCAN10
Zinc finger and SCAN domain containing 12	ZSCAN-12; ZSCAN12
Zinc finger and SCAN domain containing 16	ZSCAN-16; ZSCAN16
Zinc finger and SCAN domain containing 18	ZSCAN-18; ZSCAN18
Zinc finger and SCAN domain containing 20	ZSCAN-20; ZSCAN20
Zinc finger and SCAN domain containing 21	ZSCAN-21; ZSCAN21
Zinc finger and SCAN domain containing 22	ZSCAN-22; ZSCAN22
Zinc finger and SCAN domain containing 23	ZSCAN-23; ZSCAN23
Zinc finger and SCAN domain containing 25	ZSCAN-25; ZSCAN25
Zinc finger and SCAN domain containing 26	ZSCAN-26; ZSCAN26
Zinc finger and SCAN domain containing 29	ZSCAN-29; ZSCAN29
Zinc finger and SCAN domain containing 30	ZSCAN-30; ZSCAN30
Zinc finger and SCAN domain containing 31	ZSCAN-31; ZSCAN31
Zinc finger and SCAN domain containing 32	ZSCAN-32; ZSCAN32
Zinc finger and SCAN domain containing 4	ZSCAN-4; ZSCAN4
Zinc finger and SCAN domain containing 5A	ZSCAN5A
Zinc finger and SCAN domain containing 5B	ZSCAN5B
Zinc finger and SCAN domain containing 9	ZSCAN-9; ZSCAN9
Zinc finger BED-type containing 1	ZBED-1; ZBED1
Zinc finger BED-type containing 2	ZBED-2; ZBED2
Zinc finger BED-type containing 3	ZBED-3; ZBED3
Zinc finger BED-type containing 4	ZBED-4; ZBED4
Zinc finger BED-type containing 6	ZBED-6; ZBED6
Zinc finger BED-type containing 8	ZBED-8; ZBED8
Zinc finger BED-type containing 9	ZBED-9; ZBED9
Zinc finger C2HC-type containing 1A	ZC2HC1A
Zinc finger C2HC-type containing 1B	ZC2HC1B
Zinc finger C2HC-type containing 1C	ZC2HC1C
Zinc finger C3H1-type containing	ZFC3H1
Zinc finger C3HC-type containing 1	ZC3HC1
Zinc finger C4H2-type containing	ZC4H2
Zinc finger CCCH-type and G-patch domain containing	ZGPAT
Zinc finger CCCH-type containing 10	ZC3H10
Zinc finger CCCH-type containing 11A	ZC3H11A
Zinc finger CCCH-type containing 12A	ZC3H12A
Zinc finger CCCH-type containing 12B	ZC3H12B
Zinc finger CCCH-type containing 12C	ZC3H12C
Zinc finger CCCH-type containing 12D	ZC3H12D
Zinc finger CCCH-type containing 13	ZC3H13
Zinc finger CCCH-type containing 14	ZC3H14
Zinc finger CCCH-type containing 15	ZC3H15
Zinc finger CCCH-type containing 18	ZC3H18
Zinc finger CCCH-type containing 3	ZC3H3
Zinc finger CCCH-type containing 4	ZC3H4
Zinc finger CCCH-type containing 6	ZC3H6
Zinc finger CCCH-type containing 7A	ZC3H7A
Zinc finger CCCH-type containing 7B	ZC3H7B
Zinc finger CCCH-type containing 8	ZC3H8
Zinc finger CCCH-type containing, antiviral 1	ZC3HAV1
Zinc finger CCCH-type containing, antiviral 1 like	ZC3HAV1L
Zinc finger CCCH-type, RNA binding motif and serine/arginine rich 2	ZRSR-2; ZRSR2
Zinc finger CCHC-type and RNA binding motif containing 1	ZCRB-1; ZCRB1
Zinc finger CCHC-type containing 10	ZCCHC-10; ZCCHC10
Zinc finger CCHC-type containing 12	ZCCHC-12; ZCCHC12
Zinc finger CCHC-type containing 13	ZCCHC-13; ZCCHC13
Zinc finger CCHC-type containing 14	ZCCHC-14; ZCCHC14
Zinc finger CCHC-type containing 17	ZCCHC-17; ZCCHC17
Zinc finger CCHC-type containing 2	ZCCHC-2; ZCCHC2
Zinc finger CCHC-type containing 24	ZCCHC-24; ZCCHC24
Zinc finger CCHC-type containing 3	ZCCHC-3; ZCCHC3
Zinc finger CCHC-type containing 4	ZCCHC-4; ZCCHC4
Zinc finger CCHC-type containing 7	ZCCHC-7; ZCCHC7
Zinc finger CCHC-type containing 8	ZCCHC-8; ZCCHC8
Zinc finger CCHC-type containing 9	ZCCHC-9; ZCCHC9
Zinc finger containing ubiquitin peptidase 1	ZUP-1; ZUP1
Zinc finger CW-type and PWWP domain containing 1	ZCWPW-1; ZCWPW1
Zinc finger CW-type and PWWP domain containing 2	ZCWPW-2; ZCWPW2
Zinc finger DBF-type containing 2	ZDBF-2; ZDBF2
Zinc finger DHHC-type containing 1	ZDHHC-1; ZDHHC1
Zinc finger DHHC-type containing 11	ZDHHC-11; ZDHHC11
Zinc finger DHHC-type containing 24	ZDHHC-24; ZDHHC24
Zinc finger DHHC-type palmitoyltransferase 13	ZDHHC-13; ZDHHC13
Zinc finger DHHC-type palmitoyltransferase 14	ZDHHC-14; ZDHHC14
Zinc finger DHHC-type palmitoyltransferase 15	ZDHHC-15; ZDHHC15
Zinc finger DHHC-type palmitoyltransferase 16	ZDHHC-16; ZDHHC16
Zinc finger DHHC-type palmitoyltransferase 17	ZDHHC-17; ZDHHC17
Zinc finger DHHC-type palmitoyltransferase 18	ZDHHC-18; ZDHHC18
Zinc finger DHHC-type palmitoyltransferase 19	ZDHHC-19; ZDHHC19
Zinc finger DHHC-type palmitoyltransferase 2	ZDHHC-2; ZDHHC2
Zinc finger DHHC-type palmitoyltransferase 20	ZDHHC-20; ZDHHC20
Zinc finger DHHC-type palmitoyltransferase 21	ZDHHC-21; ZDHHC21
Zinc finger DHHC-type palmitoyltransferase 22	ZDHHC-22; ZDHHC22
Zinc finger DHHC-type palmitoyltransferase 23	ZDHHC-23; ZDHHC23
Zinc finger DHHC-type palmitoyltransferase 3	ZDHHC-3; ZDHHC3
Zinc finger DHHC-type palmitoyltransferase 4	ZDHHC-4; ZDHHC4
Zinc finger DHHC-type palmitoyltransferase 5	ZDHHC-5; ZDHHC5
Zinc finger DHHC-type palmitoyltransferase 6	ZDHHC-6; ZDHHC6
Zinc finger DHHC-type palmitoyltransferase 7	ZDHHC-7; ZDHHC7
Zinc finger DHHC-type palmitoyltransferase 8	ZDHHC-8; ZDHHC8
Zinc finger DHHC-type palmitoyltransferase 9	ZDHHC-9; ZDHHC9
Zinc finger E-box binding homeobox 1	ZEB-1; ZEB1
Zinc finger E-box binding homeobox 2	ZEB-2; ZEB2
Zinc finger FYVE-type containing 1	ZFYVE-1; ZFYVE1
Zinc finger FYVE-type containing 16	ZFYVE-16; ZFYVE16
Zinc finger FYVE-type containing 19	ZFYVE-19; ZFYVE19
Zinc finger FYVE-type containing 21	ZFYVE-21; ZFYVE21
Zinc finger FYVE-type containing 26	ZFYVE-26; ZFYVE26
Zinc finger FYVE-type containing 27	ZFYVE-27; ZFYVE27
Zinc finger FYVE-type containing 28	ZFYVE-28; ZFYVE28
Zinc finger FYVE-type containing 9	ZFYVE-9; ZFYVE9
Zinc finger GRF-type containing 1	ZGRF-1; ZGRF1
Zinc finger HIT-type containing 1	ZNHIT-1; ZNHIT1
Zinc finger HIT-type containing 2	ZNHIT-2; ZNHIT2
Zinc finger HIT-type containing 3	ZNHIT-3; ZNHIT3
Zinc finger HIT-type containing 6	ZNHIT-6; ZNHIT6
Zinc finger homeobox 2	ZFHX-2; ZFHX2
Zinc finger homeobox 3	ZFHX-3; ZFHX3
Zinc finger homeobox 4	ZFHX-4; ZFHX4
Zinc finger imprinted 2	ZIM-2; ZIM2
Zinc finger imprinted 3	ZIM-3; ZIM3
Zinc finger matrin-type 2	ZMAT-2; ZMAT2
Zinc finger matrin-type 3	ZMAT-3; ZMAT3
Zinc finger matrin-type 4	ZMAT-4; ZMAT4
Zinc finger matrin-type 5	ZMAT-5; ZMAT5
Zinc finger MIZ-type containing 1	ZMIZ-1; ZMIZ1
Zinc finger MIZ-type containing 2	ZMIZ-2; ZMIZ2
Zinc finger MYM-type containing 1	ZMYM-1; ZMYM1
Zinc finger MYM-type containing 2	ZMYM-2; ZMYM2
Zinc finger MYM-type containing 3	ZMYM-3; ZMYM3
Zinc finger MYM-type containing 4	ZMYM-4; ZMYM4
Zinc finger MYM-type containing 5	ZMYM-5; ZMYM5
Zinc finger MYM-type containing 6	ZMYM-6; ZMYM6
Zinc finger MYND-type containing 10	ZMYND-10; ZMYND10
Zinc finger MYND-type containing 11	ZMYND-11; ZMYND11
Zinc finger MYND-type containing 12	ZMYND-12; ZMYND12
Zinc finger MYND-type containing 19	ZMYND-19; ZMYND19
Zinc finger MYND-type containing 8	ZMYND-8; ZMYND8
Zinc finger NFX1-type containing 1	ZNFX-1; ZNFX1
Zinc finger protein 10	ZNF-10; ZNF10
Zinc finger protein 100	ZNF-100; ZNF100
Zinc finger protein 101	ZNF-101; ZNF101
Zinc finger protein 106	ZNF-106; ZNF106
Zinc finger protein 107	ZNF-107; ZNF107
Zinc finger protein 112	ZNF-112; ZNF112
Zinc finger protein 114	ZNF-114; ZNF114
Zinc finger protein 12	ZNF-12; ZNF12
Zinc finger protein 121	ZNF-121; ZNF121
Zinc finger protein 124	ZNF-124; ZNF124
Zinc finger protein 131	ZNF-131; ZNF131
Zinc finger protein 133	ZNF-133; ZNF133
Zinc finger protein 134	ZNF-134; ZNF134
Zinc finger protein 135	ZNF-135; ZNF135
Zinc finger protein 136	ZNF-136; ZNF136
Zinc finger protein 138	ZNF-138; ZNF138
Zinc finger protein 140	ZNF-140; ZNF140
Zinc finger protein 141	ZNF-141; ZNF141
Zinc finger protein 142	ZNF-142; ZNF142
Zinc finger protein 143	ZNF-143; ZNF143
Zinc finger protein 146	ZNF-146; ZNF146
Zinc finger protein 148	ZNF-148; ZNF148
Zinc finger protein 155	ZNF-155; ZNF155
Zinc finger protein 16	ZNF-16; ZNF16
Zinc finger protein 165	ZNF-165; ZNF165
Zinc finger protein 169	ZNF-169; ZNF169
Zinc finger protein 17	ZNF-17; ZNF17
Zinc finger protein 174	ZNF-174; ZNF174
Zinc finger protein 175	ZNF-175; ZNF175
Zinc finger protein 177	ZNF-177; ZNF177
Zinc finger protein 18	ZNF-18; ZNF18
Zinc finger protein 180	ZNF-180; ZNF180
Zinc finger protein 181	ZNF-181; ZNF181
Zinc finger protein 184	ZNF-184; ZNF184
Zinc finger protein 185 with LIM domain	ZNF-185; ZNF185
Zinc finger protein 189	ZNF-189; ZNF189
Zinc finger protein 19	ZNF-19; ZNF19
Zinc finger protein 195	ZNF-195; ZNF195
Zinc finger protein 2	ZNF-2; ZNF2
Zinc finger protein 20	ZNF-20; ZNF20
Zinc finger protein 200	ZNF-200; ZNF200
Zinc finger protein 202	ZNF-202; ZNF202
Zinc finger protein 205	ZNF-205; ZNF205
Zinc finger protein 207	ZNF-207; ZNF207
Zinc finger protein 212	ZNF-212; ZNF212
Zinc finger protein 213	ZNF-213; ZNF213
Zinc finger protein 217	ZNF-217; ZNF217
Zinc finger protein 219	ZNF-219; ZNF219
Zinc finger protein 22	ZNF-22; ZNF22
Zinc finger protein 221	ZNF-221; ZNF221
Zinc finger protein 223	ZNF-223; ZNF223
Zinc finger protein 224	ZNF-224; ZNF224
Zinc finger protein 225	ZNF-225; ZNF225
Zinc finger protein 227	ZNF-227; ZNF227
Zinc finger protein 229	ZNF-229; ZNF229
Zinc finger protein 23	ZNF-23; ZNF23
Zinc finger protein 230	ZNF-230; ZNF230
Zinc finger protein 232	ZNF-232; ZNF232
Zinc finger protein 236	ZNF-236; ZNF236
Zinc finger protein 239	ZNF-239; ZNF239
Zinc finger protein 24	ZNF-24; ZNF24
Zinc finger protein 248	ZNF-248; ZNF248
Zinc finger protein 25	ZNF-25; ZNF25
Zinc finger protein 250	ZNF-250; ZNF250
Zinc finger protein 251	ZNF-251; ZNF251
Zinc finger protein 256	ZNF-256; ZNF256
Zinc finger protein 26	ZNF-26; ZNF26
Zinc finger protein 260	ZNF-260; ZNF260
Zinc finger protein 263	ZNF-263; ZNF263
Zinc finger protein 264	ZNF-264; ZNF264
Zinc finger protein 266	ZNF-266; ZNF266
Zinc finger protein 267	ZNF-267; ZNF267
Zinc finger protein 268	ZNF-268; ZNF268
Zinc finger protein 273	ZNF-273; ZNF273
Zinc finger protein 274	ZNF-274; ZNF274
Zinc finger protein 275	ZNF-275; ZNF275
Zinc finger protein 276	ZNF-276; ZNF276
Zinc finger protein 277	ZNF-277; ZNF277
Zinc finger protein 28	ZNF-28; ZNF28
Zinc finger protein 280A	ZNF280A
Zinc finger protein 280B	ZNF280B
Zinc finger protein 280C	ZNF280C
Zinc finger protein 280D	ZNF280D
Zinc finger protein 281	ZNF-281; ZNF281
Zinc finger protein 282	ZNF-282; ZNF282
Zinc finger protein 283	ZNF-283; ZNF283
Zinc finger protein 285	ZNF-285; ZNF285
Zinc finger protein 286A	ZNF286A
Zinc finger protein 292	ZNF-292; ZNF292
Zinc finger protein 296	ZNF-296; ZNF296
Zinc finger protein 3	ZNF-3; ZNF3
Zinc finger protein 300	ZNF-300; ZNF300
Zinc finger protein 302	ZNF-302; ZNF302
Zinc finger protein 304	ZNF-304; ZNF304
Zinc finger protein 316	ZNF-316; ZNF316
Zinc finger protein 317	ZNF-317; ZNF317
Zinc finger protein 318	ZNF-318; ZNF318
Zinc finger protein 319	ZNF-319; ZNF319
Zinc finger protein 32	ZNF-32; ZNF32
Zinc finger protein 320	ZNF-320; ZNF320
Zinc finger protein 322	ZNF-322; ZNF322
Zinc finger protein 324B	ZNF324B
Zinc finger protein 326	ZNF-326; ZNF326
Zinc finger protein 329	ZNF-329; ZNF329
Zinc finger protein 330	ZNF-330; ZNF330
Zinc finger protein 331	ZNF-331; ZNF331
Zinc finger protein 333	ZNF-333; ZNF333
Zinc finger protein 334	ZNF-334; ZNF334
Zinc finger protein 335	ZNF-335; ZNF335
Zinc finger protein 337	ZNF-337; ZNF337
Zinc finger protein 33A	ZNF33A
Zinc finger protein 33B	ZNF33B
Zinc finger protein 34	ZNF-34; ZNF34
Zinc finger protein 341	ZNF-341; ZNF341
Zinc finger protein 343	ZNF-343; ZNF343
Zinc finger protein 345	ZNF-345; ZNF345
Zinc finger protein 346	ZNF-346; ZNF346
Zinc finger protein 347	ZNF-347; ZNF347
Zinc finger protein 35	ZNF-35; ZNF35
Zinc finger protein 350	ZNF-350; ZNF350
Zinc finger protein 354A	ZNF354A
Zinc finger protein 354B	ZNF354B
Zinc finger protein 354C	ZNF354C
Zinc finger protein 358	ZNF-358; ZNF358
Zinc finger protein 362	ZNF-362; ZNF362
Zinc finger protein 365	ZNF-365; ZNF365
Zinc finger protein 366	ZNF-366; ZNF366
Zinc finger protein 367	ZNF-367; ZNF367
Zinc finger protein 383	ZNF-383; ZNF383
Zinc finger protein 384	ZNF-384; ZNF384
Zinc finger protein 385A	ZNF385A
Zinc finger protein 385B	ZNF385B
Zinc finger protein 394	ZNF-394; ZNF394
Zinc finger protein 395	ZNF-395; ZNF395
Zinc finger protein 396	ZNF-396; ZNF396
Zinc finger protein 397	ZNF-397; ZNF397
Zinc finger protein 398	ZNF-398; ZNF398
Zinc finger protein 404	ZNF-404; ZNF404
Zinc finger protein 407	ZNF-407; ZNF407
Zinc finger protein 408	ZNF-408; ZNF408
Zinc finger protein 41	ZNF-41; ZNF41
Zinc finger protein 410	ZNF-410; ZNF410
Zinc finger protein 414	ZNF-414; ZNF414
Zinc finger protein 415	ZNF-415; ZNF415
Zinc finger protein 417	ZNF-417; ZNF417
Zinc finger protein 418	ZNF-418; ZNF418
Zinc finger protein 419	ZNF-419; ZNF419
Zinc finger protein 420	ZNF-420; ZNF420
Zinc finger protein 423	ZNF-423; ZNF423
Zinc finger protein 425	ZNF-425; ZNF425
Zinc finger protein 426	ZNF-426; ZNF426
Zinc finger protein 428	ZNF-428; ZNF428
Zinc finger protein 430	ZNF-430; ZNF430
Zinc finger protein 432	ZNF-432; ZNF432
Zinc finger protein 433	ZNF-433; ZNF433
Zinc finger protein 436	ZNF-436; ZNF436
Zinc finger protein 438	ZNF-438; ZNF438
Zinc finger protein 439	ZNF-439; ZNF439
Zinc finger protein 440	ZNF-440; ZNF440
Zinc finger protein 441	ZNF-441; ZNF441
Zinc finger protein 444	ZNF-444; ZNF444
Zinc finger protein 445	ZNF-445; ZNF445
Zinc finger protein 446	ZNF-446; ZNF446
Zinc finger protein 449	ZNF-449; ZNF449
Zinc finger protein 45	ZNF-45; ZNF45
Zinc finger protein 451	ZNF-451; ZNF451
Zinc finger protein 460	ZNF-460; ZNF460
Zinc finger protein 461	ZNF-461; ZNF461
Zinc finger protein 462	ZNF-462; ZNF462
Zinc finger protein 467	ZNF-467; ZNF467
Zinc finger protein 469	ZNF-469; ZNF469
Zinc finger protein 473	ZNF-473; ZNF473
Zinc finger protein 474	ZNF-474; ZNF474
Zinc finger protein 479	ZNF-479; ZNF479
Zinc finger protein 48	ZNF-48; ZNF48
Zinc finger protein 480	ZNF-480; ZNF480
Zinc finger protein 483	ZNF-483; ZNF483
Zinc finger protein 484	ZNF-484; ZNF484
Zinc finger protein 485	ZNF-485; ZNF485
Zinc finger protein 488	ZNF-488; ZNF488
Zinc finger protein 490	ZNF-490; ZNF490
Zinc finger protein 491	ZNF-491; ZNF491
Zinc finger protein 493	ZNF-493; ZNF493
Zinc finger protein 496	ZNF-496; ZNF496
Zinc finger protein 497	ZNF-497; ZNF497
Zinc finger protein 500	ZNF-500; ZNF500
Zinc finger protein 502	ZNF-502; ZNF502
Zinc finger protein 503	ZNF-503; ZNF503
Zinc finger protein 507	ZNF-507; ZNF507
Zinc finger protein 511	ZNF-511; ZNF511
Zinc finger protein 512	ZNF-512; ZNF512
Zinc finger protein 512B	ZNF512B
Zinc finger protein 513	ZNF-513; ZNF513
Zinc finger protein 516	ZNF-516; ZNF516
Zinc finger protein 518A	ZNF518A
Zinc finger protein 518B	ZNF518B
Zinc finger protein 521	ZNF-521; ZNF521
Zinc finger protein 524	ZNF-524; ZNF524
Zinc finger protein 526	ZNF-526; ZNF526
Zinc finger protein 529	ZNF-529; ZNF529
Zinc finger protein 532	ZNF-532; ZNF532
Zinc finger protein 534	ZNF-534; ZNF534
Zinc finger protein 536	ZNF-536; ZNF536
Zinc finger protein 540	ZNF-540; ZNF540
Zinc finger protein 541	ZNF-541; ZNF541
Zinc finger protein 543	ZNF-543; ZNF543
Zinc finger protein 544	ZNF-544; ZNF544
Zinc finger protein 546	ZNF-546; ZNF546
Zinc finger protein 547	ZNF-547; ZNF547
Zinc finger protein 548	ZNF-548; ZNF548
Zinc finger protein 549	ZNF-549; ZNF549
Zinc finger protein 551	ZNF-551; ZNF551
Zinc finger protein 552	ZNF-552; ZNF552
Zinc finger protein 554	ZNF-554; ZNF554
Zinc finger protein 555	ZNF-555; ZNF555
Zinc finger protein 557	ZNF-557; ZNF557
Zinc finger protein 558	ZNF-558; ZNF558
Zinc finger protein 559	ZNF-559; ZNF559
Zinc finger protein 561	ZNF-561; ZNF561
Zinc finger protein 563	ZNF-563; ZNF563
Zinc finger protein 564	ZNF-564; ZNF564
Zinc finger protein 566	ZNF-566; ZNF566
Zinc finger protein 567	ZNF-567; ZNF567
Zinc finger protein 569	ZNF-569; ZNF569
Zinc finger protein 57	ZNF-57; ZNF57
Zinc finger protein 572	ZNF-572; ZNF572
Zinc finger protein 574	ZNF-574; ZNF574
Zinc finger protein 575	ZNF-575; ZNF575
Zinc finger protein 576	ZNF-576; ZNF576
Zinc finger protein 578	ZNF-578; ZNF578
Zinc finger protein 579	ZNF-579; ZNF579
Zinc finger protein 580	ZNF-580; ZNF580
Zinc finger protein 581	ZNF-581; ZNF581
Zinc finger protein 587	ZNF-587; ZNF587
Zinc finger protein 587B	ZNF587B
Zinc finger protein 589	ZNF-589; ZNF589
Zinc finger protein 592	ZNF-592; ZNF592
Zinc finger protein 593	ZNF-593; ZNF593
Zinc finger protein 595	ZNF-595; ZNF595
Zinc finger protein 596	ZNF-596; ZNF596
Zinc finger protein 597	ZNF-597; ZNF597
Zinc finger protein 599	ZNF-599; ZNF599
Zinc finger protein 600	ZNF-600; ZNF600
Zinc finger protein 607	ZNF-607; ZNF607
Zinc finger protein 608	ZNF-608; ZNF608
Zinc finger protein 609	ZNF-609; ZNF609
Zinc finger protein 611	ZNF-611; ZNF611
Zinc finger protein 613	ZNF-613; ZNF613
Zinc finger protein 614	ZNF-614; ZNF614
Zinc finger protein 618	ZNF-618; ZNF618
Zinc finger protein 620	ZNF-620; ZNF620
Zinc finger protein 622	ZNF-622; ZNF622
Zinc finger protein 623	ZNF-623; ZNF623
Zinc finger protein 624	ZNF-624; ZNF624
Zinc finger protein 625	ZNF-625; ZNF625
Zinc finger protein 627	ZNF-627; ZNF627
Zinc finger protein 628	ZNF-628; ZNF628
Zinc finger protein 629	ZNF-629; ZNF629
Zinc finger protein 638	ZNF-638; ZNF638
Zinc finger protein 639	ZNF-639; ZNF639
Zinc finger protein 641	ZNF-641; ZNF641
Zinc finger protein 644	ZNF-644; ZNF644
Zinc finger protein 646	ZNF-646; ZNF646
Zinc finger protein 648	ZNF-648; ZNF648
Zinc finger protein 649	ZNF-649; ZNF649
Zinc finger protein 652	ZNF-652; ZNF652
Zinc finger protein 653	ZNF-653; ZNF653
Zinc finger protein 655	ZNF-655; ZNF655
Zinc finger protein 658	ZNF-658; ZNF658
Zinc finger protein 660	ZNF-660; ZNF660
Zinc finger protein 662	ZNF-662; ZNF662
Zinc finger protein 664	ZNF-664; ZNF664
Zinc finger protein 667	ZNF-667; ZNF667
Zinc finger protein 668	ZNF-668; ZNF668
Zinc finger protein 669	ZNF-669; ZNF669
Zinc finger protein 670	ZNF-670; ZNF670
Zinc finger protein 672	ZNF-672; ZNF672
Zinc finger protein 675	ZNF-675; ZNF675
Zinc finger protein 679	ZNF-679; ZNF679
Zinc finger protein 680	ZNF-680; ZNF680
Zinc finger protein 683	ZNF-683; ZNF683
Zinc finger protein 687	ZNF-687; ZNF687
Zinc finger protein 688	ZNF-688; ZNF688
Zinc finger protein 689	ZNF-689; ZNF689
Zinc finger protein 69	ZNF-69; ZNF69
Zinc finger protein 691	ZNF-691; ZNF691
Zinc finger protein 692	ZNF-692; ZNF692
Zinc finger protein 695	ZNF-695; ZNF695
Zinc finger protein 696	ZNF-696; ZNF696
Zinc finger protein 697	ZNF-697; ZNF697
Zinc finger protein 699	ZNF-699; ZNF699
Zinc finger protein 7	ZNF-7; ZNF7
Zinc finger protein 701	ZNF-701; ZNF701
Zinc finger protein 703	ZNF-703; ZNF703
Zinc finger protein 704	ZNF-704; ZNF704
Zinc finger protein 705D	ZNF705D
Zinc finger protein 706	ZNF-706; ZNF706
Zinc finger protein 707	ZNF-707; ZNF707
Zinc finger protein 708	ZNF-708; ZNF708
Zinc finger protein 71	ZNF-71; ZNF71
Zinc finger protein 710	ZNF-710; ZNF710
Zinc finger protein 711	ZNF-711; ZNF711
Zinc finger protein 721	ZNF-721; ZNF721
Zinc finger protein 726	ZNF-726; ZNF726
Zinc finger protein 74	ZNF-74; ZNF74
Zinc finger protein 740	ZNF-740; ZNF740
Zinc finger protein 746	ZNF-746; ZNF746
Zinc finger protein 747	ZNF-747; ZNF747
Zinc finger protein 749	ZNF-749; ZNF749
Zinc finger protein 750	ZNF-750; ZNF750
Zinc finger protein 75a	ZNF75A
Zinc finger protein 76	ZNF-76; ZNF76
Zinc finger protein 761	ZNF-761; ZNF761
Zinc finger protein 763	ZNF-763; ZNF763
Zinc finger protein 764	ZNF-764; ZNF764
Zinc finger protein 765	ZNF-765; ZNF765
Zinc finger protein 766	ZNF-766; ZNF766
Zinc finger protein 768	ZNF-768; ZNF768
Zinc finger protein 77	ZNF-77; ZNF77
Zinc finger protein 770	ZNF-770; ZNF770
Zinc finger protein 771	ZNF-771; ZNF771
Zinc finger protein 772	ZNF-772; ZNF772
Zinc finger protein 773	ZNF-773; ZNF773
Zinc finger protein 774	ZNF-774; ZNF774
Zinc finger protein 775	ZNF-775; ZNF775
Zinc finger protein 776	ZNF-776; ZNF776
Zinc finger protein 777	ZNF-777; ZNF777
Zinc finger protein 778	ZNF-778; ZNF778
Zinc finger protein 780A	ZNF780A
Zinc finger protein 783	ZNF-783; ZNF783
Zinc finger protein 784	ZNF-784; ZNF784
Zinc finger protein 785	ZNF-785; ZNF785
Zinc finger protein 786	ZNF-786; ZNF786
Zinc finger protein 787	ZNF-787; ZNF787
Zinc finger protein 789	ZNF-789; ZNF789
Zinc finger protein 79	ZNF-79; ZNF79
Zinc finger protein 791	ZNF-791; ZNF791
Zinc finger protein 792	ZNF-792; ZNF792
Zinc finger protein 8	ZNF-8; ZNF8
Zinc finger protein 80	ZNF-80; ZNF80
Zinc finger protein 800	ZNF-800; ZNF800
Zinc finger protein 808	ZNF-808; ZNF808
Zinc finger protein 81	ZNF-81; ZNF81
Zinc finger protein 814	ZNF-814; ZNF814
Zinc finger protein 821	ZNF-821; ZNF821
Zinc finger protein 827	ZNF-827; ZNF827
Zinc finger protein 829	ZNF-829; ZNF829
Zinc finger protein 830	ZNF-830; ZNF830
Zinc finger protein 835	ZNF-835; ZNF835
Zinc finger protein 837	ZNF-837; ZNF837
Zinc finger protein 84	ZNF-84; ZNF84
Zinc finger protein 841	ZNF-841; ZNF841
Zinc finger protein 843	ZNF-843; ZNF843
Zinc finger protein 844	ZNF-844; ZNF844
Zinc finger protein 845	ZNF-845; ZNF845
Zinc finger protein 846	ZNF-846; ZNF846
Zinc finger protein 85	ZNF-85; ZNF85
Zinc finger protein 852	ZNF-852; ZNF852
Zinc finger protein 860	ZNF-860; ZNF860
Zinc finger protein 865	ZNF-865; ZNF865
Zinc finger protein 883	ZNF-883; ZNF883
Zinc finger protein 92	ZNF-92; ZNF92
Zinc finger protein 93	ZNF-93; ZNF93
Zinc finger protein interacting with K protein 1	ZIK-1; ZIK1
Zinc finger protein like 1	ZFPL-1; ZFPL1
Zinc finger protein Y-linked	ZFY
Zinc finger protein, FOG family member 1	ZFPM-1; ZFPM1
Zinc finger protein, FOG family member 2	ZFPM-2; ZFPM2
Zinc finger RANBP2-type containing 1	ZRANB-1; ZRANB1
Zinc finger RANBP2-type containing 2	ZRANB-2; ZRANB2
Zinc finger RANBP2-type containing 3	ZRANB-3; ZRANB3
Zinc finger RNA binding protein	ZFR
Zinc finger SWIM-type containing 2	ZSWIM-2; ZSWIM2
Zinc finger SWIM-type containing 3	ZSWIM-3; ZSWIM3
Zinc finger SWIM-type containing 6	ZSWIM-6; ZSWIM6
Zinc finger SWIM-type containing 7	ZSWIM-7; ZSWIM7
Zinc finger SWIM-type containing 8	ZSWIM-8; ZSWIM8
Zinc finger SWIM-type containing 9	ZSWIM-9; ZSWIM9
Zinc finger translocation associated	ZFTA
Zinc finger with KRAB and SCAN domains 1	ZKSCAN-1; ZKSCAN1
Zinc finger with KRAB and SCAN domains 2	ZKSCAN-2; ZKSCAN2
Zinc finger with KRAB and SCAN domains 3	ZKSCAN-3; ZKSCAN3
Zinc finger with KRAB and SCAN domains 4	ZKSCAN-4; ZKSCAN4
Zinc finger with KRAB and SCAN domains 5	ZKSCAN-5; ZKSCAN5
Zinc finger with KRAB and SCAN domains 7	ZKSCAN-7; ZKSCAN7
Zinc finger with KRAB and SCAN domains 8	ZKSCAN-8; ZKSCAN8
Zinc finger X-linked duplicated A	ZXDA
Zinc finger X-linked duplicated B	ZXDB
Zinc finger ZZ-type and EF-hand domain containing 1	ZZEF-1; ZZEF1
Zinc finger ZZ-type containing 3	ZZZ-3; ZZZ3
Zinc fingers and homeoboxes 1	ZHX-1; ZHX1
Zinc fingers and homeoboxes 2	ZHX-2; ZHX2
Zinc fingers and homeoboxes 3	ZHX-3; ZHX3
Zinc metallopeptidase STE24	ZMPSTE-24; ZMPSTE24
Zinc ribbon domain containing 2	ZNRD-2; ZNRD2
Zn regulated GTPase metalloprotein activator 1A	ZNG1A
Zn regulated GTPase metalloprotein activator 1C	ZNG1C
Zona pellucida glycoprotein 1	ZP-1; ZP1
Zona pellucida glycoprotein 2	ZP-2; ZP2
Zona pellucida glycoprotein 3	ZP-3; ZP3
Zona pellucida glycoprotein 4	ZP-4; ZP4
ZPR1 zinc finger	ZPR-1; ZPR1
ZW10 interacting kinetochore protein	ZWINT
Zw10 kinetochore protein	ZW-10; ZW10
Zwilch kinetochore protein	ZWILCH
ZXD family zinc finger C	ZXDC
Zyg-11 family member B, cell cycle regulator	ZYG11B
Zyg-11 related cell cycle regulator	ZER-1; ZER1
Zygote arrest 1	ZAR-1; ZAR1; Zygote arrest-1
Zymogen granule protein 16	ZG-16; ZG16
Zymogen granule protein 16B	ZG16B
Zyxin	ZYX
