Gene	"Gene synonym"	Ensembl	"Gene description"	Uniprot	Chromosome	Position	"Protein class"	"Biological process"	"Molecular function"	"Disease involvement"	Evidence	"HPA evidence"	"UniProt evidence"	"NeXtProt evidence"	"RNA tissue specificity"	"RNA tissue distribution"	"RNA tissue specificity score"	"RNA tissue specific nTPM"	"RNA single cell type specificity"	"RNA single cell type distribution"	"RNA single cell type specificity score"	"RNA single cell type specific nCPM"	"RNA single cell type group specificity"	"RNA single cell type group distribution"	"RNA single cell type group specificity score"	"RNA single cell type group specific nCPM"	"RNA single nuclei brain specificity"	"RNA single nuclei brain distribution"	"RNA single nuclei brain specificity score"	"RNA single nuclei brain specific nCPM"	"RNA cancer specificity"	"RNA cancer distribution"	"RNA cancer specificity score"	"RNA cancer specific pTPM"	"RNA brain regional specificity"	"RNA brain regional distribution"	"RNA brain regional specificity score"	"RNA brain regional specific nTPM"	"RNA blood cell specificity"	"RNA blood cell distribution"	"RNA blood cell specificity score"	"RNA blood cell specific nTPM"	"RNA blood lineage specificity"	"RNA blood lineage distribution"	"RNA blood lineage specificity score"	"RNA blood lineage specific nTPM"	"RNA cell line specificity"	"RNA cell line distribution"	"RNA cell line specificity score"	"RNA cell line specific nTPM"	"RNA tissue cell type enrichment"	"RNA mouse brain regional specificity"	"RNA mouse brain regional distribution"	"RNA mouse brain regional specificity score"	"RNA mouse brain regional specific nTPM"	"RNA pig brain regional specificity"	"RNA pig brain regional distribution"	"RNA pig brain regional specificity score"	"RNA pig brain regional specific nTPM"	"Protein cell type specificity"	"Protein cell type distribution"	"Protein cell type specificity score"	"Protein cell type specific Intensity"	"Protein tissue specificity"	"Protein tissue distribution"	"Protein tissue specificity score"	"Protein tissue specific Intensity"	Antibody	"Reliability (IH)"	"Reliability (Mouse Brain)"	"Reliability (IF)"	"Subcellular location"	"Secretome location"	"Secretome function"	"CCD Protein"	"CCD Transcript"	"Blood concentration - Conc. blood IM [pg/L]"	"Blood concentration - Conc. blood MS [pg/L]"	"Blood expression cluster"	"Tissue expression cluster"	"Brain expression cluster"	"Cell line expression cluster"	"Single cell expression cluster"	Interactions	"Subcellular main location"	"Subcellular additional location"	"Antibody RRID"	"Cancer prognostics - Bladder Urothelial Carcinoma (TCGA)"	"Cancer prognostics - Breast Invasive Carcinoma (TCGA)"	"Cancer prognostics - Breast Invasive Carcinoma (validation)"	"Cancer prognostics - Cervical Squamous Cell Carcinoma and Endocervical Adenocarcinoma (TCGA)"	"Cancer prognostics - Colon Adenocarcinoma (TCGA)"	"Cancer prognostics - Colon Adenocarcinoma (validation)"	"Cancer prognostics - Glioblastoma Multiforme (TCGA)"	"Cancer prognostics - Glioblastoma Multiforme (validation)"	"Cancer prognostics - Head and Neck Squamous Cell Carcinoma (TCGA)"	"Cancer prognostics - Kidney Chromophobe (TCGA)"	"Cancer prognostics - Kidney Renal Clear Cell Carcinoma (TCGA)"	"Cancer prognostics - Kidney Renal Clear Cell Carcinoma (validation)"	"Cancer prognostics - Kidney Renal Papillary Cell Carcinoma (TCGA)"	"Cancer prognostics - Liver Hepatocellular Carcinoma (TCGA)"	"Cancer prognostics - Liver Hepatocellular Carcinoma (validation)"	"Cancer prognostics - Lung Adenocarcinoma (TCGA)"	"Cancer prognostics - Lung Adenocarcinoma (validation)"	"Cancer prognostics - Lung Squamous Cell Carcinoma (TCGA)"	"Cancer prognostics - Lung Squamous Cell Carcinoma (validation)"	"Cancer prognostics - Ovary Serous Cystadenocarcinoma (TCGA)"	"Cancer prognostics - Ovary Serous Cystadenocarcinoma (validation)"	"Cancer prognostics - Pancreatic Adenocarcinoma (TCGA)"	"Cancer prognostics - Pancreatic Adenocarcinoma (validation)"	"Cancer prognostics - Prostate Adenocarcinoma (TCGA)"	"Cancer prognostics - Rectum Adenocarcinoma (TCGA)"	"Cancer prognostics - Rectum Adenocarcinoma (validation)"	"Cancer prognostics - Skin Cutaneous Melanoma (TCGA)"	"Cancer prognostics - Stomach Adenocarcinoma (TCGA)"	"Cancer prognostics - Testicular Germ Cell Tumor (TCGA)"	"Cancer prognostics - Thyroid Carcinoma (TCGA)"	"Cancer prognostics - Uterine Corpus Endometrial Carcinoma (TCGA)"
ACE	"ACE1, CD143, DCP1"	ENSG00000159640	"Angiotensin I converting enzyme"	P12821	17	63477061-63498380	"Candidate cardiovascular disease genes, CD markers, Disease related genes, Enzymes, FDA approved drug targets, Human disease related genes, Metabolic proteins, Plasma proteins, Predicted intracellular proteins, Predicted membrane proteins, Predicted secreted proteins"		"Calmodulin-binding, Carboxypeptidase, Hydrolase, Metalloprotease, Protease"	"FDA approved drug targets"	"Evidence at protein level"	"Evidence at protein level"	"Evidence at protein level"	"Evidence at protein level"	"Tissue enhanced"	"Detected in many"		"intestine: 249.7;testis: 96.4"	"Group enriched"	"Detected in some"	4	"Enterocytes: 90.1;Late spermatids: 55.1"	"Group enriched"	"Detected in many"	6	"Enterocytes: 90.1;Spermatogenic cell types: 55.1"	"Cell type enhanced"	"Detected in many"		"endothelial cell: 5.9;medium spiny neuron: 7.4"	"Low cancer specificity"	"Detected in all"			"Low region specificity"	"Detected in all"			"Immune cell enhanced"	"Detected in single"		"memory B-cell: 1.0"	"Low lineage specificity"	"Detected in single"			"Cancer enhanced"	"Detected in many"		"Neuroblastoma: 17.2"	"Adipose subcutaneous - Adipose progenitor cells, Kidney - Proximal tubular cells, Kidney - Proximal tubular cells, Pituitary gland - Corticotropes, Prostate - Prostate glandular cells, Stomach - Fibroblasts, Testis - Late spermatids, Thyroid gland - Fibroblasts"	"Low region specificity"	"Detected in all"			"Low region specificity"	"Detected in all"			"Cell type enhanced"	"Detected in many"		"Proximal tubules: 140672447.2"	"Tissue enhanced"	"Detected in many"		"intestine: 332703328.4"	"CAB002426, CAB002921, HPA029298, HPA069790"	Enhanced		Approved	Vesicles	"Secreted to blood"	Enzyme	NA	NA	104000000	59000000	"Cluster 14: Non-specific - Unknown function"	"Cluster 7: Small intestine - Absorption and Digestion"	"Cluster 33: Neurons - Mixed function"	"Cluster 11: Neuronal - Sensory perception"	"Cluster 1: Enterocytes - Absorption and Digestion"	4	Vesicles		"CAB002426: , CAB002921: , HPA029298: , HPA069790: "	"unprognostic (2.23e-1)"	"unprognostic (1.27e-1)"	"unprognostic (3.07e-2)"	"unprognostic (4.01e-1)"	"unprognostic (4.10e-2)"	"unprognostic (1.37e-1)"	"unprognostic (2.68e-1)"	"unprognostic (4.46e-1)"	"unprognostic (2.64e-2)"	"unprognostic (1.90e-1)"	"validated prognostic favorable (2.65e-5)"	"validated prognostic favorable (2.01e-4)"	"unprognostic (4.85e-2)"	"unprognostic (2.77e-1)"	"unprognostic (2.62e-1)"	"unprognostic (4.24e-2)"	"unprognostic (1.67e-1)"	"unprognostic (9.69e-3)"	"unprognostic (1.32e-1)"	"unprognostic (6.25e-2)"	"unprognostic (1.21e-1)"	"unprognostic (3.02e-2)"	"unprognostic (1.46e-1)"	"unprognostic (3.16e-1)"	"unprognostic (1.32e-1)"	"unprognostic (1.41e-1)"	"unprognostic (2.71e-1)"	"unprognostic (6.94e-2)"	"unprognostic (1.84e-1)"	"unprognostic (1.12e-1)"	"unprognostic (2.92e-2)"
ACE2	ACEH	ENSG00000130234	"Angiotensin converting enzyme 2"	Q9BYF1	X	15494566-15607236	"Enzymes, Metabolic proteins, Predicted membrane proteins, Predicted secreted proteins, Transporters"	"Host-virus interaction"	"Carboxypeptidase, Host cell receptor for virus entry, Hydrolase, Metalloprotease, Protease, Receptor"		"Evidence at protein level"	"Evidence at protein level"	"Evidence at protein level"	"Evidence at protein level"	"Tissue enhanced"	"Detected in many"		"gallbladder: 62.3;intestine: 230.5;kidney: 82.4"	"Cell type enhanced"	"Detected in many"		"Cholangiocytes: 29.6;Enterocytes: 264.8;Proximal tubule cells: 54.4;Tuft cells: 34.6;Vascular endothelial cells: 68.0"	"Cell type enhanced"	"Detected in many"		"Endothelial cells: 68.0;Enterocytes: 264.8;Renal nephron cells: 54.4"	"Cell type enhanced"	"Detected in some"		"choroid plexus epithelial cell: 4.3;ependymal cell: 3.0"	"Group enriched"	"Detected in many"	5	"Colon Adenocarcinoma (TCGA): 21.2;Kidney Renal Clear Cell Carcinoma (TCGA): 39.8;Kidney Renal Papillary Cell Carcinoma (TCGA): 68.1;Rectum Adenocarcinoma (TCGA): 23.8"	"Low region specificity"	"Detected in all"			"Not detected in immune cells"	"Not detected"			"Not detected"	"Not detected"			"Cancer enhanced"	"Detected in many"		"ovarian cancer: 6.3"	"Kidney - Proximal tubular cells, Liver - Hepatocytes, Minor Salivary Gland - Minor salivary glandular cells"	"Low region specificity"	"Detected in all"			"Not detected"	"Not detected"			"Cell type enriched"	"Detected in some"		"Proximal tubules: 46530657.6"	"Group enriched"	"Detected in some"		"intestine: 6364185.6;kidney: 9342506.8;pancreas: 19350961.8"	"HPA000288, CAB026174, CAB026213, CAB080024, CAB080025, CAB080027, CAB080028"	Enhanced				"Secreted to blood"	Receptor	NA	NA	4530000	220000		"Cluster 26: Kidney & Intestine - Metabolism"	"Cluster 36: Choroid plexus - Mixed function"	"Cluster 66: Non-specific - Mitochondria"	"Cluster 71: Non-specific - Cardiac endocrine signaling & maintenanc"	301			"CAB026174: , CAB026213: , CAB080024: , CAB080025: , CAB080027: , CAB080028: , HPA000288: "	"unprognostic (7.16e-2)"	"unprognostic (3.85e-2)"	"unprognostic (6.99e-2)"	"unprognostic (2.71e-1)"	"unprognostic (4.58e-2)"	"unprognostic (1.78e-2)"			"unprognostic (2.84e-2)"		"potential prognostic favorable (1.88e-10)"	"unprognostic (1.09e-3)"	"unprognostic (1.90e-2)"	"unprognostic (1.89e-3)"	"unprognostic (7.21e-2)"	"unprognostic (1.11e-1)"	"unprognostic (2.99e-1)"	"unprognostic (6.16e-3)"	"unprognostic (1.51e-1)"			"unprognostic (6.11e-2)"	"unprognostic (1.54e-2)"		"unprognostic (1.06e-2)"	"unprognostic (9.30e-3)"		"unprognostic (2.21e-2)"	"unprognostic (8.84e-2)"		"unprognostic (2.70e-1)"
ACP3	"ACP-3, ACPP, PAP, TM-PAP"	ENSG00000014257	"Acid phosphatase 3"	P15309	3	132317369-132368302	"Cancer-related genes, Enzymes, FDA approved drug targets, Metabolic proteins, Plasma proteins, Predicted intracellular proteins, Predicted membrane proteins, Predicted secreted proteins"	"Lipid metabolism"	Hydrolase	"Cancer-related genes, FDA approved drug targets"	"Evidence at protein level"	"Evidence at protein level"	"Evidence at protein level"	"Evidence at protein level"	"Tissue enriched"	"Detected in many"	79	"prostate: 3409.5"	"Cell type enriched"	"Detected in many"	90	"Prostatic glandular cells: 24144.5"	"Cell type enriched"	"Detected in many"	90	"Glandular cells: 24144.5"	"Cell type enriched"	"Detected in some"	4	"central nervous system macrophage: 55.6"	"Cancer enriched"	"Detected in many"	268	"Prostate Adenocarcinoma (TCGA): 2890.7"	"Low region specificity"	"Detected in all"			"Immune cell enhanced"	"Detected in many"		"eosinophil: 139.9"	"Lineage enhanced"	"Detected in many"		"granulocytes: 139.9"	"Cancer enriched"	"Detected in many"	36	"prostate cancer: 250.9"	"Adipose subcutaneous - Macrophages, Adipose visceral - Macrophages, Adrenal gland - Adrenal cortex cells, Breast - Breast glandular cells, Prostate - Prostate glandular cells, Spleen - Neutrophils_2, Stomach - Mitotic cells (Stomach)"	"Not detected"	"Not detected"			"Low region specificity"	"Detected in all"			"Cell type enhanced"	"Detected in many"		"Distal tubules: 7191597.4"	"Tissue enhanced"	"Detected in all"		"intestine: 64085975.6"	"CAB000071, HPA004335, HPA063916"	Enhanced				"Secreted to blood"	Enzyme	NA	NA	460000	560000	"Cluster 7: Non-specific - Innate immune response"	"Cluster 38: Non-specific - Basic cellular processes"	"Cluster 55: Non-specific - Transcription"	"Cluster 60: Prostate cancer - Unknown function"	"Cluster 16: Prostatic glandular cells - Androgen response & seminal fluid"	2			"CAB000071: , HPA004335: , HPA063916: "	"unprognostic (7.88e-2)"	"unprognostic (1.70e-1)"		"unprognostic (2.87e-1)"	"unprognostic (1.25e-1)"	"unprognostic (1.05e-2)"	"unprognostic (4.42e-2)"	"unprognostic (5.45e-2)"	"unprognostic (1.08e-1)"	"unprognostic (3.36e-1)"		"unprognostic (1.54e-1)"				"unprognostic (7.46e-2)"	"unprognostic (1.13e-1)"	"unprognostic (3.14e-1)"	"unprognostic (4.84e-2)"	"unprognostic (3.99e-2)"	"unprognostic (4.19e-1)"	"unprognostic (8.01e-2)"	"unprognostic (9.41e-2)"	"unprognostic (3.23e-2)"	"unprognostic (1.51e-1)"	"unprognostic (1.26e-3)"	"unprognostic (7.95e-2)"	"unprognostic (2.17e-1)"	"unprognostic (1.16e-1)"	"unprognostic (1.74e-1)"	"unprognostic (2.68e-1)"
ADAM12	"MCMPMltna, MLTN"	ENSG00000148848	"ADAM metallopeptidase domain 12"	O43184	10	126012381-126388477	"Predicted membrane proteins, Predicted secreted proteins, Transporters"	"Cell adhesion"	"Hydrolase, Metalloprotease, Protease"		"Evidence at protein level"	"Evidence at protein level"	"Evidence at protein level"	"Evidence at protein level"	"Tissue enriched"	"Detected in some"	10	"placenta: 126.8"	"Group enriched"	"Detected in many"	4	"Extravillous trophoblasts: 1570.4;Mast cells: 479.7;Syncytiotrophoblasts: 617.3"	"Group enriched"	"Detected in many"	5	"Mast cells: 479.7;Trophoblast cells: 1570.4"	"Cell type enhanced"	"Detected in all"		"cerebellar inhibitory: 292.4"	"Cancer enhanced"	"Detected in many"		"Breast Invasive Carcinoma (TCGA): 24.4"	"Low region specificity"	"Detected in all"			"Immune cell enriched"	"Detected in single"	5	"MAIT T-cell: 4.5"	"Lineage enriched"	"Detected in single"	45	"T-cells: 4.5"	"Cancer enhanced"	"Detected in many"		"Brain cancer: 41.1;Kidney cancer: 31.8"	"Prostate - Fibroblasts, Skeletal muscle - Fibroblasts"	"Low region specificity"	"Detected in many"			"Low region specificity"	"Detected in many"			"Cell type enriched"	"Detected in single"	359	"Pancreatic islets: 35933.6"	"Not detected"	"Not detected"			"HPA030866, HPA030867, HPA030868"	Enhanced		Supported	"Plasma membrane"	"Secreted in female reproductive system"	"Cell adhesion"	NA	NA		14000000	"Cluster 1: T-cells - Unknown function"	"Cluster 43: Placenta - Pregnancy hormone signaling"	"Cluster 38: Sub-cortical - Mixed function"	"Cluster 64: Connective tissue cells - ECM organization"	"Cluster 21: Extravillous trophoblasts - Placental invasion & endocrine regulatio"	10	"Plasma membrane"		"HPA030866: , HPA030867: , HPA030868: "	"unprognostic (5.38e-2)"	"unprognostic (2.73e-1)"	"unprognostic (1.02e-1)"	"unprognostic (2.42e-3)"	"unprognostic (1.13e-2)"	"unprognostic (6.50e-2)"	"unprognostic (8.50e-2)"	"unprognostic (1.11e-3)"	"unprognostic (1.27e-1)"	"unprognostic (1.80e-1)"	"validated prognostic unfavorable (2.02e-5)"	"validated prognostic unfavorable (3.63e-5)"	"potential prognostic unfavorable (6.38e-4)"			"unprognostic (1.69e-3)"	"potential prognostic unfavorable (7.32e-4)"	"unprognostic (2.04e-1)"	"unprognostic (1.99e-1)"	"unprognostic (4.71e-3)"	"potential prognostic unfavorable (5.36e-5)"	"unprognostic (4.10e-2)"	"unprognostic (1.41e-1)"		"unprognostic (9.85e-2)"	"unprognostic (6.35e-3)"	"unprognostic (9.98e-2)"	"unprognostic (2.78e-3)"	"unprognostic (2.52e-2)"	"unprognostic (2.40e-3)"	"unprognostic (6.36e-3)"
ADAM23	MDC3	ENSG00000114948	"ADAM metallopeptidase domain 23"	O75077	2	206443532-206621127	"Predicted intracellular proteins, Predicted membrane proteins, Predicted secreted proteins"	"Cell adhesion"			"Evidence at protein level"	"Evidence at transcript level"	"Evidence at protein level"	"Evidence at protein level"	"Tissue enhanced"	"Detected in many"		"brain: 31.5;parathyroid gland: 77.8"	"Cell type enhanced"	"Detected in many"		"Brain excitatory neurons: 344.4;Brain inhibitory neurons: 435.1;Cardiomyocytes: 167.4;Oligodendrocyte progenitor cells: 173.2;Other brain neurons: 245.7;Retinal amacrine cells: 171.4;Retinal bipolar cells: 294.6;Retinal ganglion cells: 502.2;Schwann cells: 198.2;Thymic myoid cells: 172.7;Thyrotrophs: 126.8"	"Cell type enhanced"	"Detected in many"		"Glial cells: 198.2;Myocytes: 167.4;Neuronal cells: 502.2;Stromal cells: 172.7"	"Low cell type specificity"	"Detected in all"			"Cancer enhanced"	"Detected in many"		"Lung Squamous Cell Carcinoma (TCGA): 58.8"	"Low region specificity"	"Detected in all"			"Immune cell enriched"	"Detected in single"	16	"memory CD4 T-cell: 2.1"	"Lineage enriched"	"Detected in single"	16	"T-cells: 2.1"	"Cancer enhanced"	"Detected in many"		"Myeloma: 47.8"	"Colon - Enteric glia cells, Heart muscle - Cardiomyocytes, Lung - Fibroblasts_2, Pituitary gland - Thyrotropes, Stomach - Fibroblasts, Testis - Spermatogonia"	"Low region specificity"	"Detected in all"			"Low region specificity"	"Detected in all"			"Group enriched"	"Detected in some"		"Astrocytes and Neuropil: 18784884.5;Microglia and Neuropil: 19390310.1;Neurons: 5842467.4"	"Tissue enriched"	"Detected in single"	352881	"cerebral cortex: 35288102.4"	"HPA012130, CAB033276"	Approved		Approved	"Nucleoplasm,Plasma membrane"	"Secreted in brain"	"Cell adhesion"	NA	NA		25000	"Cluster 43: Non-specific - Transcription & Translation"	"Cluster 69: Parathyroid gland - Mixed function"	"Cluster 52: Neurons & Synapses - Synaptic function"	"Cluster 7: Liver cancer - Metabolism"	"Cluster 35: Neurons - Synaptic function & neurogenesis"	1	"Nucleoplasm, Plasma membrane"		"CAB033276: , HPA012130: "	"unprognostic (5.31e-2)"	"unprognostic (7.03e-2)"	"unprognostic (1.88e-1)"	"unprognostic (1.69e-1)"	"unprognostic (5.20e-2)"	"unprognostic (2.96e-1)"	"unprognostic (1.28e-1)"	"unprognostic (1.21e-2)"	"unprognostic (1.37e-2)"			"unprognostic (1.96e-2)"	"potential prognostic unfavorable (1.46e-5)"	"unprognostic (6.02e-2)"	"unprognostic (1.52e-1)"	"unprognostic (4.70e-2)"	"unprognostic (1.12e-1)"	"unprognostic (1.19e-2)"	"unprognostic (1.49e-2)"			"unprognostic (5.37e-2)"	"unprognostic (1.88e-1)"		"unprognostic (3.01e-1)"	"unprognostic (1.13e-2)"	"unprognostic (7.77e-2)"	"unprognostic (8.27e-3)"	"unprognostic (3.72e-2)"		"unprognostic (1.35e-1)"
ADAM28	"ADAM23, eMDCII, MDC-Lm, MDC-Ls"	ENSG00000042980	"ADAM metallopeptidase domain 28"	Q9UKQ2	8	24294069-24359014	"Plasma proteins, Predicted membrane proteins, Predicted secreted proteins, Transporters"		"Hydrolase, Metalloprotease, Protease"		"Evidence at protein level"	"Evidence at protein level"	"Evidence at protein level"	"Evidence at protein level"	"Group enriched"	"Detected in many"	6	"epididymis: 336.5;stomach 1: 103.8"	"Cell type enhanced"	"Detected in many"		"B-cells: 767.0;cDC: 219.8;Conjunctival goblet cells: 336.9;Epididymal principal cells: 592.4;Foveolar cells: 358.7;Hematopoietic stem cells: 215.9;Macrophages: 243.7;Microglia: 1136.4;Mucous neck cells: 377.1;Pituitary stem cells: 761.8;Podocytes: 221.4;Respiratory basal cells: 223.9;Respiratory secretory cells: 213.0"	"Cell type enhanced"	"Detected in many"		"B-cells: 767.0;Glial cells: 1136.4;Reproductive supporting cells: 592.4;Stem cells: 761.8"	"Cell type enriched"	"Detected in many"	40	"central nervous system macrophage: 1395.1"	"Cancer enhanced"	"Detected in all"		"Pancreatic Adenocarcinoma (TCGA): 34.9"	"Low region specificity"	"Detected in all"			"Immune cell enhanced"	"Detected in many"		"memory B-cell: 72.0;naive B-cell: 87.4"	"Low lineage specificity"	"Detected in many"			"Cancer enhanced"	"Detected in many"		"pancreatic cancer: 9.9"	"Adrenal gland - Macrophages, Spleen - B-cells (Spleen), Stomach - Gastric mucous cells, Thyroid gland - T-cells"	"Not detected"	"Not detected"			"Low region specificity"	"Detected in all"			"Not detected"	"Not detected"			"Tissue enriched"	"Detected in single"	13	"salivary gland: 1327.3"	HPA074034	Enhanced		Approved	"Plasma membrane,Mitochondria"	"Secreted to blood"	Enzyme	NA	NA	3720000		"Cluster 32: Basophils - Transcription"	"Cluster 50: Epididymis - Male reproductive secretion"	"Cluster 20: Macrophages & Microglia - Immune response"	"Cluster 2: Mucus-secreting cells - Unknown function"	"Cluster 87: B-cells - Adaptive immunity: Humoral response"	1	"Plasma membrane"	Mitochondria	"HPA074034: "	"unprognostic (2.46e-1)"	"unprognostic (5.80e-2)"	"unprognostic (7.96e-2)"	"unprognostic (8.55e-2)"	"unprognostic (1.91e-2)"	"unprognostic (2.81e-2)"	"unprognostic (1.77e-1)"	"unprognostic (4.38e-2)"	"unprognostic (2.88e-2)"	"unprognostic (3.49e-1)"	"unprognostic (9.03e-2)"	"unprognostic (2.28e-2)"	"unprognostic (2.14e-2)"	"unprognostic (7.99e-2)"	"unprognostic (6.11e-2)"	"unprognostic (2.10e-1)"	"unprognostic (1.42e-1)"	"unprognostic (2.45e-1)"	"unprognostic (1.11e-1)"	"unprognostic (1.12e-1)"	"unprognostic (6.00e-2)"	"unprognostic (1.19e-2)"	"unprognostic (4.70e-2)"	"unprognostic (6.13e-2)"	"unprognostic (6.88e-2)"	"unprognostic (9.57e-2)"	"unprognostic (2.45e-1)"	"unprognostic (9.09e-2)"	"unprognostic (7.20e-2)"	"unprognostic (1.21e-1)"	"unprognostic (8.78e-3)"
ADAM9	"CORD9, KIAA0021, MCMP, MDC9, Mltng"	ENSG00000168615	"ADAM metallopeptidase domain 9"	Q13443	8	38996754-39105445	"Cancer-related genes, Disease related genes, Human disease related genes, Plasma proteins, Predicted membrane proteins, Predicted secreted proteins"		"Hydrolase, Metalloprotease, Protease"	"Cancer-related genes, Cone-rod dystrophy"	"Evidence at protein level"	"Evidence at protein level"	"Evidence at protein level"	"Evidence at protein level"	"Low tissue specificity"	"Detected in all"			"Cell type enhanced"	"Detected in many"		"Endometrial glandular cells: 290.0;Endometrial luminal cells: 256.0;Urothelial cells: 252.0"	"Low cell type specificity"	"Detected in many"			"Low cell type specificity"	"Detected in all"			"Low cancer specificity"	"Detected in all"			"Low region specificity"	"Detected in all"			"Immune cell enhanced"	"Detected in some"		"classical monocyte: 4.0"	"Low lineage specificity"	"Detected in many"			"Low cancer specificity"	"Detected in all"			"Adrenal gland - Adrenal cortex cells, Minor Salivary Gland - Minor salivary glandular cells, Thyroid gland - Thyroid glandular cells"	"Low region specificity"	"Detected in all"			"Low region specificity"	"Detected in all"			"Group enriched"	"Detected in many"		"Alveolar cell types: 783207.1;Macrophages: 943866.5"	"Tissue enriched"	"Detected in some"		"salivary gland: 1744108.0"	HPA004000			Approved	"Endoplasmic reticulum,Vesicles"	"Secreted - unknown location"	Enzyme	NA	NA		390000	"Cluster 38: Monocytes & Neutrophils - Degranulation"	"Cluster 11: Esophagus - Basic cellular processes"	"Cluster 50: Non-specific - Nucleic acid binding"	"Cluster 15: Kidney cancer - Membrane components"	"Cluster 51: Secretory epithelial cells - Mixed function"	38	Vesicles	"Endoplasmic reticulum"	"HPA004000: "	"unprognostic (1.30e-1)"	"unprognostic (3.07e-3)"	"unprognostic (5.09e-1)"	"unprognostic (2.09e-1)"	"potential prognostic favorable (5.47e-4)"	"unprognostic (8.09e-2)"	"unprognostic (3.71e-1)"	"unprognostic (9.79e-2)"	"unprognostic (2.72e-1)"	"unprognostic (8.59e-2)"	"potential prognostic favorable (3.96e-4)"	"unprognostic (2.15e-1)"	"unprognostic (3.82e-2)"	"potential prognostic unfavorable (8.27e-4)"	"unprognostic (1.82e-2)"	"unprognostic (9.55e-3)"	"unprognostic (9.08e-3)"	"unprognostic (1.12e-1)"	"unprognostic (1.17e-1)"	"unprognostic (2.34e-2)"	"unprognostic (3.15e-3)"	"potential prognostic unfavorable (2.33e-5)"	"unprognostic (4.76e-1)"	"unprognostic (1.39e-1)"	"unprognostic (1.10e-1)"	"unprognostic (5.75e-2)"	"unprognostic (1.19e-1)"	"unprognostic (2.02e-1)"	"unprognostic (2.48e-1)"	"unprognostic (1.70e-1)"	"unprognostic (4.45e-2)"
ADAMTSL2	KIAA0605	ENSG00000197859	"ADAMTS like 2"	Q86TH1	9	133532164-133575519	"Disease related genes, Human disease related genes, Plasma proteins, Predicted membrane proteins, Predicted secreted proteins"			"Disease variant, Dwarfism"	"Evidence at protein level"	"Evidence at transcript level"	"Evidence at protein level"	"Evidence at protein level"	"Tissue enhanced"	"Detected in many"		"heart muscle: 71.2;liver: 35.6"	"Cell type enhanced"	"Detected in many"		"Corticotrophs: 21.7;Epididymal principal cells: 22.3;Fibro-adipogenic progenitors: 66.4;Fibroblasts: 27.9;Hepatic stellate cells: 135.6;Lactotrophs: 21.2;Leydig cells: 28.3;Microglia: 95.4;Pancreatic islet cells: 21.0"	"Cell type enhanced"	"Detected in many"		"Fibro-adipogenic progenitors: 66.4;Glial cells: 95.4;Stellate cells: 135.6"	"Cell type enhanced"	"Detected in many"		"central nervous system macrophage: 103.0"	"Low cancer specificity"	"Detected in all"			"Low region specificity"	"Detected in all"			"Not detected in immune cells"	"Not detected"			"Not detected"	"Not detected"			"Cancer enhanced"	"Detected in some"		"Neuroblastoma: 4.5"	"Adrenal gland - Fibroblasts, Kidney - Fibroblasts, Liver - Hepatic stellate cells, Spleen - Fibroblasts_2"	"Low region specificity"	"Detected in many"			"Low region specificity"	"Detected in all"			"Cell type enriched"	"Detected in single"	1616	"Pancreatic islets: 161605.6"	"Tissue enriched"	"Detected in many"		"lymphoid tissue: 320904.8"	"HPA045634, HPA053812"	Approved		Approved	Vesicles	"Secreted in other tissues"	"No annotated function"	NA	NA		43000000		"Cluster 70: Non-specific - Protein processing"	"Cluster 49: Hindbrain - Mixed function"	"Cluster 70: DU4475 - Unknown function"	"Cluster 105: Non-specific - Mixed function"		Vesicles		"HPA045634: , HPA053812: "	"unprognostic (2.36e-1)"	"unprognostic (1.81e-2)"	"unprognostic (4.96e-2)"	"potential prognostic unfavorable (9.20e-4)"	"unprognostic (2.30e-2)"	"unprognostic (1.01e-1)"	"unprognostic (2.02e-1)"	"unprognostic (2.67e-3)"	"unprognostic (1.21e-1)"	"unprognostic (6.74e-3)"	"unprognostic (1.58e-3)"	"potential prognostic favorable (3.28e-5)"	"unprognostic (1.20e-1)"	"unprognostic (7.70e-3)"	"potential prognostic favorable (5.93e-5)"	"unprognostic (8.18e-3)"	"unprognostic (2.43e-1)"	"potential prognostic unfavorable (9.13e-4)"	"unprognostic (1.64e-1)"	"unprognostic (1.38e-1)"	"unprognostic (1.44e-1)"	"unprognostic (5.28e-3)"	"unprognostic (2.64e-1)"	"unprognostic (5.49e-2)"	"unprognostic (3.67e-2)"	"unprognostic (2.53e-1)"	"unprognostic (8.66e-2)"	"unprognostic (1.58e-1)"	"unprognostic (2.11e-1)"	"unprognostic (1.72e-1)"	"unprognostic (1.63e-1)"
ADGRB1	BAI1	ENSG00000181790	"Adhesion G protein-coupled receptor B1"	O14514	8	142449430-142545009	"Cancer-related genes, G-protein coupled receptors, Plasma proteins, Predicted membrane proteins, Predicted secreted proteins"	"Immunity, Innate immunity, Myogenesis, Neurogenesis, Phagocytosis"	"G-protein coupled receptor, Receptor, Transducer"	"Cancer-related genes"	"Evidence at protein level"	"Evidence at transcript level"	"Evidence at protein level"	"Evidence at protein level"	"Tissue enriched"	"Detected in many"	8	"brain: 46.0"	"Cell type enhanced"	"Detected in some"		"Astrocytes: 60.4;Bergmann glia: 100.8;Brain excitatory neurons: 42.2;Brain inhibitory neurons: 70.9;Epididymal principal cells: 19.8;Gonadotrophs: 20.5;Oligodendrocyte progenitor cells: 112.7;Other brain neurons: 29.3;Peritubular myoid cells: 19.2;Retinal horizontal cells: 84.1"	"Group enriched"	"Detected in many"	4	"Glial cells: 112.7;Neuronal cells: 84.1"	"Low cell type specificity"	"Detected in all"			"Cancer enriched"	"Detected in many"	7	"Glioblastoma Multiforme (TCGA): 21.7"	"Low region specificity"	"Detected in all"			"Not detected in immune cells"	"Not detected"			"Not detected"	"Not detected"			"Low cancer specificity"	"Detected in many"			"Minor Salivary Gland - Smooth muscle cells, Pituitary gland - Gonadotropes, Skin - Hair cortex cells, Skin - Outer root sheath cells"	"Low region specificity"	"Detected in all"			"Low region specificity"	"Detected in all"			"Group enriched"	"Detected in some"	36331	"Astrocytes and Neuropil: 2268958.3;Microglia and Neuropil: 4963985.3;Neurons: 3666486.4"	"Tissue enriched"	"Detected in single"	148191	"cerebral cortex: 14819112.3"						"Secreted in brain"	Receptor	NA	NA				"Cluster 78: Brain - Neuronal signaling"	"Cluster 40: Astrocytes - Astrocyte-neuron interactions"	"Cluster 70: DU4475 - Unknown function"	"Cluster 35: Neurons - Synaptic function & neurogenesis"	10										"unprognostic (1.21e-1)"	"unprognostic (6.49e-3)"				"unprognostic (1.02e-1)"	"unprognostic (3.47e-1)"			"unprognostic (2.40e-2)"	"unprognostic (8.31e-2)"	"unprognostic (5.96e-2)"		"unprognostic (3.02e-2)"	"unprognostic (1.57e-1)"		"unprognostic (3.44e-2)"				"unprognostic (3.15e-1)"		"unprognostic (2.33e-1)"		
ADGRE5	"CD97, TM7LN1"	ENSG00000123146	"Adhesion G protein-coupled receptor E5"	P48960	19	14380501-14408725	"CD markers, G-protein coupled receptors, Predicted intracellular proteins, Predicted membrane proteins, Predicted secreted proteins, Transporters"	"Cell adhesion"	"G-protein coupled receptor, Receptor, Transducer"		"Evidence at protein level"	"Evidence at protein level"	"Evidence at protein level"	"Evidence at protein level"	"Tissue enhanced"	"Detected in many"		"blood vessel: 165.3;bone marrow: 200.1"	"Cell type enhanced"	"Detected in many"		"B-cells: 343.2;Hematopoietic stem cells: 504.1;Innate lymphoid cells: 524.8;Kupffer cells: 552.4;Mast cells: 362.4;Monocyte progenitors: 794.4;monocytes: 463.7;Neutrophil progenitors: 819.9;Neutrophils: 1296.2;NK-cells: 656.2;T-cells: 510.8"	"Cell type enhanced"	"Detected in many"		"Mononuclear phagocytes: 794.4;Neutrophils: 1296.2;NK-cells: 656.2"	"Cell type enriched"	"Detected in many"	7	"leukocyte: 256.8"	"Low cancer specificity"	"Detected in all"			"Low region specificity"	"Detected in all"			"Low immune cell specificity"	"Detected in all"			"Low lineage specificity"	"Detected in all"			"Low cancer specificity"	"Detected in all"			"Adipose subcutaneous - Adipose progenitor cells, Adrenal gland - Fibroblasts"	"Low region specificity"	"Detected in all"			"Low region specificity"	"Detected in all"			"Group enriched"	"Detected in many"		"B-cells: 5472779.7;Macrophages: 14742826.4;Neutrophils: 10101138.6;Smooth muscle cells: 6481518.9;T-cells: 8574362.8"	"Tissue enhanced"	"Detected in all"		"lymphoid tissue: 22724087.1"	HPA013707	Enhanced		Approved	"Golgi apparatus,Plasma membrane"	"Secreted to blood"	Receptor	NA	Yes	10000000	3300000	"Cluster 7: Non-specific - Innate immune response"	"Cluster 12: Smooth muscle tissue - ECM organization"	"Cluster 11: White matter - Signal transduction"	"Cluster 23: Non-specific - Transcription"	"Cluster 29: Neutrophils - Innate immune cellular maintenance"	4	"Plasma membrane"	"Golgi apparatus"	"HPA013707: "	"unprognostic (2.90e-1)"	"unprognostic (5.56e-1)"		"unprognostic (9.50e-2)"	"unprognostic (2.00e-1)"	"unprognostic (6.93e-3)"	"unprognostic (8.66e-2)"	"potential prognostic unfavorable (1.02e-4)"	"unprognostic (3.26e-2)"	"unprognostic (6.14e-3)"	"unprognostic (1.08e-2)"	"unprognostic (9.06e-2)"	"unprognostic (8.73e-2)"	"potential prognostic unfavorable (3.63e-5)"		"unprognostic (2.30e-1)"	"unprognostic (3.54e-1)"	"potential prognostic unfavorable (7.31e-4)"	"unprognostic (3.01e-1)"	"unprognostic (1.19e-2)"	"unprognostic (5.29e-1)"	"unprognostic (8.35e-3)"	"unprognostic (6.34e-2)"	"unprognostic (2.40e-1)"	"unprognostic (7.05e-2)"	"potential prognostic favorable (2.47e-5)"	"unprognostic (1.14e-1)"	"unprognostic (5.49e-2)"	"unprognostic (5.05e-2)"	"unprognostic (4.08e-2)"	"unprognostic (6.02e-2)"
ADGRF1	"GPR110, hGPCR36, PGR19"	ENSG00000153292	"Adhesion G protein-coupled receptor F1"	Q5T601	6	46997708-47042350	"G-protein coupled receptors, Predicted membrane proteins, Predicted secreted proteins"		"G-protein coupled receptor, Receptor, Transducer"		"Evidence at protein level"	"Evidence at transcript level"	"Evidence at protein level"	"Evidence at protein level"	"Group enriched"	"Detected in many"	4	"esophagus: 17.0;kidney: 27.1;urinary bladder: 39.7"	"Cell type enhanced"	"Detected in many"		"Conjunctival goblet cells: 226.2;Endometrial glandular cells: 143.5;Esophageal apical cells: 614.2;Ocular epithelial cells: 211.0;Papillary tip epithelial cells: 221.2;Prostatic club cells: 303.8;Prostatic hillock cells: 276.4;Renal collecting duct intercalated cells: 696.2;Renal collecting duct principal cells: 160.2;Respiratory ionocytes: 142.2;Salivary duct cells: 274.7;Urothelial cells: 856.5"	"Cell type enhanced"	"Detected in many"		"Apical squamous epithelial cells: 614.2;Barrier epithelial cells: 856.5;Ductal cells: 696.2;Glandular cells: 303.8"	"Not detected"	"Not detected"			"Low cancer specificity"	"Detected in many"			"Not detected"	"Not detected"			"Not detected in immune cells"	"Not detected"			"Not detected"	"Not detected"			"Cancer enhanced"	"Detected in many"		"pancreatic cancer: 62.2"	"Lung - Alveolar cells type 2, Pancreas - Ductal cells, Prostate - Urothelial cells, Stomach - Gastric mucous cells, Testis - Sertoli cells"	"Not detected"	"Not detected"			"Not detected"	"Not detected"			"Cell type enriched"	"Detected in some"		"Collecting ducts: 7166996.6"	"Tissue enriched"	"Detected in single"	867236	"kidney: 86723595.6"	HPA038438	Approved				"Secreted - unknown location"	Receptor	NA	NA				"Cluster 11: Esophagus - Basic cellular processes"		"Cluster 53: Squamous epithelial cells - Keratinization"	"Cluster 69: Urothelial cells - Basic cellular functions"	16			"HPA038438: "	"unprognostic (9.40e-2)"			"unprognostic (3.00e-1)"		"unprognostic (7.51e-2)"			"unprognostic (1.62e-3)"	"unprognostic (5.90e-2)"	"unprognostic (1.39e-1)"		"unprognostic (3.08e-1)"			"unprognostic (7.70e-2)"	"unprognostic (6.94e-3)"	"unprognostic (1.95e-2)"	"unprognostic (9.83e-2)"	"unprognostic (7.27e-3)"	"unprognostic (1.22e-1)"	"unprognostic (8.44e-3)"	"unprognostic (4.09e-2)"	"unprognostic (1.17e-1)"		"unprognostic (2.47e-1)"		"unprognostic (1.94e-1)"		"unprognostic (1.36e-1)"	"unprognostic (1.06e-2)"
ADGRG1	"GPR56, TM7LN4, TM7XN1"	ENSG00000205336	"Adhesion G protein-coupled receptor G1"	Q9Y653	16	57610652-57665580	"Disease related genes, G-protein coupled receptors, Human disease related genes, Potential drug targets, Predicted intracellular proteins, Predicted membrane proteins, Predicted secreted proteins"	"Cell adhesion, Differentiation, Neurogenesis"	"Developmental protein, G-protein coupled receptor, Heparin-binding, Receptor, Transducer"	"Disease variant"	"Evidence at protein level"	"Evidence at transcript level"	"Evidence at protein level"	"Evidence at protein level"	"Tissue enhanced"	"Detected in all"		"thyroid gland: 202.1"	"Cell type enhanced"	"Detected in many"		"Cytotrophoblasts: 276.2;Melanocytes: 227.3;Migrating cytotrophoblasts: 201.2;Syncytiotrophoblasts: 218.1"	"Cell type enhanced"	"Detected in many"		"Pigment cells: 227.3;Trophoblast cells: 276.2"	"Cell type enhanced"	"Detected in many"		"astrocyte: 150.0;central nervous system macrophage: 175.9;oligodendrocyte precursor cell: 144.9"	"Low cancer specificity"	"Detected in all"			"Low region specificity"	"Detected in all"			"Immune cell enhanced"	"Detected in many"		"gdT-cell: 160.5"	"Lineage enriched"	"Detected in many"	5	"T-cells: 160.5"	"Low cancer specificity"	"Detected in all"			"Adipose visceral - Endothelial cells, Heart muscle - Endothelial cells, Minor Salivary Gland - Minor salivary glandular cells, Skeletal muscle - Endothelial cells, Spleen - NK-cells (Spleen), Testis - Sertoli cells"	"Low region specificity"	"Detected in all"			"Low region specificity"	"Detected in all"			"Cell type enhanced"	"Detected in many"		"Large ducts: 163972.8"	"Group enriched"	"Detected in some"	17518	"cerebral cortex: 3142586.3;kidney: 815707.2;salivary gland: 1297073.0"	HPA046065	Uncertain				"Secreted to blood"	Receptor	NA	NA		8300	"Cluster 24: Non-specific - Transcription"	"Cluster 33: Thyroid gland - Tissue development"	"Cluster 19: Astrocytes - Mixed function"	"Cluster 15: Kidney cancer - Membrane components"	"Cluster 63: Cytotrophoblasts - Basic cellular functions"	1			"HPA046065: "	"unprognostic (1.71e-1)"	"potential prognostic unfavorable (5.40e-4)"		"unprognostic (2.60e-3)"	"unprognostic (1.07e-1)"	"unprognostic (1.02e-1)"	"unprognostic (3.10e-2)"	"unprognostic (1.84e-2)"	"unprognostic (8.35e-3)"	"unprognostic (2.48e-1)"	"validated prognostic favorable (5.42e-12)"	"validated prognostic favorable (2.65e-5)"	"unprognostic (1.42e-2)"	"unprognostic (2.97e-1)"		"unprognostic (3.07e-1)"	"unprognostic (3.04e-1)"	"unprognostic (1.47e-2)"	"unprognostic (2.03e-1)"	"unprognostic (1.46e-1)"	"unprognostic (1.49e-1)"	"unprognostic (5.93e-2)"	"unprognostic (2.25e-1)"	"unprognostic (2.24e-1)"	"unprognostic (7.96e-3)"	"unprognostic (2.35e-2)"	"unprognostic (1.87e-1)"	"unprognostic (2.71e-1)"	"unprognostic (1.20e-1)"	"unprognostic (1.08e-1)"	"unprognostic (2.12e-1)"
AGER	"RAGE, SCARJ1, sRAGE"	ENSG00000204305	"Advanced glycosylation end-product specific receptor"	Q15109	6	32180968-32184322	"Cancer-related genes, Plasma proteins, Predicted membrane proteins, Predicted secreted proteins, Transporters"	"DNA damage, DNA repair, DNA replication, Inflammatory response, Phagocytosis"	"DNA-binding, Receptor, RNA-binding"	"Cancer-related genes"	"Evidence at protein level"	"Evidence at protein level"	"Evidence at protein level"	"Evidence at protein level"	"Tissue enriched"	"Detected in many"	17	"lung: 687.2"	"Cell type enriched"	"Detected in many"	19	"Alveolar cells type 1: 1356.7"	"Cell type enriched"	"Detected in many"	147	"Alveolar cells: 1356.7"	"Cell type enhanced"	"Detected in many"		"central nervous system macrophage: 11.5"	"Group enriched"	"Detected in some"	11	"Lung Adenocarcinoma (TCGA): 20.0;Lung Squamous Cell Carcinoma (TCGA): 9.8;Thyroid Carcinoma (TCGA): 12.1"	"Not detected"	"Not detected"			"Not detected in immune cells"	"Not detected"			"Not detected"	"Not detected"			"Cancer enhanced"	"Detected in some"		"Kidney cancer: 2.2"	"Colon - Enteric glia cells, Lung - Alveolar cells type 1"	"Low region specificity"	"Detected in some"			"Not detected"	"Not detected"			"Cell type enriched"	"Detected in single"	2935435	"Alveolar cell types: 293543524.4"	"Tissue enriched"	"Detected in some"		"lung: 405407833.9"	"CAB011682, HPA064436, HPA069474"	Enhanced		Approved	"Nucleoli fibrillar center,Plasma membrane,Cell Junctions"	"Secreted in other tissues"	Receptor	NA	NA		72000		"Cluster 13: Lung - Secretion"		"Cluster 15: Kidney cancer - Membrane components"	"Cluster 81: Alveolar cells - Lung function"	13	"Plasma membrane, Cell Junctions"	"Nucleoli fibrillar center"	"CAB011682: , HPA064436: , HPA069474: "			"unprognostic (1.43e-1)"					"unprognostic (3.52e-2)"							"unprognostic (1.68e-2)"	"unprognostic (7.88e-3)"	"unprognostic (9.72e-2)"	"unprognostic (6.00e-2)"	"unprognostic (3.45e-1)"		"potential prognostic favorable (8.62e-4)"		"potential prognostic unfavorable (5.01e-4)"						"unprognostic (9.10e-2)"	"unprognostic (2.14e-1)"	
AGT	SERPINA8	ENSG00000135744	Angiotensinogen	P01019	1	230690776-230745576	"Candidate cardiovascular disease genes, Disease related genes, Human disease related genes, Plasma proteins, Predicted membrane proteins, Predicted secreted proteins"		"Vasoactive, Vasoconstrictor"	"Disease variant"	"Evidence at protein level"	"Evidence at protein level"	"Evidence at protein level"	"Evidence at protein level"	"Tissue enriched"	"Detected in many"	6	"liver: 1554.9"	"Group enriched"	"Detected in many"	6	"Cholangiocytes: 1049.7;Hepatocytes: 2176.3"	"Group enriched"	"Detected in many"	6	"Ductal cells: 1049.7;Hepatocytes: 2176.3"	"Group enriched"	"Detected in many"	4	"astrocyte: 277.4;ependymal cell: 438.0"	"Group enriched"	"Detected in all"	9	"Glioblastoma Multiforme (TCGA): 475.9;Liver Hepatocellular Carcinoma (TCGA): 1585.9"	"Low region specificity"	"Detected in all"			"Not detected in immune cells"	"Not detected"			"Not detected"	"Not detected"			"Cancer enriched"	"Detected in many"	6	"liver cancer: 204.0"	"Kidney - Proximal tubular cells, Liver - Hepatocytes, Testis - Late spermatids"	"Low region specificity"	"Detected in all"			"Low region specificity"	"Detected in all"			"Low cell type specificity"	"Detected in all"			"Low tissue specificity"	"Detected in all"			CAB025798	Supported				"Secreted to blood"	Other	NA	NA	5940000	40000000000		"Cluster 36: Brain & Liver - Signaling"	"Cluster 44: Non-specific - Mixed function"	"Cluster 18: Liver cancer - Metabolism"	"Cluster 25: Hepatocytes - Plasma protein synthesis & secretion"	13			"CAB025798: "	"unprognostic (1.69e-1)"	"unprognostic (2.49e-1)"	"unprognostic (1.97e-1)"	"unprognostic (1.71e-1)"	"unprognostic (1.89e-2)"	"unprognostic (1.17e-2)"	"unprognostic (2.47e-1)"	"unprognostic (2.00e-1)"	"unprognostic (3.41e-2)"	"unprognostic (6.64e-2)"	"potential prognostic favorable (6.74e-4)"	"unprognostic (8.93e-3)"	"unprognostic (3.10e-1)"	"unprognostic (3.89e-2)"	"unprognostic (2.40e-2)"	"unprognostic (2.37e-1)"	"unprognostic (4.21e-2)"	"unprognostic (1.37e-2)"	"unprognostic (1.64e-2)"	"unprognostic (3.12e-2)"	"unprognostic (2.56e-2)"	"unprognostic (9.36e-3)"	"unprognostic (9.08e-2)"	"unprognostic (1.53e-1)"	"unprognostic (2.44e-1)"	"unprognostic (4.94e-2)"	"unprognostic (5.92e-2)"	"unprognostic (5.06e-3)"	"unprognostic (1.05e-1)"	"unprognostic (9.54e-2)"	"unprognostic (3.67e-2)"
ALCAM	"CD166, MEMD"	ENSG00000170017	"Activated leukocyte cell adhesion molecule"	Q13740	3	105366909-105576900	"Cancer-related genes, CD markers, Plasma proteins, Predicted membrane proteins, Predicted secreted proteins, Transporters"	"Adaptive immunity, Cell adhesion, Immunity"		"Cancer-related genes"	"Evidence at protein level"	"Evidence at protein level"	"Evidence at protein level"	"Evidence at protein level"	"Tissue enriched"	"Detected in many"	5	"parathyroid gland: 412.8"	"Cell type enhanced"	"Detected in many"		"Alveolar cells type 1: 1172.5;Conjunctival goblet cells: 1484.5;Endometrial ciliated cells: 1260.6;Endometrial glandular cells: 1692.7;Endometrial luminal cells: 1651.0;Respiratory ciliated cells: 1131.4;Respiratory deuterosomal cells: 1650.3;Respiratory secretory cells: 1807.6;Transitional alveolar cells: 1377.2"	"Cell type enhanced"	"Detected in many"		"Ciliated cells: 1650.3;Glandular cells: 1692.7;Luminal cells: 1651.0;Secretory cells: 1807.6"	"Cell type enhanced"	"Detected in all"		"mammillary body: 2102.2"	"Low cancer specificity"	"Detected in all"			"Low region specificity"	"Detected in all"			"Immune cell enhanced"	"Detected in many"		"myeloid DC: 29.6"	"Lineage enriched"	"Detected in many"	6	"dendritic cells: 29.6"	"Low cancer specificity"	"Detected in all"			"Breast - Breast glandular cells, Colon - Enteric glia cells, Liver - Hepatocytes, Pituitary gland - Lactotropes"	"Low region specificity"	"Detected in all"			"Low region specificity"	"Detected in all"			"Cell type enhanced"	"Detected in many"		"Astrocytes and Neuropil: 36291323.9"	"Low tissue specificity"	"Detected in many"			"CAB002148, HPA010926"	Enhanced		Uncertain	Vesicles	"Secreted to blood"	Immunity	NA	NA	60000000	110000000	"Cluster 2: Dendritic cells - Unknown function"	"Cluster 69: Parathyroid gland - Mixed function"	"Cluster 28: Oligodendrocytes - Mixed function"	"Cluster 3: Rhabdoid - Membrane components"	"Cluster 52: Glandular & Luminal cells - Estrogen-regulated epithelial secretion"	13	Vesicles		"CAB002148: , HPA010926: "	"unprognostic (1.05e-1)"	"unprognostic (2.12e-1)"	"unprognostic (4.59e-2)"	"unprognostic (3.76e-1)"	"unprognostic (1.05e-1)"	"unprognostic (1.00e-1)"	"unprognostic (7.08e-3)"	"potential prognostic favorable (6.10e-4)"	"unprognostic (3.17e-2)"	"unprognostic (1.93e-2)"	"potential prognostic favorable (7.99e-7)"	"unprognostic (2.59e-3)"	"unprognostic (1.72e-1)"	"potential prognostic unfavorable (9.77e-4)"	"unprognostic (2.25e-1)"	"unprognostic (1.73e-2)"	"unprognostic (5.35e-2)"	"unprognostic (1.86e-1)"	"unprognostic (4.19e-2)"	"unprognostic (2.14e-1)"	"unprognostic (1.68e-2)"	"unprognostic (2.70e-1)"	"unprognostic (3.29e-2)"	"unprognostic (1.68e-1)"	"unprognostic (3.51e-1)"	"unprognostic (2.68e-1)"	"unprognostic (4.69e-2)"	"unprognostic (2.71e-1)"	"unprognostic (1.90e-2)"	"unprognostic (7.77e-3)"	"unprognostic (9.45e-2)"
AMN	amnionless	ENSG00000166126	"Amnion associated transmembrane protein"	Q9BXJ7	14	102922663-102933596	"Disease related genes, Human disease related genes, Metabolic proteins, Predicted intracellular proteins, Predicted membrane proteins, Predicted secreted proteins"	"Protein transport, Transport"	"Developmental protein"	"Disease variant"	"Evidence at protein level"	"Evidence at transcript level"	"Evidence at protein level"	"Evidence at protein level"	"Group enriched"	"Detected in many"	9	"intestine: 86.9;kidney: 52.4;liver: 55.2"	"Cell type enhanced"	"Detected in many"		"Colonocytes: 601.8;Enteric transient amplifying cells: 237.6;Enterocytes: 1882.7;Epididymal efferent duct absorptive cells: 400.2;Goblet cells: 297.3"	"Cell type enriched"	"Detected in many"	4	"Enterocytes: 1882.7"	"Cell type enhanced"	"Detected in some"		"hippocampal CA1-3: 4.9;hippocampal CA4: 5.7"	"Cancer enhanced"	"Detected in many"		"Kidney Renal Papillary Cell Carcinoma (TCGA): 89.3"	"Not detected"	"Not detected"			"Not detected in immune cells"	"Not detected"			"Not detected"	"Not detected"			"Cancer enhanced"	"Detected in many"		"colorectal cancer: 7.1;Gastric cancer: 6.2;liver cancer: 6.1"	"Colon - Colon enterocytes, Kidney - Proximal tubular cells, Minor Salivary Gland - Minor salivary gland basal cells, Pancreas - Ductal cells, Prostate - Urothelial cells, Spleen - B-cells (Spleen), Stomach - Gastric mucous cells"	"Low region specificity"	"Detected in some"			"Not detected"	"Not detected"			"Group enriched"	"Detected in some"		"Glomeruli: 25432383.9;Proximal tubules: 89798861.8"	"Tissue enriched"	"Detected in some"		"kidney: 150800092.1"	HPA000817	Approved				"Secreted in other tissues"	Transport	NA	NA				"Cluster 26: Kidney & Intestine - Metabolism"		"Cluster 57: Stomach & Colon cancer - Digestion"	"Cluster 45: Colonocytes & Enterocytes - Gastrointestinal absorption & barrier"	1			"HPA000817: "	"unprognostic (5.01e-2)"		"unprognostic (5.77e-2)"	"unprognostic (7.65e-3)"	"unprognostic (1.08e-2)"	"unprognostic (1.40e-2)"			"unprognostic (4.82e-3)"		"potential prognostic favorable (3.82e-9)"	"unprognostic (9.80e-3)"	"potential prognostic favorable (8.74e-4)"	"unprognostic (1.74e-1)"	"unprognostic (1.53e-1)"	"unprognostic (1.87e-2)"		"unprognostic (1.70e-1)"		"unprognostic (2.69e-1)"	"unprognostic (9.66e-2)"	"unprognostic (1.75e-1)"	"unprognostic (1.02e-2)"		"unprognostic (8.01e-2)"	"unprognostic (7.79e-2)"		"unprognostic (3.34e-1)"	"unprognostic (2.69e-1)"		"unprognostic (3.35e-2)"
APOL1	APOL	ENSG00000100342	"Apolipoprotein L1"	O14791	22	36253071-36267530	"Candidate cardiovascular disease genes, Disease related genes, Human disease related genes, Plasma proteins, Potential drug targets, Predicted membrane proteins, Predicted secreted proteins, Transporters"	"Cholesterol metabolism, Lipid metabolism, Lipid transport, Steroid metabolism, Sterol metabolism, Transport"		"Disease variant"	"Evidence at protein level"	"Evidence at protein level"	"Evidence at protein level"	"Evidence at protein level"	"Tissue enhanced"	"Detected in many"		"liver: 168.3"	"Cell type enhanced"	"Detected in many"		"Endometrial ciliated cells: 108.3;Endometrial glandular cells: 240.0;Endometrial luminal cells: 296.6;Endometrial secretory cells: 105.7;Foveolar cells: 326.6;Hepatocytes: 139.2;Prostatic hillock cells: 153.4;Urothelial cells: 211.1"	"Cell type enhanced"	"Detected in many"		"Barrier epithelial cells: 211.1;Gastric glandular cells: 326.6;Glandular cells: 240.0;Luminal cells: 296.6"	"Group enriched"	"Detected in some"	4	"endothelial cell: 30.4;fibroblast: 19.2;leukocyte: 8.8"	"Low cancer specificity"	"Detected in all"			"Low region specificity"	"Detected in all"			"Low immune cell specificity"	"Detected in many"			"Low lineage specificity"	"Detected in all"			"Cancer enhanced"	"Detected in many"		"Kidney cancer: 244.0"	"Heart muscle - Endothelial cells, Skeletal muscle - Endothelial cells"									"Cell type enhanced"	"Detected in many"		"Alveolar cell types: 8224627.5"	"Tissue enhanced"	"Detected in many"		"bone marrow: 87548610.4"	"HPA018885, CAB056156"	Supported				"Secreted to blood"	Apolipoprotein	NA	NA	1640000000	4100000000	"Cluster 35: Neutrophils - Protein binding"	"Cluster 31: Liver - Metabolism & Coagulation"	"Cluster 42: Choroid plexus - Mitochondria"	"Cluster 15: Kidney cancer - Membrane components"	"Cluster 68: Foveolar cells - Mucosal defense"	1			"CAB056156: , HPA018885: "	"unprognostic (1.11e-1)"	"unprognostic (6.31e-2)"	"unprognostic (1.32e-1)"	"unprognostic (9.64e-3)"	"unprognostic (7.55e-2)"	"unprognostic (8.91e-2)"	"unprognostic (6.21e-2)"	"unprognostic (5.54e-2)"	"unprognostic (1.31e-2)"	"unprognostic (3.63e-2)"	"unprognostic (7.17e-3)"	"unprognostic (6.84e-2)"	"unprognostic (1.95e-1)"	"unprognostic (4.61e-2)"	"unprognostic (1.21e-3)"	"potential prognostic unfavorable (3.50e-6)"	"unprognostic (2.41e-1)"	"unprognostic (3.86e-1)"	"unprognostic (7.32e-2)"	"unprognostic (2.25e-1)"	"unprognostic (1.57e-2)"	"potential prognostic unfavorable (6.47e-4)"	"unprognostic (9.80e-3)"	"unprognostic (1.25e-1)"	"unprognostic (4.45e-2)"	"unprognostic (8.11e-3)"	"unprognostic (8.50e-2)"	"unprognostic (9.03e-2)"	"unprognostic (9.10e-2)"	"unprognostic (2.02e-2)"	"unprognostic (1.95e-1)"
APOO	"FAM121B, MGC4825, Mic23, MIC26, MICOS26, My025"	ENSG00000184831	"Apolipoprotein O"	Q9BUR5	X	23833353-23907938	"Predicted intracellular proteins, Predicted membrane proteins, Predicted secreted proteins, Transporters"	"Lipid transport, Transport"			"Evidence at protein level"	"Evidence at protein level"	"Evidence at protein level"	"Evidence at protein level"	"Tissue enhanced"	"Detected in all"		"choroid plexus: 102.5"	"Cell type enhanced"	"Detected in all"		"Papillary tip epithelial cells: 273.4"	"Low cell type specificity"	"Detected in all"			"Low cell type specificity"	"Detected in all"			"Low cancer specificity"	"Detected in all"			"Low region specificity"	"Detected in all"			"Low immune cell specificity"	"Detected in all"			"Low lineage specificity"	"Detected in all"			"Low cancer specificity"	"Detected in all"			"Heart muscle - Cardiomyocytes, Thyroid gland - Thyroid glandular cells"	"Low region specificity"	"Detected in all"			"Low region specificity"	"Detected in all"			"Low cell type specificity"	"Detected in all"			"Tissue enhanced"	"Detected in all"		"cerebral cortex: 18692260.8;heart muscle: 19343108.8"	HPA003187	Supported		Supported	Mitochondria,Cytosol	"Secreted to blood"	Apolipoprotein	NA	NA	2210000000		"Cluster 13: Non-specific - Mitochondria"	"Cluster 52: Non-specific - Cellular respiration"	"Cluster 23: Choroid plexus - Mixed function"	"Cluster 36: Non-specific - mRNA processing"	"Cluster 15: Non-specific - Protein processing"	8	Mitochondria	Cytosol	"HPA003187: "	"unprognostic (7.11e-2)"	"potential prognostic unfavorable (5.70e-4)"	"unprognostic (1.37e-1)"	"potential prognostic favorable (8.54e-4)"	"unprognostic (2.66e-2)"	"unprognostic (3.31e-2)"	"unprognostic (4.16e-2)"	"unprognostic (2.42e-2)"	"unprognostic (5.34e-2)"	"unprognostic (1.11e-3)"	"unprognostic (1.08e-1)"	"unprognostic (5.38e-3)"	"unprognostic (1.45e-2)"	"unprognostic (2.41e-2)"	"unprognostic (4.19e-2)"	"unprognostic (6.53e-3)"	"unprognostic (1.21e-1)"	"unprognostic (6.85e-2)"	"unprognostic (1.31e-1)"	"unprognostic (1.79e-2)"	"unprognostic (2.64e-1)"	"unprognostic (1.33e-1)"	"unprognostic (2.26e-1)"	"unprognostic (2.17e-1)"	"unprognostic (2.36e-1)"	"unprognostic (3.14e-1)"	"unprognostic (3.03e-1)"	"unprognostic (1.42e-1)"	"unprognostic (4.53e-2)"	"unprognostic (2.52e-1)"	"unprognostic (2.07e-1)"
APP	"AD1, alpha-sAPP"	ENSG00000142192	"Amyloid beta precursor protein"	P05067	21	25880535-26171128	"Disease related genes, FDA approved drug targets, Human disease related genes, Plasma proteins, Predicted intracellular proteins, Predicted membrane proteins, Predicted secreted proteins, Transporters"	"Apoptosis, Cell adhesion, Endocytosis, Notch signaling pathway"	"Heparin-binding, Protease inhibitor, Serine protease inhibitor"	"Alzheimer disease, Amyloidosis, Disease variant, FDA approved drug targets, Neurodegeneration"	"Evidence at protein level"	"Evidence at protein level"	"Evidence at protein level"	"Evidence at protein level"	"Low tissue specificity"	"Detected in all"			"Cell type enhanced"	"Detected in all"		"Lymphatic endothelial cells: 1230.6"	"Low cell type specificity"	"Detected in all"			"Low cell type specificity"	"Detected in all"			"Low cancer specificity"	"Detected in all"			"Low region specificity"	"Detected in all"			"Immune cell enriched"	"Detected in many"	5	"plasmacytoid DC: 36.4"	"Lineage enriched"	"Detected in many"	5	"dendritic cells: 36.4"	"Low cancer specificity"	"Detected in all"			"Adrenal gland - Adrenal cortex cells, Thyroid gland - Thyroid glandular cells"	"Low region specificity"	"Detected in all"			"Low region specificity"	"Detected in all"			"Cell type enhanced"	"Detected in many"		"Astrocytes and Neuropil: 20678983.4;Neurons: 29038289.2"	"Tissue enhanced"	"Detected in many"		"cerebral cortex: 318796037.6"	"CAB000157, HPA001462"	Enhanced		Supported	"Golgi apparatus,Vesicles"	"Secreted to blood"	"Cell adhesion"	NA	NA		86000000	"Cluster 2: Dendritic cells - Unknown function"	"Cluster 36: Brain & Liver - Signaling"	"Cluster 27: Non-specific - Mixed function"	"Cluster 15: Kidney cancer - Membrane components"	"Cluster 12: Endothelial cells - Angiogenesis & vascular homeostasis"	499	"Golgi apparatus"	Vesicles	"CAB000157: , HPA001462: "	"unprognostic (5.14e-2)"	"unprognostic (3.42e-1)"	"unprognostic (2.22e-1)"	"unprognostic (3.69e-3)"	"unprognostic (1.00e-1)"	"unprognostic (1.14e-1)"	"unprognostic (2.60e-1)"	"unprognostic (1.28e-1)"	"unprognostic (4.67e-3)"	"unprognostic (1.03e-1)"	"validated prognostic favorable (8.44e-9)"	"validated prognostic favorable (1.85e-5)"	"unprognostic (1.82e-1)"	"unprognostic (1.43e-1)"	"unprognostic (9.93e-2)"	"unprognostic (8.97e-3)"	"unprognostic (3.91e-2)"	"unprognostic (6.82e-3)"	"unprognostic (9.35e-3)"	"unprognostic (5.29e-2)"	"unprognostic (6.25e-2)"	"unprognostic (1.31e-2)"	"unprognostic (4.34e-2)"	"unprognostic (1.96e-2)"	"unprognostic (2.28e-1)"	"unprognostic (1.40e-1)"	"unprognostic (2.43e-1)"	"unprognostic (3.59e-1)"	"unprognostic (4.49e-1)"	"unprognostic (1.10e-1)"	"unprognostic (2.46e-2)"
ARSF	ASF	ENSG00000062096	"Arylsulfatase F"	P54793	X	3041471-3112727	"Enzymes, Predicted membrane proteins, Predicted secreted proteins"		Hydrolase		"Evidence at protein level"	"Evidence at transcript level"	"Evidence at protein level"	"Evidence at protein level"	"Tissue enhanced"	"Detected in some"		"brain: 4.8;kidney: 7.1;skin 1: 5.3"	"Cell type enhanced"	"Detected in some"		"Adrenal medulla cells: 42.5;Astrocytes: 21.1;Esophageal apical cells: 10.9;Esophageal suprabasal cells: 9.7;Oligodendrocyte progenitor cells: 5.2;Proximal tubule cells: 38.3"	"Cell type enhanced"	"Detected in some"		"Adrenal endocrine cells: 42.5;Glial cells: 21.1;Renal nephron cells: 38.3"	"Cell type enhanced"	"Detected in many"		"astrocyte: 26.6;CGE interneuron: 17.4"	"Cancer enhanced"	"Detected in some"		"Glioblastoma Multiforme (TCGA): 5.1"	"Low region specificity"	"Detected in all"			"Not detected in immune cells"	"Not detected"			"Not detected"	"Not detected"			"Not detected"	"Not detected"			"Adrenal gland - Adrenal medulla cells, Kidney - Proximal tubular cells"					"Not detected"	"Not detected"			"Cell type enriched"	"Detected in single"	27512	"Proximal tubules: 2751209.1"	"Group enriched"	"Detected in some"		"intestine: 2091121.1;kidney: 2451992.2"	HPA000549			Approved	Vesicles,Cytosol	"Secreted in other tissues"	Enzyme	NA	NA				"Cluster 36: Brain & Liver - Signaling"	"Cluster 19: Astrocytes - Mixed function"	"Cluster 1: Neuronal - Visual perception"	"Cluster 88: Proximal tubular cells - Transmembrane transport"	2	"Vesicles, Cytosol"		"HPA000549: "				"unprognostic (2.32e-2)"			"unprognostic (7.19e-3)"	"unprognostic (1.26e-3)"			"validated prognostic favorable (3.42e-6)"	"validated prognostic favorable (3.88e-4)"	"unprognostic (6.34e-3)"	"unprognostic (2.85e-2)"	"unprognostic (5.21e-3)"																
ATRN	"DPPT-L, MGCA"	ENSG00000088812	Attractin	O75882	20	3471018-3651118	"Plasma proteins, Predicted membrane proteins, Predicted secreted proteins"	"Inflammatory response"	Receptor		"Evidence at protein level"	"Evidence at transcript level"	"Evidence at protein level"	"Evidence at protein level"	"Low tissue specificity"	"Detected in all"			"Cell type enhanced"	"Detected in many"		"Adrenal cortex cells: 327.6"	"Low cell type specificity"	"Detected in all"			"Low cell type specificity"	"Detected in all"			"Low cancer specificity"	"Detected in all"			"Low region specificity"	"Detected in all"			"Low immune cell specificity"	"Detected in many"			"Low lineage specificity"	"Detected in all"			"Low cancer specificity"	"Detected in all"			"Adrenal gland - Adrenal cortex cells, Liver - Hepatocytes, Testis - Spermatocytes, Testis - Spermatogonia, Thyroid gland - Thyroid glandular cells"	"Low region specificity"	"Detected in all"			"Low region specificity"	"Detected in all"			"Cell type enhanced"	"Detected in many"		"Pancreatic islets: 2937644.9"	"Low tissue specificity"	"Detected in many"			HPA008853	Approved		Approved	Cytosol	"Secreted to blood"	Receptor	NA	NA		6000000000	"Cluster 22: Eosinophils - Transcription"	"Cluster 26: Kidney & Intestine - Metabolism"	"Cluster 14: Neurons - Synaptic function"	"Cluster 62: Non-specific - Plasma proteins"	"Cluster 72: Macrophages - Phagocytosis & lysosomal degradation"	5	Cytosol		"HPA008853: "	"unprognostic (1.30e-1)"	"unprognostic (6.80e-2)"	"unprognostic (1.54e-1)"	"unprognostic (6.98e-2)"	"unprognostic (4.38e-2)"	"unprognostic (2.42e-1)"	"unprognostic (2.40e-1)"	"unprognostic (2.35e-3)"	"unprognostic (4.97e-2)"	"unprognostic (1.85e-3)"	"potential prognostic favorable (3.10e-6)"	"unprognostic (2.14e-2)"	"unprognostic (7.74e-2)"	"unprognostic (2.43e-1)"	"unprognostic (3.77e-1)"	"unprognostic (1.78e-1)"	"unprognostic (4.05e-1)"	"unprognostic (5.11e-3)"	"unprognostic (9.03e-2)"	"unprognostic (2.66e-2)"	"unprognostic (3.64e-3)"	"unprognostic (2.91e-2)"	"unprognostic (1.52e-1)"	"unprognostic (4.91e-1)"	"unprognostic (2.79e-1)"	"unprognostic (1.33e-2)"	"unprognostic (2.71e-1)"	"unprognostic (4.83e-2)"	"unprognostic (7.19e-2)"	"unprognostic (1.62e-1)"	"unprognostic (1.89e-1)"
BDNF		ENSG00000176697	"Brain derived neurotrophic factor"	P23560	11	27654893-27722058	"Cancer-related genes, Human disease related genes, Plasma proteins, Predicted membrane proteins, Predicted secreted proteins, RAS pathway related proteins"		"Growth factor"	"Cancer-related genes"	"Evidence at protein level"	"Evidence at protein level"	"Evidence at protein level"	"Evidence at protein level"	"Tissue enhanced"	"Detected in some"		"brain: 4.9"	"Cell type enhanced"	"Detected in many"		"Alveolar cells type 1: 56.9;Brain excitatory neurons: 63.7;Cardiomyocytes: 78.4;Corticotrophs: 74.4;Epicardial cells: 59.1;Epididymal principal cells: 56.1;Granulosa cells: 27.6;Megakaryocytes: 37.1;Myonuclei: 29.4;Retinal bipolar cells: 30.3"	"Cell type enhanced"	"Detected in many"		"Alveolar cells: 56.9;Barrier epithelial cells: 59.1;Myocytes: 78.4;Neuronal cells: 63.7;Pituitary endocrine cells: 74.4;Reproductive supporting cells: 56.1"	"Cell type enhanced"	"Detected in many"		"hippocampal dentate gyrus: 336.0;mammillary body: 126.7"	"Low cancer specificity"	"Detected in many"			"Low region specificity"	"Detected in all"			"Not detected in immune cells"	"Not detected"			"Not detected"	"Not detected"			"Cancer enhanced"	"Detected in many"		"Adrenocortical cancer: 27.6"	"Lung - Alveolar cells type 1, Minor Salivary Gland - Minor salivary gland basal cells, Prostate - Smooth muscle cells, Skin - Outer root sheath cells, Testis - Early spermatids"	"Low region specificity"	"Detected in all"			"Low region specificity"	"Detected in many"			"Cell type enriched"	"Detected in some"		"Astrocytes and Neuropil: 88932.1"	"Group enriched"	"Detected in some"	5671	"cerebral cortex: 670129.8;lymphoid tissue: 463982.4"	CAB009564	Enhanced				"Secreted to blood"	"Growth factor"	NA	Yes	16000000	12000		"Cluster 35: Non-specific - Mixed function"	"Cluster 29: Forebrain - Mixed function"	"Cluster 64: Connective tissue cells - ECM organization"	"Cluster 35: Neurons - Synaptic function & neurogenesis"	9			"CAB009564: "			"unprognostic (2.25e-1)"	"unprognostic (8.18e-2)"			"unprognostic (1.78e-2)"	"unprognostic (5.11e-2)"			"potential prognostic favorable (5.82e-5)"	"unprognostic (3.29e-3)"	"unprognostic (4.80e-3)"					"unprognostic (7.21e-2)"	"unprognostic (4.42e-2)"				"unprognostic (2.15e-2)"				"unprognostic (1.71e-1)"		"unprognostic (1.02e-1)"	"unprognostic (1.06e-1)"	
BTC		ENSG00000174808	Betacellulin	P35070	4	74744759-74794523	"Predicted intracellular proteins, Predicted membrane proteins, Predicted secreted proteins"		"Growth factor, Mitogen"		"Evidence at protein level"	"Evidence at transcript level"	"Evidence at protein level"	"Evidence at protein level"	"Tissue enhanced"	"Detected in many"		"intestine: 24.8"	"Cell type enhanced"	"Detected in many"		"Ependymal cells: 39.7;Epididymal efferent duct ciliated cells: 46.2;Podocytes: 52.7;Respiratory ciliated cells: 50.8;Retinal pigment epithelial cells: 76.7"	"Cell type enhanced"	"Detected in many"		"Ciliated cells: 50.8;Pigment cells: 76.7;Renal nephron cells: 52.7"	"Cell type enhanced"	"Detected in many"		"choroid plexus epithelial cell: 45.8;ependymal cell: 43.6"	"Low cancer specificity"	"Detected in many"			"Region enhanced"	"Detected in many"		"choroid plexus: 8.0"	"Not detected in immune cells"	"Not detected"			"Not detected"	"Not detected"			"Cancer enhanced"	"Detected in many"		"Gallbladder cancer: 16.7"	"Pituitary gland - Undifferentiated cells (Pituitary gland), Skin - Keratinocyte (granular)"	"Not detected"	"Not detected"			"Low region specificity"	"Detected in many"			"Cell type enriched"	"Detected in some"		"Smooth muscle cells: 102549.7"	"Not detected"	"Not detected"								"Secreted to blood"	"Growth factor"	NA	NA	314000			"Cluster 11: Esophagus - Basic cellular processes"	"Cluster 17: Choroid plexus - Cilium"	"Cluster 53: Squamous epithelial cells - Keratinization"	"Cluster 99: Retinal pigment epithelial cells - Retinol metabolism"	7				"unprognostic (1.68e-1)"	"unprognostic (3.49e-2)"	"unprognostic (1.03e-1)"	"unprognostic (1.86e-1)"	"unprognostic (1.67e-2)"	"unprognostic (3.70e-2)"	"unprognostic (1.71e-2)"	"unprognostic (1.12e-1)"		"unprognostic (5.02e-2)"	"unprognostic (6.19e-3)"	"unprognostic (3.91e-1)"	"unprognostic (2.64e-1)"			"unprognostic (4.90e-2)"	"unprognostic (9.39e-2)"	"unprognostic (3.71e-2)"	"unprognostic (7.17e-2)"	"unprognostic (1.67e-2)"	"unprognostic (2.14e-1)"	"unprognostic (2.92e-2)"	"unprognostic (1.27e-1)"	"unprognostic (3.10e-1)"	"unprognostic (1.39e-3)"	"unprognostic (2.27e-1)"		"unprognostic (2.48e-1)"		"unprognostic (3.31e-1)"	"unprognostic (1.68e-1)"
BTLA	"BTLA1, CD272"	ENSG00000186265	"B and T lymphocyte associated"	Q7Z6A9	3	112463966-112499472	"CD markers, Predicted membrane proteins, Predicted secreted proteins"	"Adaptive immunity, Immunity"	Receptor		"Evidence at protein level"	"Evidence at protein level"	"Evidence at protein level"	"Evidence at protein level"	"Tissue enriched"	"Detected in some"	9	"lymphoid tissue: 26.8"	"Cell type enhanced"	"Detected in some"		"B-cells: 121.1;cDC: 27.7;pDCs: 30.0;Plasma cells: 32.6;T-cells: 15.5;Thymocytes: 10.2"	"Cell type enhanced"	"Detected in many"		"B-cells: 121.1;dendritic cells: 30.0;Plasma cells: 32.6"	"Cell type enriched"	"Detected in some"	13	"leukocyte: 16.7"	"Cancer enhanced"	"Detected in some"		"Testicular Germ Cell Tumor (TCGA): 2.8"	"Low region specificity"	"Detected in single"			"Group enriched"	"Detected in many"	5	"memory B-cell: 65.3;naive B-cell: 96.8;plasmacytoid DC: 24.9"	"Group enriched"	"Detected in many"	4	"B-cells: 96.8;dendritic cells: 24.9"	"Cancer enhanced"	"Detected in some"		"lymphoma: 3.6;Myeloma: 13.3"	"Breast - Plasma cells, Minor Salivary Gland - Plasma cells, Spleen - B-cells (Spleen)"	"Not detected"	"Not detected"							"Not detected"	"Not detected"			"Group enriched"	"Detected in some"	6680	"lymphoid tissue: 832719.9;salivary gland: 503238.8"	"HPA047211, HPA062029, CAB080456"	Enhanced				"Secreted to blood"	Receptor	NA	NA			"Cluster 34: B-cells - Unknown function"	"Cluster 18: Lymphoid tissue - Immune response"	"Cluster 37: Neurons - Mixed function"	"Cluster 55: Lymphoma - Immune response"	"Cluster 87: B-cells - Adaptive immunity: Humoral response"				"CAB080456: , HPA047211: , HPA062029: "			"unprognostic (4.45e-2)"			"unprognostic (5.62e-2)"						"unprognostic (4.33e-2)"				"potential prognostic favorable (4.16e-4)"	"unprognostic (6.56e-2)"		"unprognostic (1.96e-1)"			"unprognostic (1.25e-1)"	"unprognostic (1.69e-2)"			"unprognostic (2.91e-2)"			"unprognostic (4.08e-2)"		
C3orf33	"AC3-33, FLJ31139"	ENSG00000174928	"Chromosome 3 open reading frame 33"	Q6P1S2	3	155762617-155806278	"Predicted intracellular proteins, Predicted membrane proteins, Predicted secreted proteins"				"Evidence at protein level"	"Evidence at transcript level"	"Evidence at protein level"	"Evidence at protein level"	"Low tissue specificity"	"Detected in all"			"Cell type enhanced"	"Detected in many"		"Astrocytes: 17.9;Bergmann glia: 27.2;Brain excitatory neurons: 23.9;Brain inhibitory neurons: 22.0;Choroid plexus epithelial cells: 17.2;Ependymal cells: 25.9;Oligodendrocyte progenitor cells: 21.0;Oligodendrocytes: 16.8;Oocytes: 27.6;Other brain neurons: 24.6"	"Cell type enhanced"	"Detected in many"		"Ciliated cells: 25.9;Glial cells: 27.2;Neuronal cells: 24.6;Oocytes: 27.6"	"Low cell type specificity"	"Detected in all"			"Low cancer specificity"	"Detected in all"			"Low region specificity"	"Detected in all"			"Low immune cell specificity"	"Detected in many"			"Low lineage specificity"	"Detected in all"			"Low cancer specificity"	"Detected in all"			"Thyroid gland - Thyroid glandular cells"	"Low region specificity"	"Detected in all"							"Low cell type specificity"	"Detected in many"			"Tissue enriched"	"Detected in single"	52	"cerebral cortex: 5160.5"	HPA037663	Uncertain				"Secreted in other tissues"	"No annotated function"	NA	NA			"Cluster 27: T-cells - Unknown function"	"Cluster 4: Adrenal gland - Steroid metabolism"	"Cluster 23: Choroid plexus - Mixed function"	"Cluster 63: Non-specific - Protein processing"	"Cluster 98: Neurons - Neurotransmission & signaling"	4			"HPA037663: "	"unprognostic (5.01e-2)"	"unprognostic (2.93e-2)"	"unprognostic (1.68e-1)"	"unprognostic (4.37e-1)"	"unprognostic (2.15e-3)"	"unprognostic (2.22e-1)"	"unprognostic (5.71e-2)"	"unprognostic (9.93e-2)"	"unprognostic (1.19e-1)"	"unprognostic (8.10e-2)"	"unprognostic (2.65e-2)"	"unprognostic (1.06e-1)"	"unprognostic (1.14e-2)"	"unprognostic (1.23e-3)"	"unprognostic (2.28e-3)"	"unprognostic (1.32e-3)"	"unprognostic (1.12e-1)"	"unprognostic (5.58e-2)"	"unprognostic (8.74e-3)"	"unprognostic (7.10e-2)"	"unprognostic (6.56e-2)"	"unprognostic (4.98e-3)"	"unprognostic (1.38e-1)"	"unprognostic (3.49e-1)"	"unprognostic (5.78e-2)"	"unprognostic (2.10e-1)"	"unprognostic (1.77e-1)"	"unprognostic (8.42e-2)"	"unprognostic (2.07e-1)"	"unprognostic (3.85e-2)"	"unprognostic (3.00e-1)"
CCL5	"D17S136E, MGC17164, RANTES, SCYA5, SISd, TCP228"	ENSG00000271503	"C-C motif chemokine ligand 5"	P13501	17	35871491-35880793	"Cancer-related genes, Human disease related genes, Plasma proteins, Predicted membrane proteins, Predicted secreted proteins"	"Chemotaxis, Inflammatory response"	Cytokine	"Cancer-related genes"	"Evidence at protein level"	"Evidence at protein level"	"Evidence at protein level"	"Evidence at protein level"	"Tissue enhanced"	"Detected in many"		"bone marrow: 114.7;lymphoid tissue: 126.6"	"Group enriched"	"Detected in some"	14	"NK-cells: 175.0;Platelets: 118.1;T-cells: 127.1"	"Group enriched"	"Detected in some"	14	"NK-cells: 175.0;Platelets: 118.1;T-cells: 127.1"	"Cell type enriched"	"Detected in many"	182	"leukocyte: 573.9"	"Low cancer specificity"	"Detected in all"			"Low region specificity"	"Detected in all"			"Immune cell enhanced"	"Detected in all"		"gdT-cell: 6781.0;memory CD8 T-cell: 7136.0"	"Group enriched"	"Detected in all"	7	"NK-cells: 2043.0;T-cells: 7136.0"	"Cancer enhanced"	"Detected in many"		"Leukemia: 57.4"	"Adipose subcutaneous - T-cells, Adipose visceral - T-cells, Adrenal gland - T-cells, Breast - T-cells, Colon - T-cells, Heart muscle - T-cells, Kidney - T-cells, Liver - T-cells, Lung - T-cells, Minor Salivary Gland - T-cells, Pancreas - T-cells, Pituitary gland - T-cells, Prostate - T-cells, Skeletal muscle - Fibroblasts, Skin - T-cells, Spleen - T-cells, Stomach - T-cells, Thyroid gland - T-cells"									"Cell type enriched"	"Detected in single"	2258	"Neutrophils: 225844.9"	"Group enriched"	"Detected in some"	841	"bone marrow: 96590.8;lymphoid tissue: 71514.5"	CAB078447	Enhanced				"Secreted to blood"	Chemokine	NA	NA	20100000	12000000	"Cluster 1: T-cells - Unknown function"	"Cluster 66: Lymphoid tissue - Immune response"	"Cluster 6: Non-specific - Immune response"	"Cluster 51: Myeloma - Immunoglobulins"	"Cluster 92: NK-cells & T-cells - Adaptive immunity: Cytotoxicity"	30			"CAB078447: "	"unprognostic (6.82e-2)"	"unprognostic (4.22e-3)"	"unprognostic (6.61e-2)"	"unprognostic (6.76e-3)"	"unprognostic (7.39e-2)"	"unprognostic (1.98e-1)"	"unprognostic (1.07e-3)"		"unprognostic (8.71e-3)"	"unprognostic (5.26e-1)"	"unprognostic (7.33e-3)"	"unprognostic (1.13e-1)"	"potential prognostic unfavorable (5.88e-4)"	"unprognostic (1.31e-1)"	"unprognostic (8.21e-3)"	"unprognostic (6.52e-2)"	"unprognostic (1.35e-1)"	"unprognostic (1.46e-1)"	"unprognostic (7.24e-2)"	"unprognostic (2.52e-2)"		"unprognostic (1.51e-2)"		"unprognostic (7.46e-2)"	"unprognostic (1.24e-1)"	"unprognostic (3.22e-1)"	"potential prognostic favorable (3.10e-4)"	"unprognostic (4.71e-2)"	"unprognostic (5.67e-2)"	"unprognostic (3.02e-3)"	"unprognostic (1.51e-1)"
CCL7	"FIC, MARC, MCP-3, MCP3, NC28, SCYA6, SCYA7"	ENSG00000108688	"C-C motif chemokine ligand 7"	P80098	17	34270221-34272242	"Cancer-related genes, Predicted membrane proteins, Predicted secreted proteins"	"Chemotaxis, Inflammatory response"	"Cytokine, Heparin-binding"	"Cancer-related genes"	"Evidence at protein level"	"Evidence at transcript level"	"Evidence at protein level"	"Evidence at protein level"	"Tissue enriched"	"Detected in some"	8	"bone marrow: 24.4"	"Group enriched"	"Detected in some"	4	"Epididymal basal cells: 6.3;Epididymal efferent duct ciliated cells: 8.8;Fallopian secretory cells: 16.7;Mesothelial cells: 8.2;monocytes: 7.1;Pancreatic duct cells: 15.3"	"Cell type enhanced"	"Detected in some"		"Barrier epithelial cells: 8.2;Basal cells: 6.3;Ciliated cells: 8.8;Ductal cells: 15.3;Mononuclear phagocytes: 7.1;Secretory cells: 16.7"	"Not detected"	"Not detected"			"Low cancer specificity"	"Detected in many"			"Region enriched"	"Detected in single"	6	"thalamus: 5.0"	"Not detected in immune cells"	"Not detected"			"Not detected"	"Not detected"			"Not detected"	"Not detected"				"Not detected"	"Not detected"							"Not detected"	"Not detected"			"Not detected"	"Not detected"								"Secreted to blood"	Chemokine	NA	NA	29700			"Cluster 15: Bone marrow - Innate immune response"	"Cluster 12: Non-specific - Vasculature"	"Cluster 64: Connective tissue cells - ECM organization"	"Cluster 40: Monocytes & Neutrophils - Inflammatory signaling"	3				"unprognostic (3.25e-2)"	"unprognostic (9.93e-2)"	"unprognostic (2.74e-1)"	"unprognostic (5.93e-2)"			"unprognostic (2.64e-3)"	"unprognostic (4.00e-2)"	"unprognostic (1.35e-1)"							"unprognostic (2.27e-2)"	"potential prognostic unfavorable (4.86e-4)"	"unprognostic (1.14e-1)"	"unprognostic (9.94e-2)"	"unprognostic (3.24e-2)"	"unprognostic (1.79e-2)"					"unprognostic (8.89e-2)"		"unprognostic (2.80e-1)"	"unprognostic (1.01e-1)"		
CD163	"M130, MM130, SCARI1"	ENSG00000177575	"CD163 molecule"	Q86VB7	12	7470811-7503893	"CD markers, Plasma proteins, Predicted intracellular proteins, Predicted membrane proteins, Predicted secreted proteins"	"Acute phase, Inflammatory response"			"Evidence at protein level"	"Evidence at protein level"	"Evidence at protein level"	"Evidence at protein level"	"Tissue enhanced"	"Detected in all"		"lymphoid tissue: 224.8"	"Cell type enhanced"	"Detected in many"		"Hofbauer cells: 359.6;Kupffer cells: 2041.6;Macrophages: 893.3;Monocyte progenitors: 188.9;monocytes: 738.4;Neutrophils: 539.2"	"Group enriched"	"Detected in many"	9	"Mononuclear phagocytes: 2041.6;Neutrophils: 539.2"	"Cell type enriched"	"Detected in some"	6	"central nervous system macrophage: 33.5"	"Cancer enhanced"	"Detected in all"		"Glioblastoma Multiforme (TCGA): 100.8"	"Region enhanced"	"Detected in all"		"thalamus: 112.0"	"Group enriched"	"Detected in many"	11	"classical monocyte: 76.1;myeloid DC: 65.3"	"Group enriched"	"Detected in many"	40	"dendritic cells: 65.3;monocytes: 76.1"	"Cancer enriched"	"Detected in single"	9	"lymphoma: 6.1"	"Adipose subcutaneous - Macrophages, Adipose visceral - Macrophages, Adrenal gland - Macrophages, Breast - Macrophages, Colon - Macrophages, Heart muscle - Macrophages, Kidney - Macrophages, Lung - Macrophages, Minor Salivary Gland - Macrophages, Pancreas - Macrophages, Pituitary gland - Macrophages, Prostate - Macrophages, Skeletal muscle - Macrophages, Skin - Macrophages, Spleen - Macrophages, Stomach - Macrophages, Thyroid gland - Macrophages"	"Low region specificity"	"Detected in single"			"Low region specificity"	"Detected in all"			"Cell type enriched"	"Detected in some"		"Macrophages: 24198013.9"	"Tissue enhanced"	"Detected in all"		"lymphoid tissue: 54790663.4"	"CAB002432, HPA046404, HPA051974"	Enhanced		Supported	"Plasma membrane"	"Secreted to blood"	"Acute phase"	NA	NA	903000000	340000000	"Cluster 26: Monocytes - Plasma membrane proteins"	"Cluster 66: Lymphoid tissue - Immune response"	"Cluster 12: Non-specific - Vasculature"	"Cluster 71: Lymphoma - Inflammatory response"	"Cluster 72: Macrophages - Phagocytosis & lysosomal degradation"	2	"Plasma membrane"		"CAB002432: , HPA046404: , HPA051974: "	"unprognostic (3.36e-1)"	"unprognostic (3.58e-1)"	"unprognostic (2.24e-1)"	"unprognostic (7.01e-2)"	"unprognostic (2.11e-1)"	"unprognostic (4.46e-2)"	"unprognostic (2.02e-3)"	"unprognostic (3.39e-2)"	"unprognostic (1.37e-1)"	"unprognostic (2.19e-1)"	"unprognostic (2.67e-2)"	"unprognostic (2.50e-1)"	"unprognostic (5.02e-1)"	"unprognostic (1.84e-1)"	"unprognostic (3.71e-2)"	"unprognostic (8.19e-2)"	"potential prognostic unfavorable (7.35e-5)"	"unprognostic (2.18e-2)"	"unprognostic (1.23e-1)"	"unprognostic (5.10e-2)"	"unprognostic (3.43e-1)"	"unprognostic (8.41e-2)"	"unprognostic (1.31e-1)"	"unprognostic (3.06e-2)"	"unprognostic (5.84e-3)"	"unprognostic (1.95e-2)"	"unprognostic (9.01e-2)"	"unprognostic (2.05e-1)"	"unprognostic (1.07e-2)"	"unprognostic (1.40e-1)"	"unprognostic (2.67e-2)"
CD274	"B7-H, B7-H1, B7H1, PD-L1, PDCD1LG1, PDL1"	ENSG00000120217	"CD274 molecule"	Q9NZQ7	9	5450503-5470566	"Cancer-related genes, CD markers, Disease related genes, FDA approved drug targets, Predicted membrane proteins, Predicted secreted proteins, Transporters"	"Adaptive immunity, Immunity"	Receptor	"Cancer-related genes, FDA approved drug targets"	"Evidence at protein level"	"Evidence at protein level"	"Evidence at protein level"	"Evidence at protein level"	"Tissue enhanced"	"Detected in many"		"lung: 16.1"	"Cell type enhanced"	"Detected in many"		"cDC: 33.1;Epididymal basal cells: 27.1;Extravillous trophoblasts: 48.3;Mast cells: 61.3;Megakaryocyte progenitors: 55.8;Microglia: 30.2;Neutrophils: 34.0;Syncytiotrophoblasts: 72.9"	"Cell type enhanced"	"Detected in many"		"Mast cells: 61.3;Megakaryocytes: 55.8;Trophoblast cells: 72.9"	"Cell type enriched"	"Detected in many"	5	"central nervous system macrophage: 36.7"	"Low cancer specificity"	"Detected in many"			"Low region specificity"	"Detected in all"			"Immune cell enhanced"	"Detected in some"		"basophil: 6.7"	"Lineage enriched"	"Detected in many"	5	"granulocytes: 6.7"	"Low cancer specificity"	"Detected in many"			"Kidney - Endothelial cells"	"Low region specificity"	"Detected in many"			"Low region specificity"	"Detected in all"			"Not detected"	"Not detected"			"Tissue enriched"	"Detected in some"		"lymphoid tissue: 68284.0"	"HPA003528, CAB076385, CAB080537"	Enhanced		Supported	"Nucleoplasm,Nuclear speckles,Plasma membrane"	"Secreted - unknown location"	Receptor	NA	NA			"Cluster 35: Neutrophils - Protein binding"	"Cluster 66: Lymphoid tissue - Immune response"	"Cluster 56: Hypothalamus - Neuropeptide signaling"	"Cluster 71: Lymphoma - Inflammatory response"	"Cluster 82: Dendritic cells - Antigen presentation"	60	"Nucleoplasm, Nuclear speckles, Plasma membrane"		"CAB076385: , CAB080537: , HPA003528: "	"unprognostic (1.57e-1)"	"unprognostic (6.40e-2)"	"unprognostic (9.65e-3)"	"unprognostic (1.01e-1)"	"unprognostic (1.98e-2)"	"unprognostic (4.77e-2)"	"unprognostic (9.07e-2)"	"unprognostic (8.18e-2)"	"unprognostic (4.37e-2)"	"unprognostic (1.06e-1)"	"potential prognostic favorable (5.33e-4)"	"unprognostic (9.06e-2)"	"unprognostic (1.18e-1)"		"unprognostic (3.02e-3)"	"unprognostic (1.32e-1)"	"unprognostic (3.70e-3)"	"unprognostic (3.49e-1)"	"unprognostic (1.55e-1)"	"unprognostic (4.51e-3)"	"unprognostic (3.35e-3)"	"unprognostic (9.49e-3)"	"unprognostic (3.27e-3)"		"unprognostic (3.46e-2)"	"unprognostic (3.48e-2)"	"unprognostic (5.88e-2)"	"unprognostic (6.88e-2)"	"unprognostic (2.16e-2)"	"unprognostic (2.49e-1)"	
CD300H		ENSG00000284690	"CD300H molecule (gene/pseudogene)"	A0A0K2S4Q6	17	74560701-74567343	"Essential proteins, Predicted membrane proteins, Predicted secreted proteins"				"Evidence at protein level"	"Evidence at transcript level"	"Evidence at protein level"	"Evidence at protein level"	"Tissue enhanced"	"Detected in some"		"bone marrow: 3.4;lymphoid tissue: 7.3"	"Group enriched"	"Detected in some"	29	"cDC: 3.7;Macrophages: 1.2;monocytes: 4.5;Neutrophils: 2.3"	"Group enriched"	"Detected in some"	34	"dendritic cells: 3.7;Mononuclear phagocytes: 4.5;Neutrophils: 2.3"	"Cell type enriched"	"Detected in single"	27	"leukocyte: 2.8"					"Low region specificity"	"Detected in some"			"Group enriched"	"Detected in many"	9	"intermediate monocyte: 655.3;non-classical monocyte: 1135.8"	"Lineage enriched"	"Detected in all"	12	"monocytes: 1135.8"	"Cancer enriched"	"Detected in single"	7	"lymphoma: 2.1"	"Kidney - Macrophages"					"Low region specificity"	"Detected in all"			"Not detected"	"Not detected"			"Not detected"	"Not detected"								"Secreted to blood"	"No annotated function"	NA	NA			"Cluster 40: Monocytes - Innate immune response"	"Cluster 66: Lymphoid tissue - Immune response"	"Cluster 12: Non-specific - Vasculature"	"Cluster 71: Lymphoma - Inflammatory response"	"Cluster 40: Monocytes & Neutrophils - Inflammatory signaling"																																			
CD40	"Bp50, p50, TNFRSF5"	ENSG00000101017	"CD40 molecule"	P25942	20	46118271-46129863	"Cancer-related genes, CD markers, Disease related genes, Human disease related genes, Predicted membrane proteins, Predicted secreted proteins"	Immunity	Receptor	"Cancer-related genes, Disease variant"	"Evidence at protein level"	"Evidence at protein level"	"Evidence at protein level"	"Evidence at protein level"	"Tissue enhanced"	"Detected in many"		"lymphoid tissue: 52.9"	"Cell type enhanced"	"Detected in many"		"B-cells: 100.5;cDC: 102.8;Epididymal basal cells: 152.2;Vascular endothelial cells: 61.7"	"Cell type enhanced"	"Detected in all"		"B-cells: 100.5;Basal cells: 152.2;dendritic cells: 102.8"	"Cell type enhanced"	"Detected in many"		"central nervous system macrophage: 29.2;pericyte: 32.3"	"Low cancer specificity"	"Detected in all"			"Low region specificity"	"Detected in all"			"Immune cell enhanced"	"Detected in many"		"memory B-cell: 108.3;naive B-cell: 123.7"	"Group enriched"	"Detected in all"	6	"B-cells: 123.7;monocytes: 34.9"	"Cancer enhanced"	"Detected in many"		"lymphoma: 97.7"	"Spleen - B-cells (Spleen)"	"Low region specificity"	"Detected in many"			"Low region specificity"	"Detected in all"			"Not detected"	"Not detected"			"Tissue enriched"	"Detected in single"	15582	"lymphoid tissue: 1558164.4"	"CAB002495, HPA031567, HPA031568, CAB072868, CAB080468"	Enhanced		Approved	"Vesicles,Plasma membrane"	"Secreted to blood"	Receptor	NA	NA	705000		"Cluster 23: B-cells - Immunoglobulins"	"Cluster 66: Lymphoid tissue - Immune response"	"Cluster 42: Choroid plexus - Mitochondria"	"Cluster 55: Lymphoma - Immune response"	"Cluster 82: Dendritic cells - Antigen presentation"	76	Vesicles	"Plasma membrane"	"CAB002495: , CAB072868: , CAB080468: , HPA031567: , HPA031568: "	"unprognostic (3.20e-2)"	"unprognostic (1.68e-2)"	"unprognostic (1.28e-1)"	"unprognostic (1.24e-1)"	"unprognostic (3.59e-2)"	"unprognostic (5.71e-2)"	"potential prognostic unfavorable (6.62e-4)"	"unprognostic (7.05e-2)"	"unprognostic (1.50e-1)"	"unprognostic (2.11e-2)"	"unprognostic (2.74e-2)"	"unprognostic (1.71e-1)"	"unprognostic (6.55e-2)"	"unprognostic (8.70e-3)"	"unprognostic (3.46e-1)"	"unprognostic (2.31e-2)"	"unprognostic (3.07e-2)"	"unprognostic (1.57e-1)"	"unprognostic (2.17e-2)"	"unprognostic (1.51e-1)"	"unprognostic (2.00e-1)"	"unprognostic (9.95e-3)"	"unprognostic (3.31e-2)"	"unprognostic (1.12e-1)"	"unprognostic (3.58e-2)"	"unprognostic (1.59e-3)"	"unprognostic (5.10e-2)"	"unprognostic (3.74e-2)"	"unprognostic (5.05e-2)"	"unprognostic (6.57e-2)"	"unprognostic (4.03e-2)"
CD40LG	"CD154, CD40-L, CD40L, gp39, hCD40L, HIGM1, IMD3, T-BAM, TNFSF5, TRAP"	ENSG00000102245	"CD40 ligand"	P29965	X	136648158-136660390	"Cancer-related genes, Candidate cardiovascular disease genes, CD markers, Disease related genes, Human disease related genes, Predicted intracellular proteins, Predicted membrane proteins, Predicted secreted proteins"		Cytokine	"Cancer-related genes, Disease variant"	"Evidence at protein level"	"Evidence at protein level"	"Evidence at protein level"	"Evidence at protein level"	"Tissue enhanced"	"Detected in some"		"lymphoid tissue: 14.1"	"Cell type enhanced"	"Detected in some"		"Innate lymphoid cells: 20.5;Late spermatids: 10.9;Megakaryocyte-Erythroid progenitors: 9.7;Platelets: 35.3;Respiratory ionocytes: 5.1;T-cells: 61.2"	"Cell type enhanced"	"Detected in some"		"Innate lymphoid cells: 20.5;Platelets: 35.3;T-cells: 61.2"	"Cell type enriched"	"Detected in single"	20	"leukocyte: 19.1"	"Low cancer specificity"	"Detected in some"			"Low region specificity"	"Detected in single"			"Group enriched"	"Detected in many"	5	"gdT-cell: 26.4;MAIT T-cell: 64.4;memory CD4 T-cell: 80.5;naive CD4 T-cell: 76.3"	"Lineage enriched"	"Detected in many"	34	"T-cells: 80.5"	"Cancer enriched"	"Detected in single"	7	"Leukemia: 2.6"	"Adipose subcutaneous - T-cells, Adipose visceral - T-cells, Adrenal gland - T-cells, Breast - T-cells, Colon - T-cells, Lung - T-cells, Minor Salivary Gland - T-cells, Prostate - T-cells, Skin - T-cells, Spleen - T-cells"	"Not detected"	"Not detected"			"Not detected"	"Not detected"			"Not detected"	"Not detected"			"Not detected"	"Not detected"			"HPA045827, HPA072480"	Enhanced		Approved	"Golgi apparatus,Plasma membrane"	"Secreted to blood"	Cytokine	NA	NA	776000	14000	"Cluster 11: T-cells - Unknown function"	"Cluster 51: Lymphoid tissue - Adaptive immune response"	"Cluster 6: Non-specific - Immune response"	"Cluster 59: Leukemia - T-cell receptor"	"Cluster 9: T-cells - Adaptive immunity: Regulation"	1	"Golgi apparatus, Plasma membrane"		"HPA045827: , HPA072480: "		"potential prognostic favorable (2.15e-4)"	"unprognostic (7.50e-3)"			"unprognostic (2.87e-1)"					"unprognostic (2.42e-1)"	"unprognostic (2.12e-1)"			"unprognostic (4.01e-3)"	"unprognostic (1.10e-3)"	"unprognostic (1.70e-2)"		"unprognostic (2.76e-1)"			"unprognostic (1.26e-1)"				"unprognostic (1.73e-1)"		"unprognostic (6.40e-2)"	"unprognostic (2.64e-2)"		
CD44	"CD44R, CSPG8, HCELL, IN, MC56, MDU2, MDU3, MIC4, Pgp1"	ENSG00000026508	"CD44 molecule (Indian blood group)"	P16070	11	35138882-35232402	"Blood group antigen proteins, Cancer-related genes, CD markers, FDA approved drug targets, Plasma proteins, Predicted intracellular proteins, Predicted membrane proteins, Predicted secreted proteins, Transporters"	"Cell adhesion"	"Blood group antigen, Receptor"	"Cancer-related genes, FDA approved drug targets"	"Evidence at protein level"	"Evidence at protein level"	"Evidence at protein level"	"Evidence at protein level"	"Tissue enhanced"	"Detected in all"		"salivary gland: 469.7"	"Cell type enhanced"	"Detected in many"		"Basal keratinocytes: 1692.5;cDC: 1408.4;Mast cells: 1993.4;monocytes: 2581.0;Neutrophils: 1651.0;Ocular epithelial cells: 1190.5;Pancreatic acinar cells: 2586.0;Pancreatic duct cells: 1846.1;Suprabasal keratinocytes: 1644.0"	"Cell type enhanced"	"Detected in many"		"Acinar cells: 2586.0;Mononuclear phagocytes: 2581.0"	"Cell type enhanced"	"Detected in many"		"astrocyte: 403.2;leukocyte: 474.2;vascular associated smooth muscle cell: 152.8"	"Low cancer specificity"	"Detected in all"			"Low region specificity"	"Detected in all"			"Low immune cell specificity"	"Detected in all"			"Low lineage specificity"	"Detected in all"			"Cancer enhanced"	"Detected in all"		"Adrenocortical cancer: 1400.7"	"Adipose subcutaneous - Adipose progenitor cells, Prostate - Urothelial cells"	"Low region specificity"	"Detected in all"			"Low region specificity"	"Detected in all"			"Cell type enhanced"	"Detected in all"		"Keratinocytes: 94632156.4"	"Tissue enhanced"	"Detected in all"		"salivary gland: 365465403.8"	"CAB000112, CAB000316, HPA005785"	Enhanced		Supported	"Golgi apparatus,Plasma membrane"	"Secreted to blood"	Receptor	NA	NA	260000000	200000000	"Cluster 38: Monocytes & Neutrophils - Degranulation"	"Cluster 58: Skin - Keratinization"	"Cluster 39: Astrocytes - Mixed function"	"Cluster 72: Neuronal - Signal transduction"	"Cluster 40: Monocytes & Neutrophils - Inflammatory signaling"	27	"Plasma membrane"	"Golgi apparatus"	"CAB000112: , CAB000316: , HPA005785: "	"unprognostic (1.93e-3)"	"unprognostic (1.85e-1)"	"unprognostic (3.84e-1)"	"unprognostic (7.75e-2)"	"unprognostic (1.18e-1)"	"unprognostic (1.07e-1)"	"unprognostic (1.02e-3)"	"unprognostic (1.90e-2)"	"unprognostic (3.00e-2)"	"unprognostic (3.19e-1)"	"potential prognostic unfavorable (1.71e-4)"	"unprognostic (1.76e-2)"	"unprognostic (1.32e-3)"	"unprognostic (3.08e-3)"	"unprognostic (1.73e-1)"	"unprognostic (5.04e-2)"	"unprognostic (1.25e-2)"	"unprognostic (2.49e-1)"	"unprognostic (1.76e-1)"	"unprognostic (1.03e-1)"	"unprognostic (1.27e-1)"	"unprognostic (1.77e-3)"	"unprognostic (1.44e-2)"	"unprognostic (8.40e-2)"	"unprognostic (1.58e-2)"	"unprognostic (5.89e-3)"	"unprognostic (8.97e-2)"	"unprognostic (7.15e-2)"	"unprognostic (1.25e-1)"	"unprognostic (6.97e-2)"	"unprognostic (8.74e-2)"
CD48	"BCM1, BLAST, hCD48, mCD48, SLAMF2"	ENSG00000117091	"CD48 molecule"	P09326	1	160678746-160711831	"CD markers, Plasma proteins, Predicted membrane proteins, Predicted secreted proteins, Transporters"				"Evidence at protein level"	"Evidence at protein level"	"Evidence at protein level"	"Evidence at protein level"	"Group enriched"	"Detected in many"	4	"bone marrow: 140.1;lymphoid tissue: 265.6"	"Cell type enhanced"	"Detected in some"		"B-cells: 302.7;cDC: 190.7;Innate lymphoid cells: 122.2;Kupffer cells: 115.8;Macrophages: 82.6;Mast cells: 186.6;Monocyte progenitors: 76.8;monocytes: 316.6;Neutrophils: 294.5;NK-cells: 216.7;Plasma cells: 189.4;T-cells: 310.8"	"Cell type enhanced"	"Detected in many"		"B-cells: 302.7;dendritic cells: 190.7;Mast cells: 186.6;Mononuclear phagocytes: 316.6;Neutrophils: 294.5;NK-cells: 216.7;Plasma cells: 189.4;T-cells: 310.8"	"Cell type enriched"	"Detected in some"	144	"leukocyte: 159.4"	"Low cancer specificity"	"Detected in all"			"Low region specificity"	"Detected in many"			"Low immune cell specificity"	"Detected in all"			"Low lineage specificity"	"Detected in all"			"Cancer enhanced"	"Detected in some"		"lymphoma: 243.2;Myeloma: 458.6"	"Adipose subcutaneous - T-cells, Adipose visceral - T-cells, Breast - T-cells, Pituitary gland - T-cells, Prostate - T-cells, Testis - Early spermatids, Thyroid gland - T-cells"	"Low region specificity"	"Detected in many"			"Low region specificity"	"Detected in all"			"Cell type enhanced"	"Detected in some"		"B-cells: 1219669.0;Neutrophils: 1196082.7;T-cells: 2657932.5"	"Tissue enriched"	"Detected in many"		"lymphoid tissue: 30895551.3"	"CAB002497, HPA055146"	Enhanced		Approved	"Nucleoli fibrillar center,Plasma membrane,Cytosol"	"Secreted to blood"	"No annotated function"	NA	NA	1770000	1000000	"Cluster 33: Non-specific - ATP binding"	"Cluster 18: Lymphoid tissue - Immune response"	"Cluster 12: Non-specific - Vasculature"	"Cluster 55: Lymphoma - Immune response"	"Cluster 87: B-cells - Adaptive immunity: Humoral response"	1	"Plasma membrane"	"Nucleoli fibrillar center, Cytosol"	"CAB002497: , HPA055146: "	"unprognostic (5.07e-2)"	"potential prognostic favorable (5.81e-4)"	"unprognostic (4.94e-2)"	"unprognostic (1.10e-2)"	"unprognostic (6.75e-2)"	"unprognostic (1.60e-1)"	"unprognostic (1.83e-2)"	"unprognostic (2.21e-1)"	"unprognostic (1.36e-2)"	"unprognostic (2.51e-1)"	"unprognostic (1.27e-2)"	"unprognostic (9.56e-2)"	"unprognostic (2.17e-1)"	"unprognostic (3.53e-2)"	"unprognostic (1.77e-2)"	"potential prognostic favorable (3.12e-4)"	"unprognostic (1.06e-1)"	"unprognostic (2.30e-1)"	"unprognostic (3.35e-1)"	"unprognostic (3.75e-2)"	"unprognostic (2.69e-1)"	"unprognostic (1.28e-1)"	"unprognostic (1.10e-1)"	"unprognostic (3.85e-1)"	"unprognostic (4.10e-2)"	"unprognostic (3.73e-1)"	"unprognostic (2.63e-1)"	"unprognostic (1.61e-1)"	"unprognostic (4.79e-2)"	"unprognostic (1.23e-1)"	"unprognostic (8.82e-2)"
CD55	"CR, CROM, DAF, TC"	ENSG00000196352	"CD55 molecule (Cromer blood group)"	P08174	1	207321519-207386804	"Blood group antigen proteins, CD markers, Disease related genes, Human disease related genes, Plasma proteins, Predicted intracellular proteins, Predicted membrane proteins, Predicted secreted proteins"	"Complement pathway, Host-virus interaction, Immunity, Innate immunity"	"Blood group antigen, Host cell receptor for virus entry, Receptor"	"Disease variant"	"Evidence at protein level"	"Evidence at protein level"	"Evidence at protein level"	"Evidence at protein level"	"Low tissue specificity"	"Detected in all"			"Cell type enhanced"	"Detected in many"		"Alveolar cells type 1: 2487.6;Epicardial cells: 1903.5;Esophageal apical cells: 1430.3;Neutrophils: 7705.1;Ocular epithelial cells: 1980.0"	"Cell type enhanced"	"Detected in all"		"Neutrophils: 7705.1"	"Cell type enhanced"	"Detected in all"		"leukocyte: 199.0"	"Low cancer specificity"	"Detected in all"			"Low region specificity"	"Detected in all"			"Immune cell enhanced"	"Detected in all"		"neutrophil: 653.3"	"Low lineage specificity"	"Detected in all"			"Low cancer specificity"	"Detected in all"			"Lung - Alveolar cells type 1, Spleen - Neutrophils_2, Testis - Early spermatids, Testis - Late spermatids"					"Low region specificity"	"Detected in many"			"Cell type enhanced"	"Detected in many"		"Oocytes: 2225655.5;Smooth muscle cells: 3486852.3"	"Tissue enhanced"	"Detected in all"		"skin: 44003355.9"	"HPA002190, CAB010454, HPA024386"	Enhanced				"Secreted to blood"	"Complement pathway"	NA	No	32300000	16000000	"Cluster 35: Neutrophils - Protein binding"	"Cluster 14: Adipose tissue - Angiogenesis"	"Cluster 28: Oligodendrocytes - Mixed function"	"Cluster 53: Squamous epithelial cells - Keratinization"	"Cluster 31: Neutrophils - Chemotaxis & Apoptosis"	1			"CAB010454: , HPA002190: , HPA024386: "	"unprognostic (4.12e-1)"	"unprognostic (7.61e-2)"	"unprognostic (9.07e-2)"	"unprognostic (3.32e-1)"	"unprognostic (6.26e-2)"	"unprognostic (2.24e-2)"	"unprognostic (2.62e-2)"	"unprognostic (4.30e-2)"	"unprognostic (5.27e-2)"	"unprognostic (1.33e-1)"	"unprognostic (1.07e-1)"	"unprognostic (1.19e-2)"	"potential prognostic unfavorable (3.47e-6)"	"unprognostic (3.46e-2)"	"unprognostic (4.78e-2)"	"unprognostic (1.07e-2)"	"unprognostic (2.37e-1)"	"unprognostic (5.31e-3)"	"unprognostic (4.16e-1)"	"unprognostic (3.13e-2)"	"potential prognostic unfavorable (6.72e-5)"	"unprognostic (4.58e-2)"	"unprognostic (4.57e-2)"	"unprognostic (1.67e-1)"	"unprognostic (4.25e-2)"	"unprognostic (1.00e-1)"	"unprognostic (1.82e-1)"	"unprognostic (1.69e-1)"	"unprognostic (1.89e-1)"	"unprognostic (4.43e-2)"	"unprognostic (6.70e-2)"
CD6	Tp120	ENSG00000013725	"CD6 molecule"	P30203	11	60971680-61020377	"CD markers, Predicted membrane proteins, Predicted secreted proteins"	"Adaptive immunity, Cell adhesion, Immunity, Innate immunity"			"Evidence at protein level"	"Evidence at protein level"	"Evidence at protein level"	"Evidence at protein level"	"Tissue enhanced"	"Detected in many"		"intestine: 12.6;lymphoid tissue: 40.4"	"Cell type enriched"	"Detected in many"	7	"T-cells: 196.7"	"Cell type enriched"	"Detected in many"	7	"T-cells: 196.7"	"Cell type enriched"	"Detected in many"	29	"leukocyte: 129.7"	"Low cancer specificity"	"Detected in many"			"Low region specificity"	"Detected in all"			"Group enriched"	"Detected in many"	33	"gdT-cell: 27.8;MAIT T-cell: 24.7;memory CD4 T-cell: 51.5;memory CD8 T-cell: 48.4;naive CD4 T-cell: 34.5;naive CD8 T-cell: 25.2;T-reg: 25.5"	"Lineage enriched"	"Detected in many"	50	"T-cells: 51.5"	"Group enriched"	"Detected in some"	10	"Leukemia: 10.8;lymphoma: 11.0"	"Adipose subcutaneous - T-cells, Adipose visceral - T-cells, Adrenal gland - T-cells, Breast - T-cells, Colon - T-cells, Heart muscle - T-cells, Kidney - T-cells, Liver - T-cells, Lung - T-cells, Minor Salivary Gland - T-cells, Pituitary gland - T-cells, Prostate - T-cells, Spleen - T-cells, Stomach - T-cells, Thyroid gland - T-cells"	"Not detected"	"Not detected"			"Not detected"	"Not detected"			"Cell type enriched"	"Detected in some"		"T-cells: 985622.4"	"Group enriched"	"Detected in some"	1693	"intestine: 163534.0;lymphoid tissue: 175069.5"	"CAB002489, CAB016252"	Enhanced				"Secreted to blood"	Immunity	NA	NA	5270000	21000	"Cluster 11: T-cells - Unknown function"	"Cluster 51: Lymphoid tissue - Adaptive immune response"	"Cluster 41: Monoamines - Neurotransmitter signalling"	"Cluster 59: Leukemia - T-cell receptor"	"Cluster 9: T-cells - Adaptive immunity: Regulation"	7			"CAB002489: , CAB016252: "	"unprognostic (9.32e-2)"	"potential prognostic favorable (2.12e-4)"	"unprognostic (1.43e-2)"	"potential prognostic favorable (7.70e-5)"	"unprognostic (2.21e-1)"	"unprognostic (2.29e-1)"			"potential prognostic favorable (1.42e-5)"		"unprognostic (8.82e-2)"	"unprognostic (2.61e-1)"	"unprognostic (6.07e-3)"	"unprognostic (8.79e-3)"	"potential prognostic favorable (6.48e-4)"	"unprognostic (1.22e-2)"	"unprognostic (9.83e-2)"	"unprognostic (2.17e-1)"	"unprognostic (3.22e-1)"	"unprognostic (4.07e-3)"	"unprognostic (1.96e-2)"	"unprognostic (4.06e-1)"	"unprognostic (3.28e-2)"	"unprognostic (1.73e-1)"	"unprognostic (5.57e-2)"	"unprognostic (2.98e-1)"	"potential prognostic favorable (6.31e-4)"	"unprognostic (7.20e-2)"	"unprognostic (3.69e-2)"	"unprognostic (1.09e-1)"	"unprognostic (1.14e-1)"
CD74	"CLIP, DHLAG"	ENSG00000019582	"CD74 molecule"	P04233	5	150401637-150412969	"Cancer-related genes, CD markers, Disease related genes, Potential drug targets, Predicted membrane proteins, Predicted secreted proteins, Transporters"	"Adaptive immunity, Immunity"	Chaperone	"Cancer-related genes"	"Evidence at protein level"	"Evidence at protein level"	"Evidence at protein level"	"Evidence at protein level"	"Tissue enhanced"	"Detected in all"		"lymphoid tissue: 4925.3"	"Cell type enhanced"	"Detected in many"		"B-cells: 3923.1;cDC: 14449.7;Endometrial secretory cells: 1799.7;Enterocytes: 4957.0;Kupffer cells: 5170.7;Macrophages: 5932.6;monocytes: 2326.9;pDCs: 4090.1"	"Group enriched"	"Detected in all"	4	"B-cells: 3923.1;dendritic cells: 14449.7;Enterocytes: 4957.0;Mononuclear phagocytes: 5932.6"	"Cell type enriched"	"Detected in many"	5	"central nervous system macrophage: 1596.0"	"Low cancer specificity"	"Detected in all"			"Low region specificity"	"Detected in all"			"Group enriched"	"Detected in all"	5	"classical monocyte: 11129.6;intermediate monocyte: 16174.8;memory B-cell: 27121.2;myeloid DC: 23965.9;naive B-cell: 28192.5;non-classical monocyte: 8146.1;plasmacytoid DC: 17015.9"	"Group enriched"	"Detected in all"	6	"B-cells: 28192.5;dendritic cells: 23965.9;monocytes: 16174.8"	"Group enriched"	"Detected in many"	7	"Leukemia: 998.7;lymphoma: 3214.7;Myeloma: 1807.4;skin cancer: 961.7"	"Adipose visceral - T-cells, Thyroid gland - T-cells"	"Low region specificity"	"Detected in all"			"Low region specificity"	"Detected in all"			"Group enriched"	"Detected in many"		"Alveolar cell types: 26932702.4;B-cells: 24088293.3;Macrophages: 16890599.5;Pancreas epithelial cells: 20762691.4;T-cells: 18147602.8"	"Tissue enhanced"	"Detected in all"		"lymphoid tissue: 91191182.8"	"CAB002506, HPA010592, CAB079994"	Enhanced		Supported	"Golgi apparatus"	"Secreted to blood"	Immunity	NA	NA		120000	"Cluster 2: Dendritic cells - Unknown function"	"Cluster 18: Lymphoid tissue - Immune response"	"Cluster 20: Macrophages & Microglia - Immune response"	"Cluster 21: Lymphoma - Adaptive immune response"	"Cluster 82: Dendritic cells - Antigen presentation"	19	"Golgi apparatus"		"CAB002506: , CAB079994: , HPA010592: "	"unprognostic (1.93e-3)"	"potential prognostic favorable (9.48e-5)"	"unprognostic (7.99e-2)"	"unprognostic (1.92e-2)"	"unprognostic (2.67e-1)"	"unprognostic (3.10e-1)"	"unprognostic (6.11e-2)"	"unprognostic (1.82e-1)"	"unprognostic (2.78e-2)"	"unprognostic (2.35e-1)"	"unprognostic (3.17e-1)"	"unprognostic (4.14e-1)"	"unprognostic (3.94e-2)"	"unprognostic (3.54e-1)"	"unprognostic (2.84e-2)"	"unprognostic (1.12e-3)"	"unprognostic (9.15e-2)"	"unprognostic (9.54e-2)"	"unprognostic (1.95e-1)"	"unprognostic (2.52e-1)"	"unprognostic (1.51e-2)"	"unprognostic (2.89e-2)"	"unprognostic (1.21e-1)"	"unprognostic (2.11e-1)"	"unprognostic (1.13e-1)"	"unprognostic (2.34e-2)"	"unprognostic (2.56e-2)"	"unprognostic (1.05e-1)"	"unprognostic (5.36e-2)"	"unprognostic (2.53e-1)"	"unprognostic (2.47e-3)"
CD99L2	"CD99B, MIC2L1"	ENSG00000102181	"CD99 molecule like 2"	Q8TCZ2	X	150766336-150898816	"Predicted intracellular proteins, Predicted membrane proteins, Predicted secreted proteins"	"Cell adhesion"			"Evidence at protein level"	"Evidence at protein level"	"Evidence at protein level"	"Evidence at protein level"	"Tissue enhanced"	"Detected in all"		"skeletal muscle: 170.4"	"Cell type enhanced"	"Detected in many"		"Myonuclei: 144.9;Thymic myoid cells: 126.4"	"Cell type enhanced"	"Detected in all"		"Myocytes: 144.9"	"Low cell type specificity"	"Detected in all"			"Low cancer specificity"	"Detected in all"			"Low region specificity"	"Detected in all"			"Low immune cell specificity"	"Detected in all"			"Low lineage specificity"	"Detected in all"			"Low cancer specificity"	"Detected in all"			"Adipose subcutaneous - Adipocytes (Subcutaneous), Adipose visceral - Adipocytes (Visceral), Breast - Adipocytes (Breast), Minor Salivary Gland - Endothelial cells, Skin - Fibroblasts_2"	"Low region specificity"	"Detected in all"			"Low region specificity"	"Detected in all"			"Group enriched"	"Detected in many"		"Astrocytes and Neuropil: 6542950.6;Microglia and Neuropil: 12124026.4;Neurons: 3159176.6"	"Group enriched"	"Detected in many"		"cerebral cortex: 18082624.2;salivary gland: 7234271.8"	"HPA038782, HPA038783, HPA061400"	Enhanced		Approved	"Plasma membrane"	"Secreted in other tissues"	"Cell adhesion"	NA	NA		1000000	"Cluster 5: Non-specific - Cell proliferation"	"Cluster 25: Non-specific - Basic cellular processes"	"Cluster 52: Neurons & Synapses - Synaptic function"	"Cluster 10: Ciliated cells - Ion channel activity"	"Cluster 46: Skeletal myocytes - Muscle structure & formation"	11	"Plasma membrane"		"HPA038782: , HPA038783: , HPA061400: "	"unprognostic (4.02e-2)"	"potential prognostic unfavorable (8.55e-4)"	"unprognostic (2.62e-2)"	"unprognostic (1.23e-1)"	"unprognostic (6.84e-2)"	"unprognostic (1.01e-1)"	"unprognostic (3.26e-1)"	"unprognostic (3.98e-2)"	"unprognostic (1.08e-1)"	"unprognostic (2.04e-1)"	"potential prognostic favorable (2.38e-4)"	"unprognostic (2.38e-1)"	"unprognostic (1.68e-1)"	"unprognostic (4.87e-2)"	"unprognostic (1.88e-1)"	"unprognostic (2.93e-3)"	"unprognostic (1.45e-1)"	"unprognostic (1.97e-1)"	"unprognostic (3.67e-1)"	"unprognostic (2.98e-1)"	"unprognostic (9.69e-2)"	"potential prognostic favorable (6.65e-5)"	"unprognostic (2.68e-2)"	"unprognostic (3.63e-2)"	"unprognostic (8.17e-3)"	"unprognostic (9.92e-2)"	"unprognostic (1.57e-1)"	"unprognostic (9.78e-2)"	"unprognostic (4.83e-2)"	"unprognostic (1.00e-1)"	"unprognostic (1.57e-1)"
CGREF1	CGR11	ENSG00000138028	"Cell growth regulator with EF-hand domain 1"	Q99674	2	27098889-27119128	"Plasma proteins, Predicted intracellular proteins, Predicted membrane proteins, Predicted secreted proteins"	"Cell adhesion, Cell cycle, Growth arrest"			"Evidence at protein level"	"Evidence at transcript level"	"Evidence at protein level"	"Evidence at protein level"	"Tissue enhanced"	"Detected in many"		"brain: 44.6;salivary gland: 24.5"	"Cell type enriched"	"Detected in many"	7	"Oocytes: 280.9"	"Cell type enriched"	"Detected in many"	7	"Oocytes: 280.9"	"Low cell type specificity"	"Detected in all"			"Low cancer specificity"	"Detected in many"			"Low region specificity"	"Detected in all"			"Not detected in immune cells"	"Not detected"			"Not detected"	"Not detected"			"Low cancer specificity"	"Detected in many"			"Lung - Fibroblasts_2, Minor Salivary Gland - Minor salivary glandular cells, Prostate - Prostate glandular cells, Spleen - Smooth muscle cells, Stomach - Mitotic cells (Stomach)"	"Low region specificity"	"Detected in all"			"Low region specificity"	"Detected in all"			"Group enriched"	"Detected in some"		"Neurons: 570193.1;Oocytes: 478715.1"	"Group enriched"	"Detected in many"		"fallopian tube: 17930420.2;intestine: 11674780.1;salivary gland: 20333095.1"	"HPA008241, HPA071103"	Uncertain		Approved	"Golgi apparatus"	"Secreted in brain"	"Cell adhesion"	NA	NA		1900000		"Cluster 73: Brain - Neuronal signaling"	"Cluster 51: Neurons - Mixed function"	"Cluster 27: Breast cancer - Unknown function"	"Cluster 98: Neurons - Neurotransmission & signaling"	16	"Golgi apparatus"		"HPA008241: , HPA071103: "	"unprognostic (2.01e-1)"	"unprognostic (5.61e-2)"	"unprognostic (1.90e-1)"	"potential prognostic unfavorable (9.77e-4)"	"unprognostic (1.45e-1)"	"unprognostic (2.18e-1)"	"unprognostic (9.59e-2)"	"unprognostic (3.78e-2)"	"unprognostic (3.76e-2)"		"unprognostic (5.34e-2)"	"unprognostic (3.51e-2)"	"unprognostic (4.04e-1)"	"potential prognostic unfavorable (8.09e-4)"	"unprognostic (4.25e-2)"	"unprognostic (1.96e-1)"	"unprognostic (2.35e-1)"	"unprognostic (1.50e-2)"	"unprognostic (5.41e-2)"	"unprognostic (1.10e-1)"	"unprognostic (4.37e-1)"	"unprognostic (1.01e-1)"	"unprognostic (1.27e-2)"	"unprognostic (5.22e-2)"	"unprognostic (2.37e-1)"	"unprognostic (1.05e-1)"	"unprognostic (4.12e-1)"	"unprognostic (1.97e-1)"	"unprognostic (2.83e-2)"		"unprognostic (4.38e-2)"
CHL1	"CALL, FLJ44930, L1CAM2, MGC132578"	ENSG00000134121	"Cell adhesion molecule L1 like"	O00533	3	196763-409417	"Plasma proteins, Predicted membrane proteins, Predicted secreted proteins"	"Cell adhesion, Differentiation, Neurogenesis"	"Developmental protein"		"Evidence at protein level"	"Evidence at protein level"	"Evidence at protein level"	"Evidence at protein level"	"Tissue enhanced"	"Detected in many"		"brain: 62.8;ovary: 31.9"	"Cell type enhanced"	"Detected in many"		"Astrocytes: 381.5;Bergmann glia: 1191.4;Brain excitatory neurons: 356.9;Brain inhibitory neurons: 350.9;Conjunctival goblet cells: 282.5;Oligodendrocyte progenitor cells: 992.9;Other brain neurons: 553.0;Pituicytes/FSCs: 356.5;Renal collecting duct intercalated cells: 257.3;Respiratory secretory cells: 327.2;Schwann cells: 767.9"	"Cell type enhanced"	"Detected in many"		"Glial cells: 1191.4;Neuronal cells: 553.0"	"Low cell type specificity"	"Detected in all"			"Cancer enhanced"	"Detected in many"		"Glioblastoma Multiforme (TCGA): 40.5;Kidney Renal Papillary Cell Carcinoma (TCGA): 36.5"	"Low region specificity"	"Detected in all"			"Group enriched"	"Detected in some"	33	"memory B-cell: 2.8;naive B-cell: 3.8"	"Lineage enriched"	"Detected in single"	38	"B-cells: 3.8"	"Group enriched"	"Detected in many"	7	"Rhabdoid: 38.6;skin cancer: 30.5"	"Colon - Enteric glia cells, Spleen - B-cells (Spleen)"	"Low region specificity"	"Detected in all"			"Low region specificity"	"Detected in all"			"Group enriched"	"Detected in many"		"Astrocytes and Neuropil: 44608118.1;Microglia and Neuropil: 35666126.7;Neurons: 17609301.9"	"Tissue enriched"	"Detected in all"		"cerebral cortex: 84780761.7"	"HPA003345, CAB026120"	Enhanced				"Secreted in brain"	"Developmental protein"	NA	NA		530000000	"Cluster 34: B-cells - Unknown function"	"Cluster 73: Brain - Neuronal signaling"	"Cluster 14: Neurons - Synaptic function"	"Cluster 5: Rhabdoid - Unknown function"	"Cluster 109: Neurons - Neuronal signaling"				"CAB026120: , HPA003345: "	"unprognostic (9.76e-2)"	"unprognostic (5.72e-2)"	"unprognostic (3.50e-1)"	"unprognostic (7.81e-2)"		"unprognostic (7.47e-2)"	"unprognostic (2.23e-3)"	"unprognostic (9.77e-3)"	"unprognostic (1.02e-1)"	"unprognostic (1.28e-1)"	"unprognostic (6.39e-3)"	"unprognostic (2.53e-1)"	"potential prognostic favorable (3.30e-5)"		"unprognostic (6.44e-2)"	"unprognostic (1.51e-1)"	"unprognostic (3.19e-1)"	"unprognostic (3.45e-1)"	"unprognostic (2.19e-1)"	"unprognostic (8.01e-2)"	"unprognostic (2.54e-3)"	"unprognostic (1.65e-1)"	"unprognostic (3.76e-1)"	"unprognostic (1.12e-1)"		"unprognostic (1.40e-1)"	"unprognostic (3.12e-1)"	"unprognostic (6.47e-2)"		"unprognostic (5.08e-3)"	"unprognostic (8.84e-2)"
CKLF	"C32, CKLF1, CKLF3, CKLF4, HSPC224, UCK-1"	ENSG00000217555	"Chemokine like factor"	Q9UBR5	16	66552563-66566251	"Predicted intracellular proteins, Predicted membrane proteins, Predicted secreted proteins"	Chemotaxis	Cytokine		"Evidence at protein level"	"Evidence at transcript level"	"Evidence at protein level"	"Evidence at protein level"	"Low tissue specificity"	"Detected in all"			"Cell type enhanced"	"Detected in many"		"cDC: 196.5;Early primary spermatocytes: 186.0;Gastric progenitor cells: 439.6;Hofbauer cells: 205.7;Late primary spermatocytes: 361.3;Mast cells: 258.9;Megakaryocytes: 210.2;Neutrophils: 399.4"	"Cell type enhanced"	"Detected in many"		"Neutrophils: 399.4;Proliferating cells: 439.6;Spermatogenic cell types: 361.3"	"Cell type enhanced"	"Detected in all"		"central nervous system macrophage: 163.9;leukocyte: 171.0"	"Low cancer specificity"	"Detected in all"			"Low region specificity"	"Detected in all"			"Immune cell enhanced"	"Detected in all"		"neutrophil: 1394.0"	"Low lineage specificity"	"Detected in all"			"Low cancer specificity"	"Detected in all"			"Testis - Early spermatids"	"Low region specificity"	"Detected in all"			"Low region specificity"	"Detected in some"			"Cell type enriched"	"Detected in single"	1950	"Macrophages: 195046.4"	"Not detected"	"Not detected"			HPA062779			Approved	"Vesicles,Mid piece,Principal piece"	"Secreted to blood"	Cytokine	NA	NA	31700		"Cluster 21: Neutrophils - Unknown function"	"Cluster 59: Lymphoid tissue & Bone marrow - Cell proliferation"	"Cluster 39: Astrocytes - Mixed function"	"Cluster 68: Non-specific - Cell cycle regulation"	"Cluster 40: Monocytes & Neutrophils - Inflammatory signaling"	1	Vesicles	"Mid piece, Principal piece"	"HPA062779: "	"unprognostic (6.97e-2)"	"unprognostic (1.34e-1)"	"unprognostic (2.01e-1)"	"unprognostic (2.62e-2)"	"unprognostic (5.77e-2)"	"unprognostic (9.20e-2)"	"unprognostic (6.55e-2)"	"unprognostic (5.30e-2)"	"unprognostic (1.82e-1)"	"unprognostic (8.85e-2)"	"unprognostic (2.05e-2)"	"unprognostic (3.51e-1)"	"unprognostic (2.23e-2)"	"validated prognostic unfavorable (1.06e-9)"	"validated prognostic unfavorable (4.29e-4)"	"unprognostic (1.89e-1)"	"unprognostic (1.91e-3)"	"unprognostic (5.49e-2)"	"unprognostic (1.42e-3)"	"unprognostic (1.14e-1)"	"unprognostic (1.44e-2)"	"unprognostic (1.62e-3)"	"unprognostic (6.55e-2)"	"unprognostic (8.38e-2)"	"unprognostic (1.58e-1)"	"unprognostic (3.83e-1)"	"unprognostic (1.02e-1)"	"unprognostic (2.69e-1)"	"unprognostic (2.55e-1)"	"potential prognostic favorable (2.36e-4)"	"unprognostic (7.66e-2)"
CNMD	"BRICD3, CHM-I, CHM1, LECT1, MYETS1"	ENSG00000136110	Chondromodulin	O75829	13	52703264-52739820	"Plasma proteins, Predicted intracellular proteins, Predicted membrane proteins, Predicted secreted proteins"	"Chondrogenesis, Differentiation"	"Developmental protein"		"Evidence at protein level"	"Evidence at transcript level"	"Evidence at protein level"	"Evidence at protein level"	"Group enriched"	"Detected in some"	4	"brain: 6.4;choroid plexus: 11.9;retina: 7.7;salivary gland: 6.3;thyroid gland: 3.1"	"Cell type enriched"	"Detected in many"	4	"Müller glia: 108.5"	"Cell type enriched"	"Detected in many"	4	"Glial cells: 108.5"	"Cell type enhanced"	"Detected in many"		"oligodendrocyte precursor cell: 22.4"	"Group enriched"	"Detected in some"	4	"Lung Adenocarcinoma (TCGA): 18.4;Testicular Germ Cell Tumor (TCGA): 8.9;Thyroid Carcinoma (TCGA): 7.9"	"Low region specificity"	"Detected in all"			"Not detected in immune cells"	"Not detected"			"Not detected"	"Not detected"			"Cancer enhanced"	"Detected in some"		"Bone cancer: 1.1;testis cancer: 1.2"	"Minor Salivary Gland - Minor salivary glandular cells, Pancreas - Beta cells, Testis - Spermatocytes"	"Low region specificity"	"Detected in all"			"Low region specificity"	"Detected in all"			"Not detected"	"Not detected"			"Not detected"	"Not detected"			HPA010510	Uncertain				"Secreted to extracellular matrix"	"Developmental protein"	NA	NA				"Cluster 48: Ciliated tissues - Cilium organization"	"Cluster 33: Neurons - Mixed function"	"Cluster 10: Ciliated cells - Ion channel activity"	"Cluster 11: Muller glia cells - Retinal homeostasis"				"HPA010510: "							"unprognostic (3.52e-2)"	"unprognostic (1.65e-3)"			"unprognostic (1.61e-2)"					"unprognostic (3.12e-3)"	"unprognostic (1.09e-2)"	"unprognostic (2.65e-1)"											"unprognostic (4.04e-1)"	"unprognostic (2.41e-1)"	
COL17A1	"BP180, BPAG2"	ENSG00000065618	"Collagen type XVII alpha 1 chain"	Q9UMD9	10	104031286-104085880	"Cancer-related genes, Disease related genes, Human disease related genes, Plasma proteins, Predicted intracellular proteins, Predicted membrane proteins, Predicted secreted proteins"			"Cancer-related genes, Disease variant, Epidermolysis bullosa"	"Evidence at protein level"	"Evidence at protein level"	"Evidence at protein level"	"Evidence at protein level"	"Tissue enriched"	"Detected in many"	7	"skin 1: 548.0"	"Cell type enhanced"	"Detected in many"		"Basal keratinocytes: 1195.6;Breast myoepithelial cells: 265.2;Colonocytes: 148.3;Enterocytes: 121.0;Epididymal basal cells: 122.2;Esophageal basal cells: 151.4;Medullary thymic epithelial cells: 199.2;Ocular epithelial cells: 738.2;Salivary basal cells: 163.2;Salivary myoepithelial cells: 144.1;Suprabasal keratinocytes: 154.2"	"Cell type enhanced"	"Detected in many"		"Barrier epithelial cells: 738.2;Basal cells: 1195.6;Secretory gland support: 265.2"	"Cell type enhanced"	"Detected in some"		"ependymal cell: 1.7;medium spiny neuron: 1.6;midbrain-derived inhibitory: 1.4"	"Cancer enriched"	"Detected in many"	4	"Head and Neck Squamous Cell Carcinoma (TCGA): 509.1"	"Low region specificity"	"Detected in many"			"Not detected in immune cells"	"Not detected"			"Not detected"	"Not detected"			"Cancer enhanced"	"Detected in many"		"cervical cancer: 200.6;head and neck cancer: 440.5"	"Breast - Breast myoepithelial cells, Colon - Colon enterocytes, Prostate - Prostate basal glandular cells, Skin - Keratinocyte (other), Spleen - Neutrophils_1, Stomach - Gastric mucous cells"	"Region enriched"	"Detected in single"	4	"cerebellum: 1.0"	"Low region specificity"	"Detected in all"			"Cell type enriched"	"Detected in some"		"Keratinocytes: 45969283.9"	"Tissue enriched"	"Detected in some"		"skin: 4059407.5"	"HPA043673, HPA052963"	Enhanced		Supported	"Golgi apparatus,Plasma membrane"	"Secreted to extracellular matrix"	"No annotated function"	NA	NA		24000		"Cluster 37: Skin - Keratinization"	"Cluster 15: Non-specific - Transcription"	"Cluster 53: Squamous epithelial cells - Keratinization"	"Cluster 100: Stratified epithelial cells - Barrier functions"	14	"Plasma membrane"	"Golgi apparatus"	"HPA043673: , HPA052963: "	"unprognostic (1.00e-1)"	"potential prognostic favorable (1.86e-5)"	"unprognostic (3.71e-1)"	"unprognostic (7.85e-2)"	"unprognostic (1.75e-1)"	"unprognostic (2.60e-1)"			"unprognostic (2.52e-1)"		"unprognostic (3.46e-1)"		"unprognostic (2.25e-1)"			"unprognostic (5.44e-2)"	"unprognostic (8.05e-2)"	"unprognostic (5.98e-2)"	"unprognostic (2.48e-3)"			"potential prognostic unfavorable (3.96e-7)"	"unprognostic (5.57e-3)"	"unprognostic (6.09e-2)"	"unprognostic (1.51e-1)"	"unprognostic (2.41e-2)"	"unprognostic (8.04e-2)"	"unprognostic (1.13e-1)"	"unprognostic (1.47e-1)"	"unprognostic (3.41e-2)"	"unprognostic (2.28e-1)"
CRB1	"LCA8, RP12"	ENSG00000134376	"Crumbs cell polarity complex component 1"	P82279	1	197268204-197478455	"Disease related genes, Human disease related genes, Plasma proteins, Potential drug targets, Predicted intracellular proteins, Predicted membrane proteins, Predicted secreted proteins, Transporters"			"Disease variant, Leber congenital amaurosis, Retinitis pigmentosa"	"Evidence at protein level"	"Evidence at protein level"	"Evidence at protein level"	"Evidence at protein level"	"Tissue enriched"	"Detected in some"	6	"retina: 69.2"	"Cell type enhanced"	"Detected in many"		"Astrocytes: 465.6;Bergmann glia: 440.4;Cone photoreceptor cells: 254.6;Corticotrophs: 306.5;Ependymal cells: 1470.5;Müller glia: 594.7;Oligodendrocyte progenitor cells: 297.4;Oligodendrocytes: 297.7;Rod photoreceptor cells: 337.3;Sertoli cells: 168.2"	"Cell type enhanced"	"Detected in many"		"Ciliated cells: 1470.5;Glial cells: 594.7;Neuronal cells: 337.3;Pituitary endocrine cells: 306.5"	"Cell type enhanced"	"Detected in all"		"committed oligodendrocyte precursor: 1028.8;ependymal cell: 1432.7"	"Cancer enriched"	"Detected in some"	11	"Glioblastoma Multiforme (TCGA): 19.2"	"Low region specificity"	"Detected in all"			"Immune cell enriched"	"Detected in single"	28	"basophil: 7.8"	"Lineage enriched"	"Detected in single"	28	"granulocytes: 7.8"	"Group enriched"	"Detected in some"	5	"cervical cancer: 4.7;Sarcoma: 4.6"	"Kidney - Ascending Loop of Henle cells, Pituitary gland - Corticotropes"	"Not detected"	"Not detected"			"Low region specificity"	"Detected in all"			"Not detected"	"Not detected"			"Tissue enriched"	"Detected in single"	3157	"intestine: 315690.1"	"HPA061250, HPA063127"	Approved		Approved	Vesicles	"Secreted in brain"	"No annotated function"	NA	NA				"Cluster 46: Brain & retina - Neuronal signaling"	"Cluster 40: Astrocytes - Astrocyte-neuron interactions"	"Cluster 7: Liver cancer - Metabolism"	"Cluster 34: Ciliated cells - Cilia assembly & function"	7	Vesicles		"HPA061250: , HPA063127: "							"unprognostic (5.68e-2)"	"unprognostic (6.16e-3)"																			"unprognostic (4.83e-2)"				
CRHR2	"CRF-RB, CRF2, HM-CRF"	ENSG00000106113	"Corticotropin releasing hormone receptor 2"	Q13324	7	30651942-30700129	"G-protein coupled receptors, Predicted membrane proteins, Predicted secreted proteins"		"G-protein coupled receptor, Receptor, Transducer"		"Evidence at protein level"	"Evidence at protein level"	"Evidence at protein level"	"Evidence at protein level"	"Tissue enriched"	"Detected in some"	5	"choroid plexus: 20.9"	"Cell type enhanced"	"Detected in some"		"Choroid plexus epithelial cells: 71.8;Epicardial cells: 22.7;Pericytes: 12.7;Retinal amacrine cells: 35.9;Retinal horizontal cells: 26.0;Somatotrophs: 11.4;Thyrotrophs: 16.0"	"Cell type enhanced"	"Detected in some"		"Barrier epithelial cells: 22.7;Ciliated cells: 71.8;Neuronal cells: 35.9;Pituitary endocrine cells: 16.0"	"Cell type enriched"	"Detected in many"	4	"choroid plexus epithelial cell: 100.8"	"Not detected"	"Not detected"			"Region enhanced"	"Detected in all"		"choroid plexus: 48.3"	"Not detected in immune cells"	"Not detected"			"Not detected"	"Not detected"			"Cancer enriched"	"Detected in single"	6	"thyroid cancer: 5.5"	"Pituitary gland - Thyrotropes"	"Region enhanced"	"Detected in many"		"basal ganglia: 8.1"	"Low region specificity"	"Detected in many"			"Not detected"	"Not detected"			"Not detected"	"Not detected"			HPA073345			Supported	"Plasma membrane"	"Secreted - unknown location"	Receptor	NA	NA				"Cluster 1: Choroid plexus - Transmembrane transport"	"Cluster 23: Choroid plexus - Mixed function"	"Cluster 16: Thyroid cancer - Neuronal signaling"	"Cluster 71: Non-specific - Cardiac endocrine signaling & maintenanc"		"Plasma membrane"		"HPA073345: "																															
CSF1	"M-CSF, MCSF, MGC31930"	ENSG00000184371	"Colony stimulating factor 1"	P09603	1	109910242-109930992	"Cancer-related genes, Candidate cardiovascular disease genes, Disease related genes, Plasma proteins, Predicted intracellular proteins, Predicted membrane proteins, Predicted secreted proteins, RAS pathway related proteins"	"Immunity, Inflammatory response, Innate immunity"	"Cytokine, Growth factor"	"Cancer-related genes"	"Evidence at protein level"	"Evidence at protein level"	"Evidence at protein level"	"Evidence at protein level"	"Low tissue specificity"	"Detected in all"			"Cell type enhanced"	"Detected in many"		"Erythrocyte progenitors: 101.5;Fibroblasts: 73.2;Mast cells: 343.1;Megakaryocyte progenitors: 125.9;Megakaryocyte-Erythroid progenitors: 451.5;Pancreatic duct cells: 107.7;Schwann cells: 75.3"	"Cell type enhanced"	"Detected in many"		"Mast cells: 343.1;Megakaryocytes: 451.5"	"Cell type enhanced"	"Detected in many"		"fibroblast: 159.8"	"Low cancer specificity"	"Detected in all"			"Low region specificity"	"Detected in all"			"Group enriched"	"Detected in some"	13	"basophil: 13.2;eosinophil: 22.3"	"Lineage enriched"	"Detected in many"	16	"granulocytes: 22.3"	"Low cancer specificity"	"Detected in all"				"Low region specificity"	"Detected in all"			"Low region specificity"	"Detected in all"			"Not detected"	"Not detected"			"Group enriched"	"Detected in many"		"kidney: 163342.1;lymphoid tissue: 181478.6;ovary: 48328.1;salivary gland: 97422.2"	HPA076624			Supported	"Nuclear bodies,Plasma membrane"	"Secreted to blood"	Cytokine	NA	NA	270000	8800000	"Cluster 19: Eosinophils - Unknown function"	"Cluster 14: Adipose tissue - Angiogenesis"	"Cluster 13: Oligodendrocytes - Mixed function"	"Cluster 7: Liver cancer - Metabolism"	"Cluster 58: Mast cells - Allergic inflammatory responses"	7	"Plasma membrane"	"Nuclear bodies"	"HPA076624: "	"unprognostic (1.23e-1)"	"unprognostic (8.11e-3)"	"unprognostic (1.84e-1)"	"unprognostic (7.29e-2)"	"unprognostic (6.91e-2)"	"unprognostic (5.69e-2)"	"unprognostic (3.33e-1)"	"unprognostic (3.65e-3)"	"unprognostic (5.63e-2)"	"unprognostic (1.70e-1)"	"unprognostic (2.94e-3)"	"unprognostic (1.33e-1)"	"unprognostic (8.42e-2)"	"potential prognostic unfavorable (2.14e-5)"	"unprognostic (1.09e-1)"	"unprognostic (1.45e-1)"	"unprognostic (6.52e-3)"	"unprognostic (1.59e-1)"	"unprognostic (1.09e-1)"	"unprognostic (4.91e-2)"	"unprognostic (4.26e-1)"	"unprognostic (3.59e-1)"	"unprognostic (1.83e-2)"	"unprognostic (7.50e-2)"	"unprognostic (9.71e-2)"	"unprognostic (5.82e-3)"	"unprognostic (8.95e-3)"	"unprognostic (8.24e-2)"	"unprognostic (3.04e-2)"	"unprognostic (2.72e-1)"	"unprognostic (4.02e-2)"
CSF2RA	"alphaGMR, CD116, CSF2R"	ENSG00000198223	"Colony stimulating factor 2 receptor subunit alpha"	P15509	X	1268800-1310381	"Cancer-related genes, CD markers, Disease related genes, FDA approved drug targets, Human disease related genes, Predicted membrane proteins, Predicted secreted proteins"		Receptor	"Cancer-related genes, Disease variant, FDA approved drug targets"	"Evidence at protein level"	"Evidence at transcript level"	"Evidence at protein level"	"Evidence at protein level"	"Tissue enhanced"	"Detected in many"		"placenta: 59.9"	"Cell type enhanced"	"Detected in many"		"cDC: 771.2;Cytotrophoblasts: 425.8;Extravillous trophoblasts: 237.0;Hofbauer cells: 158.7;Macrophages: 349.2;Migrating cytotrophoblasts: 410.4;monocytes: 323.7;Neutrophil progenitors: 156.6;Neutrophils: 750.1;pDCs: 189.1;Syncytiotrophoblasts: 523.6"	"Group enriched"	"Detected in many"	8	"dendritic cells: 771.2;Mononuclear phagocytes: 349.2;Neutrophils: 750.1;Trophoblast cells: 523.6"	"Cell type enriched"	"Detected in single"	8	"central nervous system macrophage: 4.3"	"Low cancer specificity"	"Detected in all"			"Low region specificity"	"Detected in all"			"Immune cell enhanced"	"Detected in many"		"neutrophil: 319.8"	"Group enriched"	"Detected in all"	29	"dendritic cells: 170.1;granulocytes: 319.8;monocytes: 160.9"	"Cancer enriched"	"Detected in many"	7	"Adrenocortical cancer: 111.7"	"Adipose subcutaneous - Adipocytes (Subcutaneous), Adrenal gland - Macrophages, Minor Salivary Gland - Macrophages, Pancreas - Macrophages, Skeletal muscle - Macrophages, Spleen - Neutrophils_2, Stomach - Macrophages, Thyroid gland - T-cells"	"Low region specificity"	"Detected in single"							"Group enriched"	"Detected in some"		"Neutrophils: 2989944.4;T-cells: 2190937.0"	"Tissue enriched"	"Detected in single"	3561	"lymphoid tissue: 356104.5"	CAB016148	Uncertain				"Secreted to blood"	Receptor	NA	NA		710000	"Cluster 38: Monocytes & Neutrophils - Degranulation"	"Cluster 14: Adipose tissue - Angiogenesis"	"Cluster 20: Macrophages & Microglia - Immune response"	"Cluster 34: Testis cancer - Unknown function"	"Cluster 82: Dendritic cells - Antigen presentation"	2			"CAB016148: "	"unprognostic (2.91e-1)"	"unprognostic (2.09e-1)"	"unprognostic (1.85e-2)"	"potential prognostic favorable (1.75e-4)"	"unprognostic (4.20e-2)"	"unprognostic (1.43e-1)"	"unprognostic (2.82e-1)"		"potential prognostic favorable (8.00e-4)"	"unprognostic (8.58e-2)"	"unprognostic (4.83e-3)"	"unprognostic (3.35e-1)"	"unprognostic (1.84e-1)"	"unprognostic (3.77e-2)"		"unprognostic (7.06e-2)"	"unprognostic (9.07e-3)"	"unprognostic (3.80e-2)"	"unprognostic (5.23e-2)"	"unprognostic (7.11e-3)"	"unprognostic (2.25e-1)"	"unprognostic (1.76e-1)"	"unprognostic (3.31e-3)"	"unprognostic (6.19e-2)"	"unprognostic (1.07e-3)"	"potential prognostic favorable (3.57e-4)"	"unprognostic (9.22e-2)"	"unprognostic (5.63e-3)"	"unprognostic (1.03e-3)"	"unprognostic (9.14e-2)"	"unprognostic (3.42e-1)"
CSPG5	NGC	ENSG00000114646	"Chondroitin sulfate proteoglycan 5"	O95196	3	47562238-47580792	"Predicted membrane proteins, Predicted secreted proteins"	"Differentiation, Growth regulation, Neurogenesis"	"Developmental protein"		"Evidence at protein level"	"Evidence at protein level"	"Evidence at protein level"	"Evidence at protein level"	"Group enriched"	"Detected in some"	20	"brain: 103.3;choroid plexus: 53.4;retina: 26.3"	"Cell type enhanced"	"Detected in many"		"Alveolar cells type 1: 53.6;Astrocytes: 83.5;Choroid plexus epithelial cells: 49.0;Müller glia: 107.8;Oligodendrocyte progenitor cells: 318.5;Other brain neurons: 39.3;Respiratory ionocytes: 55.9;Retinal pigment epithelial cells: 225.9"	"Group enriched"	"Detected in many"	4	"Glial cells: 318.5;Pigment cells: 225.9"	"Cell type enriched"	"Detected in all"	5	"oligodendrocyte precursor cell: 315.1"	"Cancer enriched"	"Detected in many"	18	"Glioblastoma Multiforme (TCGA): 165.8"	"Low region specificity"	"Detected in all"			"Not detected in immune cells"	"Not detected"			"Not detected"	"Not detected"			"Cancer enhanced"	"Detected in many"		"Bone cancer: 14.1"	"Adipose subcutaneous - Adipocytes (Subcutaneous), Adipose visceral - Adipocytes (Visceral), Testis - Early spermatids"	"Low region specificity"	"Detected in all"			"Low region specificity"	"Detected in all"			"Cell type enhanced"	"Detected in some"		"Astrocytes and Neuropil: 1706679.9;Microglia and Neuropil: 3358444.5"	"Tissue enriched"	"Detected in single"	101835	"cerebral cortex: 10183537.4"	"HPA071779, HPA076601"	Enhanced		Approved	"Golgi apparatus,Vesicles,Plasma membrane,Cytosol"	"Secreted in brain"	"Developmental protein"	NA	No				"Cluster 78: Brain - Neuronal signaling"	"Cluster 51: Neurons - Mixed function"	"Cluster 12: Bone cancer - Neuronal signaling"	"Cluster 14: Oligodendrocyte progenitor cells - Development & myelination"	5	"Golgi apparatus, Vesicles, Plasma membrane, Cytosol"		"HPA071779: , HPA076601: "	"unprognostic (3.91e-2)"	"unprognostic (2.85e-1)"	"unprognostic (1.45e-1)"	"unprognostic (2.16e-1)"			"unprognostic (1.98e-1)"	"unprognostic (1.48e-2)"		"unprognostic (2.66e-2)"					"unprognostic (2.73e-3)"	"unprognostic (4.17e-1)"	"unprognostic (1.42e-1)"	"unprognostic (5.18e-2)"	"unprognostic (3.88e-2)"	"potential prognostic favorable (3.58e-5)"	"unprognostic (6.28e-2)"			"unprognostic (6.57e-2)"			"unprognostic (2.91e-1)"		"unprognostic (2.69e-1)"	"unprognostic (1.03e-1)"	"unprognostic (1.48e-2)"
CX3CL1	"ABCD-3, C3Xkine, CXC3, CXC3C, NTN, SCYD1"	ENSG00000006210	"C-X3-C motif chemokine ligand 1"	P78423	16	57372477-57385044	"Plasma proteins, Predicted membrane proteins, Predicted secreted proteins"	"Cell adhesion, Chemotaxis, Host-virus interaction, Inflammatory response"	Cytokine		"Evidence at protein level"	"Evidence at protein level"	"Evidence at protein level"	"Evidence at protein level"	"Low tissue specificity"	"Detected in many"			"Cell type enhanced"	"Detected in many"		"Breast secretory cells: 132.7;Epididymal clear cells: 69.4;Epididymal efferent duct absorptive cells: 62.6;Lacrimal acinar cells: 59.8;Pancreatic duct cells: 77.8;Salivary duct cells: 71.3;Salivary myoepithelial cells: 53.3;Submucosal glandular cells: 65.4;Vascular endothelial cells: 92.8;Vascular smooth muscle cells: 55.7"	"Cell type enhanced"	"Detected in many"		"Endothelial cells: 92.8;Secretory cells: 132.7"	"Cell type enhanced"	"Detected in all"		"vascular associated smooth muscle cell: 136.3"	"Low cancer specificity"	"Detected in all"			"Low region specificity"	"Detected in all"			"Not detected in immune cells"	"Not detected"			"Not detected"	"Not detected"			"Low cancer specificity"	"Detected in many"			"Adipose subcutaneous - Endothelial cells, Minor Salivary Gland - Minor salivary glandular cells"	"Low region specificity"	"Detected in all"			"Low region specificity"	"Detected in all"			"Cell type enriched"	"Detected in single"	25219	"Neurons: 2521917.8"	"Group enriched"	"Detected in some"	185	"intestine: 25484.7;lung: 11474.7"	"CAB026192, HPA040361, CAB080311"	Approved		Supported	"Plasma membrane"	"Secreted to blood"	Chemokine	NA	NA	1870000			"Cluster 74: Non-specific - Signal transduction"	"Cluster 51: Neurons - Mixed function"	"Cluster 18: Liver cancer - Metabolism"	"Cluster 32: Endothelial cells - Angiogenesis & vascular immunity"	9	"Plasma membrane"		"CAB026192: , CAB080311: , HPA040361: "	"unprognostic (1.06e-1)"	"unprognostic (8.24e-3)"	"unprognostic (2.57e-1)"	"unprognostic (1.32e-3)"	"unprognostic (3.67e-2)"	"unprognostic (2.90e-2)"	"unprognostic (3.06e-1)"	"unprognostic (1.49e-1)"	"unprognostic (2.53e-1)"	"unprognostic (2.03e-3)"	"validated prognostic favorable (1.08e-8)"	"validated prognostic favorable (1.92e-5)"	"potential prognostic favorable (7.97e-6)"	"unprognostic (4.94e-2)"	"unprognostic (2.59e-1)"	"unprognostic (2.83e-3)"	"unprognostic (1.03e-1)"	"unprognostic (2.16e-1)"	"unprognostic (2.94e-1)"	"unprognostic (1.63e-1)"	"unprognostic (4.14e-2)"	"unprognostic (3.66e-2)"	"unprognostic (1.91e-2)"	"unprognostic (3.05e-3)"	"unprognostic (8.93e-2)"	"unprognostic (8.37e-2)"	"unprognostic (4.94e-2)"	"unprognostic (1.45e-2)"	"unprognostic (1.45e-1)"	"unprognostic (4.44e-2)"	"unprognostic (2.95e-2)"
CXADR	CAR	ENSG00000154639	"CXADR Ig-like cell adhesion molecule"	P78310	21	17513043-17593579	"Predicted membrane proteins, Predicted secreted proteins, Transporters"	"Cell adhesion, Host-virus interaction"	"Host cell receptor for virus entry, Receptor"		"Evidence at protein level"	"Evidence at protein level"	"Evidence at protein level"	"Evidence at protein level"	"Tissue enhanced"	"Detected in many"		"skin 1: 50.3"	"Cell type enhanced"	"Detected in many"		"Endometrial luminal cells: 393.9;Enterocytes: 530.9;Urothelial cells: 715.9"	"Cell type enhanced"	"Detected in many"		"Barrier epithelial cells: 715.9;Enterocytes: 530.9"	"Low cell type specificity"	"Detected in all"			"Low cancer specificity"	"Detected in all"			"Low region specificity"	"Detected in all"			"Not detected in immune cells"	"Not detected"			"Not detected"	"Not detected"			"Low cancer specificity"	"Detected in all"			"Adipose visceral - Mesothelial cells, Minor Salivary Gland - Minor salivary glandular cells, Testis - Sertoli cells, Thyroid gland - Thyroid glandular cells"	"Low region specificity"	"Detected in all"			"Low region specificity"	"Detected in all"			"Cell type enhanced"	"Detected in many"		"Astrocytes and Neuropil: 9451317.5"	"Tissue enhanced"	"Detected in many"		"cerebral cortex: 19515253.7"	"HPA003342, CAB005103, HPA030411, HPA030412"	Enhanced		Supported	"Nucleoplasm,Plasma membrane,Cell Junctions"	"Secreted - unknown location"	Receptor	NA	NA		12000		"Cluster 77: Intestine - Digestion"	"Cluster 30: White matter - Myelination"	"Cluster 4: Non-specific - Transcription"	"Cluster 69: Urothelial cells - Basic cellular functions"	11	"Plasma membrane, Cell Junctions"	Nucleoplasm	"CAB005103: , HPA003342: , HPA030411: , HPA030412: "	"unprognostic (7.24e-3)"	"unprognostic (2.20e-1)"	"unprognostic (1.24e-3)"	"unprognostic (1.24e-1)"	"unprognostic (7.47e-2)"	"unprognostic (7.62e-2)"	"unprognostic (3.78e-2)"	"unprognostic (1.25e-1)"	"unprognostic (2.35e-3)"	"unprognostic (1.25e-1)"	"unprognostic (5.11e-2)"	"unprognostic (9.38e-3)"	"unprognostic (1.04e-1)"	"unprognostic (1.14e-1)"	"unprognostic (3.71e-2)"	"unprognostic (6.35e-2)"	"unprognostic (6.59e-2)"	"unprognostic (1.79e-1)"	"unprognostic (1.03e-1)"	"unprognostic (5.57e-2)"	"unprognostic (1.24e-1)"	"unprognostic (1.18e-2)"	"unprognostic (2.26e-1)"	"unprognostic (7.23e-2)"	"unprognostic (1.43e-2)"	"unprognostic (1.12e-1)"	"unprognostic (4.21e-1)"	"unprognostic (4.62e-3)"	"unprognostic (2.08e-1)"	"unprognostic (3.23e-2)"	"unprognostic (7.93e-3)"
EDA	"ED1, ED1-A1, ED1-A2, EDA-A1, EDA-A2, EDA1, EDA2, HED, ODT1, XHED, XLHED"	ENSG00000158813	"Ectodysplasin A"	Q92838	X	69616067-70039472	"Disease related genes, Human disease related genes, Predicted intracellular proteins, Predicted membrane proteins, Predicted secreted proteins"	Differentiation	"Cytokine, Developmental protein"	"Disease variant, Ectodermal dysplasia"	"Evidence at protein level"	"Evidence at protein level"	"Evidence at protein level"	"Evidence at protein level"	"Low tissue specificity"	"Detected in many"			"Cell type enhanced"	"Detected in many"		"Adrenal cortex cells: 298.7;Cardiomyocytes: 265.9;Epicardial cells: 209.2;Fibro-adipogenic progenitors: 400.3;Lacrimal acinar cells: 286.2;Macrophages: 202.8;Mesothelial cells: 200.3"	"Cell type enhanced"	"Detected in many"		"Fibro-adipogenic progenitors: 400.3"	"Cell type enhanced"	"Detected in all"		"central nervous system macrophage: 220.4;midbrain-derived inhibitory: 210.2"	"Low cancer specificity"	"Detected in many"			"Low region specificity"	"Detected in all"			"Immune cell enhanced"	"Detected in some"		"intermediate monocyte: 1.2;MAIT T-cell: 1.3"	"Group enriched"	"Detected in many"	5	"monocytes: 1.2;T-cells: 1.3"	"Cancer enhanced"	"Detected in many"		"prostate cancer: 6.1"	"Adrenal gland - Adrenal cortex cells, Skeletal muscle - Fibroblasts, Stomach - Chief cells, Thyroid gland - Thyroid glandular cells"	"Low region specificity"	"Detected in all"			"Low region specificity"	"Detected in many"			"Not detected"	"Not detected"			"Not detected"	"Not detected"			"HPA037972, HPA037973"			Supported	"Vesicles,Lipid droplets"	"Secreted - unknown location"	Cytokine	NA	NA				"Cluster 4: Adrenal gland - Steroid metabolism"	"Cluster 11: White matter - Signal transduction"	"Cluster 11: Neuronal - Sensory perception"	"Cluster 72: Macrophages - Phagocytosis & lysosomal degradation"	24	Vesicles	"Lipid droplets"	"HPA037972: , HPA037973: "	"unprognostic (1.35e-1)"	"unprognostic (3.05e-2)"	"unprognostic (1.22e-1)"	"unprognostic (4.05e-2)"	"unprognostic (5.02e-2)"	"unprognostic (3.04e-2)"	"unprognostic (1.12e-1)"	"unprognostic (5.63e-2)"		"unprognostic (1.24e-1)"	"validated prognostic favorable (2.26e-7)"	"validated prognostic favorable (4.08e-4)"	"unprognostic (3.37e-3)"	"unprognostic (1.39e-3)"	"unprognostic (1.09e-1)"	"unprognostic (1.58e-1)"	"unprognostic (6.47e-2)"	"unprognostic (2.41e-1)"	"unprognostic (1.16e-1)"	"unprognostic (9.12e-2)"	"unprognostic (1.03e-1)"	"unprognostic (1.56e-3)"	"unprognostic (1.55e-1)"	"unprognostic (1.73e-1)"	"unprognostic (8.36e-2)"	"unprognostic (8.72e-2)"		"unprognostic (1.25e-3)"	"unprognostic (2.40e-1)"	"unprognostic (9.67e-2)"	"unprognostic (1.37e-2)"
EFNA4	"EPLG4, LERK4"	ENSG00000243364	"Ephrin A4"	P52798	1	155063737-155069553	"Predicted membrane proteins, Predicted secreted proteins, RAS pathway related proteins"				"Evidence at protein level"	"Evidence at transcript level"	"Evidence at protein level"	"Evidence at protein level"	"Tissue enhanced"	"Detected in many"		"skin 1: 29.2"	"Cell type enhanced"	"Detected in some"		"Astrocytes: 1.7;Choroid plexus epithelial cells: 1.3;Ependymal cells: 1.7;Gastric chief cells: 1.1;Microglia: 2.2;Oligodendrocytes: 1.1"	"Cell type enhanced"	"Detected in some"		"Ciliated cells: 1.7;Glial cells: 2.2"	"Cell type enhanced"	"Detected in some"		"central nervous system macrophage: 3.3;leukocyte: 3.4"	"Low cancer specificity"	"Detected in all"			"Low region specificity"	"Detected in all"			"Low immune cell specificity"	"Detected in many"			"Low lineage specificity"	"Detected in all"			"Low cancer specificity"	"Detected in all"			"Breast - Breast glandular cells"	"Not detected"	"Not detected"			"Not detected"	"Not detected"			"Not detected"	"Not detected"			"Not detected"	"Not detected"			CAB021350	Uncertain				"Secreted to blood"	"No annotated function"	NA	NA			"Cluster 13: Non-specific - Mitochondria"	"Cluster 58: Skin - Keratinization"	"Cluster 20: Macrophages & Microglia - Immune response"	"Cluster 57: Stomach & Colon cancer - Digestion"	"Cluster 22: Non-specific - Basic cellular functions"	7			"CAB021350: "	"unprognostic (9.03e-2)"	"unprognostic (9.01e-2)"	"unprognostic (5.05e-1)"	"unprognostic (3.73e-3)"	"unprognostic (2.23e-1)"	"unprognostic (1.42e-1)"	"unprognostic (5.76e-3)"	"unprognostic (8.57e-2)"	"unprognostic (1.58e-1)"	"unprognostic (2.47e-2)"	"potential prognostic unfavorable (6.47e-4)"	"unprognostic (1.52e-3)"	"unprognostic (3.25e-1)"	"potential prognostic unfavorable (2.20e-5)"	"unprognostic (5.44e-2)"	"unprognostic (3.69e-1)"	"unprognostic (4.60e-2)"	"unprognostic (5.57e-2)"	"unprognostic (8.38e-2)"	"unprognostic (1.32e-2)"	"unprognostic (1.61e-1)"	"unprognostic (9.17e-3)"	"unprognostic (2.70e-1)"	"unprognostic (5.69e-2)"	"unprognostic (1.17e-1)"	"unprognostic (1.72e-1)"	"unprognostic (2.32e-1)"	"unprognostic (1.74e-3)"	"unprognostic (1.82e-2)"	"unprognostic (1.57e-1)"	"unprognostic (1.28e-2)"
EGFR	"ERBB, ERBB1, ERRP"	ENSG00000146648	"Epidermal growth factor receptor"	P00533	7	55019017-55211628	"Cancer-related genes, Disease related genes, Enzymes, FDA approved drug targets, Human disease related genes, Metabolic proteins, Plasma proteins, Predicted membrane proteins, Predicted secreted proteins, RAS pathway related proteins, Transporters"	"Host-virus interaction"	"Developmental protein, Host cell receptor for virus entry, Kinase, Receptor, Transferase, Tyrosine-protein kinase"	"Cancer-related genes, Disease variant, FDA approved drug targets, Proto-oncogene"	"Evidence at protein level"	"Evidence at protein level"	"Evidence at protein level"	"Evidence at protein level"	"Tissue enhanced"	"Detected in many"		"placenta: 61.8"	"Cell type enhanced"	"Detected in many"		"Cytotrophoblasts: 1190.3;Fibro-adipogenic progenitors: 1097.7;Myosatellite cells: 789.2;Respiratory basal cells: 935.5;Syncytiotrophoblasts: 1481.8"	"Cell type enhanced"	"Detected in many"		"Fibro-adipogenic progenitors: 1097.7;Trophoblast cells: 1481.8"	"Cell type enhanced"	"Detected in many"		"astrocyte: 363.8;Bergmann glia: 419.5"	"Cancer enriched"	"Detected in all"	4	"Glioblastoma Multiforme (TCGA): 324.2"	"Low region specificity"	"Detected in all"			"Not detected in immune cells"	"Not detected"			"Not detected"	"Not detected"			"Low cancer specificity"	"Detected in many"			"Prostate - Prostate basal glandular cells"	"Low region specificity"	"Detected in all"			"Low region specificity"	"Detected in all"			"Cell type enhanced"	"Detected in many"		"Keratinocytes: 22199260.0"	"Low tissue specificity"	"Detected in all"			"CAB000035, HPA001200, HPA018530, CAB068186, CAB073534, CAB080313, CAB080314, CAB080473, CAB080474, CAB080475, CAB080506, CAB080507, CAB080508, CAB080509, CAB080510, CAB080511, CAB080513"	Enhanced		Supported	"Golgi apparatus,Plasma membrane,Cell Junctions,Primary cilium,Basal body,Mid piece,Principal piece,End piece"	"Secreted to blood"	Receptor	NA	NA	4740000	19000000		"Cluster 11: Esophagus - Basic cellular processes"	"Cluster 19: Astrocytes - Mixed function"	"Cluster 53: Squamous epithelial cells - Keratinization"	"Cluster 108: Fibroblasts - ECM organization"	926	"Golgi apparatus, Plasma membrane"	"Cell Junctions, Primary cilium, Basal body, Mid piece, Principal piece, End piece"	"CAB000035: , CAB068186: , CAB073534: , CAB080313: , CAB080314: , CAB080473: , CAB080474: , CAB080475: , CAB080506: , CAB080507: , CAB080508: , CAB080509: , CAB080510: , CAB080511: , CAB080513: , HPA001200: , HPA018530: "	"unprognostic (7.14e-2)"	"unprognostic (2.28e-2)"	"unprognostic (9.66e-2)"	"unprognostic (2.14e-3)"	"unprognostic (9.48e-2)"	"unprognostic (9.42e-2)"	"unprognostic (1.44e-1)"	"unprognostic (2.07e-2)"	"unprognostic (3.73e-2)"	"unprognostic (2.68e-3)"	"potential prognostic favorable (8.23e-5)"	"unprognostic (1.24e-2)"	"unprognostic (1.11e-1)"	"unprognostic (1.35e-1)"	"unprognostic (1.01e-2)"	"unprognostic (4.78e-2)"	"unprognostic (1.38e-1)"	"unprognostic (6.90e-2)"	"unprognostic (2.25e-1)"	"unprognostic (3.35e-3)"	"unprognostic (2.91e-1)"	"unprognostic (5.73e-3)"	"potential prognostic unfavorable (4.42e-5)"	"unprognostic (1.11e-1)"	"unprognostic (3.51e-2)"	"unprognostic (1.84e-1)"	"unprognostic (1.92e-2)"	"unprognostic (4.08e-2)"	"unprognostic (1.52e-1)"	"unprognostic (4.14e-2)"	"unprognostic (9.81e-2)"
EMC10	"C19orf63, HSM1, HSS1, INM02"	ENSG00000161671	"ER membrane protein complex subunit 10"	Q5UCC4	19	50476400-50490871	"Disease related genes, Human disease related genes, Potential drug targets, Predicted intracellular proteins, Predicted membrane proteins, Predicted secreted proteins, Transporters"	Angiogenesis		"Intellectual disability"	"Evidence at protein level"	"Evidence at transcript level"	"Evidence at protein level"	"Evidence at protein level"	"Tissue enhanced"	"Detected in all"		"skeletal muscle: 173.6"	"Cell type enriched"	"Detected in many"	4	"Myonuclei: 3291.4"	"Cell type enriched"	"Detected in all"	4	"Myocytes: 3291.4"	"Cell type enhanced"	"Detected in all"		"committed oligodendrocyte precursor: 126.1;oligodendrocyte: 142.8"	"Low cancer specificity"	"Detected in all"			"Low region specificity"	"Detected in all"			"Low immune cell specificity"	"Detected in all"			"Low lineage specificity"	"Detected in all"			"Low cancer specificity"	"Detected in all"			"Adipose visceral - Adipose progenitor cells, Breast - Breast glandular cells"	"Low region specificity"	"Detected in all"			"Low region specificity"	"Detected in all"			"Group enriched"	"Detected in some"		"Pancreas epithelial cells: 2210932.4;Pancreatic islets: 1102463.3"	"Tissue enhanced"	"Detected in all"		"pancreas: 9496653.3"	"HPA053905, HPA062723"	Approved				"Secreted to blood"	"Developmental protein"	NA	NA	1000000		"Cluster 36: Eosinophils - Protein ubiquitination"	"Cluster 24: Non-specific - Transcription"	"Cluster 27: Non-specific - Mixed function"	"Cluster 16: Thyroid cancer - Neuronal signaling"	"Cluster 36: Skeletal myocytes - Muscle excitation & contraction"	29			"HPA053905: , HPA062723: "	"unprognostic (1.37e-1)"	"unprognostic (6.59e-2)"		"unprognostic (3.97e-2)"	"unprognostic (8.49e-2)"	"unprognostic (1.81e-1)"	"unprognostic (8.41e-2)"	"unprognostic (4.77e-2)"	"unprognostic (8.51e-2)"	"potential prognostic favorable (8.69e-4)"	"unprognostic (8.78e-3)"	"unprognostic (4.70e-2)"	"potential prognostic favorable (1.85e-4)"	"unprognostic (1.68e-1)"		"unprognostic (1.17e-1)"	"unprognostic (1.59e-1)"	"unprognostic (2.89e-3)"	"unprognostic (4.55e-1)"	"unprognostic (1.99e-1)"	"unprognostic (1.31e-1)"	"potential prognostic favorable (3.52e-5)"	"unprognostic (2.83e-1)"	"unprognostic (2.24e-1)"	"unprognostic (4.75e-1)"	"unprognostic (1.69e-1)"	"unprognostic (1.16e-1)"	"unprognostic (3.89e-2)"	"unprognostic (1.41e-1)"	"unprognostic (5.62e-2)"	"unprognostic (3.14e-2)"
ENDOD1	KIAA0830	ENSG00000149218	"Endonuclease domain containing 1"	O94919	11	95089846-95132645	"Plasma proteins, Predicted membrane proteins, Predicted secreted proteins"	"Immunity, Innate immunity"	"Endonuclease, Hydrolase, Nuclease"		"Evidence at protein level"	"Evidence at protein level"	"Evidence at protein level"	"Evidence at protein level"	"Low tissue specificity"	"Detected in all"			"Cell type enriched"	"Detected in many"	4	"Platelets: 695.2"	"Cell type enriched"	"Detected in many"	4	"Platelets: 695.2"	"Cell type enhanced"	"Detected in all"		"oligodendrocyte: 209.4"	"Low cancer specificity"	"Detected in all"			"Low region specificity"	"Detected in all"			"Low immune cell specificity"	"Detected in many"			"Low lineage specificity"	"Detected in all"			"Low cancer specificity"	"Detected in all"			"Adipose subcutaneous - Smooth muscle cells, Adrenal gland - Fibroblasts"	"Low region specificity"	"Detected in all"			"Low region specificity"	"Detected in all"			"Low cell type specificity"	"Detected in all"			"Tissue enhanced"	"Detected in all"		"skeletal muscle: 104834139.7"	"HPA008932, HPA010517"	Enhanced		Approved	"Nuclear membrane"	"Secreted - unknown location"	Immunity	NA	NA		4800000	"Cluster 14: Non-specific - Unknown function"	"Cluster 25: Non-specific - Basic cellular processes"	"Cluster 28: Oligodendrocytes - Mixed function"	"Cluster 69: Skin cancer - ECM organization"	"Cluster 47: Platelets - Hemostasis"	33	"Nuclear membrane"		"HPA008932: , HPA010517: "	"unprognostic (3.41e-1)"	"potential prognostic unfavorable (5.25e-4)"	"unprognostic (2.92e-3)"	"unprognostic (1.12e-2)"	"unprognostic (1.29e-1)"	"unprognostic (1.36e-1)"	"unprognostic (1.85e-1)"	"unprognostic (4.56e-3)"	"unprognostic (2.74e-2)"	"unprognostic (1.17e-1)"	"potential prognostic favorable (3.25e-7)"	"unprognostic (3.67e-2)"	"unprognostic (1.48e-1)"	"unprognostic (5.81e-2)"	"unprognostic (5.28e-2)"	"unprognostic (2.13e-1)"	"unprognostic (1.15e-2)"	"unprognostic (1.02e-1)"	"unprognostic (3.65e-2)"	"unprognostic (1.47e-1)"	"unprognostic (2.33e-2)"	"unprognostic (2.16e-3)"	"unprognostic (2.61e-1)"	"unprognostic (1.73e-1)"	"unprognostic (3.53e-2)"	"unprognostic (1.76e-1)"	"unprognostic (8.77e-2)"	"unprognostic (1.71e-1)"	"unprognostic (2.41e-1)"	"unprognostic (2.81e-2)"	"unprognostic (7.97e-3)"
ENPP1	"M6S1, NPPS, PC-1, PCA1, PDNP1"	ENSG00000197594	"Ectonucleotide pyrophosphatase/phosphodiesterase 1"	P22413	6	131808016-131895155	"CD markers, Disease related genes, Enzymes, Human disease related genes, Metabolic proteins, Potential drug targets, Predicted membrane proteins, Predicted secreted proteins"	Biomineralization	Hydrolase	"Diabetes mellitus, Disease variant, Obesity"	"Evidence at protein level"	"Evidence at protein level"	"Evidence at protein level"	"Evidence at protein level"	"Tissue enhanced"	"Detected in many"		"placenta: 40.7"	"Cell type enhanced"	"Detected in many"		"Adipocytes: 91.8;Decidual stromal cells: 101.2;Endometrial stromal cells: 126.0;Hepatocytes: 216.8;Lactotrophs: 426.1;Medullary thymic epithelial cells: 110.4;Pancreatic acinar cells: 108.2;Peritubular myoid cells: 121.3;Somatotrophs: 290.9"	"Cell type enhanced"	"Detected in many"		"Hepatocytes: 216.8;Pituitary endocrine cells: 426.1"	"Cell type enhanced"	"Detected in many"		"central nervous system macrophage: 83.2;cerebellar inhibitory: 46.9"	"Cancer enhanced"	"Detected in many"		"Breast Invasive Carcinoma (TCGA): 18.4"	"Low region specificity"	"Detected in all"			"Immune cell enhanced"	"Detected in single"		"NK-cell: 1.5"	"Low lineage specificity"	"Detected in single"			"Low cancer specificity"	"Detected in many"			"Adipose subcutaneous - Adipocytes (Subcutaneous), Adipose visceral - Adipocytes (Visceral), Adrenal gland - Fibroblasts, Liver - Hepatocytes, Pituitary gland - Somatotropes, Skeletal muscle - Fibroblasts"	"Low region specificity"	"Detected in all"			"Low region specificity"	"Detected in all"			"Group enriched"	"Detected in many"		"Pancreas epithelial cells: 49710239.9;Pancreatic islets: 34741634.2;Skeletal myofibers: 125630898.4"	"Tissue enhanced"	"Detected in many"		"pancreas: 185655619.5"	"CAB032904, HPA062066"	Enhanced				"Secreted - unknown location"	Enzyme	NA	NA		1600000	"Cluster 35: Neutrophils - Protein binding"	"Cluster 14: Adipose tissue - Angiogenesis"	"Cluster 41: Monoamines - Neurotransmitter signalling"	"Cluster 64: Connective tissue cells - ECM organization"	"Cluster 59: Pituitary endocrine cells - Neuroendocrine signaling"	8			"CAB032904: , HPA062066: "	"unprognostic (2.75e-1)"	"unprognostic (1.09e-1)"	"unprognostic (1.49e-1)"	"potential prognostic unfavorable (7.86e-4)"	"unprognostic (1.55e-1)"	"unprognostic (3.07e-2)"	"unprognostic (3.90e-1)"	"unprognostic (1.80e-2)"	"unprognostic (1.79e-1)"	"unprognostic (3.62e-3)"	"unprognostic (1.40e-1)"	"unprognostic (1.91e-1)"	"unprognostic (3.28e-2)"	"unprognostic (1.34e-1)"	"unprognostic (2.86e-1)"	"potential prognostic unfavorable (3.95e-4)"	"unprognostic (1.10e-1)"		"unprognostic (2.80e-1)"	"unprognostic (9.70e-2)"	"potential prognostic unfavorable (6.75e-4)"	"unprognostic (1.94e-1)"	"unprognostic (1.57e-1)"	"unprognostic (3.26e-1)"	"unprognostic (1.79e-1)"	"unprognostic (5.56e-2)"	"unprognostic (4.92e-2)"	"unprognostic (1.91e-1)"	"unprognostic (3.53e-1)"	"unprognostic (8.97e-2)"	"unprognostic (1.06e-2)"
ENTPD6	"CD39L2, dJ738P15.3, IL6ST2, NTPDase-6"	ENSG00000197586	"Ectonucleoside triphosphate diphosphohydrolase 6"	O75354	20	25195693-25228075	"Enzymes, Metabolic proteins, Predicted intracellular proteins, Predicted membrane proteins, Predicted secreted proteins"		Hydrolase		"Evidence at protein level"	"Evidence at protein level"	"Evidence at protein level"	"Evidence at protein level"	"Low tissue specificity"	"Detected in all"			"Cell type enhanced"	"Detected in many"		"Late spermatids: 115.1"	"Low cell type specificity"	"Detected in all"			"Low cell type specificity"	"Detected in all"			"Low cancer specificity"	"Detected in all"			"Low region specificity"	"Detected in all"			"Low immune cell specificity"	"Detected in many"			"Low lineage specificity"	"Detected in all"			"Low cancer specificity"	"Detected in all"				"Low region specificity"	"Detected in all"			"Low region specificity"	"Detected in all"			"Cell type enhanced"	"Detected in many"		"Neurons: 13570855.9"	"Group enriched"	"Detected in some"	1975	"cerebral cortex: 95960.7;salivary gland: 299079.4"	"HPA015491, HPA069555"	Approved		Supported	"Golgi apparatus"	"Secreted to blood"	Enzyme	NA	NA		38000	"Cluster 13: Non-specific - Mitochondria"	"Cluster 10: Brain - Synaptic signal transduction"	"Cluster 33: Neurons - Mixed function"	"Cluster 62: Non-specific - Plasma proteins"	"Cluster 63: Cytotrophoblasts - Basic cellular functions"	3	"Golgi apparatus"		"HPA015491: , HPA069555: "	"unprognostic (8.22e-2)"	"unprognostic (1.02e-1)"	"unprognostic (4.36e-2)"	"unprognostic (4.93e-3)"	"unprognostic (2.56e-2)"	"unprognostic (4.86e-2)"	"unprognostic (4.39e-2)"	"unprognostic (2.03e-2)"	"unprognostic (1.84e-1)"	"unprognostic (7.67e-2)"	"unprognostic (4.26e-3)"	"unprognostic (2.37e-3)"	"unprognostic (7.30e-2)"	"potential prognostic unfavorable (8.82e-4)"	"unprognostic (4.96e-3)"	"unprognostic (1.08e-2)"	"unprognostic (4.42e-2)"	"unprognostic (1.06e-2)"	"unprognostic (2.38e-1)"	"unprognostic (4.00e-2)"	"unprognostic (1.33e-1)"	"unprognostic (2.01e-1)"	"unprognostic (9.24e-2)"	"unprognostic (1.52e-1)"	"unprognostic (1.61e-3)"	"unprognostic (2.83e-1)"	"unprognostic (4.51e-2)"	"unprognostic (2.86e-3)"	"unprognostic (1.31e-1)"	"unprognostic (3.02e-1)"	"unprognostic (3.48e-2)"
EPGN	"ALGV3072, EPG, PRO9904"	ENSG00000182585	"Epithelial mitogen"	Q6UW88	4	74308470-74316789	"Predicted intracellular proteins, Predicted membrane proteins, Predicted secreted proteins"		"Growth factor"		"Evidence at protein level"	"Evidence at transcript level"	"Evidence at protein level"	"Evidence at protein level"	"Tissue enriched"	"Detected in many"	5	"esophagus: 46.0"	"Cell type enhanced"	"Detected in some"		"Esophageal apical cells: 305.8;Esophageal suprabasal cells: 105.8;Hematopoietic stem cells: 134.4;Innate lymphoid cells: 51.2;Megakaryocyte progenitors: 25.9;Megakaryocyte-Erythroid progenitors: 86.5;Ocular epithelial cells: 30.9;Suprabasal keratinocytes: 25.8"	"Cell type enhanced"	"Detected in many"		"Apical squamous epithelial cells: 305.8;Megakaryocytes: 86.5;Stem cells: 134.4;Suprabasal cells: 105.8"	"Not detected"	"Not detected"			"Cancer enhanced"	"Detected in some"		"Head and Neck Squamous Cell Carcinoma (TCGA): 21.8"	"Low region specificity"	"Detected in all"			"Not detected in immune cells"	"Not detected"			"Not detected"	"Not detected"			"Low cancer specificity"	"Detected in many"			"Testis - Early spermatids, Testis - Late spermatids"	"Not detected"	"Not detected"			"Low region specificity"	"Detected in all"			"Not detected"	"Not detected"			"Not detected"	"Not detected"			HPA014420			Approved	Nucleoplasm,Vesicles,Cytosol	"Secreted in other tissues"	"Growth factor"	NA	NA				"Cluster 81: Squamous epithelium - Keratinization"	"Cluster 48: Non-specific - Mixed function"	"Cluster 7: Liver cancer - Metabolism"	"Cluster 85: Squamous epithelial cells - Keratinization"	1	"Nucleoplasm, Cytosol"	Vesicles	"HPA014420: "	"potential prognostic unfavorable (7.55e-4)"		"unprognostic (2.12e-1)"	"unprognostic (1.48e-2)"		"unprognostic (2.68e-1)"			"unprognostic (3.15e-1)"								"unprognostic (4.91e-2)"	"unprognostic (3.40e-2)"	"unprognostic (4.01e-1)"							"unprognostic (6.51e-2)"	"unprognostic (8.77e-2)"				
ERBB3	"HER3, LCCS2"	ENSG00000065361	"Erb-b2 receptor tyrosine kinase 3"	P21860	12	56076799-56103505	"Cancer-related genes, Disease related genes, Enzymes, Human disease related genes, Plasma proteins, Potential drug targets, Predicted intracellular proteins, Predicted membrane proteins, Predicted secreted proteins, Transporters"		"Kinase, Receptor, Transferase, Tyrosine-protein kinase"	"Cancer-related genes, Disease variant"	"Evidence at protein level"	"Evidence at protein level"	"Evidence at protein level"	"Evidence at protein level"	"Low tissue specificity"	"Detected in many"			"Cell type enhanced"	"Detected in many"		"Enterocytes: 111.6;Esophageal apical cells: 275.6;Oligodendrocytes: 307.1"	"Cell type enhanced"	"Detected in many"		"Apical squamous epithelial cells: 275.6;Glial cells: 307.1"	"Group enriched"	"Detected in many"	17	"committed oligodendrocyte precursor: 315.9;oligodendrocyte: 330.4;oligodendrocyte precursor cell: 87.7"	"Low cancer specificity"	"Detected in all"			"Low region specificity"	"Detected in all"			"Immune cell enhanced"	"Detected in single"		"basophil: 1.0"	"Lineage enriched"	"Detected in single"	5	"granulocytes: 1.0"	"Low cancer specificity"	"Detected in many"			"Adipose subcutaneous - Smooth muscle cells, Adipose visceral - Mesothelial cells, Adrenal gland - Adrenal medulla cells, Breast - Breast glandular cells, Colon - Enteric glia cells, Lung - Alveolar cells type 2, Minor Salivary Gland - Minor salivary glandular cells, Skin - Keratinocyte (granular), Testis - Spermatocytes"	"Low region specificity"	"Detected in all"			"Low region specificity"	"Detected in all"			"Cell type enhanced"	"Detected in many"		"Keratinocytes: 935772.6"	"Tissue enriched"	"Detected in single"	470	"lung: 46964.9"	"CAB025331, HPA045396, HPA070524"	Approved		Supported	"Plasma membrane,Actin filaments"	"Secreted - unknown location"	Receptor	NA	NA		240000		"Cluster 77: Intestine - Digestion"	"Cluster 11: White matter - Signal transduction"	"Cluster 69: Skin cancer - ECM organization"	"Cluster 80: Oligodendrocytes - Myelination"	102	"Plasma membrane"	"Actin filaments"	"CAB025331: , HPA045396: , HPA070524: "	"unprognostic (7.09e-2)"	"unprognostic (1.97e-1)"	"unprognostic (5.39e-2)"	"unprognostic (3.58e-1)"	"unprognostic (2.12e-2)"	"unprognostic (9.74e-3)"	"unprognostic (4.38e-1)"	"unprognostic (2.72e-3)"	"unprognostic (2.11e-2)"	"unprognostic (5.50e-2)"	"validated prognostic favorable (6.64e-5)"	"validated prognostic favorable (4.22e-4)"	"unprognostic (4.51e-2)"	"potential prognostic unfavorable (2.29e-4)"	"unprognostic (3.71e-3)"	"unprognostic (1.76e-1)"	"unprognostic (1.37e-1)"	"unprognostic (3.94e-1)"	"unprognostic (6.19e-2)"	"unprognostic (2.13e-2)"	"unprognostic (5.93e-2)"	"unprognostic (1.13e-2)"	"unprognostic (4.00e-2)"	"unprognostic (2.44e-1)"	"unprognostic (3.75e-2)"	"unprognostic (1.42e-1)"	"unprognostic (1.47e-1)"	"unprognostic (9.29e-2)"	"unprognostic (1.67e-1)"	"unprognostic (1.77e-2)"	"unprognostic (6.29e-2)"
EREG	ER	ENSG00000124882	Epiregulin	O14944	4	74365145-74388749	"Human disease related genes, Predicted membrane proteins, Predicted secreted proteins"	"Angiogenesis, Differentiation"	"Developmental protein, Growth factor, Mitogen"		"Evidence at protein level"	"Evidence at transcript level"	"Evidence at protein level"	"Evidence at protein level"	"Tissue enriched"	"Detected in many"	10	"bone marrow: 121.5"	"Cell type enhanced"	"Detected in many"		"cDC: 393.0;Esophageal apical cells: 833.0;Hematopoietic stem cells: 947.6;Megakaryocyte progenitors: 935.3;Megakaryocyte-Erythroid progenitors: 1194.8;Monocyte progenitors: 3242.6;monocytes: 3369.3;Neutrophil progenitors: 402.2"	"Cell type enhanced"	"Detected in many"		"Apical squamous epithelial cells: 833.0;Megakaryocytes: 1194.8;Mononuclear phagocytes: 3369.3;Stem cells: 947.6"	"Group enriched"	"Detected in some"	36	"CGE interneuron: 10.8;leukocyte: 21.9"	"Cancer enhanced"	"Detected in many"		"Colon Adenocarcinoma (TCGA): 18.3;Rectum Adenocarcinoma (TCGA): 23.2"	"Low region specificity"	"Detected in many"			"Not detected in immune cells"	"Not detected"			"Not detected"	"Not detected"			"Cancer enhanced"	"Detected in many"		"Bile duct cancer: 126.8"	"Adipose visceral - Neutrophils, Skin - Keratinocyte (granular)"	"Not detected"	"Not detected"			"Low region specificity"	"Detected in all"			"Not detected"	"Not detected"			"Not detected"	"Not detected"			"HPA047186, HPA054373"			Approved	Vesicles,Cytosol	"Secreted to blood"	"Growth factor"	NA	NA	46000			"Cluster 15: Bone marrow - Innate immune response"	"Cluster 48: Non-specific - Mixed function"	"Cluster 53: Squamous epithelial cells - Keratinization"	"Cluster 40: Monocytes & Neutrophils - Inflammatory signaling"	7	Vesicles	Cytosol	"HPA047186: , HPA054373: "	"unprognostic (7.67e-2)"		"unprognostic (1.26e-1)"	"potential prognostic unfavorable (8.82e-6)"	"unprognostic (4.04e-2)"	"unprognostic (9.73e-3)"		"unprognostic (2.06e-2)"	"unprognostic (6.06e-2)"				"unprognostic (5.07e-2)"			"potential prognostic unfavorable (5.68e-4)"	"unprognostic (6.14e-3)"	"potential prognostic unfavorable (7.21e-4)"	"unprognostic (2.95e-3)"			"validated prognostic unfavorable (9.01e-5)"	"validated prognostic unfavorable (3.99e-4)"		"unprognostic (1.92e-2)"	"potential prognostic favorable (2.50e-4)"		"unprognostic (1.23e-2)"			"unprognostic (4.65e-1)"
ERVMER34-1	envMER34	ENSG00000226887	"Endogenous retrovirus group MER34 member 1, envelope"	Q9H9K5	4	52722618-52751586	"Predicted membrane proteins, Predicted secreted proteins"				"Evidence at protein level"	"Evidence at protein level"	"Evidence at protein level"	"Evidence at protein level"	"Tissue enhanced"	"Detected in some"		"parathyroid gland: 12.1;placenta: 10.2"	"Group enriched"	"Detected in many"	7	"Cytotrophoblasts: 101.1;Extravillous trophoblasts: 114.5;Migrating cytotrophoblasts: 143.1"	"Cell type enriched"	"Detected in many"	11	"Trophoblast cells: 143.1"	"Cell type enriched"	"Detected in some"	4	"endothelial cell: 8.0"	"Low cancer specificity"	"Detected in many"			"Low region specificity"	"Detected in many"			"Not detected in immune cells"	"Not detected"			"Not detected"	"Not detected"			"Low cancer specificity"	"Detected in many"			"Heart muscle - Cardiomyocytes"									"Not detected"	"Not detected"			"Not detected"	"Not detected"			"HPA011423, HPA024053"	Approved		Approved	Nucleoplasm,Cytosol	"Secreted to blood"	"No annotated function"	NA	NA		520000		"Cluster 43: Placenta - Pregnancy hormone signaling"	"Cluster 52: Neurons & Synapses - Synaptic function"	"Cluster 32: Non-specific - Cell proliferation"	"Cluster 63: Cytotrophoblasts - Basic cellular functions"	8	Nucleoplasm	Cytosol	"HPA011423: , HPA024053: "	"unprognostic (5.58e-2)"	"unprognostic (3.45e-3)"		"unprognostic (1.59e-1)"	"unprognostic (8.50e-2)"	"unprognostic (7.51e-3)"		"unprognostic (4.15e-2)"	"unprognostic (1.44e-3)"							"unprognostic (5.14e-2)"	"unprognostic (1.11e-2)"	"unprognostic (2.85e-2)"	"unprognostic (3.79e-2)"	"unprognostic (3.73e-3)"	"unprognostic (4.41e-2)"	"unprognostic (1.10e-2)"	"unprognostic (3.08e-1)"	"unprognostic (1.53e-2)"	"unprognostic (8.05e-3)"	"unprognostic (1.96e-2)"		"unprognostic (1.42e-2)"	"unprognostic (1.09e-1)"		"unprognostic (1.59e-2)"
F3	"CD142, TF"	ENSG00000117525	"Coagulation factor III, tissue factor"	P13726	1	94529173-94541759	"Cancer-related genes, Candidate cardiovascular disease genes, CD markers, FDA approved drug targets, Plasma proteins, Predicted membrane proteins, Predicted secreted proteins, Transporters"	"Blood coagulation, Hemostasis"		"Cancer-related genes, FDA approved drug targets"	"Evidence at protein level"	"Evidence at protein level"	"Evidence at protein level"	"Evidence at protein level"	"Low tissue specificity"	"Detected in all"			"Cell type enhanced"	"Detected in many"		"Alveolar cells type 1: 814.0;Alveolar cells type 2: 428.7;Conjunctival goblet cells: 927.2;Endometrial secretory cells: 544.8;Epididymal basal cells: 469.8;Müller glia: 426.2;Ocular epithelial cells: 1205.2;Pancreatic acinar cells: 965.0;Peritubular myoid cells: 763.1;Respiratory basal cells: 686.2;Respiratory deuterosomal cells: 869.7;Respiratory secretory cells: 950.2"	"Cell type enhanced"	"Detected in many"		"Acinar cells: 965.0;Barrier epithelial cells: 1205.2;Ciliated cells: 869.7;Goblet cells: 927.2;Secretory cells: 950.2"	"Cell type enhanced"	"Detected in many"		"astrocyte: 248.5;fibroblast: 443.7"	"Low cancer specificity"	"Detected in all"			"Low region specificity"	"Detected in all"			"Not detected in immune cells"	"Not detected"			"Not detected"	"Not detected"			"Cancer enhanced"	"Detected in many"		"head and neck cancer: 655.6"	"Kidney - Podocytes, Lung - Alveolar cells type 2"	"Low region specificity"	"Detected in all"			"Low region specificity"	"Detected in all"			"Group enriched"	"Detected in many"		"Astrocytes and Neuropil: 8228045.4;Glomeruli: 5602852.5;Microglia and Neuropil: 5211767.4"	"Group enriched"	"Detected in many"		"cerebral cortex: 5166749.4;intestine: 9643792.6;Stomach: 2703208.5"	"CAB009438, HPA049292, HPA069132"	Uncertain		Approved	Vesicles	"Secreted to blood"	"Blood coagulation"	NA	NA	603000			"Cluster 43: Placenta - Pregnancy hormone signaling"	"Cluster 40: Astrocytes - Astrocyte-neuron interactions"	"Cluster 53: Squamous epithelial cells - Keratinization"	"Cluster 38: Secretory epithelial cells - Exocrine secretion"	12	Vesicles		"CAB009438: , HPA049292: , HPA069132: "	"unprognostic (1.24e-1)"	"unprognostic (5.40e-2)"	"unprognostic (2.52e-1)"	"unprognostic (2.73e-2)"	"unprognostic (4.70e-2)"	"unprognostic (1.35e-1)"	"unprognostic (3.11e-2)"	"potential prognostic unfavorable (7.75e-5)"	"unprognostic (4.84e-3)"	"unprognostic (1.44e-3)"	"potential prognostic unfavorable (2.57e-4)"	"unprognostic (3.19e-2)"	"unprognostic (1.61e-2)"	"unprognostic (5.22e-2)"	"unprognostic (4.06e-2)"	"unprognostic (7.62e-2)"	"unprognostic (1.06e-1)"	"unprognostic (3.99e-1)"	"unprognostic (1.71e-1)"	"unprognostic (4.70e-2)"	"unprognostic (1.43e-1)"	"potential prognostic unfavorable (1.26e-5)"	"unprognostic (2.62e-2)"	"unprognostic (2.11e-1)"	"unprognostic (6.14e-2)"	"unprognostic (3.20e-2)"	"unprognostic (3.77e-1)"	"unprognostic (5.69e-2)"	"unprognostic (1.18e-1)"	"unprognostic (1.55e-1)"	"unprognostic (8.97e-2)"
FAM3B	"2-21, C21orf11, C21orf76, D21M16SJHU19e, ORF9, PANDER, PRED44"	ENSG00000183844	"FAM3 metabolism regulating signaling molecule B"	P58499	21	41304212-41357727	"Predicted intracellular proteins, Predicted membrane proteins, Predicted secreted proteins"	Apoptosis	Cytokine		"Evidence at protein level"	"Evidence at protein level"	"Evidence at protein level"	"Evidence at protein level"	"Tissue enhanced"	"Detected in many"		"intestine: 134.3;pancreas: 191.7;salivary gland: 112.4;stomach 1: 108.3"	"Cell type enhanced"	"Detected in many"		"Breast lactating cells: 264.2;Cytotrophoblasts: 416.6;Enterocytes: 791.7;Esophageal apical cells: 809.1;Esophageal suprabasal cells: 306.1;Foveolar cells: 267.4;Gastric chief cells: 292.7;Pancreatic acinar cells: 456.9;Paneth cells: 278.5;Urothelial cells: 375.1"	"Cell type enhanced"	"Detected in many"		"Acinar cells: 456.9;Apical squamous epithelial cells: 809.1;Enterocytes: 791.7;Trophoblast cells: 416.6"	"Cell type enhanced"	"Detected in some"		"central nervous system macrophage: 6.7;choroid plexus epithelial cell: 3.8"	"Cancer enhanced"	"Detected in all"		"Prostate Adenocarcinoma (TCGA): 191.5"	"Region enriched"	"Detected in single"	9	"choroid plexus: 2.3"	"Immune cell enhanced"	"Detected in some"		"eosinophil: 1.4;neutrophil: 2.8"	"Lineage enriched"	"Detected in single"	4	"granulocytes: 2.8"	"Cancer enhanced"	"Detected in many"		"breast cancer: 12.3;colorectal cancer: 8.6;lung cancer: 7.7"	"Adipose visceral - Mesothelial cells, Breast - Breast glandular cells (progenitors), Liver - Cholangiocytes, Pituitary gland - Corticotropes, Prostate - Prostate glandular cells, Stomach - Gastric mucous cells, Testis - Early spermatids"	"Not detected"	"Not detected"			"Not detected"	"Not detected"			"Group enriched"	"Detected in some"		"Large ducts: 703683.4;Pancreas epithelial cells: 2353588.4;Pancreatic islets: 991258.7"	"Group enriched"	"Detected in many"		"intestine: 29480463.9;pancreas: 11461604.7;salivary gland: 24125766.6"	"HPA015885, HPA029777, CAB034131"	Enhanced		Approved	Vesicles	"Secreted to blood"	Cytokine	NA	NA	2080000	85000		"Cluster 60: Stomach - Digestion"	"Cluster 36: Choroid plexus - Mixed function"	"Cluster 10: Ciliated cells - Ion channel activity"	"Cluster 1: Enterocytes - Absorption and Digestion"	7	Vesicles		"CAB034131: , HPA015885: , HPA029777: "	"potential prognostic favorable (6.29e-5)"	"unprognostic (2.26e-1)"	"unprognostic (1.26e-1)"	"unprognostic (3.57e-3)"	"unprognostic (1.46e-1)"	"unprognostic (1.19e-1)"	"unprognostic (3.86e-1)"		"unprognostic (1.34e-2)"	"unprognostic (1.56e-1)"	"unprognostic (2.89e-2)"		"unprognostic (1.35e-1)"	"unprognostic (1.10e-1)"	"unprognostic (2.56e-3)"	"unprognostic (6.45e-2)"	"unprognostic (1.42e-2)"	"unprognostic (9.54e-2)"	"unprognostic (3.90e-2)"	"unprognostic (8.82e-2)"	"unprognostic (3.25e-1)"	"unprognostic (4.67e-1)"	"unprognostic (5.97e-2)"	"unprognostic (2.16e-1)"	"unprognostic (1.70e-1)"	"unprognostic (2.80e-1)"	"unprognostic (1.86e-3)"	"unprognostic (2.15e-1)"	"unprognostic (1.91e-1)"	"unprognostic (1.50e-1)"	"unprognostic (7.73e-2)"
FAS	"APO-1, APT1, CD95, FAS1, TNFRSF6"	ENSG00000026103	"Fas cell surface death receptor"	P25445	10	88953813-89029605	"Cancer-related genes, Candidate cardiovascular disease genes, CD markers, Disease related genes, Human disease related genes, Predicted intracellular proteins, Predicted membrane proteins, Predicted secreted proteins"	Apoptosis	"Calmodulin-binding, Receptor"	"Cancer-related genes, Disease variant"	"Evidence at protein level"	"Evidence at protein level"	"Evidence at protein level"	"Evidence at protein level"	"Low tissue specificity"	"Detected in many"			"Cell type enhanced"	"Detected in many"		"Adrenal cortex cells: 93.9;Alveolar cells type 1: 104.1;Epicardial cells: 95.5;Epididymal basal cells: 143.7;Fallopian secretory cells: 108.1;Mesothelial cells: 106.6;Neutrophils: 161.2"	"Cell type enhanced"	"Detected in many"		"Neutrophils: 161.2"	"Group enriched"	"Detected in many"	4	"astrocyte: 31.2;central nervous system macrophage: 20.9;endothelial cell: 20.1;ependymal cell: 26.1;fibroblast: 29.7;leukocyte: 33.9;pericyte: 33.9;vascular associated smooth muscle cell: 21.0"	"Low cancer specificity"	"Detected in all"			"Low region specificity"	"Detected in all"			"Immune cell enhanced"	"Detected in many"		"neutrophil: 101.1"	"Group enriched"	"Detected in all"	5	"granulocytes: 101.1;T-cells: 90.6"	"Low cancer specificity"	"Detected in all"			"Adipose subcutaneous - Adipose progenitor cells"	"Low region specificity"	"Detected in all"			"Low region specificity"	"Detected in all"			"Cell type enhanced"	"Detected in many"		"Fallopian tube cells: 463545.3;Hepatocytes: 250685.4"	"Low tissue specificity"	"Detected in many"			HPA027444	Uncertain		Supported	"Nuclear bodies,Plasma membrane,Cytosol"	"Secreted to blood"	Receptor	NA	NA	11900000	560000	"Cluster 35: Neutrophils - Protein binding"	"Cluster 49: Non-specific - Transcription"	"Cluster 48: Non-specific - Mixed function"	"Cluster 12: Bone cancer - Neuronal signaling"	"Cluster 9: T-cells - Adaptive immunity: Regulation"	34	"Plasma membrane"	"Nuclear bodies, Cytosol"	"HPA027444: "	"unprognostic (4.87e-2)"	"unprognostic (4.15e-2)"	"unprognostic (3.99e-2)"	"unprognostic (1.23e-1)"	"unprognostic (4.12e-3)"	"unprognostic (4.53e-2)"	"unprognostic (1.05e-2)"	"potential prognostic unfavorable (6.97e-4)"	"unprognostic (1.90e-1)"	"unprognostic (2.22e-1)"	"potential prognostic favorable (1.96e-5)"	"unprognostic (1.11e-1)"	"unprognostic (2.77e-1)"	"unprognostic (1.16e-1)"	"unprognostic (2.03e-3)"	"unprognostic (4.06e-2)"	"unprognostic (1.60e-2)"	"unprognostic (6.50e-2)"	"unprognostic (4.36e-3)"	"unprognostic (6.94e-3)"	"unprognostic (6.86e-2)"	"potential prognostic unfavorable (1.39e-4)"	"unprognostic (1.20e-1)"	"unprognostic (3.30e-1)"	"unprognostic (1.44e-1)"	"unprognostic (2.14e-1)"	"unprognostic (2.38e-1)"	"unprognostic (1.96e-1)"	"unprognostic (2.98e-2)"	"unprognostic (5.49e-2)"	"unprognostic (3.10e-1)"
FASLG	"APT1LG1, CD178, FasL, TNFSF6"	ENSG00000117560	"Fas ligand"	P48023	1	172659103-172666876	"Cancer-related genes, CD markers, Disease related genes, Human disease related genes, Plasma proteins, Potential drug targets, Predicted membrane proteins, Predicted secreted proteins, RAS pathway related proteins, Transporters"	"Apoptosis, Transcription, Transcription regulation"	"Cytokine, Repressor"	"Cancer-related genes"	"Evidence at protein level"	"Evidence at protein level"	"Evidence at protein level"	"Evidence at protein level"	"Tissue enhanced"	"Detected in some"		"lymphoid tissue: 5.3"	"Group enriched"	"Detected in some"	11	"NK-cells: 52.7;T-cells: 25.0"	"Group enriched"	"Detected in some"	11	"NK-cells: 52.7;T-cells: 25.0"	"Cell type enriched"	"Detected in single"	90	"leukocyte: 39.1"	"Low cancer specificity"	"Detected in many"			"Low region specificity"	"Detected in many"			"Immune cell enhanced"	"Detected in many"		"gdT-cell: 58.2"	"Group enriched"	"Detected in many"	9	"NK-cells: 41.6;T-cells: 58.2"	"Cancer enriched"	"Detected in single"	4	"colorectal cancer: 1.3"	"Adipose subcutaneous - T-cells, Adipose visceral - T-cells, Adrenal gland - T-cells, Breast - T-cells, Heart muscle - T-cells, Kidney - T-cells, Liver - NK-cells (Liver), Minor Salivary Gland - T-cells, Pituitary gland - T-cells, Prostate - T-cells, Spleen - T-cells, Stomach - T-cells, Thyroid gland - T-cells"	"Not detected"	"Not detected"			"Low region specificity"	"Detected in many"			"Not detected"	"Not detected"			"Not detected"	"Not detected"			HPA054959	Approved				"Secreted to blood"	Cytokine	NA	NA	73600		"Cluster 15: NK-cells - Unknown function"	"Cluster 66: Lymphoid tissue - Immune response"	"Cluster 9: Non-specific - Receptor signaling"	"Cluster 32: Non-specific - Cell proliferation"	"Cluster 92: NK-cells & T-cells - Adaptive immunity: Cytotoxicity"	62			"HPA054959: "		"unprognostic (9.66e-3)"	"unprognostic (1.11e-1)"	"unprognostic (3.36e-3)"		"unprognostic (4.01e-2)"			"unprognostic (1.76e-3)"		"unprognostic (8.66e-2)"	"unprognostic (1.80e-1)"			"potential prognostic favorable (7.12e-4)"	"unprognostic (8.23e-3)"	"unprognostic (2.44e-1)"	"unprognostic (1.28e-1)"	"unprognostic (1.07e-2)"							"unprognostic (2.64e-1)"	"unprognostic (1.40e-1)"	"unprognostic (3.34e-2)"	"unprognostic (1.03e-1)"		
FCER2	"CD23, CD23A, CLEC4J, FCE2, FcepsilonRII, FCErII"	ENSG00000104921	"Fc epsilon receptor II"	P06734	19	7688758-7702146	"Cancer-related genes, CD markers, Predicted intracellular proteins, Predicted membrane proteins, Predicted secreted proteins"		"IgE-binding protein, Receptor"	"Cancer-related genes"	"Evidence at protein level"	"Evidence at protein level"	"Evidence at protein level"	"Evidence at protein level"	"Tissue enriched"	"Detected in some"	4	"lymphoid tissue: 39.5"	"Cell type enriched"	"Detected in some"	18	"B-cells: 115.8"	"Cell type enriched"	"Detected in some"	18	"B-cells: 115.8"	"Cell type enriched"	"Detected in single"	5	"leukocyte: 2.7"	"Cancer enhanced"	"Detected in many"		"Pancreatic Adenocarcinoma (TCGA): 4.5"	"Region enhanced"	"Detected in single"		"cerebral cortex: 2.8"	"Group enriched"	"Detected in many"	24	"memory B-cell: 201.7;naive B-cell: 497.3"	"Lineage enriched"	"Detected in many"	34	"B-cells: 497.3"	"Group enriched"	"Detected in some"	16	"Leukemia: 49.4;lymphoma: 34.1;Myeloma: 41.1"	"Liver - T-cells, Spleen - B-cells (Spleen)"	"Low region specificity"	"Detected in single"			"Not detected"	"Not detected"			"Group enriched"	"Detected in some"	3342	"B-cells: 244481.0;T-cells: 423983.8"	"Tissue enriched"	"Detected in single"	50475	"lymphoid tissue: 5047522.4"	"CAB002624, HPA008928, HPA067430"	Enhanced				"Secreted to blood"	Receptor	NA	NA		81000	"Cluster 18: Non-specific - Translation"	"Cluster 18: Lymphoid tissue - Immune response"	"Cluster 12: Non-specific - Vasculature"	"Cluster 55: Lymphoma - Immune response"	"Cluster 87: B-cells - Adaptive immunity: Humoral response"	1			"CAB002624: , HPA008928: , HPA067430: "	"unprognostic (2.76e-1)"	"unprognostic (3.12e-3)"	"unprognostic (3.71e-3)"			"unprognostic (2.52e-1)"										"potential prognostic favorable (9.66e-4)"		"unprognostic (1.79e-1)"				"unprognostic (6.24e-2)"						"unprognostic (2.13e-1)"	"unprognostic (1.26e-1)"		
FCGR3A	"CD16, CD16a, FCG3, FcgammaRIIIa, FCGR3, FcGRIIIA"	ENSG00000203747	"Fc gamma receptor IIIa"	P08637	1	161541759-161550968	"CD markers, Disease related genes, FDA approved drug targets, Human disease related genes, Plasma proteins, Predicted membrane proteins, Predicted secreted proteins, Transporters"	Immunity	"IgG-binding protein, Receptor"	"FDA approved drug targets"	"Evidence at protein level"	"Evidence at protein level"	"Evidence at protein level"	"Evidence at protein level"	"Tissue enhanced"	"Detected in all"		"lung: 196.4;lymphoid tissue: 285.0"	"Cell type enriched"	"Detected in some"	5	"Kupffer cells: 1731.1"	"Cell type enriched"	"Detected in many"	6	"Mononuclear phagocytes: 1731.1"	"Group enriched"	"Detected in some"	73	"central nervous system macrophage: 8.0;leukocyte: 6.6"	"Low cancer specificity"	"Detected in all"			"Low region specificity"	"Detected in all"			"Group enriched"	"Detected in all"	4	"intermediate monocyte: 1806.3;non-classical monocyte: 4107.1"	"Lineage enriched"	"Detected in all"	6	"monocytes: 4107.1"	"Not detected"	"Not detected"			"Adipose subcutaneous - Macrophages, Adipose visceral - Macrophages, Adrenal gland - Macrophages, Breast - Macrophages, Colon - Macrophages, Heart muscle - Macrophages, Kidney - Macrophages, Liver - Kupffer cells, Lung - Macrophages, Pancreas - Macrophages, Pituitary gland - Macrophages, Prostate - Macrophages, Skeletal muscle - Macrophages, Skin - Macrophages, Spleen - Macrophages, Stomach - Macrophages, Testis - Macrophages, Thyroid gland - Macrophages"									"Group enriched"	"Detected in many"		"Alveolar cell types: 2159492.5;Hepatocytes: 1086033.1;Macrophages: 790640.7;Neutrophils: 1898642.9;T-cells: 643394.1"	"Group enriched"	"Detected in all"		"bone marrow: 14447782.6;lymphoid tissue: 35186794.2"	"CAB032435, HPA055431"	Supported				"Secreted to blood"	Receptor	NA	NA		260000000	"Cluster 37: Monocytes & Neutrophils - Innate immune response"	"Cluster 66: Lymphoid tissue - Immune response"	"Cluster 20: Macrophages & Microglia - Immune response"	"Cluster 14: Myeloid leukemia - Innate immune response"	"Cluster 72: Macrophages - Phagocytosis & lysosomal degradation"	4			"CAB032435: , HPA055431: "	"unprognostic (1.54e-1)"	"unprognostic (6.90e-2)"	"unprognostic (2.67e-1)"	"unprognostic (6.27e-2)"	"unprognostic (8.73e-2)"	"unprognostic (6.79e-2)"	"unprognostic (2.89e-2)"	"unprognostic (6.36e-2)"	"unprognostic (3.07e-1)"	"unprognostic (1.24e-1)"	"unprognostic (3.02e-2)"	"unprognostic (2.89e-1)"	"unprognostic (1.16e-2)"	"unprognostic (3.05e-2)"	"unprognostic (2.18e-1)"	"unprognostic (3.46e-1)"	"unprognostic (4.24e-3)"	"unprognostic (3.67e-2)"	"unprognostic (3.44e-1)"	"unprognostic (2.90e-2)"	"unprognostic (1.39e-1)"	"unprognostic (9.13e-3)"	"unprognostic (3.31e-2)"	"unprognostic (2.98e-1)"	"unprognostic (3.55e-2)"	"unprognostic (2.45e-2)"	"unprognostic (2.53e-1)"	"unprognostic (9.66e-2)"	"unprognostic (6.55e-2)"	"unprognostic (2.44e-2)"	"unprognostic (4.57e-2)"
FCGR3B	"CD16, CD16b, FCG3, FcgammaRIIIb, FCGR3, FcRIIIb"	ENSG00000162747	"Fc gamma receptor IIIb"	O75015	1	161623196-161631963	"CD markers, FDA approved drug targets, Human disease related genes, Plasma proteins, Predicted intracellular proteins, Predicted membrane proteins, Predicted secreted proteins, Transporters"		"IgG-binding protein, Receptor"	"FDA approved drug targets"	"Evidence at protein level"	"Evidence at transcript level"	"Evidence at protein level"	"Evidence at protein level"	"Tissue enhanced"	"Detected in many"		"bone marrow: 31.0;lymphoid tissue: 77.5"	"Cell type enriched"	"Detected in some"	21	"Neutrophils: 41.4"	"Cell type enriched"	"Detected in some"	21	"Neutrophils: 41.4"	"Group enriched"	"Detected in some"	23	"central nervous system macrophage: 2.1;leukocyte: 2.6"	"Low cancer specificity"	"Detected in many"			"Group enriched"	"Detected in some"	6	"cerebral cortex: 11.0;pons: 4.2"	"Immune cell enriched"	"Detected in many"	356	"neutrophil: 6077.6"	"Lineage enriched"	"Detected in many"	356	"granulocytes: 6077.6"	"Not detected"	"Not detected"			"Adipose visceral - Neutrophils, Colon - Neutrophils, Heart muscle - Neutrophils, Pituitary gland - Neutrophils, Skeletal muscle - Neutrophils, Spleen - Neutrophils_2, Stomach - Neutrophils, Thyroid gland - Neutrophils"									"Cell type enriched"	"Detected in single"	26045	"Neutrophils: 2604489.6"	"Group enriched"	"Detected in many"		"bone marrow: 4268496.4;lymphoid tissue: 2699609.8"						"Secreted to blood"	Receptor	NA	NA		260000000	"Cluster 4: Neutrophils - Degranulation"	"Cluster 66: Lymphoid tissue - Immune response"	"Cluster 12: Non-specific - Vasculature"	"Cluster 14: Myeloid leukemia - Innate immune response"	"Cluster 31: Neutrophils - Chemotaxis & Apoptosis"	16				"unprognostic (9.39e-3)"	"unprognostic (1.59e-1)"	"unprognostic (2.46e-1)"	"unprognostic (1.08e-1)"	"unprognostic (8.14e-2)"	"unprognostic (1.31e-1)"	"unprognostic (2.27e-1)"	"unprognostic (2.06e-3)"	"unprognostic (7.70e-2)"		"unprognostic (5.61e-2)"	"unprognostic (9.38e-3)"	"unprognostic (8.82e-2)"	"unprognostic (3.26e-2)"	"potential prognostic favorable (1.48e-4)"	"unprognostic (1.44e-1)"	"unprognostic (2.08e-1)"	"unprognostic (8.95e-2)"	"unprognostic (7.10e-2)"		"unprognostic (1.20e-1)"	"unprognostic (1.03e-1)"	"unprognostic (6.78e-2)"		"unprognostic (1.21e-2)"	"unprognostic (1.95e-1)"	"unprognostic (1.94e-1)"	"unprognostic (5.97e-2)"			"unprognostic (7.81e-2)"
FCMR	"FAIM3, FcmuR, TOSO"	ENSG00000162894	"Fc mu receptor"	O60667	1	206903317-206923247	"Predicted intracellular proteins, Predicted membrane proteins, Predicted secreted proteins"	Immunity	Receptor		"Evidence at protein level"	"Evidence at transcript level"	"Evidence at protein level"	"Evidence at protein level"	"Group enriched"	"Detected in many"	6	"intestine: 56.3;lymphoid tissue: 169.0"	"Cell type enhanced"	"Detected in many"		"B-cells: 296.5;Epicardial cells: 91.0;Innate lymphoid cells: 42.3;NK-cells: 108.3;T-cells: 99.7;Thymocytes: 61.8"	"Cell type enhanced"	"Detected in many"		"B-cells: 296.5;Barrier epithelial cells: 91.0;NK-cells: 108.3;T-cells: 99.7"	"Cell type enriched"	"Detected in single"	81	"leukocyte: 71.3"	"Low cancer specificity"	"Detected in all"			"Low region specificity"	"Detected in all"			"Low immune cell specificity"	"Detected in all"			"Low lineage specificity"	"Detected in all"			"Group enriched"	"Detected in some"	10	"Leukemia: 23.9;lymphoma: 55.8;Myeloma: 45.1"	"Spleen - B-cells (Spleen)"	"Not detected"	"Not detected"			"Low region specificity"	"Detected in all"			"Not detected"	"Not detected"			"Not detected"	"Not detected"			HPA003910	Approved		Approved	"Nucleoplasm,Golgi apparatus,Plasma membrane,Centrosome"	"Secreted to blood"	Receptor	NA	NA		2500000	"Cluster 43: Non-specific - Transcription & Translation"	"Cluster 18: Lymphoid tissue - Immune response"	"Cluster 10: Cerebellum - Nucleic acid binding"	"Cluster 46: Lymphoma - Humoral immune response"	"Cluster 87: B-cells - Adaptive immunity: Humoral response"	1	"Nucleoplasm, Plasma membrane"	"Golgi apparatus, Centrosome"	"HPA003910: "	"unprognostic (4.08e-2)"	"unprognostic (3.91e-3)"		"unprognostic (7.05e-3)"	"unprognostic (6.12e-2)"	"unprognostic (2.23e-1)"	"unprognostic (3.95e-1)"	"unprognostic (2.99e-1)"	"unprognostic (1.57e-3)"	"unprognostic (3.38e-1)"	"potential prognostic favorable (7.92e-4)"	"unprognostic (1.38e-1)"	"unprognostic (1.03e-2)"	"potential prognostic favorable (3.00e-4)"		"potential prognostic favorable (8.47e-4)"	"unprognostic (1.16e-1)"	"unprognostic (1.27e-1)"	"unprognostic (2.22e-1)"	"unprognostic (1.19e-1)"	"unprognostic (1.05e-1)"	"potential prognostic favorable (8.26e-4)"	"unprognostic (9.73e-2)"	"unprognostic (3.18e-1)"	"unprognostic (2.50e-1)"	"unprognostic (3.09e-2)"	"unprognostic (2.55e-3)"	"unprognostic (6.59e-2)"	"unprognostic (5.53e-2)"	"unprognostic (2.90e-2)"	"unprognostic (1.14e-1)"
FCRL5	"BXMAS1, CD307e, FCRH5, IRTA2"	ENSG00000143297	"Fc receptor like 5"	Q96RD9	1	157513377-157552515	"CD markers, Disease related genes, Predicted membrane proteins, Predicted secreted proteins"	Fertilization	Receptor		"Evidence at protein level"	"Evidence at transcript level"	"Evidence at protein level"	"Evidence at protein level"	"Tissue enriched"	"Detected in some"	6	"lymphoid tissue: 34.1"	"Cell type enhanced"	"Detected in some"		"B-cells: 114.5;Early spermatids: 62.1;Late primary spermatocytes: 38.1;Plasma cells: 350.1"	"Cell type enhanced"	"Detected in many"		"B-cells: 114.5;Plasma cells: 350.1;Spermatogenic cell types: 62.1"	"Cell type enriched"	"Detected in single"	18	"leukocyte: 6.0"	"Low cancer specificity"	"Detected in many"			"Not detected"	"Not detected"			"Group enriched"	"Detected in some"	17	"memory B-cell: 13.0;naive B-cell: 14.2"	"Lineage enriched"	"Detected in single"	17	"B-cells: 14.2"	"Group enriched"	"Detected in some"	12	"lymphoma: 20.4;Myeloma: 7.2"	"Adipose subcutaneous - Plasma cells, Adipose visceral - Plasma cells, Adrenal gland - Plasma cells, Breast - Plasma cells, Colon - Plasma cells, Heart muscle - Plasma cells, Liver - Plasma cells, Lung - Plasma cells, Minor Salivary Gland - Plasma cells, Pancreas - Plasma cells, Pituitary gland - Plasma cells, Prostate - Plasma cells, Skin - Plasma cells, Stomach - Plasma cells, Testis - Early spermatids, Testis - Late spermatids, Thyroid gland - Plasma cells"	"Not detected"	"Not detected"			"Not detected"	"Not detected"			"Cell type enriched"	"Detected in single"	2442	"B-cells: 244167.5"	"Group enriched"	"Detected in some"	5645	"blood vessel: 897283.6;lymphoid tissue: 231716.9"						"Secreted to blood"	Receptor	NA	NA	169000000	12000000	"Cluster 23: B-cells - Immunoglobulins"	"Cluster 18: Lymphoid tissue - Immune response"		"Cluster 55: Lymphoma - Immune response"	"Cluster 44: Plasma cells - Antibody production & secretion"	2					"potential prognostic favorable (4.47e-4)"	"unprognostic (5.25e-2)"	"unprognostic (6.86e-3)"	"unprognostic (5.14e-2)"	"unprognostic (1.37e-1)"			"potential prognostic favorable (4.64e-5)"						"unprognostic (2.59e-1)"	"unprognostic (1.80e-2)"	"unprognostic (2.44e-3)"	"unprognostic (9.65e-2)"	"unprognostic (2.17e-1)"			"unprognostic (2.55e-1)"	"unprognostic (1.94e-1)"			"unprognostic (2.46e-2)"		"unprognostic (6.90e-2)"	"unprognostic (3.86e-1)"		
FGFR2	"BEK, CD332, CEK3, CFD1, ECT1, JWS, K-SAM, KGFR, TK14, TK25"	ENSG00000066468	"Fibroblast growth factor receptor 2"	P21802	10	121478332-121598458	"Cancer-related genes, CD markers, Disease related genes, Enzymes, FDA approved drug targets, Human disease related genes, Plasma proteins, Predicted intracellular proteins, Predicted membrane proteins, Predicted secreted proteins, RAS pathway related proteins"	Apoptosis	"Heparin-binding, Kinase, Receptor, Transferase, Tyrosine-protein kinase"	"Cancer-related genes, Craniosynostosis, Disease variant, Ectodermal dysplasia, FDA approved drug targets, Intellectual disability, Lacrimo-auriculo-dento-digital syndrome, Proto-oncogene"	"Evidence at protein level"	"Evidence at protein level"	"Evidence at protein level"	"Evidence at protein level"	"Tissue enriched"	"Detected in many"	5	"brain: 549.0"	"Cell type enhanced"	"Detected in many"		"Bergmann glia: 1332.0;Cholangiocytes: 631.0;Choroid plexus epithelial cells: 1986.7;Gastric progenitor cells: 856.2;Oligodendrocytes: 629.1"	"Group enriched"	"Detected in many"	4	"Ciliated cells: 1986.7;Ductal cells: 631.0;Glial cells: 1332.0;Proliferating cells: 856.2"	"Group enriched"	"Detected in many"	4	"Bergmann glia: 1277.6;choroid plexus epithelial cell: 1305.0;oligodendrocyte: 929.3"	"Low cancer specificity"	"Detected in all"			"Low region specificity"	"Detected in all"			"Group enriched"	"Detected in some"	8	"basophil: 3.0;eosinophil: 2.0"	"Lineage enriched"	"Detected in single"	28	"granulocytes: 3.0"	"Cancer enhanced"	"Detected in many"		"Gastric cancer: 171.5"	"Adipose visceral - Mesothelial cells, Breast - Breast myoepithelial cells, Kidney - Macrophages, Liver - Hepatic stellate cells, Lung - Alveolar cells type 2, Pituitary gland - Undifferentiated cells (Pituitary gland), Testis - Spermatogonia, Thyroid gland - Thyroid glandular cells"	"Low region specificity"	"Detected in all"			"Low region specificity"	"Detected in all"			"Group enriched"	"Detected in some"		"Astrocytes and Neuropil: 79524.3;Microglia and Neuropil: 40825.9"	"Group enriched"	"Detected in some"		"cerebral cortex: 1342408.9;salivary gland: 361591.3"	"CAB010886, HPA035305"	Uncertain		Approved	"Nucleoplasm,Vesicles,Cell Junctions"	"Secreted - unknown location"	Receptor	NA	NA		360000	"Cluster 46: Basophils - Proteolysis"	"Cluster 3: Oligodendrocytes - Myelination"	"Cluster 30: White matter - Myelination"	"Cluster 40: Non-specific - Unknown function"	"Cluster 101: Choroid plexus epithelial cells - Ion transport"	34	"Cell Junctions"	"Nucleoplasm, Vesicles"	"CAB010886: , HPA035305: "	"unprognostic (1.73e-2)"	"unprognostic (2.01e-1)"	"unprognostic (6.80e-2)"	"unprognostic (1.18e-2)"	"unprognostic (6.89e-2)"	"unprognostic (5.27e-2)"	"unprognostic (1.63e-1)"	"unprognostic (1.78e-1)"	"unprognostic (2.04e-3)"	"unprognostic (2.90e-1)"	"unprognostic (1.11e-3)"	"potential prognostic favorable (3.24e-6)"	"unprognostic (6.37e-2)"	"unprognostic (8.26e-2)"	"unprognostic (6.57e-3)"	"unprognostic (7.91e-3)"	"unprognostic (3.60e-2)"	"unprognostic (1.82e-3)"	"potential prognostic favorable (2.43e-5)"	"unprognostic (3.77e-2)"	"unprognostic (6.40e-2)"	"unprognostic (1.10e-1)"	"unprognostic (1.19e-1)"	"unprognostic (5.32e-2)"	"unprognostic (1.51e-1)"	"unprognostic (7.53e-2)"	"unprognostic (2.15e-1)"	"unprognostic (1.80e-1)"	"unprognostic (2.93e-1)"	"unprognostic (1.46e-2)"	"unprognostic (1.99e-1)"
FGFR3	"ACH, CD333, CEK2, JTK4"	ENSG00000068078	"Fibroblast growth factor receptor 3"	P22607	4	1793293-1808872	"Cancer-related genes, CD markers, Disease related genes, Enzymes, FDA approved drug targets, Human disease related genes, Predicted intracellular proteins, Predicted membrane proteins, Predicted secreted proteins, RAS pathway related proteins"	Apoptosis	"Kinase, Receptor, Transferase, Tyrosine-protein kinase"	"Cancer-related genes, Craniosynostosis, Deafness, Disease variant, Dwarfism, Ectodermal dysplasia, FDA approved drug targets, Lacrimo-auriculo-dento-digital syndrome"	"Evidence at protein level"	"Evidence at protein level"	"Evidence at protein level"	"Evidence at protein level"	"Tissue enhanced"	"Detected in many"		"brain: 148.8;esophagus: 126.6;skin 1: 256.5"	"Cell type enhanced"	"Detected in many"		"Astrocytes: 527.6;Basal keratinocytes: 111.5;Bergmann glia: 251.5;Cholangiocytes: 105.9;Esophageal apical cells: 112.4;Esophageal suprabasal cells: 128.9;Ocular epithelial cells: 148.5;Pancreatic duct cells: 86.9;Prostatic hillock cells: 92.4;Proximal tubule cells: 123.8;Respiratory basal cells: 103.8;Suprabasal keratinocytes: 90.5"	"Cell type enhanced"	"Detected in many"		"Barrier epithelial cells: 148.5;Glial cells: 527.6"	"Group enriched"	"Detected in many"	6	"astrocyte: 516.1;Bergmann glia: 251.7"	"Low cancer specificity"	"Detected in many"			"Low region specificity"	"Detected in all"			"Not detected in immune cells"	"Not detected"			"Not detected"	"Not detected"			"Cancer enhanced"	"Detected in many"		"Myeloma: 150.3"	"Minor Salivary Gland - Minor salivary gland basal cells, Pituitary gland - Corticotropes, Prostate - Urothelial cells, Testis - Spermatogonia"	"Low region specificity"	"Detected in all"			"Low region specificity"	"Detected in all"			"Group enriched"	"Detected in some"	3816	"Astrocytes and Neuropil: 234372.3;Keratinocytes: 330507.8;Microglia and Neuropil: 417669.4;Neurons: 543955.9"	"Tissue enriched"	"Detected in single"	50473	"cerebral cortex: 5047327.3"	"CAB004231, HPA067204"	Enhanced		Supported	"Endoplasmic reticulum"	"Secreted - unknown location"	Receptor	NA	NA		500000		"Cluster 2: Non-specific - Mixed function"	"Cluster 19: Astrocytes - Mixed function"	"Cluster 51: Myeloma - Immunoglobulins"	"Cluster 28: Astrocytes - Homeostasis & neuron support"	218	"Endoplasmic reticulum"		"CAB004231: , HPA067204: "	"unprognostic (7.73e-2)"	"unprognostic (2.30e-1)"	"unprognostic (1.05e-1)"	"unprognostic (2.81e-2)"	"unprognostic (8.61e-2)"	"potential prognostic favorable (6.13e-6)"	"unprognostic (1.48e-1)"	"unprognostic (2.38e-3)"	"unprognostic (2.46e-2)"		"potential prognostic favorable (2.62e-4)"	"unprognostic (1.54e-3)"	"unprognostic (1.17e-1)"	"unprognostic (9.96e-2)"	"unprognostic (3.69e-1)"	"unprognostic (1.30e-1)"	"unprognostic (8.95e-3)"	"unprognostic (5.08e-2)"	"unprognostic (2.92e-1)"	"unprognostic (2.59e-1)"	"unprognostic (5.81e-2)"	"unprognostic (1.92e-1)"	"unprognostic (9.33e-3)"	"unprognostic (3.15e-2)"	"unprognostic (8.71e-2)"	"unprognostic (5.51e-2)"	"unprognostic (3.73e-1)"	"unprognostic (3.05e-2)"	"unprognostic (1.57e-1)"	"unprognostic (3.47e-2)"	"unprognostic (5.02e-2)"
FKRP	"FKTR, LGMD2I, MDC1C"	ENSG00000181027	"Fukutin related protein"	Q9H9S5	19	46746046-46776988	"Disease related genes, Human disease related genes, Predicted intracellular proteins, Predicted membrane proteins, Predicted secreted proteins"		Transferase	"Cardiomyopathy, Congenital muscular dystrophy, Disease variant, Dystroglycanopathy, Limb-girdle muscular dystrophy, Lissencephaly"	"Evidence at protein level"	"Evidence at protein level"	"Evidence at protein level"	"Evidence at protein level"	"Low tissue specificity"	"Detected in all"			"Low cell type specificity"	"Detected in many"			"Low cell type specificity"	"Detected in all"			"Low cell type specificity"	"Detected in all"			"Low cancer specificity"	"Detected in all"			"Low region specificity"	"Detected in all"			"Low immune cell specificity"	"Detected in many"			"Low lineage specificity"	"Detected in all"			"Low cancer specificity"	"Detected in all"			"Testis - Sertoli cells"	"Low region specificity"	"Detected in all"			"Low region specificity"	"Detected in all"			"Cell type enhanced"	"Detected in many"		"Neurons: 1398640.4"	"Tissue enriched"	"Detected in some"		"lymphoid tissue: 1619192.2"	"HPA043115, HPA060454"	Approved		Approved	"Nucleoplasm,Golgi apparatus,Cytosol"	"Secreted to blood"	Enzyme	NA	NA			"Cluster 20: Non-specific - DNA binding"	"Cluster 24: Non-specific - Transcription"	"Cluster 32: Cerebral cortex - Mixed function"	"Cluster 4: Non-specific - Transcription"	"Cluster 103: Non-specific - Basic cellular processes"	4	"Nucleoplasm, Golgi apparatus, Cytosol"		"HPA043115: , HPA060454: "	"unprognostic (3.47e-1)"	"unprognostic (3.01e-1)"	"unprognostic (8.09e-2)"	"potential prognostic unfavorable (8.08e-4)"	"unprognostic (4.43e-2)"	"unprognostic (2.91e-1)"	"unprognostic (6.96e-2)"	"unprognostic (1.42e-2)"	"unprognostic (2.05e-1)"	"unprognostic (3.47e-1)"	"unprognostic (3.46e-2)"	"unprognostic (1.45e-2)"	"unprognostic (1.94e-1)"	"unprognostic (2.38e-2)"	"unprognostic (3.87e-2)"	"unprognostic (5.18e-2)"	"unprognostic (7.63e-2)"	"unprognostic (2.18e-1)"	"unprognostic (1.37e-1)"	"unprognostic (3.69e-2)"	"unprognostic (5.46e-2)"	"potential prognostic favorable (3.21e-4)"	"unprognostic (1.25e-1)"	"unprognostic (3.98e-1)"	"unprognostic (2.61e-1)"	"unprognostic (2.27e-1)"	"unprognostic (1.15e-3)"	"unprognostic (1.60e-1)"	"unprognostic (1.55e-1)"	"unprognostic (4.09e-2)"	"unprognostic (1.57e-1)"
FLT1	"FLT, VEGFR1"	ENSG00000102755	"Fms related receptor tyrosine kinase 1"	P17948	13	28300346-28495145	"Cancer-related genes, Disease related genes, Enzymes, FDA approved drug targets, Plasma proteins, Predicted membrane proteins, Predicted secreted proteins, RAS pathway related proteins"	"Angiogenesis, Chemotaxis, Differentiation"	"Developmental protein, Kinase, Receptor, Transferase, Tyrosine-protein kinase"	"Cancer-related genes, FDA approved drug targets"	"Evidence at protein level"	"Evidence at protein level"	"Evidence at protein level"	"Evidence at protein level"	"Tissue enriched"	"Detected in many"	9	"placenta: 394.3"	"Cell type enhanced"	"Detected in many"		"Cytotrophoblasts: 308.8;Extravillous trophoblasts: 1644.7;Late spermatids: 279.5;Migrating cytotrophoblasts: 449.7;Müller glia: 545.6;Neutrophils: 284.2;Syncytiotrophoblasts: 1703.8;Vascular endothelial cells: 1218.5"	"Group enriched"	"Detected in many"	4	"Endothelial cells: 1218.5;Glial cells: 545.6;Trophoblast cells: 1703.8"	"Cell type enriched"	"Detected in many"	12	"endothelial cell: 3142.1"	"Cancer enhanced"	"Detected in all"		"Kidney Renal Clear Cell Carcinoma (TCGA): 123.0"	"Low region specificity"	"Detected in all"			"Not detected in immune cells"	"Not detected"			"Not detected"	"Not detected"			"Cancer enhanced"	"Detected in many"		"skin cancer: 15.1;testis cancer: 39.8"	"Adipose visceral - Endothelial cells, Breast - Endothelial cells, Colon - Endothelial cells, Heart muscle - Endothelial cells, Liver - Vascular endothelial cells, Minor Salivary Gland - Endothelial cells, Pituitary gland - Endothelial cells, Prostate - Endothelial cells, Skin - Endothelial cells, Testis - Early spermatids"	"Low region specificity"	"Detected in all"			"Low region specificity"	"Detected in all"			"Cell type enriched"	"Detected in many"		"Glomeruli: 17418439.6"	"Tissue enriched"	"Detected in single"	1602	"skeletal muscle: 160212.6"	"HPA011740, HPA014290, CAB068189, CAB068190"	Enhanced		Supported	"Plasma membrane,Actin filaments,Cytosol"	"Secreted to blood"	Receptor	NA	NA	876000	300000		"Cluster 43: Placenta - Pregnancy hormone signaling"	"Cluster 47: Endothelial cells - Vasculature"	"Cluster 49: HMC-1 - Innate immune response"	"Cluster 12: Endothelial cells - Angiogenesis & vascular homeostasis"	21	"Plasma membrane"	"Actin filaments, Cytosol"	"CAB068189: , CAB068190: , HPA011740: , HPA014290: "	"unprognostic (1.82e-1)"	"unprognostic (2.40e-2)"	"unprognostic (2.03e-1)"	"unprognostic (3.42e-3)"	"unprognostic (4.86e-3)"	"unprognostic (3.34e-2)"	"unprognostic (2.12e-1)"	"unprognostic (5.01e-3)"	"unprognostic (6.22e-2)"	"unprognostic (1.45e-1)"	"validated prognostic favorable (2.61e-8)"	"validated prognostic favorable (3.90e-4)"	"unprognostic (1.78e-3)"	"unprognostic (7.66e-2)"	"unprognostic (1.43e-1)"	"unprognostic (4.42e-3)"	"unprognostic (9.15e-3)"	"unprognostic (2.65e-3)"	"unprognostic (2.15e-1)"	"unprognostic (3.53e-1)"	"potential prognostic unfavorable (8.13e-4)"	"unprognostic (3.90e-1)"	"unprognostic (2.96e-3)"	"unprognostic (2.92e-1)"	"unprognostic (1.41e-2)"	"unprognostic (9.98e-2)"	"unprognostic (4.56e-2)"	"unprognostic (1.28e-2)"	"unprognostic (6.21e-2)"	"unprognostic (7.24e-2)"	"unprognostic (6.25e-3)"
FLT3LG		ENSG00000090554	"Fms related receptor tyrosine kinase 3 ligand"	P49771	19	49474207-49486231	"Predicted intracellular proteins, Predicted membrane proteins, Predicted secreted proteins, RAS pathway related proteins"		Cytokine		"Evidence at protein level"	"Evidence at transcript level"	"Evidence at protein level"	"Evidence at protein level"	"Low tissue specificity"	"Detected in all"			"Cell type enhanced"	"Detected in many"		"Decidual stromal cells: 26.0;Fibroblasts: 8.7;Innate lymphoid cells: 10.0;Leydig cells: 9.0;Oocytes: 13.8;Ovarian stromal cells: 7.2;T-cells: 23.4"	"Cell type enhanced"	"Detected in many"		"Stromal cells: 26.0;T-cells: 23.4"	"Cell type enriched"	"Detected in some"	4	"leukocyte: 9.9"	"Low cancer specificity"	"Detected in all"			"Low region specificity"	"Detected in all"			"Group enriched"	"Detected in all"	5	"gdT-cell: 77.9;MAIT T-cell: 144.7;memory CD4 T-cell: 158.7;memory CD8 T-cell: 102.0;naive CD4 T-cell: 170.1;naive CD8 T-cell: 138.2;T-reg: 171.5"	"Lineage enriched"	"Detected in all"	6	"T-cells: 171.5"	"Low cancer specificity"	"Detected in many"			"Colon - Enteric glia cells, Prostate - Fibroblasts, Spleen - T-cells, Stomach - Fibroblasts"	"Low region specificity"	"Detected in many"			"Low region specificity"	"Detected in all"			"Not detected"	"Not detected"			"Not detected"	"Not detected"								"Secreted to blood"	Cytokine	NA	NA	80000		"Cluster 3: Non-specific - Nuclear processes"	"Cluster 66: Lymphoid tissue - Immune response"	"Cluster 43: Hindbrain - Mixed function"	"Cluster 59: Leukemia - T-cell receptor"	"Cluster 9: T-cells - Adaptive immunity: Regulation"	1				"unprognostic (3.07e-3)"	"unprognostic (1.07e-3)"	"unprognostic (3.24e-2)"	"unprognostic (1.10e-1)"	"unprognostic (1.16e-2)"	"unprognostic (2.48e-1)"	"unprognostic (5.03e-2)"	"unprognostic (2.92e-1)"	"unprognostic (3.32e-3)"	"unprognostic (5.44e-3)"	"unprognostic (4.09e-3)"	"unprognostic (1.56e-1)"	"unprognostic (1.42e-1)"	"unprognostic (2.28e-1)"	"potential prognostic favorable (5.50e-4)"	"unprognostic (1.11e-1)"	"unprognostic (1.12e-1)"	"unprognostic (2.62e-1)"	"unprognostic (3.27e-1)"	"unprognostic (9.11e-2)"	"unprognostic (9.64e-2)"	"unprognostic (3.48e-3)"	"unprognostic (1.46e-1)"	"unprognostic (3.79e-1)"	"unprognostic (3.43e-1)"	"unprognostic (2.84e-2)"	"unprognostic (7.10e-2)"	"unprognostic (7.21e-2)"	"unprognostic (9.86e-2)"	"unprognostic (2.16e-1)"	"unprognostic (1.11e-2)"
FLT4	"PCL, VEGFR-3, VEGFR3"	ENSG00000037280	"Fms related receptor tyrosine kinase 4"	P35916	5	180601506-180649624	"Cancer-related genes, Disease related genes, Enzymes, FDA approved drug targets, Human disease related genes, Plasma proteins, Predicted intracellular proteins, Predicted membrane proteins, Predicted secreted proteins, RAS pathway related proteins, Transporters"	Angiogenesis	"Kinase, Receptor, Transferase, Tyrosine-protein kinase"	"Cancer-related genes, Disease variant, FDA approved drug targets"	"Evidence at protein level"	"Evidence at protein level"	"Evidence at protein level"	"Evidence at protein level"	"Low tissue specificity"	"Detected in many"			"Cell type enhanced"	"Detected in some"		"Extravillous trophoblasts: 104.1;Lymphatic endothelial cells: 197.0;Podocytes: 47.2;Undifferentiated spermatogonia: 14.2;Vascular endothelial cells: 32.4"	"Cell type enhanced"	"Detected in some"		"Endothelial cells: 197.0;Renal nephron cells: 47.2;Trophoblast cells: 104.1"	"Cell type enriched"	"Detected in some"	8	"endothelial cell: 32.6"	"Cancer enhanced"	"Detected in all"		"Kidney Renal Clear Cell Carcinoma (TCGA): 20.8"	"Low region specificity"	"Detected in all"			"Immune cell enriched"	"Detected in single"	4	"MAIT T-cell: 3.8"	"Lineage enriched"	"Detected in single"	14	"T-cells: 3.8"	"Low cancer specificity"	"Detected in many"			"Colon - Endothelial cells, Liver - Vascular endothelial cells, Minor Salivary Gland - Endothelial cells, Pancreas - Endothelial cells, Prostate - Endothelial cells, Skeletal muscle - Endothelial cells, Spleen - Endothelial cells"	"Low region specificity"	"Detected in many"			"Not detected"	"Not detected"			"Cell type enriched"	"Detected in some"		"Macrophages: 2584967.9"	"Tissue enriched"	"Detected in single"	76	"lymphoid tissue: 7570.6"	"HPA067906, HPA074389"	Approved		Supported	"Plasma membrane,Centrosome,Cytosol"	"Secreted to blood"	Receptor	NA	NA	20000000	43000000	"Cluster 1: T-cells - Unknown function"	"Cluster 14: Adipose tissue - Angiogenesis"	"Cluster 47: Endothelial cells - Vasculature"	"Cluster 54: Non-specific - Transcription"	"Cluster 32: Endothelial cells - Angiogenesis & vascular immunity"	24	Cytosol	"Plasma membrane, Centrosome"	"HPA067906: , HPA074389: "	"unprognostic (4.13e-2)"	"unprognostic (1.18e-1)"	"unprognostic (7.15e-2)"	"unprognostic (1.96e-1)"	"unprognostic (1.14e-2)"	"unprognostic (7.99e-2)"	"unprognostic (5.76e-2)"	"unprognostic (1.29e-1)"	"unprognostic (3.46e-2)"	"unprognostic (2.09e-2)"	"validated prognostic favorable (5.61e-6)"	"validated prognostic favorable (8.45e-5)"	"unprognostic (8.98e-2)"	"unprognostic (4.80e-2)"	"potential prognostic favorable (2.55e-4)"	"unprognostic (1.80e-1)"	"unprognostic (1.98e-2)"	"potential prognostic unfavorable (9.96e-4)"	"unprognostic (6.93e-2)"	"unprognostic (2.98e-2)"	"unprognostic (1.34e-1)"	"unprognostic (9.09e-3)"	"unprognostic (4.82e-2)"	"unprognostic (9.24e-2)"	"unprognostic (7.37e-2)"	"unprognostic (6.89e-3)"	"unprognostic (1.65e-1)"	"unprognostic (1.52e-2)"	"unprognostic (1.73e-1)"	"unprognostic (1.09e-1)"	"unprognostic (4.47e-2)"
FOLR1	"FOLR, FRalpha"	ENSG00000110195	"Folate receptor alpha"	P15328	11	72189558-72196323	"Disease related genes, FDA approved drug targets, Human disease related genes, Metabolic proteins, Predicted membrane proteins, Predicted secreted proteins, Transporters"	Transport	Receptor	"FDA approved drug targets, Neurodegeneration"	"Evidence at protein level"	"Evidence at transcript level"	"Evidence at protein level"	"Evidence at protein level"	"Tissue enriched"	"Detected in many"	14	"choroid plexus: 2860.9"	"Cell type enhanced"	"Detected in many"		"Alveolar cells type 1: 426.1;Alveolar cells type 2: 247.2;Breast lactating cells: 1703.5;Cytotrophoblasts: 460.0;Epididymal efferent duct ciliated cells: 222.4;Fallopian secretory cells: 402.1;Fallopian tube ciliated cells: 789.3;Migrating cytotrophoblasts: 547.4;Submucosal glandular cells: 302.6;Syncytiotrophoblasts: 325.2;Transitional alveolar cells: 449.6"	"Cell type enhanced"	"Detected in many"		"Alveolar cells: 449.6;Ciliated cells: 789.3;Secretory cells: 1703.5;Trophoblast cells: 547.4"	"Group enriched"	"Detected in many"	4	"choroid plexus epithelial cell: 156.2;ependymal cell: 44.1"	"Cancer enhanced"	"Detected in many"		"Ovary Serous Cystadenocarcinoma (TCGA): 633.3"	"Region enriched"	"Detected in all"	38	"choroid plexus: 993.6"	"Not detected in immune cells"	"Not detected"			"Not detected"	"Not detected"			"Cancer enhanced"	"Detected in many"		"ovarian cancer: 85.2"	"Kidney - Proximal tubular cells, Lung - Alveolar cells type 1, Minor Salivary Gland - Minor salivary glandular cells, Pituitary gland - Undifferentiated cells (Pituitary gland), Skin - Eccrine sweat gland cells, Thyroid gland - Thyroid glandular cells"	"Low region specificity"	"Detected in many"			"Low region specificity"	"Detected in all"			"Not detected"	"Not detected"			"Group enriched"	"Detected in some"		"fallopian tube: 14412848.9;kidney: 8726954.0;lung: 19514046.3"						"Secreted to blood"	Receptor	NA	NA	448000	25000		"Cluster 1: Choroid plexus - Transmembrane transport"	"Cluster 36: Choroid plexus - Mixed function"	"Cluster 15: Kidney cancer - Membrane components"	"Cluster 4: Breast lactating luminal cells - Lactation"	4				"unprognostic (1.62e-2)"	"unprognostic (3.07e-1)"	"unprognostic (7.33e-2)"	"unprognostic (3.44e-1)"	"unprognostic (8.91e-2)"	"unprognostic (1.32e-1)"	"unprognostic (5.36e-3)"	"unprognostic (1.16e-3)"	"unprognostic (1.05e-2)"	"unprognostic (2.85e-1)"	"potential prognostic favorable (3.68e-4)"	"unprognostic (2.11e-1)"	"unprognostic (6.32e-2)"	"potential prognostic unfavorable (3.17e-4)"	"unprognostic (4.26e-2)"	"unprognostic (4.55e-3)"	"unprognostic (6.90e-2)"	"unprognostic (5.50e-2)"	"unprognostic (8.25e-2)"	"unprognostic (5.34e-2)"	"unprognostic (7.13e-2)"	"unprognostic (4.34e-2)"	"unprognostic (2.35e-1)"	"unprognostic (9.84e-3)"	"unprognostic (2.70e-1)"	"unprognostic (3.06e-2)"		"unprognostic (1.71e-1)"	"unprognostic (1.71e-1)"	"unprognostic (1.76e-1)"	"unprognostic (4.19e-2)"
FOLR2	FRbeta	ENSG00000165457	"Folate receptor beta"	P14207	11	72216601-72221950	"Metabolic proteins, Predicted intracellular proteins, Predicted membrane proteins, Predicted secreted proteins"	Transport	Receptor		"Evidence at protein level"	"Evidence at transcript level"	"Evidence at protein level"	"Evidence at protein level"	"Tissue enhanced"	"Detected in many"		"placenta: 158.2"	"Cell type enriched"	"Detected in some"	4	"Hofbauer cells: 2520.8"	"Cell type enriched"	"Detected in many"	53	"Mononuclear phagocytes: 2520.8"	"Cell type enriched"	"Detected in some"	23	"central nervous system macrophage: 38.2"	"Low cancer specificity"	"Detected in all"			"Low region specificity"	"Detected in all"			"Immune cell enhanced"	"Detected in many"		"classical monocyte: 64.4;intermediate monocyte: 50.8"	"Group enriched"	"Detected in many"	4	"dendritic cells: 18.8;monocytes: 64.4"	"Group enriched"	"Detected in some"	18	"Leukemia: 1.8;lymphoma: 4.2"	"Adipose subcutaneous - Macrophages, Adipose visceral - Macrophages, Adrenal gland - Macrophages, Breast - Macrophages, Colon - Macrophages, Heart muscle - Macrophages, Kidney - Macrophages, Liver - Kupffer cells, Lung - Macrophages, Minor Salivary Gland - Macrophages, Skeletal muscle - Macrophages, Spleen - Macrophages, Testis - Macrophages, Thyroid gland - Macrophages"	"Low region specificity"	"Detected in all"			"Low region specificity"	"Detected in all"			"Cell type enriched"	"Detected in some"		"Macrophages: 9492289.9"	"Low tissue specificity"	"Detected in many"								"Secreted to blood"	Receptor	NA	NA	4000000	3400000	"Cluster 26: Monocytes - Plasma membrane proteins"	"Cluster 14: Adipose tissue - Angiogenesis"	"Cluster 23: Choroid plexus - Mixed function"	"Cluster 46: Lymphoma - Humoral immune response"	"Cluster 72: Macrophages - Phagocytosis & lysosomal degradation"					"unprognostic (2.38e-1)"	"unprognostic (2.13e-1)"	"unprognostic (1.29e-1)"	"unprognostic (1.18e-1)"	"unprognostic (5.02e-2)"	"unprognostic (5.95e-2)"	"unprognostic (1.89e-1)"	"unprognostic (6.93e-2)"	"unprognostic (2.17e-1)"	"unprognostic (1.67e-1)"	"unprognostic (2.24e-2)"	"unprognostic (5.90e-2)"	"unprognostic (2.59e-3)"	"unprognostic (8.88e-2)"	"unprognostic (4.35e-2)"	"potential prognostic favorable (6.27e-4)"	"unprognostic (3.82e-2)"	"potential prognostic unfavorable (8.05e-4)"	"unprognostic (3.23e-1)"	"unprognostic (6.99e-2)"	"unprognostic (3.87e-2)"	"unprognostic (1.48e-1)"	"unprognostic (3.24e-1)"	"unprognostic (2.30e-1)"	"unprognostic (2.51e-2)"	"unprognostic (9.65e-2)"	"unprognostic (9.34e-2)"	"unprognostic (1.73e-3)"	"unprognostic (3.38e-2)"	"unprognostic (5.49e-3)"	"unprognostic (3.12e-2)"
FUT6	"FCT3A, FLJ40754, FT1A, FucT-VI"	ENSG00000156413	"Fucosyltransferase 6"	P51993	19	5830408-5839722	"Enzymes, Metabolic proteins, Predicted intracellular proteins, Predicted membrane proteins, Predicted secreted proteins"	"Lipid metabolism"	"Glycosyltransferase, Transferase"		"Evidence at protein level"	"Evidence at protein level"	"Evidence at protein level"	"Evidence at protein level"	"Tissue enhanced"	"Detected in many"		"esophagus: 76.6;kidney: 32.8;salivary gland: 43.9"	"Cell type enhanced"	"Detected in many"		"Colonocytes: 56.7;Enteric transient amplifying cells: 47.1;Enterocytes: 131.0;Esophageal apical cells: 517.5;Esophageal suprabasal cells: 48.8;Goblet cells: 89.4;Paneth cells: 54.1;Proximal tubule cells: 129.1;Respiratory secretory cells: 52.9"	"Cell type enhanced"	"Detected in many"		"Apical squamous epithelial cells: 517.5;Enterocytes: 131.0;Renal nephron cells: 129.1"	"Not detected"	"Not detected"			"Low cancer specificity"	"Detected in many"			"Low region specificity"	"Detected in single"			"Immune cell enhanced"	"Detected in single"		"basophil: 1.2"	"Low lineage specificity"	"Detected in single"			"Cancer enhanced"	"Detected in some"		"colorectal cancer: 7.9;Gastric cancer: 4.4"	"Breast - Breast glandular cells (progenitors), Colon - Colon enterocytes, Kidney - Proximal tubular cells, Kidney - Proximal tubular cells, Lung - Alveolar cells type 2, Prostate - Urothelial cells"									"Not detected"	"Not detected"			"Group enriched"	"Detected in some"	63674	"intestine: 7188318.5;salivary gland: 5546554.7"	"HPA043707, HPA046966"	Approved		Supported	"Golgi apparatus"	"Secreted to blood"	Enzyme	NA	NA				"Cluster 11: Esophagus - Basic cellular processes"	"Cluster 48: Non-specific - Mixed function"	"Cluster 57: Stomach & Colon cancer - Digestion"	"Cluster 49: Apical squamous epithelium - Epithelial barrier & keratinization"		"Golgi apparatus"		"HPA043707: , HPA046966: "	"unprognostic (5.67e-2)"	"unprognostic (4.86e-2)"	"unprognostic (2.88e-1)"	"unprognostic (2.80e-2)"	"unprognostic (7.24e-3)"	"unprognostic (4.62e-2)"			"potential prognostic favorable (3.21e-4)"		"validated prognostic favorable (3.62e-9)"	"validated prognostic favorable (2.18e-4)"	"potential prognostic favorable (1.08e-5)"	"unprognostic (1.33e-1)"	"unprognostic (2.22e-1)"	"unprognostic (3.43e-2)"	"unprognostic (1.14e-1)"	"unprognostic (4.01e-2)"				"unprognostic (1.04e-1)"	"unprognostic (1.29e-2)"		"unprognostic (6.84e-3)"	"unprognostic (3.02e-1)"		"unprognostic (1.49e-2)"			"unprognostic (4.28e-2)"
GHR	GHBP	ENSG00000112964	"Growth hormone receptor"	P10912	5	42423439-42721878	"Disease related genes, FDA approved drug targets, Human disease related genes, Predicted membrane proteins, Predicted secreted proteins"	Endocytosis	Receptor	"Disease variant, Dwarfism, FDA approved drug targets"	"Evidence at protein level"	"Evidence at protein level"	"Evidence at protein level"	"Evidence at protein level"	"Tissue enhanced"	"Detected in many"		"adipose tissue: 79.5;liver: 199.5"	"Group enriched"	"Detected in many"	4	"Adipocytes: 3141.2;Myonuclei: 1159.6"	"Group enriched"	"Detected in many"	4	"Adipocytes: 3141.2;Myocytes: 1159.6"	"Low cell type specificity"	"Detected in all"			"Cancer enhanced"	"Detected in many"		"Prostate Adenocarcinoma (TCGA): 17.1"	"Low region specificity"	"Detected in all"			"Not detected in immune cells"	"Not detected"			"Not detected"	"Not detected"			"Cancer enhanced"	"Detected in some"		"skin cancer: 6.9"	"Adipose subcutaneous - Adipocytes (Subcutaneous), Adipose visceral - Adipocytes (Visceral), Breast - Adipocytes (Breast), Liver - Hepatocytes"	"Low region specificity"	"Detected in all"			"Low region specificity"	"Detected in all"			"Not detected"	"Not detected"			"Tissue enriched"	"Detected in single"	3165	"liver: 316485.7"	"HPA045339, HPA057705"	Enhanced		Supported	"Plasma membrane,Cytosol,Cytoplasmic bodies"	"Secreted to blood"	Receptor	NA	NA	2200000	3600000		"Cluster 45: Liver - Metabolism & Coagulation"	"Cluster 56: Hypothalamus - Neuropeptide signaling"	"Cluster 3: Rhabdoid - Membrane components"	"Cluster 89: Adipocytes - Lipid metabolism"	31	"Plasma membrane, Cytosol, Cytoplasmic bodies"		"HPA045339: , HPA057705: "	"unprognostic (6.47e-2)"	"unprognostic (1.26e-2)"	"unprognostic (8.47e-2)"	"unprognostic (1.11e-2)"	"unprognostic (3.23e-1)"	"unprognostic (4.88e-2)"	"unprognostic (2.95e-1)"	"potential prognostic favorable (4.80e-5)"	"unprognostic (3.73e-2)"	"unprognostic (6.78e-2)"	"validated prognostic favorable (2.53e-10)"	"validated prognostic favorable (1.24e-4)"	"unprognostic (2.09e-1)"	"validated prognostic favorable (3.06e-6)"	"validated prognostic favorable (1.71e-4)"		"unprognostic (2.92e-2)"	"unprognostic (1.51e-1)"	"unprognostic (8.98e-2)"	"unprognostic (5.90e-2)"		"unprognostic (2.97e-3)"	"unprognostic (3.57e-2)"	"unprognostic (8.96e-2)"	"unprognostic (1.13e-2)"	"unprognostic (1.27e-1)"		"unprognostic (5.69e-3)"	"unprognostic (1.43e-1)"	"potential prognostic unfavorable (6.29e-4)"	
GP2	ZAP75	ENSG00000169347	"Glycoprotein 2"	P55259	16	20309574-20327808	"Predicted intracellular proteins, Predicted membrane proteins, Predicted secreted proteins"	"Immunity, Innate immunity"	Receptor		"Evidence at protein level"	"Evidence at protein level"	"Evidence at protein level"	"Evidence at protein level"	"Tissue enriched"	"Detected in many"	968	"pancreas: 33354.1"	"Cell type enriched"	"Detected in some"	39	"Pancreatic acinar cells: 20522.0"	"Cell type enriched"	"Detected in some"	39	"Acinar cells: 20522.0"	"Not detected"	"Not detected"			"Cancer enriched"	"Detected in many"	11	"Pancreatic Adenocarcinoma (TCGA): 680.4"	"Low region specificity"	"Detected in all"			"Not detected in immune cells"	"Not detected"			"Not detected"	"Not detected"			"Cancer enhanced"	"Detected in some"		"breast cancer: 4.4"	"Kidney - Ascending Loop of Henle cells, Prostate - Prostate glandular cells"	"Not detected"	"Not detected"			"Region enriched"	"Detected in single"	10	"midbrain: 1.0"	"Group enriched"	"Detected in some"		"Pancreas epithelial cells: 276537596.5;Pancreatic islets: 124402579.4"	"Tissue enriched"	"Detected in many"		"pancreas: 467018071.3"	"HPA015739, HPA016668"	Enhanced				"Secreted to digestive system"	Receptor	NA	NA		58000		"Cluster 8: Pancreas - Proteolysis"	"Cluster 48: Non-specific - Mixed function"	"Cluster 27: Breast cancer - Unknown function"	"Cluster 5: Pancreatic acinar cells - Pancreatic exocrine secretion"				"HPA015739: , HPA016668: "		"unprognostic (1.40e-1)"	"unprognostic (5.82e-2)"	"unprognostic (8.46e-2)"	"unprognostic (1.86e-1)"	"unprognostic (6.59e-3)"			"unprognostic (7.88e-2)"					"unprognostic (1.24e-2)"	"unprognostic (1.52e-1)"	"unprognostic (6.42e-2)"	"unprognostic (3.67e-2)"	"unprognostic (1.65e-1)"	"unprognostic (3.13e-1)"			"unprognostic (1.71e-1)"	"unprognostic (1.50e-1)"	"unprognostic (8.71e-2)"		"unprognostic (9.64e-3)"		"unprognostic (2.04e-1)"			"unprognostic (4.20e-2)"
GPI	"AMF, NLK"	ENSG00000105220	"Glucose-6-phosphate isomerase"	P06744	19	34359480-34402413	"Cancer-related genes, Disease related genes, Enzymes, Human disease related genes, Metabolic proteins, Plasma proteins, Potential drug targets, Predicted intracellular proteins, Predicted membrane proteins, Predicted secreted proteins"	"Gluconeogenesis, Glycolysis"	"Cytokine, Growth factor, Isomerase"	"Cancer-related genes, Disease variant, Hereditary hemolytic anemia"	"Evidence at protein level"	"Evidence at protein level"	"Evidence at protein level"	"Evidence at protein level"	"Low tissue specificity"	"Detected in all"			"Cell type enriched"	"Detected in many"	4	"Late spermatids: 1200.6"	"Cell type enriched"	"Detected in all"	6	"Spermatogenic cell types: 1200.6"	"Low cell type specificity"	"Detected in all"			"Low cancer specificity"	"Detected in all"			"Low region specificity"	"Detected in all"			"Low immune cell specificity"	"Detected in all"			"Low lineage specificity"	"Detected in all"			"Low cancer specificity"	"Detected in all"			"Adipose visceral - Adipocytes (Visceral), Adrenal gland - Adrenal cortex cells, Breast - Adipocytes (Breast), Heart muscle - Cardiomyocytes, Prostate - Smooth muscle cells, Testis - Late spermatids"	"Low region specificity"	"Detected in all"			"Low region specificity"	"Detected in all"			"Low cell type specificity"	"Detected in all"			"Low tissue specificity"	"Detected in all"			"CAB018655, HPA024305, CAB040563, HPA052171, CAB080077, CAB080078, CAB080085"	Enhanced		Approved	"Plasma membrane,Cytosol"	"Secreted to blood"	Cytokine	NA	No		58000000	"Cluster 25: Non-specific - Unknown function"	"Cluster 52: Non-specific - Cellular respiration"	"Cluster 52: Neurons & Synapses - Synaptic function"	"Cluster 4: Non-specific - Transcription"	"Cluster 56: Late spermatids - Spermiogenesis: Maturation"	16	Cytosol	"Plasma membrane"	"CAB018655: , CAB040563: , CAB080077: , CAB080078: , CAB080085: , HPA024305: , HPA052171: "	"unprognostic (3.07e-1)"	"unprognostic (2.59e-2)"	"unprognostic (3.32e-2)"	"unprognostic (7.31e-3)"	"unprognostic (1.15e-2)"	"unprognostic (3.22e-1)"	"unprognostic (3.62e-2)"	"unprognostic (8.59e-3)"	"unprognostic (7.58e-3)"	"unprognostic (7.92e-3)"	"potential prognostic favorable (3.38e-7)"	"unprognostic (5.90e-2)"	"unprognostic (8.25e-2)"	"unprognostic (4.38e-2)"	"unprognostic (4.21e-3)"	"validated prognostic unfavorable (8.08e-5)"	"validated prognostic unfavorable (7.84e-4)"	"unprognostic (7.33e-2)"	"unprognostic (1.99e-1)"	"unprognostic (8.15e-2)"	"unprognostic (1.66e-1)"	"unprognostic (2.53e-1)"	"unprognostic (2.17e-1)"	"potential prognostic unfavorable (7.65e-4)"	"unprognostic (1.36e-1)"	"unprognostic (7.90e-2)"	"unprognostic (1.29e-1)"	"unprognostic (2.03e-1)"	"unprognostic (3.85e-2)"	"potential prognostic unfavorable (7.38e-4)"	"unprognostic (3.87e-2)"
HBEGF	"DTR, DTS, HEGFL"	ENSG00000113070	"Heparin binding EGF like growth factor"	Q99075	5	140332843-140346603	"Predicted membrane proteins, Predicted secreted proteins"		"Growth factor, Heparin-binding, Receptor"		"Evidence at protein level"	"Evidence at transcript level"	"Evidence at protein level"	"Evidence at protein level"	"Tissue enhanced"	"Detected in all"		"urinary bladder: 119.6"	"Cell type enhanced"	"Detected in many"		"Basal keratinocytes: 191.8;Enterocytes: 255.8;Epididymal basal cells: 464.9;Esophageal apical cells: 537.5;Esophageal basal cells: 246.4;Esophageal suprabasal cells: 444.3;monocytes: 289.0;Ocular epithelial cells: 487.0;Suprabasal keratinocytes: 202.5;Urothelial cells: 294.7"	"Cell type enhanced"	"Detected in many"		"Apical squamous epithelial cells: 537.5;Barrier epithelial cells: 487.0;Basal cells: 464.9;Suprabasal cells: 444.3"	"Cell type enhanced"	"Detected in many"		"endothelial cell: 33.9"	"Low cancer specificity"	"Detected in all"			"Low region specificity"	"Detected in all"			"Group enriched"	"Detected in some"	5	"intermediate monocyte: 2.2;myeloid DC: 1.6;non-classical monocyte: 1.6"	"Group enriched"	"Detected in many"	6	"dendritic cells: 1.6;monocytes: 2.2"	"Low cancer specificity"	"Detected in all"				"Low region specificity"	"Detected in all"			"Low region specificity"	"Detected in all"			"Not detected"	"Not detected"			"Not detected"	"Not detected"			"HPA019793, HPA053243"	Uncertain		Approved	"Golgi apparatus,Vesicles"	"Secreted to blood"	"Growth factor"	NA	NA	118000		"Cluster 40: Monocytes - Innate immune response"	"Cluster 14: Adipose tissue - Angiogenesis"	"Cluster 11: White matter - Signal transduction"	"Cluster 53: Squamous epithelial cells - Keratinization"	"Cluster 100: Stratified epithelial cells - Barrier functions"	16	"Golgi apparatus"	Vesicles	"HPA019793: , HPA053243: "	"unprognostic (8.26e-2)"	"unprognostic (8.46e-2)"	"unprognostic (1.58e-1)"	"unprognostic (9.01e-2)"	"unprognostic (5.15e-2)"	"unprognostic (2.97e-1)"	"unprognostic (5.35e-2)"	"unprognostic (3.49e-1)"	"potential prognostic unfavorable (8.78e-5)"	"unprognostic (6.41e-1)"	"unprognostic (5.84e-3)"	"unprognostic (2.70e-3)"	"unprognostic (2.60e-1)"	"unprognostic (8.16e-3)"	"unprognostic (2.73e-1)"	"unprognostic (1.46e-2)"	"unprognostic (8.55e-2)"	"unprognostic (1.97e-1)"	"unprognostic (9.64e-2)"	"unprognostic (1.74e-2)"	"unprognostic (7.96e-2)"	"potential prognostic unfavorable (4.35e-4)"	"unprognostic (9.81e-2)"	"unprognostic (6.60e-3)"	"unprognostic (4.63e-2)"	"unprognostic (1.07e-3)"	"unprognostic (9.29e-2)"	"unprognostic (7.05e-2)"	"unprognostic (2.07e-1)"	"unprognostic (1.11e-1)"	"unprognostic (2.97e-1)"
HHIP	"FLJ20992, HIP"	ENSG00000164161	"Hedgehog interacting protein"	Q96QV1	4	144646156-144745271	"Predicted membrane proteins, Predicted secreted proteins"				"Evidence at protein level"	"Evidence at transcript level"	"Evidence at protein level"	"Evidence at protein level"	"Tissue enhanced"	"Detected in many"		"brain: 8.4;lung: 15.3"	"Group enriched"	"Detected in many"	4	"Alveolar cells type 2: 466.2;Leydig cells: 360.6;Oligodendrocytes: 654.8"	"Group enriched"	"Detected in many"	4	"Alveolar cells: 466.2;Glial cells: 654.8;Leydig cells: 360.6"	"Cell type enhanced"	"Detected in all"		"committed oligodendrocyte precursor: 281.6;oligodendrocyte: 731.0"	"Cancer enhanced"	"Detected in many"		"Lung Adenocarcinoma (TCGA): 4.9"	"Low region specificity"	"Detected in all"			"Not detected in immune cells"	"Not detected"			"Not detected"	"Not detected"			"Cancer enriched"	"Detected in many"	5	"Rhabdoid: 115.1"	"Adipose visceral - Mesothelial cells, Kidney - Fibroblasts, Liver - Hepatic stellate cells, Lung - Alveolar cells type 2, Minor Salivary Gland - Fibroblasts, Skeletal muscle - Fibroblasts, Skin - Hair cortex cells, Skin - Inner root sheath cells, Skin - Outer root sheath cells, Thyroid gland - Fibroblasts"	"Low region specificity"	"Detected in all"			"Low region specificity"	"Detected in all"			"Cell type enriched"	"Detected in single"	1579	"Alveolar cell types: 157903.9"	"Tissue enriched"	"Detected in single"	1541	"cerebral cortex: 154086.4"	HPA012616	Uncertain		Uncertain	Nucleoplasm	"Secreted in other tissues"	"No annotated function"	NA	NA		280000	"Cluster 8: Plasmacytoid DCs - Unknown function"	"Cluster 3: Oligodendrocytes - Myelination"	"Cluster 11: White matter - Signal transduction"	"Cluster 5: Rhabdoid - Unknown function"	"Cluster 80: Oligodendrocytes - Myelination"	1	Nucleoplasm		"HPA012616: "						"unprognostic (1.87e-1)"	"unprognostic (1.15e-1)"	"unprognostic (4.44e-1)"				"unprognostic (3.74e-2)"				"unprognostic (8.82e-2)"	"unprognostic (6.31e-2)"	"unprognostic (1.16e-2)"	"unprognostic (3.05e-2)"			"unprognostic (2.30e-2)"	"unprognostic (1.58e-2)"	"unprognostic (2.32e-1)"	"unprognostic (4.62e-2)"	"unprognostic (3.26e-2)"		"unprognostic (1.95e-2)"	"unprognostic (1.17e-1)"		"unprognostic (2.01e-1)"
HLA-E		ENSG00000204592	"Major histocompatibility complex, class I, E"	P13747	6	30489509-30494194	"Plasma proteins, Predicted membrane proteins, Predicted secreted proteins"	"Adaptive immunity, Host-virus interaction, Immunity, Innate immunity"			"Evidence at protein level"	"Evidence at protein level"	"Evidence at protein level"	"Evidence at protein level"	"Low tissue specificity"	"Detected in many"			"Cell type enhanced"	"Detected in many"		"Esophageal apical cells: 84.6;Kupffer cells: 90.2;Lymphatic endothelial cells: 85.2;Microglia: 148.7;Neutrophils: 206.6;NK-cells: 96.3;Plasma cells: 120.6;Platelets: 271.6;Vascular endothelial cells: 93.3"	"Cell type enhanced"	"Detected in many"		"Neutrophils: 206.6;Platelets: 271.6"	"Cell type enhanced"	"Detected in many"		"endothelial cell: 878.4;leukocyte: 507.1"	"Low cancer specificity"	"Detected in all"			"Low region specificity"	"Detected in all"			"Low immune cell specificity"	"Detected in all"			"Low lineage specificity"	"Detected in all"			"Low cancer specificity"	"Detected in many"			"Adipose subcutaneous - Endothelial cells, Breast - Endothelial cells, Colon - Endothelial cells, Kidney - Endothelial cells, Pituitary gland - Endothelial cells, Skeletal muscle - Endothelial cells, Testis - Endothelial cells"									"Group enriched"	"Detected in many"		"Alveolar cell types: 2557448.2;B-cells: 3575216.4;Macrophages: 6620325.2;Neutrophils: 5137492.3;T-cells: 6261673.1"	"Tissue enhanced"	"Detected in many"		"lymphoid tissue: 19305177.4"	"CAB024589, HPA031454, CAB080329"	Enhanced		Supported	"Vesicles,Plasma membrane"	"Secreted to blood"	Immunity	NA	NA		9300000	"Cluster 35: Neutrophils - Protein binding"	"Cluster 5: Spleen - Immune response"	"Cluster 20: Macrophages & Microglia - Immune response"	"Cluster 46: Lymphoma - Humoral immune response"	"Cluster 104: Brain endothelial cells - Blood brain barrier"	17	"Vesicles, Plasma membrane"		"CAB024589: , CAB080329: , HPA031454: "	"unprognostic (8.84e-2)"	"unprognostic (2.32e-1)"		"unprognostic (1.55e-2)"	"unprognostic (1.02e-2)"	"unprognostic (1.80e-1)"	"unprognostic (3.49e-2)"	"unprognostic (1.12e-1)"	"unprognostic (8.91e-2)"	"unprognostic (3.55e-2)"	"unprognostic (2.67e-3)"	"unprognostic (3.62e-2)"	"unprognostic (4.22e-2)"	"unprognostic (3.06e-2)"		"unprognostic (1.12e-2)"	"unprognostic (8.08e-2)"	"unprognostic (7.44e-2)"	"unprognostic (2.09e-1)"	"unprognostic (3.59e-1)"	"unprognostic (2.14e-1)"	"unprognostic (1.95e-1)"	"unprognostic (2.92e-2)"	"unprognostic (7.15e-2)"	"unprognostic (1.69e-1)"	"unprognostic (9.26e-2)"	"unprognostic (6.09e-2)"	"unprognostic (4.04e-2)"	"unprognostic (4.87e-3)"	"unprognostic (1.57e-2)"	"unprognostic (1.86e-2)"
HLA-G		ENSG00000204632	"Major histocompatibility complex, class I, G"	P17693	6	29826967-29831125	"Cancer-related genes, Human disease related genes, Predicted membrane proteins, Predicted secreted proteins"	Immunity		"Cancer-related genes"	"Evidence at protein level"	"Evidence at protein level"	"Evidence at protein level"	"Evidence at protein level"	"Group enriched"	"Detected in some"	4	"pituitary gland: 13.7;placenta: 10.5"	"Cell type enriched"	"Detected in some"	24	"Extravillous trophoblasts: 714.2"	"Cell type enriched"	"Detected in many"	24	"Trophoblast cells: 714.2"	"Not detected"	"Not detected"			"Cancer enhanced"	"Detected in some"		"Kidney Renal Clear Cell Carcinoma (TCGA): 5.1"	"Not detected"	"Not detected"			"Not detected in immune cells"	"Not detected"			"Not detected"	"Not detected"			"Cancer enhanced"	"Detected in single"		"lung cancer: 1.1"	"Pituitary gland - Gonadotropes, Testis - Late spermatids"									"Cell type enriched"	"Detected in some"		"Neutrophils: 23868637.3"	"Tissue enriched"	"Detected in single"	23116	"pancreas: 2311551.9"	CAB016158	Enhanced				"Secreted to blood"	Immunity	NA	NA	32800000		"Cluster 43: Non-specific - Transcription & Translation"	"Cluster 43: Placenta - Pregnancy hormone signaling"		"Cluster 53: Squamous epithelial cells - Keratinization"	"Cluster 21: Extravillous trophoblasts - Placental invasion & endocrine regulatio"	70			"CAB016158: "									"unprognostic (8.58e-2)"		"unprognostic (3.61e-2)"	"unprognostic (2.16e-1)"	"unprognostic (7.49e-2)"			"unprognostic (1.18e-1)"	"unprognostic (3.97e-1)"				"unprognostic (6.37e-2)"		"unprognostic (6.21e-2)"							"unprognostic (3.02e-1)"	
IFNAR2	IFNABR	ENSG00000159110	"Interferon alpha and beta receptor subunit 2"	P48551	21	33205282-33265675	"Cancer-related genes, Disease related genes, FDA approved drug targets, Human disease related genes, Predicted intracellular proteins, Predicted membrane proteins, Predicted secreted proteins"		Receptor	"Cancer-related genes, FDA approved drug targets"	"Evidence at protein level"	"Evidence at transcript level"	"Evidence at protein level"	"Evidence at protein level"	"Low tissue specificity"	"Detected in all"			"Cell type enhanced"	"Detected in many"		"Brain excitatory neurons: 36.1;Brain inhibitory neurons: 39.9;Extravillous trophoblasts: 67.3;Microglia: 47.3;Oligodendrocyte progenitor cells: 51.1;Oligodendrocytes: 38.7;pDCs: 36.3;Plasma cells: 73.3"	"Cell type enhanced"	"Detected in many"		"Glial cells: 51.1;Plasma cells: 73.3;Trophoblast cells: 67.3"	"Cell type enhanced"	"Detected in all"		"endothelial cell: 336.1"	"Low cancer specificity"	"Detected in all"			"Low region specificity"	"Detected in all"			"Low immune cell specificity"	"Detected in all"			"Low lineage specificity"	"Detected in all"			"Cancer enhanced"	"Detected in all"		"Myeloma: 108.5"	"Colon - Endothelial cells"	"Low region specificity"	"Detected in all"			"Low region specificity"	"Detected in all"			"Not detected"	"Not detected"			"Not detected"	"Not detected"								"Secreted to blood"	Receptor	NA	NA		700000	"Cluster 10: Non-specific - Membrane trafficking"	"Cluster 66: Lymphoid tissue - Immune response"	"Cluster 47: Endothelial cells - Vasculature"	"Cluster 51: Myeloma - Immunoglobulins"	"Cluster 104: Brain endothelial cells - Blood brain barrier"	21				"unprognostic (5.14e-2)"	"unprognostic (2.13e-1)"	"unprognostic (3.23e-2)"	"potential prognostic unfavorable (3.54e-4)"	"unprognostic (4.46e-1)"	"unprognostic (4.34e-2)"	"unprognostic (1.05e-2)"	"unprognostic (1.67e-1)"	"unprognostic (4.37e-1)"	"unprognostic (3.10e-3)"	"unprognostic (1.51e-1)"	"unprognostic (1.58e-1)"	"unprognostic (5.76e-2)"	"unprognostic (1.40e-3)"	"unprognostic (6.89e-2)"	"unprognostic (2.81e-2)"	"potential prognostic unfavorable (8.05e-4)"	"unprognostic (6.00e-2)"	"unprognostic (7.16e-2)"	"unprognostic (1.02e-1)"	"unprognostic (7.66e-2)"	"unprognostic (3.94e-2)"	"unprognostic (3.51e-1)"	"unprognostic (2.32e-1)"	"unprognostic (3.06e-1)"	"potential prognostic favorable (9.75e-4)"	"unprognostic (9.23e-2)"	"unprognostic (8.08e-2)"	"unprognostic (4.02e-1)"	"unprognostic (1.39e-2)"	"unprognostic (1.22e-1)"
IGF2	"C11orf43, FLJ44734, IGF-II"	ENSG00000167244	"Insulin like growth factor 2"	P01344	11	2129112-2158391	"Cancer-related genes, Disease related genes, Human disease related genes, Plasma proteins, Predicted membrane proteins, Predicted secreted proteins, RAS pathway related proteins"	"Carbohydrate metabolism, Glucose metabolism, Osteogenesis"	"Growth factor, Hormone, Mitogen"	"Cancer-related genes, Disease variant, Dwarfism"	"Evidence at protein level"	"Evidence at protein level"	"Evidence at protein level"	"Evidence at protein level"	"Tissue enriched"	"Detected in many"	7	"placenta: 2597.9"	"Cell type enhanced"	"Detected in some"		"Cytotrophoblasts: 92.5;Extravillous trophoblasts: 411.3;Fibroblasts: 56.2;Leydig cells: 138.2;Migrating cytotrophoblasts: 149.7;Syncytiotrophoblasts: 148.5;Thymic myoid cells: 304.6"	"Group enriched"	"Detected in some"	5	"Leydig cells: 138.2;Stromal cells: 304.6;Trophoblast cells: 411.3"	"Group enriched"	"Detected in some"	11	"fibroblast: 396.0;pericyte: 307.1;vascular associated smooth muscle cell: 105.5"	"Cancer enhanced"	"Detected in all"		"Bladder Urothelial Carcinoma (TCGA): 958.2;Ovary Serous Cystadenocarcinoma (TCGA): 1031.2"	"Region enhanced"	"Detected in all"		"choroid plexus: 618.1"	"Not detected in immune cells"	"Not detected"			"Not detected"	"Not detected"			"Cancer enhanced"	"Detected in many"		"liver cancer: 597.2;Sarcoma: 625.3"	"Prostate - Fibroblasts, Skeletal muscle - Fibroblasts, Thyroid gland - Fibroblasts"	"Low region specificity"	"Detected in all"			"Low region specificity"	"Detected in all"			"Cell type enriched"	"Detected in single"	586	"Proximal tubules: 58560.3"	"Tissue enriched"	"Detected in single"	13075	"ovary: 1307501.2"	HPA007556	Enhanced		Approved	"Golgi apparatus"	"Secreted to blood"	Hormone	NA	NA	609000000	520000000		"Cluster 43: Placenta - Pregnancy hormone signaling"	"Cluster 36: Choroid plexus - Mixed function"	"Cluster 10: Ciliated cells - Ion channel activity"	"Cluster 21: Extravillous trophoblasts - Placental invasion & endocrine regulatio"	9	"Golgi apparatus"		"HPA007556: "	"unprognostic (3.37e-2)"	"unprognostic (3.48e-1)"	"unprognostic (1.18e-1)"	"unprognostic (3.61e-2)"	"unprognostic (2.42e-1)"	"unprognostic (3.21e-1)"	"unprognostic (6.18e-3)"	"unprognostic (2.77e-1)"	"unprognostic (1.19e-1)"	"unprognostic (2.28e-1)"	"unprognostic (1.65e-2)"	"unprognostic (3.21e-2)"	"potential prognostic unfavorable (2.28e-4)"	"unprognostic (2.63e-3)"	"unprognostic (5.39e-3)"	"unprognostic (6.87e-2)"	"unprognostic (4.74e-2)"	"unprognostic (1.98e-1)"	"unprognostic (2.09e-1)"	"unprognostic (8.07e-3)"	"potential prognostic unfavorable (4.85e-5)"	"unprognostic (4.61e-2)"	"unprognostic (1.30e-3)"	"unprognostic (1.47e-1)"	"unprognostic (1.64e-2)"	"unprognostic (3.77e-2)"	"unprognostic (7.35e-2)"	"unprognostic (8.22e-3)"	"unprognostic (2.04e-1)"	"unprognostic (2.00e-2)"	"unprognostic (2.75e-1)"
IGHA1	AL928768.3	ENSG00000211895	"Immunoglobulin heavy constant alpha 1"	P01876	14	105703995-105708665	"Disease related genes, Immunoglobulin genes, Predicted intracellular proteins, Predicted membrane proteins, Predicted secreted proteins"	"Adaptive immunity, Immunity"			"Evidence at protein level"	"Evidence at transcript level"	"Evidence at protein level"	"Evidence at protein level"	"Group enriched"	"Detected in many"	5	"intestine: 6976.0;lymphoid tissue: 5886.0;salivary gland: 8576.2;stomach 1: 6273.4"	"Cell type enriched"	"Detected in some"	18	"Plasma cells: 9025.7"	"Cell type enriched"	"Detected in many"	18	"Plasma cells: 9025.7"	"Cell type enriched"	"Detected in single"	253	"leukocyte: 25.4"	"Cancer enhanced"	"Detected in all"		"Lung Adenocarcinoma (TCGA): 2831.3"	"Low region specificity"	"Detected in many"			"Group enriched"	"Detected in many"	203	"memory B-cell: 2579.2;naive B-cell: 1123.4"	"Lineage enriched"	"Detected in many"	282	"B-cells: 2579.2"	"Cancer enriched"	"Detected in some"	20	"Myeloma: 1517.6"	"Adipose subcutaneous - Plasma cells, Adipose visceral - Plasma cells, Adrenal gland - Plasma cells, Breast - Plasma cells, Colon - Plasma cells, Heart muscle - Plasma cells, Liver - Plasma cells, Lung - Plasma cells, Minor Salivary Gland - Plasma cells, Pancreas - Plasma cells, Pituitary gland - Plasma cells, Prostate - Plasma cells, Skeletal muscle - Plasma cells, Skin - Plasma cells, Spleen - Plasma cells, Stomach - Plasma cells, Thyroid gland - Plasma cells"									"Cell type enhanced"	"Detected in all"		"Alveolar cell types: 470039765.4"	"Low tissue specificity"	"Detected in all"			"HPA001217, HPA006013"	Approved				"Immunoglobulin genes"	Immunity	NA	NA			"Cluster 17: B-cells - Immunoglobulins"	"Cluster 17: Intestine - Digestion"	"Cluster 8: Immune cells - Immune response"	"Cluster 51: Myeloma - Immunoglobulins"	"Cluster 67: Plasma cells - Plasma cell differentiation"	29			"HPA001217: , HPA006013: "	"unprognostic (2.06e-1)"	"potential prognostic favorable (1.77e-5)"		"unprognostic (4.87e-2)"	"unprognostic (2.00e-2)"	"unprognostic (2.64e-1)"	"unprognostic (6.39e-3)"	"unprognostic (2.52e-2)"	"potential prognostic favorable (1.23e-4)"	"unprognostic (1.43e-1)"	"unprognostic (1.12e-2)"	"unprognostic (7.50e-2)"	"unprognostic (2.41e-3)"	"unprognostic (1.50e-1)"		"unprognostic (3.01e-2)"	"unprognostic (2.73e-2)"	"unprognostic (1.00e-1)"	"unprognostic (1.29e-1)"	"unprognostic (4.90e-2)"	"unprognostic (2.15e-1)"	"unprognostic (2.00e-1)"	"unprognostic (5.12e-3)"	"unprognostic (2.85e-1)"	"unprognostic (2.69e-2)"	"unprognostic (1.95e-1)"	"unprognostic (4.11e-1)"	"unprognostic (5.33e-2)"	"unprognostic (7.17e-2)"	"unprognostic (9.53e-2)"	"unprognostic (6.81e-2)"
IGHA2		ENSG00000211890	"Immunoglobulin heavy constant alpha 2 (A2m marker)"	P01877	14	105583731-105588395	"Immunoglobulin genes, Plasma proteins, Predicted intracellular proteins, Predicted membrane proteins, Predicted secreted proteins"	"Adaptive immunity, Immunity"			"Evidence at protein level"	"Evidence at transcript level"	"Evidence at protein level"	"Evidence at protein level"	"Group enriched"	"Detected in many"	6	"intestine: 5009.9;salivary gland: 3590.5"	"Cell type enriched"	"Detected in some"	5	"Plasma cells: 8042.5"	"Cell type enriched"	"Detected in some"	5	"Plasma cells: 8042.5"	"Not detected"	"Not detected"			"Low cancer specificity"	"Detected in many"			"Not detected"	"Not detected"			"Group enriched"	"Detected in some"	878	"memory B-cell: 280.4;naive B-cell: 124.8"	"Lineage enriched"	"Detected in single"	1215	"B-cells: 280.4"	"Cancer enriched"	"Detected in some"	5	"Myeloma: 47.8"	"Adipose subcutaneous - Plasma cells, Adipose visceral - Plasma cells, Adrenal gland - Plasma cells, Breast - Plasma cells, Colon - Plasma cells, Heart muscle - Plasma cells, Kidney - Plasma cells, Liver - Plasma cells, Lung - Plasma cells, Minor Salivary Gland - Plasma cells, Pancreas - Plasma cells, Pituitary gland - Plasma cells, Prostate - Plasma cells, Skeletal muscle - Plasma cells, Skin - Plasma cells, Spleen - Plasma cells, Stomach - Plasma cells, Thyroid gland - Plasma cells"									"Cell type enhanced"	"Detected in many"		"Large ducts: 8271517.0"	"Tissue enhanced"	"Detected in all"		"salivary gland: 63136387.4"	"HPA001217, HPA006013"	Approved				"Immunoglobulin genes"	Immunity	NA	NA			"Cluster 17: B-cells - Immunoglobulins"	"Cluster 77: Intestine - Digestion"		"Cluster 51: Myeloma - Immunoglobulins"	"Cluster 67: Plasma cells - Plasma cell differentiation"	17			"HPA001217: , HPA006013: "	"unprognostic (5.24e-2)"	"unprognostic (1.79e-3)"		"potential prognostic favorable (6.50e-5)"	"unprognostic (3.36e-1)"	"unprognostic (1.99e-1)"		"unprognostic (5.28e-2)"	"unprognostic (1.09e-3)"		"unprognostic (5.05e-3)"	"unprognostic (9.02e-3)"	"potential prognostic unfavorable (3.47e-4)"	"unprognostic (2.49e-1)"		"unprognostic (8.14e-2)"	"unprognostic (1.27e-1)"	"unprognostic (2.80e-2)"	"unprognostic (7.91e-2)"	"unprognostic (3.28e-1)"	"unprognostic (1.31e-1)"	"unprognostic (2.30e-1)"	"unprognostic (1.95e-2)"	"unprognostic (6.25e-2)"	"unprognostic (2.31e-2)"	"unprognostic (4.24e-1)"	"unprognostic (5.27e-2)"	"unprognostic (2.61e-2)"	"unprognostic (2.17e-1)"	"unprognostic (4.34e-3)"	"unprognostic (3.82e-1)"
IGHE		ENSG00000211891	"Immunoglobulin heavy constant epsilon"	P01854	14	105597691-105601728	"Immunoglobulin genes, Predicted intracellular proteins, Predicted membrane proteins, Predicted secreted proteins"	"Adaptive immunity, Immunity, Inflammatory response"			"Evidence at protein level"	"Evidence at transcript level"	"Evidence at protein level"	"Evidence at protein level"	"Tissue enhanced"	"Detected in some"		"intestine: 1.7;lymphoid tissue: 4.4;thyroid gland: 2.5"	"Group enriched"	"Detected in some"	4	"Epididymal principal cells: 8.4;Oocytes: 23.0"	"Group enriched"	"Detected in some"	4	"Oocytes: 23.0;Reproductive supporting cells: 8.4"	"Not detected"	"Not detected"			"Not detected"	"Not detected"			"Not detected"	"Not detected"			"Not detected in immune cells"	"Not detected"			"Not detected"	"Not detected"			"Cancer enriched"	"Detected in some"	29	"Myeloma: 138.8"	"Minor Salivary Gland - Plasma cells, Skin - Sebaceous gland cells"	"Not detected"	"Not detected"			"Not detected"	"Not detected"			"Cell type enriched"	"Detected in single"	2733	"Pancreatic islets: 273319.7"	"Group enriched"	"Detected in some"		"intestine: 201398.9;lymphoid tissue: 441286.9"						"Immunoglobulin genes"	Immunity	NA	NA				"Cluster 5: Spleen - Immune response"		"Cluster 20: Myeloma - Immune response"	"Cluster 41: Oocytes - Oogenesis"																																			
IGHG1		ENSG00000211896	"Immunoglobulin heavy constant gamma 1 (G1m marker)"	P01857	14	105736343-105743071	"Disease related genes, FDA approved drug targets, Immunoglobulin genes, Plasma proteins, Predicted intracellular proteins, Predicted membrane proteins, Predicted secreted proteins"	"Adaptive immunity, Immunity"		"FDA approved drug targets"	"Evidence at protein level"	"Evidence at protein level"	"Evidence at protein level"	"Evidence at protein level"	"Group enriched"	"Detected in many"	5	"lymphoid tissue: 10950.9;urinary bladder: 3756.3"	"Cell type enriched"	"Detected in some"	47	"Plasma cells: 2491.1"	"Cell type enriched"	"Detected in some"	47	"Plasma cells: 2491.1"	"Cell type enriched"	"Detected in some"	10	"leukocyte: 12.0"	"Low cancer specificity"	"Detected in all"			"Low region specificity"	"Detected in many"			"Immune cell enriched"	"Detected in some"	6	"memory B-cell: 768.6"	"Lineage enriched"	"Detected in many"	122	"B-cells: 768.6"	"Cancer enriched"	"Detected in some"	8	"Myeloma: 1184.5"	"Adipose subcutaneous - Plasma cells, Adipose visceral - Plasma cells, Adrenal gland - Plasma cells, Breast - Plasma cells, Colon - Plasma cells, Heart muscle - Plasma cells, Kidney - Plasma cells, Liver - Plasma cells, Lung - Plasma cells, Pancreas - Plasma cells, Pituitary gland - Plasma cells, Prostate - Plasma cells, Skeletal muscle - Plasma cells, Skin - Plasma cells, Spleen - Plasma cells, Stomach - Plasma cells, Thyroid gland - Plasma cells"									"Cell type enhanced"	"Detected in all"		"Alveolar cell types: 1009765144.1"	"Low tissue specificity"	"Detected in all"			"HPA001245, CAB008642"	Supported				"Immunoglobulin genes"	Immunity	NA	NA			"Cluster 17: B-cells - Immunoglobulins"	"Cluster 66: Lymphoid tissue - Immune response"	"Cluster 8: Immune cells - Immune response"	"Cluster 51: Myeloma - Immunoglobulins"	"Cluster 67: Plasma cells - Plasma cell differentiation"	36			"CAB008642: , HPA001245: "	"unprognostic (3.44e-3)"	"unprognostic (4.44e-3)"		"unprognostic (2.33e-3)"	"unprognostic (1.17e-1)"	"unprognostic (3.60e-1)"	"unprognostic (2.17e-3)"	"unprognostic (1.87e-1)"	"potential prognostic favorable (2.46e-4)"	"unprognostic (1.14e-1)"	"potential prognostic unfavorable (3.50e-4)"	"unprognostic (9.46e-2)"	"unprognostic (3.38e-3)"	"unprognostic (3.58e-2)"		"unprognostic (5.34e-2)"	"unprognostic (2.12e-2)"	"unprognostic (1.55e-1)"	"unprognostic (1.66e-1)"	"unprognostic (1.26e-2)"	"unprognostic (2.14e-2)"	"unprognostic (7.20e-2)"	"unprognostic (4.54e-3)"	"unprognostic (1.19e-1)"	"unprognostic (6.07e-2)"	"unprognostic (2.70e-3)"	"unprognostic (4.48e-2)"	"unprognostic (2.77e-1)"	"unprognostic (3.97e-1)"	"unprognostic (1.09e-1)"	"unprognostic (2.65e-2)"
IGHG2		ENSG00000211893	"Immunoglobulin heavy constant gamma 2 (G2m marker)"	P01859	14	105639559-105644790	"FDA approved drug targets, Immunoglobulin genes, Predicted intracellular proteins, Predicted membrane proteins, Predicted secreted proteins"	"Adaptive immunity, Immunity"		"FDA approved drug targets"	"Evidence at protein level"	"Evidence at transcript level"	"Evidence at protein level"	"Evidence at protein level"	"Tissue enriched"	"Detected in many"	13	"lymphoid tissue: 4045.9"	"Cell type enriched"	"Detected in some"	32	"Plasma cells: 1009.8"	"Cell type enriched"	"Detected in some"	32	"Plasma cells: 1009.8"	"Cell type enriched"	"Detected in single"	11	"leukocyte: 4.6"	"Low cancer specificity"	"Detected in all"			"Low region specificity"	"Detected in many"			"Group enriched"	"Detected in some"	460	"memory B-cell: 344.6;naive B-cell: 128.5"	"Lineage enriched"	"Detected in single"	670	"B-cells: 344.6"	"Group enriched"	"Detected in some"	9	"lymphoma: 19.2;Myeloma: 54.1"	"Adipose subcutaneous - Plasma cells, Adipose visceral - Plasma cells, Adrenal gland - Plasma cells, Breast - Plasma cells, Colon - Plasma cells, Heart muscle - Plasma cells, Kidney - Plasma cells, Liver - Plasma cells, Lung - Plasma cells, Minor Salivary Gland - Plasma cells, Pancreas - Plasma cells, Pituitary gland - Plasma cells, Prostate - Plasma cells, Skeletal muscle - Plasma cells, Skin - Plasma cells, Spleen - Plasma cells, Stomach - Plasma cells, Thyroid gland - Plasma cells"									"Cell type enhanced"	"Detected in many"		"Alveolar cell types: 113362869.1"	"Low tissue specificity"	"Detected in all"			HPA001245	Approved				"Immunoglobulin genes"	Immunity	NA	NA			"Cluster 17: B-cells - Immunoglobulins"	"Cluster 5: Spleen - Immune response"	"Cluster 8: Immune cells - Immune response"	"Cluster 51: Myeloma - Immunoglobulins"	"Cluster 44: Plasma cells - Antibody production & secretion"	28			"HPA001245: "	"unprognostic (9.17e-3)"	"unprognostic (1.01e-1)"		"potential prognostic favorable (3.62e-5)"	"unprognostic (3.20e-1)"	"unprognostic (8.89e-2)"	"unprognostic (2.85e-3)"	"unprognostic (1.78e-3)"	"potential prognostic favorable (8.19e-5)"	"unprognostic (2.87e-2)"	"potential prognostic unfavorable (3.60e-4)"	"unprognostic (6.22e-3)"	"unprognostic (1.44e-2)"	"unprognostic (4.10e-2)"		"unprognostic (3.87e-2)"	"unprognostic (1.22e-1)"	"unprognostic (5.76e-2)"	"unprognostic (2.21e-2)"	"unprognostic (6.18e-2)"	"unprognostic (3.02e-1)"	"unprognostic (4.52e-1)"	"unprognostic (1.15e-2)"	"unprognostic (2.27e-2)"	"unprognostic (8.39e-2)"	"unprognostic (3.90e-3)"	"unprognostic (8.31e-2)"	"unprognostic (2.96e-1)"	"unprognostic (3.81e-1)"	"unprognostic (1.24e-1)"	"unprognostic (4.65e-2)"
IGHG4		ENSG00000211892	"Immunoglobulin heavy constant gamma 4 (G4m marker)"	P01861	14	105620506-105626066	"FDA approved drug targets, Immunoglobulin genes, Plasma proteins, Predicted intracellular proteins, Predicted membrane proteins, Predicted secreted proteins"	"Adaptive immunity, Immunity"		"FDA approved drug targets"	"Evidence at protein level"	"Evidence at transcript level"	"Evidence at protein level"	"Evidence at protein level"	"Tissue enriched"	"Detected in many"	4	"lymphoid tissue: 2337.9"	"Cell type enriched"	"Detected in some"	7	"Plasma cells: 120.2"	"Cell type enriched"	"Detected in some"	7	"Plasma cells: 120.2"	"Not detected"	"Not detected"			"Low cancer specificity"	"Detected in all"			"Low region specificity"	"Detected in some"			"Group enriched"	"Detected in some"	457	"memory B-cell: 123.0;naive B-cell: 74.3"	"Lineage enriched"	"Detected in single"	569	"B-cells: 123.0"	"Group enriched"	"Detected in some"	43	"lymphoma: 133.6;Myeloma: 34.1"	"Adipose subcutaneous - Plasma cells, Adipose visceral - Mesothelial cells, Adrenal gland - Plasma cells, Colon - Plasma cells, Heart muscle - Plasma cells, Kidney - Plasma cells, Lung - Plasma cells, Pituitary gland - Plasma cells, Prostate - Plasma cells, Skeletal muscle - Plasma cells, Skin - Plasma cells, Spleen - Plasma cells"									"Low cell type specificity"	"Detected in many"			"Tissue enhanced"	"Detected in all"		"lung: 88627588.8"	HPA001245	Approved				"Immunoglobulin genes"	Immunity	NA	NA			"Cluster 17: B-cells - Immunoglobulins"	"Cluster 18: Lymphoid tissue - Immune response"	"Cluster 43: Hindbrain - Mixed function"	"Cluster 46: Lymphoma - Humoral immune response"	"Cluster 44: Plasma cells - Antibody production & secretion"	20			"HPA001245: "	"unprognostic (3.88e-2)"	"unprognostic (4.37e-3)"		"unprognostic (5.42e-2)"	"unprognostic (1.05e-1)"	"unprognostic (4.47e-1)"	"unprognostic (3.18e-3)"	"unprognostic (5.65e-2)"	"potential prognostic favorable (6.88e-4)"	"unprognostic (2.10e-1)"	"unprognostic (1.11e-3)"	"unprognostic (1.31e-2)"	"potential prognostic unfavorable (6.78e-5)"	"unprognostic (3.95e-1)"		"unprognostic (6.49e-3)"	"unprognostic (9.67e-2)"	"unprognostic (2.31e-1)"	"unprognostic (1.34e-1)"	"unprognostic (1.36e-1)"	"unprognostic (2.57e-1)"	"unprognostic (4.76e-2)"	"unprognostic (7.83e-3)"	"unprognostic (1.12e-1)"	"unprognostic (5.38e-2)"	"potential prognostic favorable (4.51e-6)"	"unprognostic (2.15e-1)"	"unprognostic (1.12e-1)"	"unprognostic (1.23e-1)"	"unprognostic (6.43e-2)"	"unprognostic (3.77e-1)"
IGHM		ENSG00000211899	"Immunoglobulin heavy constant mu"	P01871	14	105851705-105856218	"Disease related genes, Immunoglobulin genes, Plasma proteins, Predicted intracellular proteins, Predicted membrane proteins, Predicted secreted proteins"	"Adaptive immunity, Immunity"			"Evidence at protein level"	"Evidence at transcript level"	"Evidence at protein level"	"Evidence at protein level"	"Group enriched"	"Detected in many"	5	"intestine: 1239.2;lymphoid tissue: 3964.5"	"Group enriched"	"Detected in some"	8	"B-cells: 476.0;Plasma cells: 485.8"	"Group enriched"	"Detected in some"	8	"B-cells: 476.0;Plasma cells: 485.8"	"Cell type enriched"	"Detected in single"	110	"leukocyte: 69.0"	"Cancer enhanced"	"Detected in all"		"Testicular Germ Cell Tumor (TCGA): 760.7"	"Low region specificity"	"Detected in many"			"Group enriched"	"Detected in all"	16	"memory B-cell: 4293.6;naive B-cell: 6750.1"	"Lineage enriched"	"Detected in all"	19	"B-cells: 6750.1"	"Cancer enriched"	"Detected in some"	4	"lymphoma: 1665.3"	"Adipose subcutaneous - Plasma cells, Adipose visceral - Plasma cells, Adrenal gland - Plasma cells, Breast - Plasma cells, Colon - Plasma cells, Heart muscle - Plasma cells, Liver - Plasma cells, Lung - Plasma cells, Minor Salivary Gland - Plasma cells, Pancreas - Plasma cells, Pituitary gland - Plasma cells, Prostate - Plasma cells, Skeletal muscle - Plasma cells, Skin - Plasma cells, Stomach - Plasma cells, Thyroid gland - Plasma cells"	"Low region specificity"	"Detected in all"			"Low region specificity"	"Detected in all"			"Cell type enhanced"	"Detected in all"		"Alveolar cell types: 922825293.0"	"Tissue enhanced"	"Detected in all"		"lung: 1466100997.9"	CAB008643	Uncertain				"Immunoglobulin genes"	Immunity	NA	NA			"Cluster 18: Non-specific - Translation"	"Cluster 66: Lymphoid tissue - Immune response"	"Cluster 8: Immune cells - Immune response"	"Cluster 46: Lymphoma - Humoral immune response"	"Cluster 67: Plasma cells - Plasma cell differentiation"				"CAB008643: "	"potential prognostic favorable (4.88e-4)"	"potential prognostic favorable (7.49e-4)"		"potential prognostic favorable (3.70e-4)"	"unprognostic (2.15e-2)"	"unprognostic (1.39e-1)"	"unprognostic (4.62e-2)"	"unprognostic (3.09e-3)"	"potential prognostic favorable (5.16e-6)"	"unprognostic (4.67e-1)"	"unprognostic (4.94e-2)"	"unprognostic (1.08e-1)"	"unprognostic (1.23e-2)"	"unprognostic (3.30e-3)"		"unprognostic (2.72e-3)"	"unprognostic (3.44e-2)"	"unprognostic (4.97e-2)"	"unprognostic (2.13e-2)"	"unprognostic (2.17e-2)"	"unprognostic (4.62e-2)"	"unprognostic (1.86e-2)"	"unprognostic (2.90e-2)"	"unprognostic (8.37e-2)"	"unprognostic (1.48e-2)"	"unprognostic (2.48e-1)"	"unprognostic (3.81e-2)"	"unprognostic (8.32e-2)"	"unprognostic (3.82e-1)"	"unprognostic (4.86e-2)"	"unprognostic (5.96e-2)"
IL11RA		ENSG00000137070	"Interleukin 11 receptor subunit alpha"	Q14626	9	34652162-34661902	"Disease related genes, FDA approved drug targets, Human disease related genes, Predicted membrane proteins, Predicted secreted proteins"		Receptor	"Craniosynostosis, Disease variant, FDA approved drug targets"	"Evidence at protein level"	"Evidence at protein level"	"Evidence at protein level"	"Evidence at protein level"	"Tissue enhanced"	"Detected in many"		"heart muscle: 36.3"	"Cell type enhanced"	"Detected in some"		"Astrocytes: 24.6;Bergmann glia: 22.8;Brain excitatory neurons: 7.6;Brain inhibitory neurons: 13.9;Late spermatids: 7.9;Microglia: 8.2;Oligodendrocyte progenitor cells: 8.0;Oligodendrocytes: 9.3;Other brain neurons: 8.4;Podocytes: 15.2;Proximal tubule cells: 17.2;Renal connecting tubule cells: 11.4"	"Cell type enhanced"	"Detected in many"		"Ductal cells: 11.4;Glial cells: 24.6;Neuronal cells: 13.9;Renal nephron cells: 17.2"	"Low cell type specificity"	"Detected in all"			"Low cancer specificity"	"Detected in all"			"Low region specificity"	"Detected in all"			"Low immune cell specificity"	"Detected in many"			"Low lineage specificity"	"Detected in many"			"Cancer enhanced"	"Detected in many"		"Neuroblastoma: 14.6"	"Adipose subcutaneous - Adipose progenitor cells, Heart muscle - Cardiomyocytes, Thyroid gland - Fibroblasts"	"Low region specificity"	"Detected in all"			"Low region specificity"	"Detected in all"			"Not detected"	"Not detected"			"Not detected"	"Not detected"			"HPA013162, CAB032830, HPA036652, HPA036653"	Supported		Approved	"Vesicles,Plasma membrane"	"Secreted to blood"	Receptor	NA	NA			"Cluster 5: Non-specific - Cell proliferation"	"Cluster 41: Striated muscle - Muscle contraction"	"Cluster 13: Oligodendrocytes - Mixed function"	"Cluster 1: Neuronal - Visual perception"	"Cluster 102: Non-specific - Mixed function"	1	"Vesicles, Plasma membrane"		"CAB032830: , HPA013162: , HPA036652: , HPA036653: "	"unprognostic (1.71e-1)"	"unprognostic (1.91e-1)"	"unprognostic (5.88e-2)"	"unprognostic (2.81e-2)"	"unprognostic (2.32e-2)"	"unprognostic (1.49e-2)"	"unprognostic (9.19e-2)"	"unprognostic (8.27e-2)"	"unprognostic (2.77e-2)"	"potential prognostic unfavorable (5.81e-5)"	"unprognostic (3.87e-2)"	"unprognostic (1.65e-1)"	"unprognostic (2.57e-2)"	"unprognostic (8.82e-2)"	"unprognostic (5.17e-3)"	"unprognostic (1.38e-3)"	"unprognostic (6.81e-2)"	"unprognostic (1.22e-1)"	"unprognostic (3.02e-2)"	"unprognostic (3.19e-1)"	"unprognostic (1.69e-2)"	"potential prognostic favorable (9.36e-4)"	"unprognostic (2.85e-2)"	"unprognostic (2.18e-1)"	"unprognostic (1.96e-1)"	"unprognostic (2.22e-2)"	"unprognostic (1.00e-1)"	"unprognostic (3.32e-1)"	"unprognostic (1.58e-1)"	"unprognostic (1.95e-2)"	"unprognostic (5.60e-2)"
IL15RA	"CD215, IL-15RA"	ENSG00000134470	"Interleukin 15 receptor subunit alpha"	Q13261	10	5943639-5978187	"CD markers, Predicted intracellular proteins, Predicted membrane proteins, Predicted secreted proteins"		Receptor		"Evidence at protein level"	"Evidence at protein level"	"Evidence at protein level"	"Evidence at protein level"	"Low tissue specificity"	"Detected in many"			"Cell type enhanced"	"Detected in many"		"Alveolar cells type 1: 53.0;Cholangiocytes: 63.3;Decidual stromal cells: 91.7;Endometrial stromal cells: 53.2;Fallopian secretory cells: 50.1;Fibroblasts: 69.8;Pancreatic acinar cells: 68.3;Pancreatic duct cells: 47.7;Sertoli cells: 55.4;Vascular endothelial cells: 58.2"	"Cell type enhanced"	"Detected in many"		"Stromal cells: 91.7"	"Group enriched"	"Detected in many"	4	"central nervous system macrophage: 24.9;endothelial cell: 37.7;fibroblast: 30.5;leukocyte: 26.0"	"Low cancer specificity"	"Detected in all"			"Low region specificity"	"Detected in all"			"Low immune cell specificity"	"Detected in many"			"Low lineage specificity"	"Detected in all"			"Low cancer specificity"	"Detected in many"			"Kidney - Endothelial cells, Liver - Neutrophils, Pituitary gland - Endothelial cells, Prostate - Fibroblasts, Testis - Sertoli cells"	"Low region specificity"	"Detected in all"							"Not detected"	"Not detected"			"Not detected"	"Not detected"			"CAB026215, HPA036245"	Approved		Supported	"Vesicles,Plasma membrane,Cytosol"	"Secreted to blood"	Receptor	NA	NA			"Cluster 42: Non-specific - Vesicular transport"	"Cluster 13: Lung - Secretion"	"Cluster 47: Endothelial cells - Vasculature"	"Cluster 31: Non-specific - Antiviral immune response"	"Cluster 12: Endothelial cells - Angiogenesis & vascular homeostasis"	3	"Vesicles, Plasma membrane"	Cytosol	"CAB026215: , HPA036245: "	"unprognostic (2.77e-1)"	"unprognostic (4.63e-2)"	"unprognostic (2.69e-3)"	"unprognostic (9.21e-2)"	"unprognostic (1.58e-2)"	"unprognostic (1.23e-1)"	"unprognostic (1.63e-2)"	"unprognostic (1.89e-2)"	"unprognostic (5.20e-2)"	"unprognostic (2.27e-1)"	"potential prognostic unfavorable (1.75e-5)"	"unprognostic (4.15e-1)"	"potential prognostic unfavorable (8.57e-6)"	"validated prognostic unfavorable (7.22e-6)"	"validated prognostic unfavorable (1.91e-4)"	"unprognostic (5.30e-2)"	"unprognostic (7.50e-3)"	"unprognostic (3.62e-2)"	"unprognostic (3.01e-2)"	"unprognostic (1.16e-1)"	"unprognostic (7.53e-2)"	"potential prognostic unfavorable (1.80e-4)"	"unprognostic (8.30e-2)"	"unprognostic (2.61e-1)"	"unprognostic (7.75e-2)"	"unprognostic (3.28e-3)"	"unprognostic (2.79e-2)"	"unprognostic (2.66e-2)"	"unprognostic (2.85e-2)"	"unprognostic (1.11e-1)"	"unprognostic (2.54e-2)"
IL17RA	"CD217, CDw217, hIL-17R, IL-17RA, IL17R"	ENSG00000177663	"Interleukin 17 receptor A"	Q96F46	22	17084954-17115693	"CD markers, Disease related genes, Human disease related genes, Predicted membrane proteins, Predicted secreted proteins"	"Adaptive immunity, Host-virus interaction, Immunity, Inflammatory response, Innate immunity"	Receptor		"Evidence at protein level"	"Evidence at protein level"	"Evidence at protein level"	"Evidence at protein level"	"Tissue enhanced"	"Detected in all"		"bone marrow: 33.1"	"Cell type enhanced"	"Detected in many"		"Microglia: 224.2;Monocyte progenitors: 390.3;monocytes: 208.7;Neutrophil progenitors: 579.4;Neutrophils: 1156.9"	"Cell type enhanced"	"Detected in all"		"Mononuclear phagocytes: 390.3;Neutrophils: 1156.9"	"Cell type enhanced"	"Detected in all"		"central nervous system macrophage: 270.4"	"Low cancer specificity"	"Detected in all"			"Low region specificity"	"Detected in all"			"Immune cell enhanced"	"Detected in many"		"neutrophil: 15.3"	"Low lineage specificity"	"Detected in many"			"Low cancer specificity"	"Detected in all"			"Colon - Macrophages, Lung - Neutrophils_2, Skin - Macrophages, Spleen - Neutrophils_2"	"Low region specificity"	"Detected in single"			"Low region specificity"	"Detected in all"			"Cell type enriched"	"Detected in some"		"Neutrophils: 595236.3"	"Tissue enriched"	"Detected in some"		"lymphoid tissue: 5093272.2"	CAB024996	Enhanced		Approved	Nucleoplasm,Cytosol	"Secreted to blood"	Receptor	NA	NA		20000	"Cluster 21: Neutrophils - Unknown function"	"Cluster 15: Bone marrow - Innate immune response"	"Cluster 20: Macrophages & Microglia - Immune response"	"Cluster 14: Myeloid leukemia - Innate immune response"	"Cluster 48: Neutrophils - Phagocytosis & degranulation"	36	"Nucleoplasm, Cytosol"		"CAB024996: "	"unprognostic (1.57e-1)"	"unprognostic (8.79e-2)"	"unprognostic (2.04e-2)"	"unprognostic (1.36e-2)"	"unprognostic (7.73e-2)"	"unprognostic (4.10e-2)"	"unprognostic (3.58e-1)"	"unprognostic (1.14e-1)"	"unprognostic (4.00e-2)"	"unprognostic (2.42e-3)"	"unprognostic (1.08e-3)"	"unprognostic (5.60e-2)"	"unprognostic (3.34e-1)"	"unprognostic (6.79e-2)"	"unprognostic (2.21e-1)"	"unprognostic (3.47e-2)"	"unprognostic (5.51e-2)"	"unprognostic (1.05e-1)"	"unprognostic (3.28e-2)"	"unprognostic (1.47e-2)"	"unprognostic (8.82e-2)"	"unprognostic (1.12e-1)"	"unprognostic (1.84e-3)"	"unprognostic (1.44e-1)"	"unprognostic (5.44e-2)"	"unprognostic (5.61e-2)"	"unprognostic (1.53e-1)"	"unprognostic (1.26e-2)"	"unprognostic (2.31e-2)"	"unprognostic (6.37e-2)"	"unprognostic (1.95e-2)"
IL1R1	"CD121A, D2S1473, IL1R, IL1RA"	ENSG00000115594	"Interleukin 1 receptor type 1"	P14778	2	102064544-102179874	"Cancer-related genes, CD markers, Enzymes, FDA approved drug targets, Human disease related genes, Predicted membrane proteins, Predicted secreted proteins, Transporters"	"Inflammatory response"	"Hydrolase, Receptor"	"Cancer-related genes, Disease variant, FDA approved drug targets"	"Evidence at protein level"	"Evidence at protein level"	"Evidence at protein level"	"Evidence at protein level"	"Low tissue specificity"	"Detected in all"			"Cell type enriched"	"Detected in many"	6	"Neutrophils: 5197.1"	"Cell type enriched"	"Detected in many"	6	"Neutrophils: 5197.1"	"Cell type enhanced"	"Detected in many"		"endothelial cell: 312.2;fibroblast: 120.4;pericyte: 102.9"	"Low cancer specificity"	"Detected in all"			"Low region specificity"	"Detected in all"			"Immune cell enhanced"	"Detected in single"		"neutrophil: 1.1"	"Low lineage specificity"	"Detected in single"			"Low cancer specificity"	"Detected in many"			"Kidney - Endothelial cells, Pituitary gland - Endothelial cells"	"Low region specificity"	"Detected in all"			"Low region specificity"	"Detected in all"			"Not detected"	"Not detected"			"Not detected"	"Not detected"			"HPA001237, HPA005823, CAB007779, HPA029560"	Approved		Approved	"Nucleoplasm,Vesicles,Plasma membrane,Cytosol"	"Secreted to blood"	Receptor	NA	NA		330000	"Cluster 35: Neutrophils - Protein binding"	"Cluster 14: Adipose tissue - Angiogenesis"	"Cluster 12: Non-specific - Vasculature"	"Cluster 44: Connective tissue cells - ECM organization"	"Cluster 24: Neutrophils - Innate immunity signal integration"	13	"Nucleoplasm, Vesicles"	"Plasma membrane, Cytosol"	"CAB007779: , HPA001237: , HPA005823: , HPA029560: "	"unprognostic (2.65e-2)"	"unprognostic (4.67e-3)"	"unprognostic (2.16e-2)"	"unprognostic (6.26e-2)"	"unprognostic (3.31e-1)"	"unprognostic (2.24e-2)"	"potential prognostic unfavorable (8.74e-4)"	"unprognostic (2.42e-1)"	"unprognostic (7.75e-2)"	"unprognostic (1.04e-2)"	"unprognostic (2.88e-1)"	"unprognostic (1.41e-2)"	"unprognostic (8.22e-3)"	"unprognostic (1.69e-1)"	"unprognostic (6.67e-2)"	"unprognostic (1.07e-1)"	"unprognostic (5.53e-2)"	"unprognostic (1.40e-1)"	"unprognostic (5.45e-2)"	"unprognostic (2.04e-1)"	"unprognostic (5.34e-3)"	"unprognostic (2.02e-2)"	"unprognostic (2.79e-1)"	"unprognostic (4.86e-2)"	"unprognostic (5.11e-2)"	"unprognostic (9.99e-2)"	"unprognostic (3.78e-2)"	"unprognostic (9.79e-3)"	"unprognostic (7.90e-2)"	"unprognostic (6.69e-2)"	"unprognostic (2.78e-1)"
IL1R2	"CD121b, IL1RB"	ENSG00000115590	"Interleukin 1 receptor type 2"	P27930	2	101991960-102028544	"Cancer-related genes, CD markers, Plasma proteins, Predicted membrane proteins, Predicted secreted proteins"		Receptor	"Cancer-related genes"	"Evidence at protein level"	"Evidence at transcript level"	"Evidence at protein level"	"Evidence at protein level"	"Tissue enhanced"	"Detected in many"		"lymphoid tissue: 91.9"	"Cell type enriched"	"Detected in many"	4	"Neutrophils: 17940.8"	"Cell type enriched"	"Detected in many"	15	"Neutrophils: 17940.8"	"Cell type enriched"	"Detected in single"	20	"leukocyte: 7.4"	"Cancer enhanced"	"Detected in many"		"Head and Neck Squamous Cell Carcinoma (TCGA): 45.4"	"Region enhanced"	"Detected in many"		"cerebral cortex: 14.5"	"Immune cell enriched"	"Detected in some"	26	"neutrophil: 378.7"	"Lineage enriched"	"Detected in many"	26	"granulocytes: 378.7"	"Cancer enhanced"	"Detected in many"		"lymphoma: 66.7"	"Adipose visceral - Neutrophils, Lung - Neutrophils_2, Pituitary gland - Neutrophils, Prostate - Macrophages, Skeletal muscle - Neutrophils, Spleen - Neutrophils_2"	"Low region specificity"	"Detected in many"			"Not detected"	"Not detected"			"Not detected"	"Not detected"			"Not detected"	"Not detected"			"HPA027597, HPA027598"	Uncertain				"Secreted to blood"	Receptor	NA	NA	7130000	11000000	"Cluster 4: Neutrophils - Degranulation"	"Cluster 11: Esophagus - Basic cellular processes"	"Cluster 12: Non-specific - Vasculature"	"Cluster 71: Lymphoma - Inflammatory response"	"Cluster 31: Neutrophils - Chemotaxis & Apoptosis"	20			"HPA027597: , HPA027598: "	"unprognostic (1.57e-1)"	"unprognostic (1.13e-1)"	"unprognostic (2.40e-2)"	"unprognostic (1.58e-2)"	"unprognostic (8.58e-2)"	"unprognostic (1.46e-1)"	"unprognostic (3.33e-3)"	"unprognostic (3.84e-2)"	"unprognostic (2.27e-1)"	"unprognostic (1.86e-1)"	"potential prognostic unfavorable (3.74e-4)"	"unprognostic (2.46e-2)"	"potential prognostic unfavorable (8.46e-4)"	"unprognostic (3.59e-2)"	"potential prognostic unfavorable (2.25e-5)"	"potential prognostic unfavorable (8.06e-5)"	"unprognostic (5.20e-2)"	"unprognostic (9.88e-2)"	"unprognostic (2.02e-1)"	"unprognostic (1.27e-1)"	"unprognostic (3.84e-2)"	"unprognostic (1.85e-3)"	"unprognostic (8.14e-2)"		"unprognostic (7.23e-2)"	"unprognostic (7.49e-2)"	"unprognostic (1.70e-1)"	"unprognostic (5.66e-2)"	"unprognostic (1.77e-1)"	"unprognostic (3.13e-1)"	"unprognostic (6.14e-3)"
IL1RAP	"C3orf13, IL-1RAcP, IL1R3"	ENSG00000196083	"Interleukin 1 receptor accessory protein"	Q9NPH3	3	190514051-190659750	"Enzymes, Plasma proteins, Predicted intracellular proteins, Predicted membrane proteins, Predicted secreted proteins"	"Immunity, Inflammatory response, Innate immunity"	"Hydrolase, Receptor"		"Evidence at protein level"	"Evidence at transcript level"	"Evidence at protein level"	"Evidence at protein level"	"Tissue enriched"	"Detected in all"	6	"liver: 210.8"	"Cell type enhanced"	"Detected in many"		"Extravillous trophoblasts: 483.3;Hepatocytes: 512.1;monocytes: 238.0;Neutrophil progenitors: 246.6;Neutrophils: 1802.6;Oligodendrocyte progenitor cells: 287.1;Schwann cells: 232.0"	"Cell type enhanced"	"Detected in many"		"Hepatocytes: 512.1;Neutrophils: 1802.6;Trophoblast cells: 483.3"	"Cell type enhanced"	"Detected in all"		"oligodendrocyte precursor cell: 318.6"	"Low cancer specificity"	"Detected in all"			"Low region specificity"	"Detected in all"			"Group enriched"	"Detected in many"	5	"eosinophil: 23.9;neutrophil: 95.8"	"Lineage enriched"	"Detected in many"	15	"granulocytes: 95.8"	"Low cancer specificity"	"Detected in all"				"Low region specificity"	"Detected in all"			"Low region specificity"	"Detected in all"			"Cell type enhanced"	"Detected in many"		"Alveolar cell types: 4504605.4"	"Tissue enriched"	"Detected in all"		"skeletal muscle: 16712824.3"	HPA035293	Uncertain		Approved	Vesicles,Cytosol	"Secreted to blood"	Receptor	NA	NA		130000000	"Cluster 21: Neutrophils - Unknown function"	"Cluster 45: Liver - Metabolism & Coagulation"	"Cluster 51: Neurons - Mixed function"	"Cluster 71: Lymphoma - Inflammatory response"	"Cluster 24: Neutrophils - Innate immunity signal integration"	11	"Vesicles, Cytosol"		"HPA035293: "	"potential prognostic unfavorable (6.29e-5)"	"unprognostic (2.07e-1)"	"unprognostic (2.84e-1)"	"unprognostic (1.36e-1)"	"unprognostic (8.37e-2)"	"unprognostic (2.86e-1)"	"unprognostic (7.99e-2)"	"potential prognostic unfavorable (2.17e-4)"	"unprognostic (3.37e-2)"	"unprognostic (3.36e-3)"	"unprognostic (1.66e-3)"	"unprognostic (5.63e-2)"	"unprognostic (1.62e-3)"	"unprognostic (2.69e-2)"	"unprognostic (8.57e-3)"	"unprognostic (4.73e-2)"	"potential prognostic unfavorable (5.41e-4)"	"unprognostic (3.19e-1)"	"unprognostic (2.23e-1)"	"unprognostic (1.60e-1)"	"unprognostic (3.84e-3)"	"potential prognostic unfavorable (4.45e-4)"	"unprognostic (4.34e-3)"	"unprognostic (5.42e-2)"	"unprognostic (2.04e-1)"	"unprognostic (9.44e-2)"	"unprognostic (1.28e-1)"	"unprognostic (2.82e-3)"	"unprognostic (2.30e-1)"	"unprognostic (1.56e-1)"	"unprognostic (2.56e-3)"
IL1RL1	"DER4, FIT-1, IL33R, ST2, ST2L, ST2V, T1"	ENSG00000115602	"Interleukin 1 receptor like 1"	Q01638	2	102311502-102352037	"Candidate cardiovascular disease genes, Enzymes, Plasma proteins, Predicted intracellular proteins, Predicted membrane proteins, Predicted secreted proteins"		"Hydrolase, Receptor"		"Evidence at protein level"	"Evidence at protein level"	"Evidence at protein level"	"Evidence at protein level"	"Group enriched"	"Detected in many"	4	"choroid plexus: 58.2;kidney: 116.5;lung: 158.6;placenta: 187.6"	"Group enriched"	"Detected in some"	5	"Epididymal basal cells: 119.9;Mast cells: 329.3"	"Group enriched"	"Detected in some"	5	"Basal cells: 119.9;Mast cells: 329.3"	"Cell type enhanced"	"Detected in single"		"endothelial cell: 1.1"	"Cancer enhanced"	"Detected in many"		"Thyroid Carcinoma (TCGA): 17.6"	"Low region specificity"	"Detected in all"			"Group enriched"	"Detected in some"	64	"basophil: 38.4;eosinophil: 29.4"	"Lineage enriched"	"Detected in single"	73	"granulocytes: 38.4"	"Cancer enhanced"	"Detected in many"		"Esophageal cancer: 24.0;pancreatic cancer: 13.6"		"Not detected"	"Not detected"			"Low region specificity"	"Detected in all"			"Cell type enriched"	"Detected in single"	99	"Pancreatic islets: 9946.1"	"Not detected"	"Not detected"			"HPA007406, HPA007917"	Uncertain		Supported	"Plasma membrane,Focal adhesion sites,Cytosol"	"Secreted to blood"	Receptor	NA	NA	19100000	6900000	"Cluster 41: Basophils - Unknown function"	"Cluster 14: Adipose tissue - Angiogenesis"	"Cluster 42: Choroid plexus - Mitochondria"	"Cluster 49: HMC-1 - Innate immune response"	"Cluster 58: Mast cells - Allergic inflammatory responses"	2	"Plasma membrane"	"Focal adhesion sites, Cytosol"	"HPA007406: , HPA007917: "			"unprognostic (7.84e-2)"			"unprognostic (4.38e-2)"		"unprognostic (7.39e-3)"	"unprognostic (1.09e-2)"		"potential prognostic favorable (1.56e-5)"	"unprognostic (5.69e-3)"	"unprognostic (1.45e-1)"			"unprognostic (5.93e-2)"	"unprognostic (4.68e-1)"	"unprognostic (5.90e-2)"	"unprognostic (1.55e-1)"			"unprognostic (1.04e-1)"	"unprognostic (2.05e-2)"			"potential prognostic favorable (1.43e-4)"		"unprognostic (1.13e-2)"		"unprognostic (7.56e-2)"	
IL4R	CD124	ENSG00000077238	"Interleukin 4 receptor"	P24394	16	27313668-27364778	"Cancer-related genes, CD markers, FDA approved drug targets, Human disease related genes, Plasma proteins, Predicted intracellular proteins, Predicted membrane proteins, Predicted secreted proteins, Transporters"	Immunity	Receptor	"Cancer-related genes, FDA approved drug targets"	"Evidence at protein level"	"Evidence at protein level"	"Evidence at protein level"	"Evidence at protein level"	"Low tissue specificity"	"Detected in all"			"Cell type enhanced"	"Detected in many"		"Epicardial cells: 277.4;Mast cells: 319.7;Neutrophil progenitors: 208.4;Neutrophils: 757.8"	"Cell type enhanced"	"Detected in many"		"Neutrophils: 757.8"	"Cell type enhanced"	"Detected in many"		"central nervous system macrophage: 90.5;endothelial cell: 197.2;vascular associated smooth muscle cell: 79.7"	"Low cancer specificity"	"Detected in all"			"Low region specificity"	"Detected in all"			"Immune cell enhanced"	"Detected in all"		"naive B-cell: 77.1"	"Group enriched"	"Detected in all"	5	"B-cells: 77.1;granulocytes: 31.1"	"Cancer enhanced"	"Detected in all"		"Gallbladder cancer: 139.2"	"Kidney - Endothelial cells, Liver - Neutrophils, Skeletal muscle - Endothelial cells"	"Low region specificity"	"Detected in many"			"Low region specificity"	"Detected in many"			"Group enriched"	"Detected in some"	247	"Macrophages: 10179.1;Neutrophils: 39242.0"	"Tissue enriched"	"Detected in some"		"bone marrow: 1269332.3"	"CAB004451, HPA050124, HPA070380"	Enhanced		Supported	"Nucleoplasm,Plasma membrane,Centriolar satellite"	"Secreted to blood"	Receptor	NA	NA	38500	10000	"Cluster 34: B-cells - Unknown function"	"Cluster 66: Lymphoid tissue - Immune response"	"Cluster 20: Macrophages & Microglia - Immune response"	"Cluster 46: Lymphoma - Humoral immune response"	"Cluster 24: Neutrophils - Innate immunity signal integration"	12	"Plasma membrane"	"Nucleoplasm, Centriolar satellite"	"CAB004451: , HPA050124: , HPA070380: "	"unprognostic (1.22e-2)"	"unprognostic (2.18e-1)"	"unprognostic (2.80e-3)"	"unprognostic (2.44e-3)"	"unprognostic (2.15e-1)"	"unprognostic (6.86e-2)"	"unprognostic (1.02e-2)"	"unprognostic (3.53e-1)"	"unprognostic (6.16e-2)"	"unprognostic (1.86e-1)"	"unprognostic (1.97e-1)"	"unprognostic (8.28e-2)"	"unprognostic (2.76e-1)"	"unprognostic (7.42e-2)"	"potential prognostic favorable (2.13e-4)"	"unprognostic (7.35e-2)"	"unprognostic (2.36e-2)"	"unprognostic (2.99e-3)"	"potential prognostic unfavorable (3.26e-4)"	"unprognostic (4.67e-2)"	"unprognostic (1.67e-1)"	"unprognostic (9.43e-2)"	"unprognostic (1.50e-3)"	"unprognostic (1.59e-1)"	"unprognostic (1.54e-2)"	"unprognostic (2.65e-1)"	"unprognostic (3.40e-1)"	"unprognostic (1.21e-2)"	"unprognostic (2.80e-1)"	"unprognostic (1.69e-1)"	"unprognostic (5.20e-2)"
IL6	"BSF2, HGF, HSF, IFNB2, IL-6"	ENSG00000136244	"Interleukin 6"	P05231	7	22725884-22732002	"Cancer-related genes, Candidate cardiovascular disease genes, Disease related genes, FDA approved drug targets, Human disease related genes, Plasma proteins, Predicted intracellular proteins, Predicted membrane proteins, Predicted secreted proteins"	"Acute phase"	"Cytokine, Growth factor"	"Cancer-related genes, FDA approved drug targets"	"Evidence at protein level"	"Evidence at protein level"	"Evidence at protein level"	"Evidence at protein level"	"Tissue enhanced"	"Detected in many"		"adipose tissue: 187.7;lung: 140.6;urinary bladder: 256.4"	"Cell type enhanced"	"Detected in many"		"Decidual stromal cells: 91.5;Endometrial glandular cells: 80.2;Endometrial luminal cells: 715.7;Fibroblasts: 152.1;Pericytes: 203.4;Pituicytes/FSCs: 79.0;Vascular endothelial cells: 221.9;Vascular smooth muscle cells: 566.0"	"Cell type enhanced"	"Detected in many"		"Endothelial cells: 221.9;Luminal cells: 715.7;Mural cells: 566.0"	"Group enriched"	"Detected in some"	12	"central nervous system macrophage: 3.4;choroid plexus epithelial cell: 2.1;endothelial cell: 3.1;vascular associated smooth muscle cell: 5.1"	"Low cancer specificity"	"Detected in many"			"Region enhanced"	"Detected in all"		"choroid plexus: 15.1"	"Group enriched"	"Detected in some"	47	"memory B-cell: 4.1;naive B-cell: 5.2"	"Lineage enriched"	"Detected in single"	52	"B-cells: 5.2"	"Cancer enhanced"	"Detected in many"		"Kidney cancer: 219.1"	"Breast - Endothelial cells, Colon - Neutrophils"	"Not detected"	"Not detected"			"Low region specificity"	"Detected in many"			"Not detected"	"Not detected"			"Not detected"	"Not detected"			"CAB023406, CAB072821"	Supported		Approved	Vesicles	"Secreted to blood"	"Acute phase"	NA	NA	5700	280000	"Cluster 14: Non-specific - Unknown function"	"Cluster 14: Adipose tissue - Angiogenesis"	"Cluster 36: Choroid plexus - Mixed function"	"Cluster 53: Squamous epithelial cells - Keratinization"	"Cluster 103: Non-specific - Basic cellular processes"	7	Vesicles		"CAB023406: , CAB072821: "	"unprognostic (3.09e-1)"	"unprognostic (2.74e-2)"	"unprognostic (5.92e-3)"	"unprognostic (2.89e-2)"	"unprognostic (2.90e-1)"	"unprognostic (3.00e-1)"	"unprognostic (3.88e-3)"	"unprognostic (7.66e-2)"	"unprognostic (1.96e-2)"	"unprognostic (1.11e-1)"	"potential prognostic unfavorable (2.42e-6)"	"unprognostic (3.56e-2)"	"unprognostic (3.64e-2)"		"unprognostic (1.64e-2)"	"unprognostic (6.65e-2)"	"unprognostic (2.31e-2)"	"unprognostic (6.49e-3)"	"unprognostic (4.43e-1)"	"unprognostic (1.91e-1)"	"unprognostic (2.06e-1)"	"unprognostic (1.00e-2)"	"unprognostic (1.43e-2)"	"unprognostic (4.08e-2)"	"unprognostic (2.84e-1)"	"unprognostic (5.49e-2)"	"unprognostic (2.62e-1)"	"unprognostic (1.44e-3)"	"unprognostic (1.28e-2)"	"unprognostic (4.01e-2)"	"unprognostic (1.51e-2)"
IL6R	"CD126, gp80, IL-1Ra, IL-6R, IL6RA"	ENSG00000160712	"Interleukin 6 receptor"	P08887	1	154405193-154469450	"Cancer-related genes, Candidate cardiovascular disease genes, CD markers, Disease related genes, FDA approved drug targets, Human disease related genes, Plasma proteins, Predicted intracellular proteins, Predicted membrane proteins, Predicted secreted proteins"		Receptor	"Cancer-related genes, FDA approved drug targets"	"Evidence at protein level"	"Evidence at transcript level"	"Evidence at protein level"	"Evidence at protein level"	"Tissue enhanced"	"Detected in all"		"liver: 58.5;skeletal muscle: 90.6"	"Cell type enhanced"	"Detected in many"		"Endometrial glandular cells: 213.1;Hepatocytes: 259.6;Monocyte progenitors: 204.2;monocytes: 308.2;Neutrophil progenitors: 206.0;Neutrophils: 773.0;Proximal tubule cells: 305.2"	"Cell type enhanced"	"Detected in many"		"Neutrophils: 773.0"	"Cell type enhanced"	"Detected in many"		"central nervous system macrophage: 194.2;endothelial cell: 88.4;fibroblast: 101.8"	"Low cancer specificity"	"Detected in all"			"Low region specificity"	"Detected in all"			"Immune cell enhanced"	"Detected in many"		"neutrophil: 89.4"	"Low lineage specificity"	"Detected in all"			"Cancer enhanced"	"Detected in all"		"Myeloma: 83.8"	"Pituitary gland - Corticotropes"	"Low region specificity"	"Detected in many"			"Low region specificity"	"Detected in all"			"Not detected"	"Not detected"			"Not detected"	"Not detected"								"Secreted to blood"	Receptor	NA	NA	24800000	4400000	"Cluster 7: Non-specific - Innate immune response"	"Cluster 63: Non-specific - Basic cellular processes"	"Cluster 20: Macrophages & Microglia - Immune response"	"Cluster 51: Myeloma - Immunoglobulins"	"Cluster 40: Monocytes & Neutrophils - Inflammatory signaling"	7				"unprognostic (1.11e-1)"	"unprognostic (1.75e-1)"	"unprognostic (5.77e-2)"	"unprognostic (2.50e-1)"	"unprognostic (3.95e-2)"	"unprognostic (2.54e-1)"	"unprognostic (8.01e-2)"	"unprognostic (7.43e-3)"	"unprognostic (4.60e-2)"	"unprognostic (5.42e-2)"	"potential prognostic favorable (6.13e-6)"	"unprognostic (7.34e-3)"	"unprognostic (1.54e-2)"	"unprognostic (2.49e-1)"	"unprognostic (1.86e-1)"	"unprognostic (1.09e-2)"	"unprognostic (7.06e-2)"	"unprognostic (2.88e-2)"	"unprognostic (1.06e-1)"	"unprognostic (7.01e-2)"	"unprognostic (8.25e-2)"	"potential prognostic favorable (3.20e-4)"	"unprognostic (2.03e-2)"	"unprognostic (3.80e-1)"	"unprognostic (1.66e-1)"	"unprognostic (2.35e-1)"	"unprognostic (2.15e-1)"	"unprognostic (2.04e-2)"	"unprognostic (2.21e-1)"	"unprognostic (2.87e-1)"	"unprognostic (7.90e-2)"
IL6ST	"CD130, GP130, IL-6RB, sGP130"	ENSG00000134352	"Interleukin 6 cytokine family signal transducer"	P40189	5	55935095-55995022	"Cancer-related genes, Candidate cardiovascular disease genes, CD markers, Disease related genes, Human disease related genes, Plasma proteins, Predicted membrane proteins, Predicted secreted proteins"	"Host-virus interaction"	Receptor	"Cancer-related genes, Disease variant"	"Evidence at protein level"	"Evidence at protein level"	"Evidence at protein level"	"Evidence at protein level"	"Low tissue specificity"	"Detected in all"			"Cell type enhanced"	"Detected in all"		"Endometrial glandular cells: 1204.2;Microglia: 759.0;Platelets: 681.9"	"Cell type enhanced"	"Detected in all"		"Glandular cells: 1204.2"	"Cell type enhanced"	"Detected in all"		"central nervous system macrophage: 924.1"	"Low cancer specificity"	"Detected in all"			"Low region specificity"	"Detected in all"			"Immune cell enhanced"	"Detected in many"		"naive CD4 T-cell: 22.8"	"Lineage enriched"	"Detected in many"	5	"T-cells: 22.8"	"Low cancer specificity"	"Detected in all"			"Stomach - Endothelial cells"	"Low region specificity"	"Detected in all"			"Low region specificity"	"Detected in all"			"Cell type enhanced"	"Detected in many"		"Capillaries: 1615417.7"	"Tissue enhanced"	"Detected in many"		"blood vessel: 4220775.3"	"HPA010558, CAB025784"	Approved		Supported	"Golgi apparatus,Plasma membrane"	"Secreted to blood"	Receptor	NA	NA		48000000	"Cluster 33: Non-specific - ATP binding"	"Cluster 43: Placenta - Pregnancy hormone signaling"	"Cluster 28: Oligodendrocytes - Mixed function"	"Cluster 64: Connective tissue cells - ECM organization"	"Cluster 51: Secretory epithelial cells - Mixed function"	22	"Plasma membrane"	"Golgi apparatus"	"CAB025784: , HPA010558: "	"unprognostic (3.34e-2)"	"unprognostic (9.54e-3)"	"unprognostic (6.35e-2)"	"unprognostic (4.58e-2)"	"unprognostic (3.44e-1)"	"unprognostic (5.93e-3)"	"unprognostic (1.49e-1)"	"potential prognostic unfavorable (3.79e-5)"	"unprognostic (1.62e-2)"	"unprognostic (1.27e-2)"	"potential prognostic favorable (3.47e-5)"	"unprognostic (6.75e-3)"	"unprognostic (1.20e-1)"	"unprognostic (7.66e-2)"	"unprognostic (2.13e-3)"	"unprognostic (4.31e-3)"	"unprognostic (2.61e-1)"	"unprognostic (5.52e-2)"	"unprognostic (2.62e-1)"	"unprognostic (2.74e-1)"	"unprognostic (5.83e-3)"	"unprognostic (1.16e-2)"	"unprognostic (4.67e-2)"	"unprognostic (7.33e-2)"	"unprognostic (6.47e-3)"	"unprognostic (1.68e-1)"	"unprognostic (2.75e-2)"	"unprognostic (5.11e-3)"	"unprognostic (4.99e-1)"	"unprognostic (3.20e-1)"	"unprognostic (1.40e-1)"
IMPG2	"IPM200, RP56, SPACRCAN"	ENSG00000081148	"Interphotoreceptor matrix proteoglycan 2"	Q9BZV3	3	101222546-101320575	"Disease related genes, Human disease related genes, Predicted membrane proteins, Predicted secreted proteins"		"Heparin-binding, Receptor"	"Disease variant, Retinitis pigmentosa"	"Evidence at protein level"	"Evidence at protein level"	"Evidence at protein level"	"Evidence at protein level"	"Tissue enriched"	"Detected in some"	31	"retina: 282.9"	"Group enriched"	"Detected in many"	20	"Cone photoreceptor cells: 724.5;Rod photoreceptor cells: 741.3"	"Cell type enriched"	"Detected in many"	20	"Neuronal cells: 741.3"	"Low cell type specificity"	"Detected in many"			"Cancer enriched"	"Detected in single"	13	"Ovary Serous Cystadenocarcinoma (TCGA): 3.6"	"Low region specificity"	"Detected in all"			"Not detected in immune cells"	"Not detected"			"Not detected"	"Not detected"			"Group enriched"	"Detected in some"	6	"Brain cancer: 2.3;lung cancer: 1.2;ovarian cancer: 2.2;Uterine cancer: 3.4"		"Not detected"	"Not detected"			"Low region specificity"	"Detected in all"			"Cell type enriched"	"Detected in single"	562	"Proximal tubules: 56224.6"	"Not detected"	"Not detected"			"HPA008779, HPA015907"	Enhanced				"Secreted in other tissues"	Receptor	NA	NA				"Cluster 42: Retina - Visual perception"	"Cluster 44: Non-specific - Mixed function"	"Cluster 1: Neuronal - Visual perception"	"Cluster 79: Photoreceptor cells - Phototransduction"				"HPA008779: , HPA015907: "			"unprognostic (4.16e-2)"					"unprognostic (5.77e-2)"												"unprognostic (1.33e-1)"	"unprognostic (1.56e-2)"										
ITM2B	"BRI, BRI2, BRICD2B, E25B, E3-16"	ENSG00000136156	"Integral membrane protein 2B"	Q9Y287	13	48232612-48270357	"Disease related genes, Human disease related genes, Potential drug targets, Predicted intracellular proteins, Predicted membrane proteins, Predicted secreted proteins, Transporters"			"Amyloidosis, Deafness, Disease variant, Neurodegeneration"	"Evidence at protein level"	"Evidence at protein level"	"Evidence at protein level"	"Evidence at protein level"	"Low tissue specificity"	"Detected in all"			"Cell type enhanced"	"Detected in all"		"Epididymal principal cells: 6027.5;Extravillous trophoblasts: 3846.7;Hofbauer cells: 3696.1;Neutrophils: 4596.9;Platelets: 5581.7"	"Cell type enhanced"	"Detected in all"		"Platelets: 5581.7;Reproductive supporting cells: 6027.5"	"Low cell type specificity"	"Detected in all"			"Cancer enhanced"	"Detected in all"		"Kidney Renal Papillary Cell Carcinoma (TCGA): 1616.6"	"Low region specificity"	"Detected in all"			"Immune cell enhanced"	"Detected in all"		"neutrophil: 4399.8"	"Lineage enriched"	"Detected in all"	5	"granulocytes: 4399.8"	"Low cancer specificity"	"Detected in all"				"Low region specificity"	"Detected in all"			"Low region specificity"	"Detected in all"			"Low cell type specificity"	"Detected in all"			"Tissue enriched"	"Detected in many"		"heart muscle: 1524212.8"	"HPA029292, HPA071992"	Enhanced		Enhanced	"Golgi apparatus,Vesicles"	"Secreted to blood"	"No annotated function"	NA	NA		2100000	"Cluster 21: Neutrophils - Unknown function"	"Cluster 72: Kidney - Transmembrane transport"	"Cluster 21: Non-specific - Metabolism"	"Cluster 15: Kidney cancer - Membrane components"	"Cluster 24: Neutrophils - Innate immunity signal integration"	34	"Golgi apparatus, Vesicles"		"HPA029292: , HPA071992: "	"potential prognostic favorable (2.65e-4)"	"unprognostic (2.09e-2)"	"unprognostic (2.43e-2)"	"unprognostic (2.65e-3)"	"unprognostic (2.44e-1)"	"unprognostic (9.29e-3)"	"unprognostic (7.25e-2)"	"unprognostic (2.25e-1)"	"unprognostic (2.57e-1)"	"unprognostic (2.46e-1)"	"validated prognostic favorable (1.36e-6)"	"validated prognostic favorable (1.77e-4)"	"potential prognostic favorable (1.83e-4)"	"unprognostic (7.21e-2)"	"unprognostic (2.53e-1)"	"unprognostic (1.15e-2)"	"unprognostic (1.42e-1)"	"unprognostic (2.04e-1)"	"unprognostic (2.51e-2)"	"unprognostic (8.22e-2)"	"unprognostic (4.63e-3)"	"unprognostic (1.98e-2)"	"unprognostic (7.94e-2)"	"unprognostic (1.21e-1)"	"unprognostic (1.04e-3)"	"unprognostic (8.80e-2)"	"unprognostic (2.79e-2)"	"unprognostic (2.74e-3)"	"unprognostic (1.27e-1)"	"unprognostic (1.50e-1)"	"unprognostic (1.82e-1)"
JAM3	"JAM-3, JAM-C, JAMC"	ENSG00000166086	"Junctional adhesion molecule 3"	Q9BX67	11	134069071-134152001	"Disease related genes, Human disease related genes, Predicted intracellular proteins, Predicted membrane proteins, Predicted secreted proteins"	"Angiogenesis, Cell adhesion, Differentiation, Spermatogenesis"		"Disease variant"	"Evidence at protein level"	"Evidence at protein level"	"Evidence at protein level"	"Evidence at protein level"	"Low tissue specificity"	"Detected in all"			"Cell type enhanced"	"Detected in many"		"Choroid plexus epithelial cells: 255.8;Oligodendrocytes: 383.7;Platelets: 216.5;Respiratory ionocytes: 188.0;Rod photoreceptor cells: 321.3;Sertoli cells: 203.9;Thymic myoid cells: 168.6"	"Cell type enhanced"	"Detected in many"		"Glial cells: 383.7;Neuronal cells: 321.3"	"Cell type enhanced"	"Detected in all"		"oligodendrocyte: 490.3"	"Cancer enhanced"	"Detected in all"		"Glioblastoma Multiforme (TCGA): 52.7"	"Low region specificity"	"Detected in all"			"Immune cell enhanced"	"Detected in many"		"memory B-cell: 5.3"	"Group enriched"	"Detected in many"	7	"B-cells: 5.3;T-cells: 2.4"	"Low cancer specificity"	"Detected in many"				"Low region specificity"	"Detected in all"			"Low region specificity"	"Detected in all"			"Cell type enhanced"	"Detected in many"		"Astrocytes and Neuropil: 11607462.0"	"Tissue enhanced"	"Detected in many"		"blood vessel: 14940319.8"	"HPA003417, HPA050434"	Approved		Uncertain	"Golgi apparatus"	"Secreted to blood"	"Cell adhesion"	NA	NA		33000	"Cluster 24: Non-specific - Transcription"	"Cluster 3: Oligodendrocytes - Myelination"	"Cluster 11: White matter - Signal transduction"	"Cluster 33: Sarcoma - Muscle contraction"	"Cluster 79: Photoreceptor cells - Phototransduction"	6	"Golgi apparatus"		"HPA003417: , HPA050434: "	"unprognostic (1.72e-1)"	"unprognostic (2.06e-1)"	"unprognostic (1.54e-1)"	"unprognostic (1.84e-2)"	"unprognostic (2.37e-2)"	"unprognostic (1.57e-1)"	"unprognostic (2.69e-1)"	"unprognostic (2.78e-1)"	"unprognostic (1.79e-1)"	"unprognostic (4.21e-2)"	"potential prognostic favorable (5.90e-6)"	"unprognostic (3.16e-3)"	"unprognostic (1.39e-2)"	"unprognostic (3.95e-2)"	"unprognostic (4.41e-2)"	"unprognostic (6.23e-3)"	"unprognostic (1.02e-1)"	"unprognostic (6.99e-3)"	"unprognostic (6.89e-2)"	"unprognostic (1.43e-2)"	"potential prognostic unfavorable (6.95e-4)"	"unprognostic (4.30e-2)"	"unprognostic (2.83e-2)"	"unprognostic (3.82e-2)"	"unprognostic (9.86e-2)"	"unprognostic (2.83e-2)"	"unprognostic (2.37e-1)"	"unprognostic (5.13e-3)"	"unprognostic (1.96e-1)"	"unprognostic (1.00e-3)"	"unprognostic (9.22e-2)"
KIAA0319	NMIG	ENSG00000137261	KIAA0319	Q5VV43	6	24544104-24646191	"Disease related genes, Human disease related genes, Predicted membrane proteins, Predicted secreted proteins"	Neurogenesis	"Developmental protein"		"Evidence at protein level"	"Evidence at protein level"	"Evidence at protein level"	"Evidence at protein level"	"Group enriched"	"Detected in some"	4	"brain: 11.2;pituitary gland: 3.9"	"Cell type enhanced"	"Detected in many"		"Astrocytes: 190.9;Brain excitatory neurons: 157.5;Brain inhibitory neurons: 102.8;Corticotrophs: 140.4;Early spermatids: 121.3;Ependymal cells: 277.2;Lactotrophs: 85.9;Late spermatids: 153.1;Neutrophils: 149.8;Other brain neurons: 154.2;Pancreatic islet cells: 91.4;Respiratory ciliated cells: 240.2;Somatotrophs: 111.7;Thyrotrophs: 183.9"	"Cell type enhanced"	"Detected in many"		"Ciliated cells: 277.2;Glial cells: 190.9;Neuronal cells: 157.5;Neutrophils: 149.8;Pituitary endocrine cells: 183.9;Spermatogenic cell types: 153.1"	"Low cell type specificity"	"Detected in all"			"Low cancer specificity"	"Detected in some"			"Low region specificity"	"Detected in all"			"Immune cell enhanced"	"Detected in single"		"neutrophil: 1.6"	"Lineage enhanced"	"Detected in single"		"granulocytes: 1.6"	"Low cancer specificity"	"Detected in many"			"Adrenal gland - Adrenal medulla cells, Colon - Colon enteroendocrine cells, Lung - Respiratory ciliated cells, Minor Salivary Gland - Minor salivary glandular cells, Prostate - Prostate glandular cells, Spleen - Neutrophils_2, Testis - Early spermatids, Testis - Late spermatids"	"Low region specificity"	"Detected in all"			"Low region specificity"	"Detected in all"			"Group enriched"	"Detected in some"		"Neurons: 1409494.8;Pancreatic islets: 499131.7"	"Tissue enriched"	"Detected in single"	3579	"cerebral cortex: 357870.8"	"HPA015607, HPA076313"	Enhanced	Supported	Approved	Vesicles	"Secreted in brain"	"Developmental protein"	NA	NA			"Cluster 20: Non-specific - DNA binding"	"Cluster 10: Brain - Synaptic signal transduction"	"Cluster 38: Sub-cortical - Mixed function"	"Cluster 7: Liver cancer - Metabolism"	"Cluster 109: Neurons - Neuronal signaling"		Vesicles		"HPA015607: , HPA076313: "			"unprognostic (7.62e-2)"	"unprognostic (9.61e-3)"		"unprognostic (5.34e-2)"	"unprognostic (8.98e-2)"	"unprognostic (3.64e-1)"								"unprognostic (3.99e-3)"	"unprognostic (2.87e-1)"	"unprognostic (2.78e-1)"	"unprognostic (2.64e-2)"			"unprognostic (2.11e-3)"	"unprognostic (7.01e-2)"			"unprognostic (1.51e-2)"					
KL	KLA	ENSG00000133116	Klotho	Q9UEF7	13	33016423-33066143	"Disease related genes, Enzymes, Human disease related genes, Metabolic proteins, Potential drug targets, Predicted membrane proteins, Predicted secreted proteins, Transporters"		"Glycosidase, Hormone, Hydrolase"	"Disease variant"	"Evidence at protein level"	"Evidence at transcript level"	"Evidence at protein level"	"Evidence at protein level"	"Group enriched"	"Detected in many"	4	"kidney: 120.2;parathyroid gland: 127.3"	"Cell type enhanced"	"Detected in many"		"Choroid plexus epithelial cells: 276.1;Distal convoluted tubule cells: 308.7;Prostatic glandular cells: 69.5;Proximal tubule cells: 98.5;Renal connecting tubule cells: 99.5"	"Cell type enhanced"	"Detected in many"		"Ciliated cells: 276.1;Ductal cells: 99.5;Renal nephron cells: 308.7"	"Cell type enriched"	"Detected in many"	7	"choroid plexus epithelial cell: 218.8"	"Group enriched"	"Detected in many"	6	"Kidney Renal Clear Cell Carcinoma (TCGA): 26.7;Kidney Renal Papillary Cell Carcinoma (TCGA): 28.3;Prostate Adenocarcinoma (TCGA): 8.3"	"Region enriched"	"Detected in many"	11	"choroid plexus: 102.9"	"Not detected in immune cells"	"Not detected"			"Not detected"	"Not detected"			"Cancer enhanced"	"Detected in some"		"Bladder cancer: 2.0;Kidney cancer: 4.3"	"Adipose subcutaneous - Endothelial cells, Adipose visceral - Endothelial cells, Breast - Endothelial cells, Heart muscle - Endothelial cells, Kidney - Proximal tubular cells, Kidney - Proximal tubular cells, Minor Salivary Gland - Endothelial cells, Skeletal muscle - Endothelial cells, Skin - Endothelial cells, Spleen - Endothelial cells, Stomach - Chief cells, Thyroid gland - Endothelial cells"	"Low region specificity"	"Detected in all"			"Group enriched"	"Detected in many"	4	"basal ganglia: 13.9;cerebral cortex: 7.1;hippocampal formation: 7.6;medulla oblongata: 4.3"	"Cell type enriched"	"Detected in some"		"T-cells: 2578266.1"	"Not detected"	"Not detected"								"Secreted to blood"	Hormone	NA	NA	510000			"Cluster 72: Kidney - Transmembrane transport"	"Cluster 36: Choroid plexus - Mixed function"	"Cluster 15: Kidney cancer - Membrane components"	"Cluster 101: Choroid plexus epithelial cells - Ion transport"					"unprognostic (1.97e-1)"		"unprognostic (1.87e-3)"					"potential prognostic unfavorable (8.31e-4)"		"unprognostic (1.43e-1)"	"potential prognostic favorable (5.65e-13)"	"unprognostic (3.85e-3)"	"unprognostic (2.14e-3)"			"unprognostic (5.05e-3)"	"unprognostic (1.42e-2)"					"unprognostic (1.66e-3)"	"unprognostic (3.36e-2)"	"unprognostic (2.00e-1)"						"unprognostic (9.12e-3)"	
LILRA2	"CD85h, ILT1, LIR-7, LIR7"	ENSG00000239998	"Leukocyte immunoglobulin like receptor A2"	Q8N149	19	54572920-54590287	"CD markers, Plasma proteins, Predicted intracellular proteins, Predicted membrane proteins, Predicted secreted proteins"	"Immunity, Innate immunity"	Receptor		"Evidence at protein level"	"Evidence at transcript level"	"Evidence at protein level"	"Evidence at protein level"	"Tissue enhanced"	"Detected in many"		"bone marrow: 14.5;lymphoid tissue: 56.9"	"Cell type enhanced"	"Detected in some"		"cDC: 3.9;Kupffer cells: 9.2;Macrophages: 7.2;Microglia: 34.6;Monocyte progenitors: 10.6;monocytes: 16.9;Neutrophil progenitors: 4.2;Neutrophils: 39.9"	"Group enriched"	"Detected in some"	7	"Glial cells: 34.6;Mononuclear phagocytes: 16.9;Neutrophils: 39.9"	"Cell type enriched"	"Detected in some"	5	"central nervous system macrophage: 43.1"	"Low cancer specificity"	"Detected in some"			"Low region specificity"	"Detected in all"			"Immune cell enhanced"	"Detected in many"		"neutrophil: 31.8"	"Group enriched"	"Detected in many"	6	"granulocytes: 31.8;monocytes: 11.7"	"Cancer enriched"	"Detected in single"	7	"Leukemia: 2.6"	"Adipose subcutaneous - Macrophages, Adrenal gland - Macrophages, Breast - Macrophages, Colon - Macrophages, Kidney - Macrophages, Liver - Kupffer cells, Lung - Neutrophils_2, Minor Salivary Gland - Macrophages, Pancreas - Macrophages, Prostate - Macrophages, Thyroid gland - Macrophages"									"Cell type enriched"	"Detected in single"	3585	"Neutrophils: 358489.5"	"Tissue enriched"	"Detected in some"		"intestine: 838828.6"						"Secreted to blood"	Receptor	NA	NA		18000000	"Cluster 37: Monocytes & Neutrophils - Innate immune response"	"Cluster 5: Spleen - Immune response"	"Cluster 6: Non-specific - Immune response"	"Cluster 35: RS4;11 - Unknown function"	"Cluster 40: Monocytes & Neutrophils - Inflammatory signaling"							"unprognostic (2.32e-1)"			"unprognostic (5.71e-2)"	"unprognostic (8.99e-2)"	"unprognostic (3.28e-1)"					"unprognostic (3.40e-3)"		"unprognostic (1.09e-2)"	"unprognostic (2.90e-3)"	"unprognostic (9.16e-2)"				"unprognostic (1.74e-1)"		"unprognostic (1.48e-1)"			"unprognostic (2.87e-1)"					
LILRA5	"CD85, CD85f, ILT11, LILRB7, LIR9"	ENSG00000187116	"Leukocyte immunoglobulin like receptor A5"	A6NI73	19	54307070-54313166	"CD markers, Predicted membrane proteins, Predicted secreted proteins"	"Immunity, Innate immunity"	Receptor		"Evidence at protein level"	"Evidence at transcript level"	"Evidence at protein level"	"Evidence at protein level"	"Tissue enhanced"	"Detected in many"		"bone marrow: 40.5;lymphoid tissue: 73.4"	"Group enriched"	"Detected in some"	4	"monocytes: 11.9;Neutrophils: 23.4"	"Group enriched"	"Detected in some"	6	"Mononuclear phagocytes: 11.9;Neutrophils: 23.4"	"Cell type enriched"	"Detected in single"	119	"leukocyte: 11.9"	"Low cancer specificity"	"Detected in some"			"Low region specificity"	"Detected in some"			"Group enriched"	"Detected in many"	5	"classical monocyte: 128.6;intermediate monocyte: 252.9;neutrophil: 137.5;non-classical monocyte: 312.7"	"Group enriched"	"Detected in many"	6	"granulocytes: 137.5;monocytes: 312.7"	"Not detected"	"Not detected"			"Adipose subcutaneous - Macrophages, Breast - Macrophages, Colon - Neutrophils, Heart muscle - Neutrophils, Kidney - Macrophages, Liver - Neutrophils, Lung - Neutrophils_2, Prostate - Macrophages, Skeletal muscle - Neutrophils, Spleen - Neutrophils_2, Thyroid gland - Neutrophils"									"Cell type enriched"	"Detected in single"	22924	"Neutrophils: 2292444.9"	"Tissue enriched"	"Detected in some"		"bone marrow: 3382656.7"						"Secreted to blood"	Receptor	NA	NA		950000	"Cluster 40: Monocytes - Innate immune response"	"Cluster 66: Lymphoid tissue - Immune response"	"Cluster 12: Non-specific - Vasculature"	"Cluster 14: Myeloid leukemia - Innate immune response"	"Cluster 40: Monocytes & Neutrophils - Inflammatory signaling"							"unprognostic (1.11e-1)"			"unprognostic (3.22e-2)"		"potential prognostic unfavorable (9.55e-4)"			"unprognostic (3.03e-2)"	"unprognostic (1.02e-1)"			"unprognostic (2.59e-2)"	"unprognostic (3.22e-1)"	"unprognostic (6.25e-2)"	"unprognostic (6.64e-2)"	"unprognostic (5.63e-2)"		"unprognostic (8.45e-3)"	"unprognostic (1.47e-1)"	"unprognostic (9.43e-2)"			"unprognostic (1.79e-1)"		"unprognostic (3.69e-2)"			
LRP8	"APOER2, HSZ75190, LRP-8, MCI1"	ENSG00000157193	"LDL receptor related protein 8"	Q14114	1	53242364-53328469	"Disease related genes, Human disease related genes, Predicted intracellular proteins, Predicted membrane proteins, Predicted secreted proteins"	"Endocytosis, Host-virus interaction"	Receptor		"Evidence at protein level"	"Evidence at protein level"	"Evidence at protein level"	"Evidence at protein level"	"Tissue enhanced"	"Detected in many"		"testis: 22.5;thyroid gland: 38.8"	"Group enriched"	"Detected in many"	4	"Retinal pigment epithelial cells: 601.1;Sertoli cells: 199.3"	"Group enriched"	"Detected in many"	4	"Pigment cells: 601.1;Reproductive supporting cells: 199.3"	"Cell type enhanced"	"Detected in all"		"MGE interneuron: 249.9"	"Low cancer specificity"	"Detected in many"			"Low region specificity"	"Detected in all"			"Low immune cell specificity"	"Detected in some"			"Low lineage specificity"	"Detected in many"			"Low cancer specificity"	"Detected in all"			"Pituitary gland - Corticotropes, Testis - Sertoli cells"	"Low region specificity"	"Detected in all"			"Low region specificity"	"Detected in all"			"Group enriched"	"Detected in some"		"Alveolar cell types: 3782644.7;Macrophages: 1401906.4"	"Tissue enriched"	"Detected in single"	5145	"cerebral cortex: 514493.1"	HPA073031	Enhanced				"Secreted in other tissues"	Receptor	NA	NA		20000000	"Cluster 20: Non-specific - DNA binding"	"Cluster 46: Brain & retina - Neuronal signaling"	"Cluster 38: Sub-cortical - Mixed function"	"Cluster 7: Liver cancer - Metabolism"	"Cluster 19: Cerebellar purkinje cells - Neurotransmission & signaling"	18			"HPA073031: "	"unprognostic (1.32e-1)"	"unprognostic (9.36e-3)"	"unprognostic (1.03e-2)"	"unprognostic (3.92e-3)"	"unprognostic (1.07e-1)"	"unprognostic (2.26e-1)"	"unprognostic (3.84e-1)"	"unprognostic (2.23e-3)"	"unprognostic (3.77e-2)"	"unprognostic (1.95e-2)"	"validated prognostic unfavorable (1.69e-9)"	"validated prognostic unfavorable (2.64e-4)"	"potential prognostic unfavorable (1.18e-6)"		"unprognostic (8.73e-2)"	"potential prognostic unfavorable (2.34e-4)"	"unprognostic (1.19e-1)"	"unprognostic (6.39e-3)"	"unprognostic (1.12e-3)"	"unprognostic (5.50e-2)"	"unprognostic (8.79e-2)"	"unprognostic (9.35e-2)"	"unprognostic (1.45e-1)"	"unprognostic (1.28e-1)"	"unprognostic (1.64e-2)"	"unprognostic (4.47e-2)"	"unprognostic (2.60e-1)"	"unprognostic (4.81e-3)"	"unprognostic (1.33e-1)"	"unprognostic (7.93e-2)"	"unprognostic (8.15e-2)"
LY6K	"CT97, FLJ35226, HSJ001348"	ENSG00000160886	"Lymphocyte antigen 6 family member K"	Q17RY6	8	142700111-142705127	"Predicted membrane proteins, Predicted secreted proteins"				"Evidence at protein level"	"Evidence at protein level"	"Evidence at protein level"	"Evidence at protein level"	"Tissue enhanced"	"Detected in many"		"esophagus: 12.0;testis: 35.1"	"Cell type enhanced"	"Detected in many"		"Breast myoepithelial cells: 84.4;Differentiating spermatogonia: 81.7;Early primary spermatocytes: 419.0;Esophageal apical cells: 278.0;Esophageal suprabasal cells: 71.0;Extravillous trophoblasts: 277.7;Suprabasal keratinocytes: 54.8"	"Cell type enhanced"	"Detected in many"		"Apical squamous epithelial cells: 278.0;Spermatogenic cell types: 419.0;Trophoblast cells: 277.7"	"Cell type enhanced"	"Detected in some"		"endothelial cell: 3.6;pericyte: 1.5"	"Cancer enhanced"	"Detected in many"		"Cervical Squamous Cell Carcinoma and Endocervical Adenocarcinoma (TCGA): 67.8;Head and Neck Squamous Cell Carcinoma (TCGA): 49.7"	"Low region specificity"	"Detected in all"			"Immune cell enriched"	"Detected in single"	8	"neutrophil: 1.7"	"Lineage enriched"	"Detected in single"	15	"granulocytes: 1.7"	"Cancer enriched"	"Detected in many"	5	"Adrenocortical cancer: 742.9"		"Not detected"	"Not detected"			"Not detected"	"Not detected"			"Not detected"	"Not detected"			"Not detected"	"Not detected"			"HPA017770, CAB075742, CAB075743, CAB079929, CAB080500"	Enhanced		Uncertain	"Nucleoplasm,Plasma membrane,Actin filaments,Acrosome,Equatorial segment,Mid piece"	"Secreted in male reproductive system"	"No annotated function"	NA	NA				"Cluster 39: Testis - Nuclear processes"	"Cluster 24: Neurons - Mixed function"	"Cluster 53: Squamous epithelial cells - Keratinization"	"Cluster 3: Early primary spermatocytes - Early meiosis"		"Plasma membrane, Acrosome, Mid piece"	"Nucleoplasm, Actin filaments, Equatorial segment"	"CAB075742: , CAB075743: , CAB079929: , CAB080500: , HPA017770: "	"unprognostic (1.11e-2)"	"unprognostic (2.63e-1)"	"unprognostic (2.02e-1)"	"unprognostic (2.95e-2)"			"unprognostic (1.90e-1)"		"unprognostic (1.06e-1)"	"unprognostic (4.00e-1)"	"unprognostic (3.84e-2)"		"potential prognostic unfavorable (6.34e-4)"	"unprognostic (1.80e-1)"	"unprognostic (3.38e-1)"	"validated prognostic unfavorable (6.73e-4)"	"validated prognostic unfavorable (3.06e-4)"	"unprognostic (4.13e-2)"	"unprognostic (2.81e-1)"	"unprognostic (9.31e-2)"	"unprognostic (5.94e-2)"	"unprognostic (3.77e-2)"	"unprognostic (4.93e-2)"	"unprognostic (3.65e-1)"			"unprognostic (1.40e-1)"	"unprognostic (6.31e-2)"	"unprognostic (4.53e-2)"		"unprognostic (9.69e-2)"
LY9	"CD229, hly9, mLY9, SLAMF3"	ENSG00000122224	"Lymphocyte antigen 9"	Q9HBG7	1	160796074-160828261	"CD markers, Predicted membrane proteins, Predicted secreted proteins"	"Adaptive immunity, Cell adhesion, Immunity, Innate immunity"			"Evidence at protein level"	"Evidence at protein level"	"Evidence at protein level"	"Evidence at protein level"	"Tissue enhanced"	"Detected in many"		"bone marrow: 10.9;intestine: 11.2;lymphoid tissue: 29.2"	"Cell type enhanced"	"Detected in some"		"B-cells: 425.1;cDC: 47.6;Innate lymphoid cells: 28.3;NK-cells: 53.0;pDCs: 102.5;Plasma cells: 124.2;T-cells: 73.5"	"Cell type enhanced"	"Detected in many"		"B-cells: 425.1;dendritic cells: 102.5;Plasma cells: 124.2;T-cells: 73.5"	"Cell type enriched"	"Detected in single"	149	"leukocyte: 105.7"	"Low cancer specificity"	"Detected in many"			"Not detected"	"Not detected"			"Group enriched"	"Detected in many"	4	"gdT-cell: 113.2;MAIT T-cell: 113.7;memory B-cell: 56.2;memory CD4 T-cell: 97.8;memory CD8 T-cell: 109.8;naive B-cell: 53.0;naive CD4 T-cell: 110.0;naive CD8 T-cell: 112.6;plasmacytoid DC: 73.0;T-reg: 80.5"	"Low lineage specificity"	"Detected in all"			"Cancer enhanced"	"Detected in some"		"lymphoma: 15.9;Myeloma: 38.0"	"Adipose visceral - T-cells, Adrenal gland - T-cells, Colon - T-cells, Heart muscle - T-cells, Liver - T-cells, Minor Salivary Gland - Plasma cells, Pancreas - T-cells, Prostate - T-cells, Skin - T-cells, Spleen - B-cells (Spleen), Thyroid gland - T-cells"	"Not detected"	"Not detected"			"Not detected"	"Not detected"			"Cell type enriched"	"Detected in some"		"T-cells: 404826.8"	"Tissue enriched"	"Detected in single"	1544	"lymphoid tissue: 154396.0"	HPA050917	Approved		Approved	"Plasma membrane,Centriolar satellite"	"Secreted - unknown location"	Immunity	NA	NA		25000	"Cluster 11: T-cells - Unknown function"	"Cluster 66: Lymphoid tissue - Immune response"		"Cluster 51: Myeloma - Immunoglobulins"	"Cluster 87: B-cells - Adaptive immunity: Humoral response"	1	"Plasma membrane"	"Centriolar satellite"	"HPA050917: "	"unprognostic (8.79e-2)"	"unprognostic (2.67e-3)"	"unprognostic (1.12e-1)"	"potential prognostic favorable (4.94e-4)"	"unprognostic (5.62e-2)"	"unprognostic (2.44e-1)"			"potential prognostic favorable (1.37e-4)"		"unprognostic (1.07e-1)"	"unprognostic (8.10e-2)"	"unprognostic (2.28e-1)"		"unprognostic (3.03e-3)"	"potential prognostic favorable (1.86e-4)"	"unprognostic (1.42e-2)"	"unprognostic (1.66e-1)"	"unprognostic (5.74e-2)"			"unprognostic (2.82e-1)"	"unprognostic (5.85e-2)"	"unprognostic (2.86e-1)"		"unprognostic (1.11e-3)"	"potential prognostic favorable (3.48e-4)"	"unprognostic (4.69e-2)"	"unprognostic (5.81e-2)"	"unprognostic (2.47e-2)"	
MEP1B		ENSG00000141434	"Meprin A subunit beta"	Q16820	18	32185069-32220404	"Enzymes, Predicted membrane proteins, Predicted secreted proteins, Transporters"	"Inflammatory response"	"Hydrolase, Metalloprotease, Protease"		"Evidence at protein level"	"Evidence at protein level"	"Evidence at protein level"	"Evidence at protein level"	"Tissue enriched"	"Detected in some"	56	"intestine: 342.8"	"Group enriched"	"Detected in many"	9	"Cardiomyocytes: 99.6;Enterocytes: 282.4"	"Group enriched"	"Detected in many"	9	"Enterocytes: 282.4;Myocytes: 99.6"	"Low cell type specificity"	"Detected in many"			"Cancer enriched"	"Detected in single"	5	"Pancreatic Adenocarcinoma (TCGA): 4.7"	"Low region specificity"	"Detected in many"			"Not detected in immune cells"	"Not detected"			"Not detected"	"Not detected"			"Group enriched"	"Detected in some"	7	"colorectal cancer: 3.1;Myeloma: 2.3"	"Liver - Hepatocytes"	"Low region specificity"	"Detected in all"			"Low region specificity"	"Detected in all"			"Not detected"	"Not detected"			"Tissue enriched"	"Detected in some"	1	"intestine: 32241513.5"	HPA029119	Enhanced				"Secreted to digestive system"	Enzyme	NA	NA		290000		"Cluster 7: Small intestine - Absorption and Digestion"	"Cluster 9: Non-specific - Receptor signaling"	"Cluster 40: Non-specific - Unknown function"	"Cluster 1: Enterocytes - Absorption and Digestion"	4			"HPA029119: "						"unprognostic (2.19e-1)"																"unprognostic (1.01e-1)"									
MET	"DFNB97, HGFR, RCCP2"	ENSG00000105976	"MET proto-oncogene, receptor tyrosine kinase"	P08581	7	116672196-116798377	"Cancer-related genes, Disease related genes, Enzymes, FDA approved drug targets, Human disease related genes, Plasma proteins, Predicted intracellular proteins, Predicted membrane proteins, Predicted secreted proteins, RAS pathway related proteins, Transporters"		"Kinase, Receptor, Transferase, Tyrosine-protein kinase"	"Cancer-related genes, Deafness, Disease variant, FDA approved drug targets, Non-syndromic deafness, Proto-oncogene"	"Evidence at protein level"	"Evidence at protein level"	"Evidence at protein level"	"Evidence at protein level"	"Tissue enhanced"	"Detected in many"		"liver: 40.1"	"Cell type enhanced"	"Detected in many"		"Endometrial glandular cells: 1017.9;Endometrial luminal cells: 524.5;Endometrial secretory cells: 439.5;Epididymal basal cells: 347.1;Ocular epithelial cells: 365.6;Retinal pigment epithelial cells: 349.6;Salivary basal cells: 520.8;Transitional alveolar cells: 417.5"	"Cell type enhanced"	"Detected in many"		"Basal cells: 520.8;Glandular cells: 1017.9;Luminal cells: 524.5"	"Cell type enhanced"	"Detected in many"		"choroid plexus epithelial cell: 64.5;hippocampal CA1-3: 48.0;oligodendrocyte: 44.2"	"Low cancer specificity"	"Detected in all"			"Low region specificity"	"Detected in all"			"Not detected in immune cells"	"Not detected"			"Not detected"	"Not detected"			"Cancer enhanced"	"Detected in many"		"Gastric cancer: 289.3"	"Adipose visceral - Mesothelial cells, Lung - Alveolar cells type 2, Testis - Endothelial cells"	"Low region specificity"	"Detected in many"			"Low region specificity"	"Detected in all"			"Group enriched"	"Detected in some"		"Alveolar cell types: 1794640.6;Pancreas epithelial cells: 2481523.2"	"Group enriched"	"Detected in some"		"intestine: 104706.0;liver: 110974.2"	"CAB005282, HPA055607"	Approved		Approved	"Plasma membrane,Cytosol"	"Secreted to blood"	Receptor	NA	NA	179000000	28000000		"Cluster 14: Adipose tissue - Angiogenesis"	"Cluster 53: Neurons - Mixed function"	"Cluster 53: Squamous epithelial cells - Keratinization"	"Cluster 51: Secretory epithelial cells - Mixed function"	77	"Plasma membrane"	Cytosol	"CAB005282: , HPA055607: "	"unprognostic (1.50e-1)"	"unprognostic (3.09e-2)"	"unprognostic (2.80e-1)"	"unprognostic (1.67e-2)"	"unprognostic (5.15e-2)"	"unprognostic (2.01e-1)"	"unprognostic (6.21e-3)"	"unprognostic (8.75e-2)"	"potential prognostic unfavorable (2.97e-4)"	"unprognostic (2.45e-2)"	"unprognostic (7.22e-3)"	"unprognostic (1.55e-2)"	"unprognostic (1.84e-1)"	"unprognostic (2.86e-1)"	"unprognostic (2.01e-2)"	"unprognostic (3.73e-2)"	"unprognostic (7.01e-3)"	"unprognostic (2.15e-1)"	"unprognostic (2.16e-1)"	"unprognostic (2.13e-2)"	"unprognostic (1.05e-2)"	"potential prognostic unfavorable (6.80e-6)"	"unprognostic (3.17e-3)"	"unprognostic (1.41e-1)"	"unprognostic (1.96e-2)"	"unprognostic (5.90e-3)"	"unprognostic (9.20e-2)"	"unprognostic (8.35e-2)"	"unprognostic (5.32e-2)"	"unprognostic (3.05e-2)"	"unprognostic (9.39e-2)"
MMP16	"C8orf57, DKFZp761D112, MT3-MMP"	ENSG00000156103	"Matrix metallopeptidase 16"	P51512	8	88032011-88328025	"Cancer-related genes, Enzymes, Predicted intracellular proteins, Predicted membrane proteins, Predicted secreted proteins"	"Collagen degradation"	"Hydrolase, Metalloprotease, Protease"	"Cancer-related genes"	"Evidence at protein level"	"Evidence at transcript level"	"Evidence at protein level"	"Evidence at protein level"	"Tissue enhanced"	"Detected in some"		"brain: 5.3"	"Cell type enriched"	"Detected in many"	6	"Oligodendrocyte progenitor cells: 2339.2"	"Cell type enriched"	"Detected in many"	6	"Glial cells: 2339.2"	"Cell type enhanced"	"Detected in all"		"committed oligodendrocyte precursor: 1706.7;oligodendrocyte precursor cell: 2825.3"	"Cancer enhanced"	"Detected in some"		"Glioblastoma Multiforme (TCGA): 8.5"	"Low region specificity"	"Detected in all"			"Not detected in immune cells"	"Not detected"			"Not detected"	"Not detected"			"Cancer enhanced"	"Detected in many"		"skin cancer: 11.0"	"Lung - Fibroblasts_2, Minor Salivary Gland - Fibroblasts, Prostate - Fibroblasts, Skeletal muscle - Fibroblasts, Stomach - Fibroblasts"	"Low region specificity"	"Detected in all"			"Low region specificity"	"Detected in all"			"Not detected"	"Not detected"			"Not detected"	"Not detected"			HPA023693	Uncertain		Approved	Vesicles,Cytosol	"Secreted to extracellular matrix"	Enzyme	NA	NA				"Cluster 73: Brain - Neuronal signaling"	"Cluster 53: Neurons - Mixed function"	"Cluster 69: Skin cancer - ECM organization"	"Cluster 14: Oligodendrocyte progenitor cells - Development & myelination"		Cytosol	Vesicles	"HPA023693: "		"unprognostic (1.11e-1)"	"unprognostic (4.69e-2)"			"unprognostic (2.53e-1)"	"unprognostic (6.71e-2)"	"potential prognostic favorable (4.56e-4)"															"unprognostic (1.32e-1)"				"unprognostic (3.94e-1)"		"unprognostic (2.02e-1)"	"unprognostic (2.90e-1)"	
MPEG1	MPG1	ENSG00000197629	"Macrophage expressed 1"	Q2M385	11	59208510-59212927	"Disease related genes, Human disease related genes, Potential drug targets, Predicted membrane proteins, Predicted secreted proteins, Transporters"	"Adaptive immunity, Immunity, Innate immunity"		"Disease variant"	"Evidence at protein level"	"Evidence at protein level"	"Evidence at protein level"	"Evidence at protein level"	"Tissue enhanced"	"Detected in many"		"lymphoid tissue: 193.5"	"Cell type enhanced"	"Detected in some"		"cDC: 121.2;Hofbauer cells: 99.6;Kupffer cells: 582.1;Macrophages: 194.7;Monocyte progenitors: 72.8;monocytes: 371.2;pDCs: 266.3"	"Group enriched"	"Detected in some"	14	"dendritic cells: 266.3;Mononuclear phagocytes: 582.1"	"Group enriched"	"Detected in some"	67	"central nervous system macrophage: 39.0;leukocyte: 22.4"	"Low cancer specificity"	"Detected in all"			"Low region specificity"	"Detected in all"			"Group enriched"	"Detected in many"	6	"classical monocyte: 289.4;intermediate monocyte: 209.0;myeloid DC: 144.2;non-classical monocyte: 245.5;plasmacytoid DC: 204.5"	"Group enriched"	"Detected in many"	6	"dendritic cells: 204.5;monocytes: 289.4"	"Group enriched"	"Detected in some"	237	"Leukemia: 10.4;lymphoma: 36.9"	"Adipose subcutaneous - Macrophages, Adipose visceral - Macrophages, Adrenal gland - Macrophages, Breast - Macrophages, Colon - Macrophages, Heart muscle - Macrophages, Liver - Kupffer cells, Lung - Macrophages, Minor Salivary Gland - Macrophages, Pancreas - Macrophages, Skeletal muscle - Macrophages, Spleen - Macrophages, Stomach - Macrophages, Testis - Macrophages, Thyroid gland - Macrophages"	"Low region specificity"	"Detected in all"			"Low region specificity"	"Detected in all"			"Group enriched"	"Detected in some"		"Macrophages: 2051357.2;Neutrophils: 1567571.3;T-cells: 702313.5"	"Tissue enriched"	"Detected in some"		"bone marrow: 3107168.0"	HPA046801	Approved				"Secreted to blood"	Immunity	NA	NA			"Cluster 10: Non-specific - Membrane trafficking"	"Cluster 66: Lymphoid tissue - Immune response"	"Cluster 20: Macrophages & Microglia - Immune response"	"Cluster 55: Lymphoma - Immune response"	"Cluster 40: Monocytes & Neutrophils - Inflammatory signaling"				"HPA046801: "	"unprognostic (2.54e-1)"	"unprognostic (1.07e-1)"	"unprognostic (1.94e-2)"	"unprognostic (4.23e-2)"	"unprognostic (1.56e-1)"	"unprognostic (1.38e-1)"	"unprognostic (2.18e-2)"	"unprognostic (2.35e-1)"	"unprognostic (2.71e-3)"	"unprognostic (4.95e-2)"	"potential prognostic favorable (4.66e-4)"	"unprognostic (8.35e-2)"	"unprognostic (6.23e-3)"	"unprognostic (9.00e-2)"	"unprognostic (1.71e-2)"	"potential prognostic favorable (2.57e-4)"	"unprognostic (2.30e-2)"	"unprognostic (3.01e-1)"	"unprognostic (1.06e-2)"	"unprognostic (4.36e-1)"	"unprognostic (3.09e-1)"	"unprognostic (2.82e-2)"	"unprognostic (2.00e-1)"	"unprognostic (2.35e-1)"	"unprognostic (1.26e-2)"	"unprognostic (5.58e-2)"	"unprognostic (1.52e-1)"	"unprognostic (9.30e-2)"	"unprognostic (4.30e-2)"	"unprognostic (2.55e-1)"	"unprognostic (6.18e-2)"
MS4A13		ENSG00000204979	"Membrane spanning 4-domains A13"	Q5J8X5	11	60515392-60542721	"Predicted membrane proteins, Predicted secreted proteins"				"Evidence at protein level"	"Evidence at transcript level"	"Evidence at protein level"	"Evidence at protein level"	"Tissue enriched"	"Detected in single"	34	"testis: 3.3"	"Cell type enhanced"	"Detected in some"		"Early primary spermatocytes: 10.0;Early spermatids: 22.3;Late primary spermatocytes: 38.9;Late spermatids: 89.3"	"Cell type enriched"	"Detected in some"	14	"Spermatogenic cell types: 89.3"	"Low cell type specificity"	"Detected in many"			"Not detected"	"Not detected"			"Not detected"	"Not detected"			"Not detected in immune cells"	"Not detected"			"Not detected"	"Not detected"			"Not detected"	"Not detected"			"Testis - Early spermatids, Testis - Late spermatids"	"Not detected"	"Not detected"			"Not detected"	"Not detected"			"Not detected"	"Not detected"			"Not detected"	"Not detected"			"HPA045017, HPA063626"	Uncertain				"Secreted - unknown location"	"No annotated function"	NA	NA				"Cluster 6: Testis - Spermatogenesis"		"Cluster 51: Myeloma - Immunoglobulins"	"Cluster 23: Elongating spermatids - Sperm cell metabolism & fertilization"	52			"HPA045017: , HPA063626: "																															
MSMB	"IGBF, MSP, MSPB, PN44, PRPS, PSP, PSP-94, PSP57, PSP94"	ENSG00000263639	"Microseminoprotein beta"	P08118	10	46033307-46048180	"Cancer-related genes, Disease related genes, Human disease related genes, Predicted membrane proteins, Predicted secreted proteins"			"Cancer-related genes"	"Evidence at protein level"	"Evidence at protein level"	"Evidence at protein level"	"Evidence at protein level"	"Tissue enriched"	"Detected in many"	17	"prostate: 8771.6"	"Cell type enriched"	"Detected in many"	4	"Prostatic glandular cells: 24515.5"	"Cell type enriched"	"Detected in many"	4	"Glandular cells: 24515.5"	"Not detected"	"Not detected"			"Cancer enriched"	"Detected in many"	26	"Prostate Adenocarcinoma (TCGA): 7341.5"	"Not detected"	"Not detected"			"Not detected in immune cells"	"Not detected"			"Not detected"	"Not detected"			"Cancer enriched"	"Detected in some"	18	"prostate cancer: 295.9"	"Lung - Respiratory ciliated cells, Minor Salivary Gland - Minor salivary glandular cells, Prostate - Prostate glandular cells, Stomach - Gastric mucous cells, Testis - Early spermatids, Testis - Late spermatids"	"Not detected"	"Not detected"			"Low region specificity"	"Detected in all"			"Not detected"	"Not detected"			"Not detected"	"Not detected"			"CAB026357, HPA051257"	Enhanced				"Secreted in male reproductive system"	"No annotated function"	NA	NA		3100000		"Cluster 38: Non-specific - Basic cellular processes"		"Cluster 60: Prostate cancer - Unknown function"	"Cluster 16: Prostatic glandular cells - Androgen response & seminal fluid"	2			"CAB026357: , HPA051257: "	"unprognostic (1.07e-1)"	"unprognostic (3.19e-2)"	"unprognostic (1.40e-1)"	"unprognostic (5.36e-3)"	"unprognostic (2.38e-1)"	"unprognostic (1.50e-3)"			"unprognostic (2.49e-2)"				"unprognostic (1.65e-1)"	"unprognostic (3.43e-3)"	"unprognostic (1.50e-2)"	"unprognostic (7.03e-2)"	"unprognostic (2.63e-2)"	"unprognostic (3.07e-2)"	"unprognostic (1.65e-1)"			"unprognostic (3.24e-1)"		"unprognostic (1.23e-1)"	"unprognostic (8.74e-2)"		"unprognostic (1.80e-1)"	"unprognostic (2.22e-1)"	"unprognostic (2.14e-1)"		"unprognostic (4.04e-1)"
MUC1	"ADMCKD, ADMCKD1, Ca15-3, CD227, EMA, KL-6, MCD, MCKD, MCKD1, PEM, PUM"	ENSG00000185499	"Mucin 1, cell surface associated"	P15941	1	155185824-155192916	"Cancer-related genes, CD markers, Disease related genes, Human disease related genes, Predicted intracellular proteins, Predicted membrane proteins, Predicted secreted proteins"			"Cancer-related genes, Tumor suppressor"	"Evidence at protein level"	"Evidence at protein level"	"Evidence at protein level"	"Evidence at protein level"	"Tissue enhanced"	"Detected in many"		"kidney: 416.9;stomach 1: 998.2"	"Cell type enhanced"	"Detected in many"		"Alveolar cells type 1: 192.9;Alveolar cells type 2: 236.0;Breast lactating cells: 217.7;Conjunctival goblet cells: 94.2;Endometrial luminal cells: 102.3;Endometrial secretory cells: 154.6;Foveolar cells: 271.9;Gastric chief cells: 137.6;Mucous neck cells: 117.1;Prostatic club cells: 93.2;Respiratory deuterosomal cells: 126.5;Salivary duct cells: 75.7;Transitional alveolar cells: 176.8"	"Cell type enhanced"	"Detected in many"		"Alveolar cells: 236.0;Ciliated cells: 126.5;Gastric glandular cells: 271.9;Secretory cells: 217.7"	"Not detected"	"Not detected"			"Low cancer specificity"	"Detected in all"			"Low region specificity"	"Detected in all"			"Immune cell enhanced"	"Detected in single"		"T-reg: 1.2"	"Lineage enhanced"	"Detected in single"		"T-cells: 1.2"	"Cancer enhanced"	"Detected in all"		"breast cancer: 211.1;pancreatic cancer: 218.2"	"Adipose visceral - Mesothelial cells, Breast - Breast glandular cells, Lung - Alveolar cells type 2, Minor Salivary Gland - Minor salivary glandular cells, Skin - Sebaceous gland cells, Testis - Early spermatids, Testis - Late spermatids"					"Low region specificity"	"Detected in many"			"Cell type enhanced"	"Detected in some"		"Collecting ducts: 10612191.2;Pancreas epithelial cells: 11168905.2"	"Tissue enhanced"	"Detected in many"		"pancreas: 28224697.1"	"CAB000036, CAB001986, HPA004179, HPA007235, HPA008855, CAB080102, CAB080103"	Enhanced		Supported	"Plasma membrane"	"Secreted in other tissues"	"No annotated function"	NA	NA		2100000	"Cluster 5: Non-specific - Cell proliferation"	"Cluster 60: Stomach - Digestion"	"Cluster 44: Non-specific - Mixed function"	"Cluster 53: Squamous epithelial cells - Keratinization"	"Cluster 68: Foveolar cells - Mucosal defense"	29	"Plasma membrane"		"CAB000036: , CAB001986: , CAB080102: , CAB080103: , HPA004179: , HPA007235: , HPA008855: "	"unprognostic (6.27e-2)"	"unprognostic (1.12e-1)"	"unprognostic (1.67e-1)"	"unprognostic (1.37e-1)"	"unprognostic (1.99e-1)"	"unprognostic (9.53e-3)"	"unprognostic (5.63e-2)"	"unprognostic (9.41e-2)"	"unprognostic (9.23e-2)"	"potential prognostic favorable (8.45e-4)"	"potential prognostic unfavorable (6.35e-4)"	"unprognostic (2.30e-2)"	"unprognostic (1.09e-1)"	"unprognostic (3.90e-3)"	"unprognostic (2.60e-2)"	"unprognostic (3.67e-1)"	"unprognostic (2.24e-1)"	"unprognostic (5.09e-3)"	"unprognostic (9.30e-2)"	"unprognostic (1.85e-1)"	"unprognostic (1.04e-1)"	"potential prognostic unfavorable (4.90e-4)"	"unprognostic (1.65e-1)"	"unprognostic (4.41e-1)"	"unprognostic (5.51e-3)"	"unprognostic (3.73e-3)"	"unprognostic (2.61e-1)"	"unprognostic (1.91e-1)"	"unprognostic (1.21e-1)"	"unprognostic (4.59e-2)"	"unprognostic (9.12e-2)"
MUC13	DRCC1	ENSG00000173702	"Mucin 13, cell surface associated"	Q9H3R2	3	124905442-124953819	"Predicted membrane proteins, Predicted secreted proteins"				"Evidence at protein level"	"Evidence at protein level"	"Evidence at protein level"	"Evidence at protein level"	"Tissue enriched"	"Detected in some"	10	"intestine: 579.0"	"Cell type enhanced"	"Detected in many"		"Colonocytes: 1012.6;Endometrial ciliated cells: 205.1;Enteric stem cells: 193.4;Enteric transient amplifying cells: 271.6;Enterocytes: 1143.1;Foveolar cells: 133.2;Gastric progenitor cells: 198.7;Goblet cells: 930.6;Neuroendocrine cells: 200.1;Paneth cells: 147.0"	"Cell type enhanced"	"Detected in many"		"Enterocytes: 1143.1;Goblet cells: 930.6;Proliferating cells: 271.6"	"Low cell type specificity"	"Detected in single"			"Group enriched"	"Detected in many"	4	"Colon Adenocarcinoma (TCGA): 344.5;Pancreatic Adenocarcinoma (TCGA): 110.3;Rectum Adenocarcinoma (TCGA): 380.6;Stomach Adenocarcinoma (TCGA): 260.2"	"Not detected"	"Not detected"			"Not detected in immune cells"	"Not detected"			"Not detected"	"Not detected"			"Cancer enhanced"	"Detected in many"		"colorectal cancer: 178.0;Gastric cancer: 65.7"	"Colon - Colon enterocytes, Kidney - Proximal tubular cells, Stomach - Gastric mucous cells"	"Not detected"	"Not detected"			"Not detected"	"Not detected"			"Group enriched"	"Detected in some"	149993	"Glomeruli: 14459631.6;Proximal tubules: 15538932.4"	"Tissue enriched"	"Detected in many"		"kidney: 34736413.9"	"HPA045163, HPA079663"	Enhanced				"Secreted to digestive system"	"No annotated function"	NA	NA				"Cluster 77: Intestine - Digestion"		"Cluster 57: Stomach & Colon cancer - Digestion"	"Cluster 45: Colonocytes & Enterocytes - Gastrointestinal absorption & barrier"				"HPA045163: , HPA079663: "			"potential prognostic favorable (5.10e-5)"	"unprognostic (1.81e-2)"	"unprognostic (3.84e-1)"	"unprognostic (9.07e-2)"					"unprognostic (1.51e-3)"	"unprognostic (7.66e-2)"	"unprognostic (1.37e-1)"	"unprognostic (1.08e-1)"	"unprognostic (6.74e-2)"	"unprognostic (3.23e-2)"	"unprognostic (1.49e-1)"	"unprognostic (1.22e-1)"	"unprognostic (2.27e-1)"			"unprognostic (2.79e-1)"	"potential prognostic favorable (8.07e-4)"	"unprognostic (6.75e-2)"	"unprognostic (3.13e-1)"	"potential prognostic unfavorable (5.58e-4)"		"unprognostic (6.63e-3)"	"unprognostic (1.85e-1)"		"unprognostic (1.45e-1)"
MUC16	"CA-125, CA125, FLJ14303"	ENSG00000181143	"Mucin 16, cell surface associated"	Q8WXI7	19	8848844-8981342	"Plasma proteins, Predicted membrane proteins, Predicted secreted proteins"				"Evidence at protein level"	"Evidence at protein level"	"Evidence at protein level"	"Evidence at protein level"	"Group enriched"	"Detected in some"	4	"adipose tissue: 6.5;cervix: 15.0;fallopian tube: 5.5;salivary gland: 5.7"	"Cell type enhanced"	"Detected in many"		"Conjunctival goblet cells: 953.4;Endometrial ciliated cells: 234.4;Endometrial glandular cells: 474.1;Endometrial secretory cells: 428.8;Epicardial cells: 1309.9;Mesothelial cells: 376.1;Ocular epithelial cells: 330.9;Respiratory ciliated cells: 237.8;Respiratory deuterosomal cells: 634.4;Respiratory secretory cells: 435.6;Salivary duct cells: 460.6;Salivary ionocytes: 746.2"	"Cell type enhanced"	"Detected in many"		"Barrier epithelial cells: 1309.9;Ciliated cells: 634.4;Ductal cells: 460.6;Glandular cells: 474.1;Goblet cells: 953.4;Ionocytes: 746.2;Secretory cells: 435.6"	"Not detected"	"Not detected"			"Group enriched"	"Detected in many"	5	"Cervical Squamous Cell Carcinoma and Endocervical Adenocarcinoma (TCGA): 34.9;Ovary Serous Cystadenocarcinoma (TCGA): 98.0;Uterine Corpus Endometrial Carcinoma (TCGA): 35.8"	"Not detected"	"Not detected"			"Not detected in immune cells"	"Not detected"			"Not detected"	"Not detected"			"Cancer enhanced"	"Detected in many"		"ovarian cancer: 15.7"	"Adipose visceral - Mesothelial cells, Lung - Respiratory ciliated cells, Prostate - Urothelial cells, Testis - Early spermatids, Testis - Late spermatids, Thyroid gland - T-cells"	"Not detected"	"Not detected"			"Region enhanced"	"Detected in single"		"cerebellum: 1.3"	"Cell type enriched"	"Detected in some"		"Fallopian tube cells: 223651.4"	"Group enriched"	"Detected in some"	834	"fallopian tube: 37654.0;salivary gland: 129166.0"	"CAB055172, HPA065600, CAB080360"	Enhanced				"Secreted in other tissues"	"No annotated function"	NA	NA		140000		"Cluster 75: Ovary - Mixed function"		"Cluster 15: Kidney cancer - Membrane components"	"Cluster 51: Secretory epithelial cells - Mixed function"				"CAB055172: , CAB080360: , HPA065600: "	"unprognostic (2.46e-1)"	"unprognostic (1.08e-1)"	"unprognostic (8.62e-3)"	"unprognostic (1.21e-1)"					"unprognostic (1.86e-2)"							"unprognostic (1.17e-3)"	"unprognostic (1.08e-2)"	"unprognostic (6.01e-2)"	"unprognostic (8.68e-2)"	"unprognostic (9.47e-2)"	"unprognostic (4.05e-2)"	"validated prognostic unfavorable (7.37e-4)"	"validated prognostic unfavorable (8.63e-5)"					"unprognostic (1.72e-2)"	"unprognostic (2.66e-1)"		"unprognostic (3.02e-1)"
MUC4		ENSG00000145113	"Mucin 4, cell surface associated"	Q99102	3	195746765-195811973	"Predicted membrane proteins, Predicted secreted proteins"	"Cell adhesion"			"Evidence at protein level"	"Evidence at protein level"	"Evidence at protein level"	"Evidence at protein level"	"Tissue enhanced"	"Detected in some"		"esophagus: 18.5;intestine: 31.2;prostate: 14.6;vagina: 14.5"	"Cell type enhanced"	"Detected in some"		"Breast lactating cells: 4.9;Conjunctival goblet cells: 5.8;Endometrial secretory cells: 8.1;Loop of henle epithelial cells: 4.9;Papillary tip epithelial cells: 42.3;Prostatic club cells: 6.7;Prostatic hillock cells: 8.9;Renal collecting duct intercalated cells: 11.5;Renal collecting duct principal cells: 9.6;Respiratory deuterosomal cells: 9.3;Salivary duct cells: 14.1"	"Cell type enhanced"	"Detected in some"		"Barrier epithelial cells: 8.9;Ciliated cells: 9.3;Ductal cells: 14.1;Renal nephron cells: 42.3"	"Low cell type specificity"	"Detected in many"			"Cancer enhanced"	"Detected in some"		"Cervical Squamous Cell Carcinoma and Endocervical Adenocarcinoma (TCGA): 3.1"	"Not detected"	"Not detected"			"Not detected in immune cells"	"Not detected"			"Not detected"	"Not detected"			"Cancer enhanced"	"Detected in some"		"Bladder cancer: 3.4;head and neck cancer: 4.1;pancreatic cancer: 3.1"	"Colon - Colon enterocytes, Lung - Respiratory ciliated cells, Minor Salivary Gland - Minor salivary glandular cells, Prostate - Urothelial cells, Testis - Early spermatids, Testis - Late spermatids"	"Not detected"	"Not detected"			"Region enriched"	"Detected in single"	18	"basal ganglia: 5.4"	"Cell type enriched"	"Detected in single"	68	"Fallopian tube cells: 6766.7"	"Tissue enriched"	"Detected in some"		"intestine: 354648.7"	"HPA005895, CAB013536"	Approved				"Secreted in other tissues"	"Cell adhesion"	NA	NA				"Cluster 11: Esophagus - Basic cellular processes"		"Cluster 53: Squamous epithelial cells - Keratinization"	"Cluster 64: Renal epithelial cells - Ion transport & homeostasis"	1			"CAB013536: , HPA005895: "			"unprognostic (1.23e-3)"	"unprognostic (3.71e-1)"		"unprognostic (6.81e-2)"									"unprognostic (8.53e-2)"	"unprognostic (4.94e-1)"		"unprognostic (2.68e-1)"			"unprognostic (7.86e-2)"		"unprognostic (5.47e-2)"		"unprognostic (8.34e-2)"	"unprognostic (1.40e-1)"		"unprognostic (1.78e-1)"			
NCAM1	"CD56, NCAM"	ENSG00000149294	"Neural cell adhesion molecule 1"	P13591	11	112961247-113278436	"Cancer-related genes, CD markers, Plasma proteins, Predicted intracellular proteins, Predicted membrane proteins, Predicted secreted proteins, Transporters"	"Cell adhesion, Host-virus interaction"	"Host cell receptor for virus entry, Receptor"	"Cancer-related genes"	"Evidence at protein level"	"Evidence at protein level"	"Evidence at protein level"	"Evidence at protein level"	"Tissue enhanced"	"Detected in many"		"brain: 187.4;heart muscle: 136.4"	"Cell type enhanced"	"Detected in many"		"Adrenal medulla cells: 819.0;Astrocytes: 954.9;Bergmann glia: 1167.3;Brain excitatory neurons: 590.3;Brain inhibitory neurons: 699.3;Cardiomyocytes: 1069.7;Lactotrophs: 552.0;Müller glia: 780.8;Oligodendrocyte progenitor cells: 1404.4;Oligodendrocytes: 1441.0;Other brain neurons: 669.6;Retinal amacrine cells: 646.1;Retinal horizontal cells: 635.1;Schwann cells: 580.5;Thymic myoid cells: 749.2;Thyrotrophs: 788.4"	"Cell type enhanced"	"Detected in many"		"Adrenal endocrine cells: 819.0;Glial cells: 1441.0;Myocytes: 1069.7;Neuronal cells: 699.3;Pituitary endocrine cells: 788.4;Stromal cells: 749.2"	"Low cell type specificity"	"Detected in all"			"Cancer enriched"	"Detected in all"	10	"Glioblastoma Multiforme (TCGA): 129.5"	"Low region specificity"	"Detected in all"			"Immune cell enriched"	"Detected in some"	15	"NK-cell: 53.9"	"Lineage enriched"	"Detected in many"	15	"NK-cells: 53.9"	"Cancer enhanced"	"Detected in many"		"Neuroblastoma: 126.4"	"Adipose subcutaneous - Smooth muscle cells, Kidney - Fibroblasts, Liver - Hepatic stellate cells, Prostate - Smooth muscle cells"	"Low region specificity"	"Detected in all"			"Low region specificity"	"Detected in all"			"Group enriched"	"Detected in many"		"Astrocytes and Neuropil: 637215614.7;Microglia and Neuropil: 701400442.9;Neurons: 231160448.7"	"Tissue enriched"	"Detected in all"		"cerebral cortex: 1309697881.6"	"CAB000142, CAB018071, HPA039835"	Enhanced		Enhanced	"Plasma membrane,Cytosol"	"Secreted in other tissues"	Receptor	NA	NA		300000000	"Cluster 15: NK-cells - Unknown function"	"Cluster 35: Non-specific - Mixed function"	"Cluster 28: Oligodendrocytes - Mixed function"	"Cluster 17: Neuroblastoma - Neuronal signaling"	"Cluster 28: Astrocytes - Homeostasis & neuron support"	5	"Plasma membrane"	Cytosol	"CAB000142: , CAB018071: , HPA039835: "	"unprognostic (9.56e-2)"	"unprognostic (1.04e-1)"	"unprognostic (1.54e-1)"	"unprognostic (7.30e-2)"	"unprognostic (3.55e-2)"	"unprognostic (8.34e-2)"	"unprognostic (2.63e-1)"	"potential prognostic favorable (1.51e-4)"	"unprognostic (5.08e-3)"	"unprognostic (3.00e-1)"	"unprognostic (9.30e-3)"	"unprognostic (1.74e-1)"	"unprognostic (2.21e-1)"	"unprognostic (7.41e-2)"		"unprognostic (3.92e-3)"	"unprognostic (2.09e-2)"	"unprognostic (7.56e-2)"	"unprognostic (4.00e-2)"	"unprognostic (3.93e-2)"	"unprognostic (8.16e-2)"	"potential prognostic favorable (1.08e-4)"	"unprognostic (7.84e-2)"	"unprognostic (7.01e-2)"	"unprognostic (2.56e-1)"	"unprognostic (1.64e-2)"	"unprognostic (3.33e-1)"	"unprognostic (1.16e-2)"	"unprognostic (1.40e-1)"	"unprognostic (3.22e-2)"	"unprognostic (3.74e-2)"
NECTIN1	"CD111, CLPED1, ED4, HIgR, HVEC, Nectin-1, OFC7, PRR, PRR1, PVRL1, PVRR1, SK-12"	ENSG00000110400	"Nectin cell adhesion molecule 1"	Q15223	11	119623408-119729200	"CD markers, Disease related genes, Human disease related genes, Plasma proteins, Predicted membrane proteins, Predicted secreted proteins"	"Cell adhesion, Host-virus interaction"	"Host cell receptor for virus entry, Receptor"	"Disease variant, Ectodermal dysplasia"	"Evidence at protein level"	"Evidence at transcript level"	"Evidence at protein level"	"Evidence at protein level"	"Tissue enhanced"	"Detected in all"		"esophagus: 121.1;skin 1: 126.9"	"Cell type enhanced"	"Detected in many"		"Basal keratinocytes: 114.5;Esophageal apical cells: 260.8;Esophageal basal cells: 180.7;Esophageal suprabasal cells: 294.1;Ocular epithelial cells: 173.3;Prostatic hillock cells: 203.1;Retinal bipolar cells: 177.2;Suprabasal keratinocytes: 208.1;Urothelial cells: 213.8"	"Cell type enhanced"	"Detected in many"		"Apical squamous epithelial cells: 260.8;Barrier epithelial cells: 213.8;Basal cells: 180.7;Neuronal cells: 177.2;Suprabasal cells: 294.1"	"Low cell type specificity"	"Detected in all"			"Low cancer specificity"	"Detected in all"			"Low region specificity"	"Detected in all"			"Immune cell enhanced"	"Detected in single"		"plasmacytoid DC: 1.6"	"Low lineage specificity"	"Detected in single"			"Cancer enhanced"	"Detected in all"		"Gallbladder cancer: 131.1"	"Breast - Breast myoepithelial cells, Minor Salivary Gland - Minor salivary gland basal cells, Pituitary gland - Gonadotropes, Skin - Keratinocyte (granular), Spleen - Fibroblasts_1"	"Low region specificity"	"Detected in all"			"Low region specificity"	"Detected in all"			"Group enriched"	"Detected in some"	51750	"Astrocytes and Neuropil: 6620715.7;Granulosa cells: 2273006.3;Keratinocytes: 6120208.0;Microglia and Neuropil: 8360652.9;Neurons: 2500564.4"	"Tissue enriched"	"Detected in many"		"cerebral cortex: 99995224.4"	"CAB016135, HPA026846"	Approved				"Secreted in other tissues"	Receptor	NA	NA		6600000	"Cluster 8: Plasmacytoid DCs - Unknown function"	"Cluster 81: Squamous epithelium - Keratinization"	"Cluster 11: White matter - Signal transduction"	"Cluster 53: Squamous epithelial cells - Keratinization"	"Cluster 85: Squamous epithelial cells - Keratinization"	10			"CAB016135: , HPA026846: "	"unprognostic (3.83e-1)"	"unprognostic (2.91e-1)"		"unprognostic (2.65e-2)"	"unprognostic (1.88e-2)"	"unprognostic (1.60e-1)"	"unprognostic (1.14e-1)"	"unprognostic (5.91e-2)"	"unprognostic (1.80e-1)"	"unprognostic (2.78e-3)"	"unprognostic (5.28e-2)"	"potential prognostic favorable (3.83e-4)"	"unprognostic (1.31e-1)"	"unprognostic (1.10e-3)"		"unprognostic (2.25e-2)"	"unprognostic (3.95e-2)"	"unprognostic (1.63e-1)"	"unprognostic (8.65e-2)"	"unprognostic (1.18e-1)"	"unprognostic (2.05e-1)"	"unprognostic (5.23e-2)"	"unprognostic (2.51e-3)"	"unprognostic (9.80e-2)"	"unprognostic (2.87e-2)"	"unprognostic (3.74e-1)"	"unprognostic (5.82e-3)"	"unprognostic (9.13e-3)"	"unprognostic (1.71e-1)"	"unprognostic (1.14e-1)"	"unprognostic (4.45e-3)"
NECTIN4	"LNIR, nectin-4, PRR4, PVRL4"	ENSG00000143217	"Nectin cell adhesion molecule 4"	Q96NY8	1	161070998-161089558	"Disease related genes, Human disease related genes, Predicted membrane proteins, Predicted secreted proteins"	"Cell adhesion, Host-virus interaction"	"Host cell receptor for virus entry, Receptor"	"Disease variant, Ectodermal dysplasia"	"Evidence at protein level"	"Evidence at protein level"	"Evidence at protein level"	"Evidence at protein level"	"Group enriched"	"Detected in many"	4	"cervix: 40.7;esophagus: 96.0;salivary gland: 32.2;skin 1: 110.2;vagina: 56.4"	"Cell type enhanced"	"Detected in many"		"Esophageal apical cells: 743.5;Esophageal suprabasal cells: 312.2;Extravillous trophoblasts: 115.1;Ocular epithelial cells: 247.1;Prostatic hillock cells: 174.2;Suprabasal keratinocytes: 233.0;Syncytiotrophoblasts: 571.5;Urothelial cells: 241.4"	"Group enriched"	"Detected in many"	4	"Apical squamous epithelial cells: 743.5;Barrier epithelial cells: 247.1;Suprabasal cells: 312.2;Trophoblast cells: 571.5"	"Not detected"	"Not detected"			"Cancer enhanced"	"Detected in many"		"Bladder Urothelial Carcinoma (TCGA): 112.2"	"Low region specificity"	"Detected in many"			"Not detected in immune cells"	"Not detected"			"Not detected"	"Not detected"			"Cancer enhanced"	"Detected in many"		"breast cancer: 27.9"	"Lung - Alveolar cells type 2, Skin - Keratinocyte (other), Stomach - Gastric mucous cells"	"Low region specificity"	"Detected in all"			"Low region specificity"	"Detected in many"			"Cell type enriched"	"Detected in some"		"Keratinocytes: 18960977.8"	"Group enriched"	"Detected in some"		"salivary gland: 1038641.1;skin: 1756359.9"	HPA010775	Enhanced		Supported	"Plasma membrane"	"Secreted in other tissues"	Receptor	No	No		2300000	"Cluster 22: Eosinophils - Transcription"	"Cluster 81: Squamous epithelium - Keratinization"	"Cluster 48: Non-specific - Mixed function"	"Cluster 53: Squamous epithelial cells - Keratinization"	"Cluster 39: Syncytiotrophoblasts - Placental homeostasis & endocrine signal"	6	"Plasma membrane"		"HPA010775: "	"unprognostic (1.86e-1)"	"potential prognostic unfavorable (3.01e-4)"		"unprognostic (4.27e-1)"	"unprognostic (1.77e-1)"	"unprognostic (9.91e-2)"			"unprognostic (8.36e-2)"	"unprognostic (1.83e-1)"			"unprognostic (1.55e-2)"			"unprognostic (1.01e-1)"	"unprognostic (1.35e-3)"	"unprognostic (1.44e-1)"	"unprognostic (2.56e-1)"	"unprognostic (1.92e-1)"	"unprognostic (2.21e-2)"	"unprognostic (1.17e-2)"	"unprognostic (3.19e-1)"	"unprognostic (2.24e-2)"	"unprognostic (3.37e-2)"	"unprognostic (2.62e-2)"	"unprognostic (4.56e-3)"	"unprognostic (5.30e-2)"	"unprognostic (2.90e-1)"	"unprognostic (2.79e-2)"	"unprognostic (1.02e-1)"
NELL2	NRP2	ENSG00000184613	"Neural EGFL like 2"	Q99435	12	44508275-44921848	"Plasma proteins, Predicted intracellular proteins, Predicted membrane proteins, Predicted secreted proteins"	Neurogenesis			"Evidence at protein level"	"Evidence at transcript level"	"Evidence at protein level"	"Evidence at protein level"	"Tissue enhanced"	"Detected in many"		"brain: 117.3;choroid plexus: 119.8;retina: 78.9"	"Cell type enhanced"	"Detected in many"		"Adrenal medulla cells: 202.1;Brain excitatory neurons: 758.7;Brain inhibitory neurons: 177.0;Choroid plexus epithelial cells: 587.9;Ependymal cells: 497.8;Fallopian tube ciliated cells: 320.4;Lactotrophs: 445.2;Other brain neurons: 206.1;Respiratory ciliated cells: 174.1;Retinal pigment epithelial cells: 567.0;Rod photoreceptor cells: 242.9;Somatotrophs: 308.6;Thyrotrophs: 815.0"	"Cell type enhanced"	"Detected in many"		"Ciliated cells: 587.9;Neuronal cells: 758.7;Pigment cells: 567.0;Pituitary endocrine cells: 815.0"	"Cell type enhanced"	"Detected in all"		"hippocampal dentate gyrus: 2044.0"	"Cancer enhanced"	"Detected in many"		"Thyroid Carcinoma (TCGA): 99.7"	"Low region specificity"	"Detected in all"			"Immune cell enhanced"	"Detected in many"		"naive CD4 T-cell: 70.6;naive CD8 T-cell: 111.4"	"Lineage enriched"	"Detected in many"	10	"T-cells: 111.4"	"Group enriched"	"Detected in many"	5	"Bone cancer: 132.3;Neuroblastoma: 58.4"	"Adipose visceral - Mesothelial cells, Adrenal gland - Adrenal medulla cells, Colon - Colon enteroendocrine cells, Lung - Respiratory ciliated cells, Prostate - Fibroblasts, Skeletal muscle - Fibroblasts, Skin - Inner root sheath cells, Skin - Outer root sheath cells, Spleen - T-cells, Testis - Spermatogonia"	"Low region specificity"	"Detected in all"			"Low region specificity"	"Detected in all"			"Group enriched"	"Detected in some"		"Astrocytes and Neuropil: 20913925.6;Microglia and Neuropil: 21032710.1;Neurons: 24420017.7"	"Tissue enriched"	"Detected in some"		"cerebral cortex: 6007892.5"	"HPA035714, HPA035715"	Uncertain		Approved	Vesicles	"Secreted to blood"	Other	NA	NA		4100000	"Cluster 43: Non-specific - Transcription & Translation"	"Cluster 1: Choroid plexus - Transmembrane transport"	"Cluster 51: Neurons - Mixed function"	"Cluster 12: Bone cancer - Neuronal signaling"	"Cluster 35: Neurons - Synaptic function & neurogenesis"	11	Vesicles		"HPA035714: , HPA035715: "	"unprognostic (1.78e-1)"	"unprognostic (9.60e-2)"	"unprognostic (4.44e-1)"	"unprognostic (2.88e-2)"	"unprognostic (1.14e-1)"	"unprognostic (5.35e-2)"	"unprognostic (1.01e-1)"	"unprognostic (2.09e-1)"	"unprognostic (5.98e-2)"		"unprognostic (1.98e-1)"	"unprognostic (3.41e-1)"			"unprognostic (7.91e-2)"	"unprognostic (3.58e-2)"	"unprognostic (5.46e-2)"	"unprognostic (2.03e-2)"	"unprognostic (1.93e-1)"	"unprognostic (4.64e-1)"	"unprognostic (5.11e-1)"	"potential prognostic favorable (2.96e-4)"	"unprognostic (6.13e-3)"	"unprognostic (4.12e-2)"	"unprognostic (2.49e-1)"	"unprognostic (3.13e-1)"	"unprognostic (1.04e-1)"	"unprognostic (1.59e-1)"	"unprognostic (1.85e-1)"	"unprognostic (9.35e-3)"	"unprognostic (1.32e-1)"
NRCAM	"Bravo, KIAA0343"	ENSG00000091129	"Neuronal cell adhesion molecule"	Q92823	7	108147623-108456717	"Disease related genes, Plasma proteins, Predicted membrane proteins, Predicted secreted proteins"	"Cell adhesion"		"Disease variant, Intellectual disability"	"Evidence at protein level"	"Evidence at protein level"	"Evidence at protein level"	"Evidence at protein level"	"Tissue enhanced"	"Detected in many"		"adrenal gland: 35.1;brain: 101.7;retina: 34.8"	"Cell type enhanced"	"Detected in many"		"Adrenal cortex cells: 1220.5;Adrenal medulla cells: 542.5;Astrocytes: 935.1;Bergmann glia: 1268.7;Brain excitatory neurons: 588.9;Cone photoreceptor cells: 743.2;Corticotrophs: 769.9;Lactotrophs: 703.3;Oligodendrocyte progenitor cells: 1948.9;Pituitary stem cells: 2103.7;Somatotrophs: 570.3;Thyrotrophs: 747.3"	"Group enriched"	"Detected in many"	4	"Adrenal endocrine cells: 1220.5;Glial cells: 1948.9;Neuronal cells: 743.2;Pituitary endocrine cells: 769.9;Stem cells: 2103.7"	"Low cell type specificity"	"Detected in all"			"Cancer enriched"	"Detected in many"	6	"Glioblastoma Multiforme (TCGA): 79.5"	"Low region specificity"	"Detected in all"			"Immune cell enriched"	"Detected in single"	6	"naive CD8 T-cell: 2.1"	"Lineage enriched"	"Detected in single"	15	"T-cells: 2.1"	"Low cancer specificity"	"Detected in many"			"Adipose subcutaneous - Adipocytes (Subcutaneous), Pituitary gland - Lactotropes, Spleen - Fibroblasts_2"	"Low region specificity"	"Detected in all"			"Low region specificity"	"Detected in all"			"Group enriched"	"Detected in many"		"Astrocytes and Neuropil: 150746978.8;Microglia and Neuropil: 137797537.5;Neurons: 47196805.3"	"Tissue enriched"	"Detected in many"		"cerebral cortex: 529841320.3"	"HPA012606, CAB080588"	Approved		Supported	"Nucleoplasm,Vesicles,Plasma membrane,Primary cilium,Cytosol"	"Secreted in brain"	"Cell adhesion"	NA	NA		39000000	"Cluster 43: Non-specific - Transcription & Translation"	"Cluster 73: Brain - Neuronal signaling"	"Cluster 40: Astrocytes - Astrocyte-neuron interactions"	"Cluster 72: Neuronal - Signal transduction"	"Cluster 14: Oligodendrocyte progenitor cells - Development & myelination"	1	Nucleoplasm	"Vesicles, Plasma membrane, Primary cilium, Cytosol"	"CAB080588: , HPA012606: "	"unprognostic (1.75e-1)"	"unprognostic (4.03e-1)"	"unprognostic (2.17e-1)"	"unprognostic (1.44e-1)"	"unprognostic (2.31e-2)"	"unprognostic (2.78e-1)"	"unprognostic (2.95e-2)"	"unprognostic (6.59e-3)"	"unprognostic (3.11e-2)"	"unprognostic (1.16e-3)"	"potential prognostic favorable (6.74e-6)"	"unprognostic (4.36e-3)"	"unprognostic (1.35e-1)"	"unprognostic (1.76e-3)"	"unprognostic (1.76e-2)"	"unprognostic (7.92e-2)"	"unprognostic (2.10e-1)"	"unprognostic (4.16e-3)"	"unprognostic (4.21e-2)"	"unprognostic (4.14e-1)"	"unprognostic (5.67e-2)"	"unprognostic (1.80e-2)"	"unprognostic (2.81e-2)"	"unprognostic (1.19e-1)"		"unprognostic (1.80e-1)"	"unprognostic (3.11e-2)"	"unprognostic (3.63e-3)"	"unprognostic (3.39e-1)"	"unprognostic (1.57e-1)"	"unprognostic (2.89e-1)"
NRG1	"GGF, HGL, HRG, NDF, NRG1-IT2"	ENSG00000157168	"Neuregulin 1"	Q02297	8	31639222-32855666	"Cancer-related genes, Disease related genes, Human disease related genes, Plasma proteins, Predicted intracellular proteins, Predicted membrane proteins, Predicted secreted proteins"		"Growth factor"	"Cancer-related genes"	"Evidence at protein level"	"Evidence at protein level"	"Evidence at protein level"	"Evidence at protein level"	"Tissue enhanced"	"Detected in many"		"liver: 15.9"	"Cell type enhanced"	"Detected in many"		"Adrenal medulla cells: 1244.5;Brain excitatory neurons: 1455.5;Brain inhibitory neurons: 1507.9;Cone photoreceptor cells: 1484.3;Gonadotrophs: 1913.2;Lactotrophs: 7015.1;Other brain neurons: 1174.1;Retinal bipolar cells: 1085.0;Retinal ganglion cells: 2008.6;Retinal horizontal cells: 4491.6;Somatotrophs: 1927.0;Thyrotrophs: 4198.3"	"Group enriched"	"Detected in many"	4	"Neuronal cells: 4491.6;Pituitary endocrine cells: 7015.1"	"Cell type enhanced"	"Detected in all"		"eccentric medium spiny neuron: 5760.1;lower rhombic lip: 10642.2"	"Cancer enhanced"	"Detected in many"		"Head and Neck Squamous Cell Carcinoma (TCGA): 25.9"	"Low region specificity"	"Detected in all"			"Immune cell enriched"	"Detected in some"	5	"classical monocyte: 53.9"	"Lineage enriched"	"Detected in many"	5	"monocytes: 53.9"	"Low cancer specificity"	"Detected in many"			"Breast - Breast myoepithelial cells, Lung - Alveolar cells type 1, Prostate - Prostate basal glandular cells, Testis - Early spermatids, Testis - Late spermatids"	"Low region specificity"	"Detected in all"			"Low region specificity"	"Detected in all"			"Not detected"	"Not detected"			"Not detected"	"Not detected"			HPA010964	Uncertain		Approved	Nucleoplasm	"Secreted to blood"	"Growth factor"	NA	NA			"Cluster 38: Monocytes & Neutrophils - Degranulation"	"Cluster 16: Liver & Kidney - Metabolism"	"Cluster 49: Hindbrain - Mixed function"	"Cluster 7: Liver cancer - Metabolism"	"Cluster 59: Pituitary endocrine cells - Neuroendocrine signaling"	5	Nucleoplasm		"HPA010964: "	"unprognostic (3.94e-2)"	"unprognostic (5.55e-2)"	"unprognostic (2.19e-1)"	"unprognostic (3.66e-1)"	"unprognostic (2.26e-3)"	"unprognostic (3.54e-1)"	"potential prognostic unfavorable (3.48e-5)"	"unprognostic (4.66e-1)"	"unprognostic (9.16e-2)"	"unprognostic (9.16e-3)"	"potential prognostic favorable (1.18e-4)"	"unprognostic (5.24e-1)"	"potential prognostic unfavorable (8.19e-4)"	"unprognostic (3.04e-2)"	"unprognostic (1.47e-1)"	"unprognostic (2.00e-1)"	"unprognostic (3.52e-1)"	"unprognostic (1.06e-1)"	"unprognostic (4.35e-2)"	"unprognostic (7.08e-2)"	"unprognostic (4.78e-2)"	"unprognostic (1.91e-1)"	"potential prognostic unfavorable (3.77e-4)"	"unprognostic (3.93e-2)"	"unprognostic (5.59e-2)"	"unprognostic (1.90e-1)"		"unprognostic (6.24e-2)"	"unprognostic (2.23e-1)"	"unprognostic (6.53e-2)"	"unprognostic (2.41e-1)"
NRG2	"Don-1, HRG2, NTAK"	ENSG00000158458	"Neuregulin 2"	O14511	5	139846779-140043299	"Cancer-related genes, Predicted membrane proteins, Predicted secreted proteins"		"Growth factor"	"Cancer-related genes"	"Evidence at protein level"	"Evidence at protein level"	"Evidence at protein level"	"Evidence at protein level"	"Tissue enhanced"	"Detected in many"		"brain: 11.6"	"Cell type enhanced"	"Detected in many"		"Brain excitatory neurons: 176.6;Brain inhibitory neurons: 208.6;Ependymal cells: 161.9;Oligodendrocyte progenitor cells: 201.7;Other brain neurons: 131.2;Retinal amacrine cells: 191.9;Salivary acinar cells: 151.6;Thyrotrophs: 186.7"	"Cell type enhanced"	"Detected in many"		"Glial cells: 201.7;Neuronal cells: 208.6;Pituitary endocrine cells: 186.7"	"Low cell type specificity"	"Detected in all"			"Cancer enhanced"	"Detected in some"		"Kidney Chromophobe (TCGA): 11.5"	"Low region specificity"	"Detected in all"			"Not detected in immune cells"	"Not detected"			"Not detected"	"Not detected"			"Low cancer specificity"	"Detected in many"			"Spleen - Endothelial cells"	"Low region specificity"	"Detected in all"			"Low region specificity"	"Detected in all"			"Not detected"	"Not detected"			"Not detected"	"Not detected"			"HPA038935, HPA047973"	Approved		Supported	Nucleoplasm,Nucleoli	"Secreted in other tissues"	"Growth factor"	No	NA				"Cluster 64: Non-specific - Transcription"	"Cluster 15: Non-specific - Transcription"	"Cluster 51: Myeloma - Immunoglobulins"	"Cluster 82: Dendritic cells - Antigen presentation"	3	Nucleoplasm	Nucleoli	"HPA038935: , HPA047973: "			"unprognostic (1.11e-1)"				"unprognostic (1.30e-1)"	"unprognostic (1.30e-2)"		"unprognostic (6.02e-2)"										"unprognostic (3.16e-2)"	"unprognostic (1.13e-1)"						"unprognostic (1.46e-1)"		"unprognostic (2.07e-1)"		
NRG3		ENSG00000185737	"Neuregulin 3"	P56975	10	81875194-82987179	"Cancer-related genes, Plasma proteins, Predicted membrane proteins, Predicted secreted proteins"		"Growth factor"	"Cancer-related genes"	"Evidence at protein level"	"Evidence at transcript level"	"Evidence at protein level"	"Evidence at protein level"	"Tissue enhanced"	"Detected in some"		"brain: 15.8;retina: 4.8"	"Cell type enhanced"	"Detected in many"		"Astrocytes: 5328.1;Bergmann glia: 2901.0;Brain excitatory neurons: 3001.3;Brain inhibitory neurons: 2587.2;Choroid plexus epithelial cells: 1548.5;Corticotrophs: 3415.1;Ependymal cells: 3009.9;Fallopian secretory cells: 1487.7;Oligodendrocyte progenitor cells: 1468.0;Other brain neurons: 2880.5;Pituitary stem cells: 3416.9;Retinal amacrine cells: 2551.9;Retinal bipolar cells: 2194.8"	"Cell type enhanced"	"Detected in many"		"Ciliated cells: 3009.9;Glial cells: 5328.1;Neuronal cells: 3001.3;Pituitary endocrine cells: 3415.1;Stem cells: 3416.9"	"Low cell type specificity"	"Detected in all"			"Cancer enhanced"	"Detected in many"		"Kidney Chromophobe (TCGA): 6.2;Skin Cutaneous Melanoma (TCGA): 5.5"	"Low region specificity"	"Detected in all"			"Not detected in immune cells"	"Not detected"			"Not detected"	"Not detected"			"Cancer enhanced"	"Detected in some"		"Myeloma: 2.1;skin cancer: 2.9"	"Adipose subcutaneous - Smooth muscle cells, Breast - Breast glandular cells (progenitors), Liver - Vascular endothelial cells, Minor Salivary Gland - Minor salivary glandular cells, Pituitary gland - Corticotropes, Skin - Eccrine sweat gland cells, Testis - Early spermatids, Testis - Late spermatids"	"Low region specificity"	"Detected in all"			"Low region specificity"	"Detected in all"			"Cell type enriched"	"Detected in single"	113	"Microglia and Neuropil: 11333.1"	"Not detected"	"Not detected"			HPA075789			Uncertain	Vesicles	"Secreted in brain"	"Growth factor"	NA	NA				"Cluster 73: Brain - Neuronal signaling"	"Cluster 40: Astrocytes - Astrocyte-neuron interactions"	"Cluster 6: Leukemia - Signal transduction"	"Cluster 28: Astrocytes - Homeostasis & neuron support"		Vesicles		"HPA075789: "			"unprognostic (6.39e-2)"				"unprognostic (5.53e-1)"	"potential prognostic favorable (7.78e-4)"		"unprognostic (2.61e-1)"	"potential prognostic favorable (6.98e-5)"	"unprognostic (2.61e-3)"	"unprognostic (4.02e-2)"							"unprognostic (1.35e-1)"	"unprognostic (2.44e-1)"	"unprognostic (1.87e-1)"	"unprognostic (7.45e-2)"				"unprognostic (6.04e-2)"		"unprognostic (1.40e-1)"		
NRG4	HRG4	ENSG00000169752	"Neuregulin 4"	Q8WWG1	15	75935969-76059795	"Predicted membrane proteins, Predicted secreted proteins"		"Growth factor"		"Evidence at protein level"	"Evidence at transcript level"	"Evidence at protein level"	"Evidence at protein level"	"Tissue enhanced"	"Detected in many"		"brain: 8.9;pancreas: 5.0"	"Cell type enhanced"	"Detected in many"		"Ependymal cells: 326.4;Foveolar cells: 113.6;Myonuclei: 126.0;Pancreatic acinar cells: 221.8;Prostatic glandular cells: 109.1;Respiratory ciliated cells: 132.2;Rod photoreceptor cells: 111.4;Salivary duct cells: 97.0"	"Cell type enhanced"	"Detected in many"		"Acinar cells: 221.8;Ciliated cells: 326.4"	"Cell type enhanced"	"Detected in all"		"ependymal cell: 359.8"	"Low cancer specificity"	"Detected in single"			"Low region specificity"	"Detected in many"			"Not detected in immune cells"	"Not detected"			"Not detected"	"Not detected"			"Low cancer specificity"	"Detected in some"			"Adipose visceral - Mesothelial cells, Lung - Respiratory ciliated cells, Skeletal muscle - Skeletal myocytes, Stomach - Gastric mucous cells, Testis - Early spermatids"	"Not detected"	"Not detected"			"Low region specificity"	"Detected in all"			"Not detected"	"Not detected"			"Not detected"	"Not detected"			HPA010957	Uncertain				"Secreted to digestive system"	"Growth factor"	NA	NA				"Cluster 71: Cerebellum - Nervous system development"	"Cluster 2: Neurons - Nucleosome"	"Cluster 56: Non-specific - Sensory perception"	"Cluster 34: Ciliated cells - Cilia assembly & function"	4			"HPA010957: "			"unprognostic (3.55e-2)"												"unprognostic (1.64e-1)"						"unprognostic (5.59e-3)"		"unprognostic (1.15e-1)"								"unprognostic (1.27e-1)"
NRP1	"CD304, NRP, VEGF165R"	ENSG00000099250	"Neuropilin 1"	O14786	10	33177492-33336262	"Cancer-related genes, CD markers, Plasma proteins, Predicted intracellular proteins, Predicted membrane proteins, Predicted secreted proteins, Transporters"	"Angiogenesis, Differentiation, Host-virus interaction, Neurogenesis"	"Developmental protein, Heparin-binding, Receptor"	"Cancer-related genes"	"Evidence at protein level"	"Evidence at transcript level"	"Evidence at protein level"	"Evidence at protein level"	"Low tissue specificity"	"Detected in all"			"Cell type enhanced"	"Detected in many"		"Adipocytes: 546.5;Endometrial stromal cells: 339.2;Fibro-adipogenic progenitors: 371.6;Hofbauer cells: 616.3;Kupffer cells: 469.4;Macrophages: 453.0;Medullary thymic epithelial cells: 410.4;pDCs: 321.7;Pericytes: 357.2;Proximal tubule cells: 611.9;Vascular endothelial cells: 593.1"	"Cell type enhanced"	"Detected in many"		"Adipocytes: 546.5;Endothelial cells: 593.1;Mononuclear phagocytes: 616.3;Renal nephron cells: 611.9"	"Cell type enhanced"	"Detected in all"		"hippocampal CA4: 1340.3;hippocampal dentate gyrus: 669.1"	"Cancer enhanced"	"Detected in all"		"Kidney Renal Clear Cell Carcinoma (TCGA): 170.3"	"Low region specificity"	"Detected in all"			"Immune cell enriched"	"Detected in some"	16	"plasmacytoid DC: 39.4"	"Lineage enriched"	"Detected in many"	16	"dendritic cells: 39.4"	"Low cancer specificity"	"Detected in all"			"Adipose subcutaneous - Endothelial cells, Adipose visceral - Endothelial cells, Adrenal gland - Fibroblasts, Breast - Endothelial cells, Prostate - Endothelial cells, Skeletal muscle - Fibroblasts"	"Low region specificity"	"Detected in all"			"Low region specificity"	"Detected in all"			"Cell type enhanced"	"Detected in many"		"Capillaries: 4482766.2"	"Group enriched"	"Detected in all"		"heart muscle: 3475461.4;skeletal muscle: 13871393.6"	"CAB004511, HPA030278"	Approved		Uncertain	Mitochondria	"Secreted in other tissues"	Receptor	NA	NA		270000000	"Cluster 8: Plasmacytoid DCs - Unknown function"	"Cluster 14: Adipose tissue - Angiogenesis"	"Cluster 29: Forebrain - Mixed function"	"Cluster 72: Neuronal - Signal transduction"	"Cluster 12: Endothelial cells - Angiogenesis & vascular homeostasis"	32	Mitochondria		"CAB004511: , HPA030278: "	"unprognostic (1.03e-1)"	"unprognostic (3.53e-1)"	"unprognostic (2.50e-1)"	"potential prognostic unfavorable (2.16e-6)"	"unprognostic (2.32e-2)"	"unprognostic (1.06e-2)"	"unprognostic (2.37e-3)"	"unprognostic (2.91e-1)"	"unprognostic (2.74e-2)"	"unprognostic (3.99e-2)"	"validated prognostic favorable (4.67e-7)"	"validated prognostic favorable (4.70e-4)"	"unprognostic (1.42e-1)"	"unprognostic (8.80e-3)"	"unprognostic (3.60e-1)"	"unprognostic (1.66e-1)"	"potential prognostic unfavorable (1.36e-4)"	"unprognostic (2.31e-2)"	"unprognostic (3.57e-2)"	"unprognostic (8.67e-2)"	"unprognostic (1.69e-1)"	"unprognostic (1.15e-1)"	"potential prognostic unfavorable (1.01e-4)"	"unprognostic (8.75e-2)"	"unprognostic (9.60e-2)"	"unprognostic (2.38e-2)"	"unprognostic (1.83e-2)"	"potential prognostic unfavorable (3.33e-5)"	"unprognostic (9.02e-2)"	"unprognostic (2.75e-2)"	"unprognostic (3.49e-1)"
NRP2	VEGF165R2	ENSG00000118257	"Neuropilin 2"	O60462	2	205681990-205798133	"Cancer-related genes, Plasma proteins, Predicted membrane proteins, Predicted secreted proteins, Transporters"	"Differentiation, Host-virus interaction, Neurogenesis"	"Developmental protein, Heparin-binding, Receptor"	"Cancer-related genes"	"Evidence at protein level"	"Evidence at protein level"	"Evidence at protein level"	"Evidence at protein level"	"Tissue enhanced"	"Detected in all"		"intestine: 73.7"	"Cell type enhanced"	"Detected in many"		"Cytotrophoblasts: 145.2;Epididymal basal cells: 153.3;Hofbauer cells: 377.9;Lymphatic endothelial cells: 427.9;Macrophages: 210.5;Smooth muscle cells: 215.8;Transitional alveolar cells: 183.6;Vascular endothelial cells: 150.7"	"Cell type enhanced"	"Detected in many"		"Endothelial cells: 427.9;Mononuclear phagocytes: 377.9"	"Cell type enhanced"	"Detected in all"		"mammillary body: 448.4"	"Low cancer specificity"	"Detected in all"			"Low region specificity"	"Detected in all"			"Not detected in immune cells"	"Not detected"			"Not detected"	"Not detected"			"Cancer enhanced"	"Detected in all"		"skin cancer: 122.1"	"Breast - Endothelial cells, Liver - Vascular endothelial cells, Prostate - Smooth muscle cells, Thyroid gland - Fibroblasts"	"Low region specificity"	"Detected in all"			"Low region specificity"	"Detected in all"			"Low cell type specificity"	"Detected in many"			"Low tissue specificity"	"Detected in many"			"HPA039980, HPA054974"	Enhanced		Approved	"Nucleoplasm,Vesicles,Plasma membrane"	"Secreted in other tissues"	Receptor	NA	NA		28000000		"Cluster 75: Ovary - Mixed function"	"Cluster 19: Astrocytes - Mixed function"	"Cluster 69: Skin cancer - ECM organization"	"Cluster 82: Dendritic cells - Antigen presentation"	2	"Vesicles, Plasma membrane"	Nucleoplasm	"HPA039980: , HPA054974: "	"unprognostic (3.32e-2)"	"unprognostic (7.02e-2)"	"unprognostic (1.37e-1)"	"unprognostic (2.56e-1)"	"unprognostic (1.18e-2)"	"unprognostic (4.12e-2)"	"unprognostic (1.96e-1)"	"unprognostic (5.25e-2)"	"unprognostic (2.80e-2)"	"unprognostic (6.22e-3)"	"unprognostic (1.90e-2)"	"unprognostic (4.99e-3)"	"unprognostic (1.06e-2)"	"unprognostic (6.40e-2)"	"unprognostic (1.14e-2)"	"unprognostic (2.63e-2)"	"unprognostic (2.41e-3)"	"unprognostic (1.12e-1)"	"unprognostic (3.24e-1)"	"unprognostic (5.31e-3)"	"unprognostic (6.36e-2)"	"unprognostic (2.89e-3)"	"unprognostic (5.78e-2)"	"unprognostic (2.72e-1)"	"unprognostic (6.58e-2)"	"unprognostic (2.30e-3)"	"unprognostic (3.26e-3)"	"unprognostic (2.67e-3)"	"unprognostic (3.39e-2)"	"unprognostic (2.12e-2)"	"unprognostic (3.04e-1)"
PAM	"PAL, PHM"	ENSG00000145730	"Peptidylglycine alpha-amidating monooxygenase"	P19021	5	102753981-103029730	"Enzymes, Metabolic proteins, Plasma proteins, Predicted intracellular proteins, Predicted membrane proteins, Predicted secreted proteins"	"Lipid metabolism"	"Lyase, Monooxygenase, Multifunctional enzyme, Oxidoreductase"		"Evidence at protein level"	"Evidence at protein level"	"Evidence at protein level"	"Evidence at protein level"	"Tissue enhanced"	"Detected in all"		"epididymis: 691.0;heart muscle: 1159.0"	"Cell type enhanced"	"Detected in all"		"Cardiomyocytes: 905.1;Myonuclei: 1098.5;Neuroendocrine cells: 1549.3;Pituicytes/FSCs: 1164.3"	"Cell type enhanced"	"Detected in all"		"Enteroendocrine cells: 1549.3"	"Low cell type specificity"	"Detected in all"			"Low cancer specificity"	"Detected in all"			"Low region specificity"	"Detected in all"			"Low immune cell specificity"	"Detected in many"			"Low lineage specificity"	"Detected in many"			"Low cancer specificity"	"Detected in all"			"Adipose subcutaneous - Adipose progenitor cells, Adipose visceral - Adipose progenitor cells, Adrenal gland - Adrenal cortex cells, Breast - Fibroblasts"	"Low region specificity"	"Detected in all"			"Low region specificity"	"Detected in all"			"Cell type enriched"	"Detected in many"		"Pancreatic islets: 28761734.4"	"Tissue enhanced"	"Detected in many"		"salivary gland: 27063193.6"	"CAB026119, HPA042260"	Enhanced		Approved	"Golgi apparatus,Cytosol"	"Secreted in other tissues"	Enzyme	NA	NA		31000000	"Cluster 1: T-cells - Unknown function"	"Cluster 35: Non-specific - Mixed function"	"Cluster 56: Hypothalamus - Neuropeptide signaling"	"Cluster 15: Kidney cancer - Membrane components"	"Cluster 96: Enteroendocrine cells - Neuropeptide signaling"	2	"Golgi apparatus, Cytosol"		"CAB026119: , HPA042260: "	"unprognostic (7.19e-2)"	"unprognostic (2.69e-2)"	"unprognostic (1.79e-2)"	"unprognostic (1.46e-1)"	"unprognostic (1.08e-1)"	"unprognostic (2.12e-1)"	"unprognostic (1.98e-1)"	"unprognostic (2.95e-3)"	"unprognostic (2.79e-2)"	"unprognostic (1.76e-1)"	"potential prognostic favorable (3.37e-6)"	"unprognostic (2.18e-1)"	"unprognostic (1.40e-1)"	"unprognostic (1.58e-3)"	"unprognostic (1.52e-1)"	"unprognostic (1.12e-1)"	"unprognostic (1.98e-2)"	"unprognostic (3.37e-2)"	"unprognostic (1.12e-2)"	"unprognostic (1.88e-1)"	"unprognostic (2.57e-2)"	"unprognostic (2.80e-2)"	"unprognostic (1.11e-1)"	"unprognostic (3.91e-1)"	"unprognostic (1.11e-1)"	"unprognostic (1.60e-2)"	"unprognostic (1.67e-1)"	"unprognostic (8.17e-2)"	"unprognostic (6.13e-2)"	"unprognostic (9.35e-2)"	"unprognostic (4.28e-1)"
PAPPA2	"PAPP-A2, PAPPE, PLAC3"	ENSG00000116183	"Pappalysin 2"	Q9BXP8	1	176463171-176845601	"Disease related genes, Enzymes, Potential drug targets, Predicted membrane proteins, Predicted secreted proteins"		"Hydrolase, Metalloprotease, Protease"	"Disease variant, Dwarfism"	"Evidence at protein level"	"Evidence at protein level"	"Evidence at protein level"	"Evidence at protein level"	"Tissue enriched"	"Detected in some"	9	"placenta: 53.4"	"Cell type enhanced"	"Detected in many"		"Distal convoluted tubule cells: 305.9;Extravillous trophoblasts: 267.3;Loop of henle epithelial cells: 348.5;Neuroendocrine cells: 256.6;Pancreatic islet cells: 312.5;Retinal amacrine cells: 100.8;Somatotrophs: 121.3;Syncytiotrophoblasts: 232.3"	"Cell type enhanced"	"Detected in many"		"Enteroendocrine cells: 256.6;Pancreatic islet cells: 312.5;Renal nephron cells: 348.5;Trophoblast cells: 267.3"	"Low cell type specificity"	"Detected in all"			"Group enriched"	"Detected in some"	6	"Kidney Chromophobe (TCGA): 9.8;Kidney Renal Papillary Cell Carcinoma (TCGA): 5.7;Pancreatic Adenocarcinoma (TCGA): 2.8"	"Low region specificity"	"Detected in many"			"Not detected in immune cells"	"Not detected"			"Not detected"	"Not detected"			"Low cancer specificity"	"Detected in some"			"Colon - Colon enteroendocrine cells, Pancreas - Alpha cells, Pituitary gland - Somatotropes, Testis - Spermatogonia, Thyroid gland - Smooth muscle cells"	"Low region specificity"	"Detected in some"			"Region enhanced"	"Detected in some"		"cerebellum: 8.1"	"Cell type enriched"	"Detected in single"	2016	"Pancreatic islets: 201612.4"	"Not detected"	"Not detected"			"HPA018412, HPA018430"	Enhanced		Approved	"Endoplasmic reticulum,Vesicles"	"Secreted in female reproductive system"	Enzyme	NA	NA		1900000		"Cluster 43: Placenta - Pregnancy hormone signaling"	"Cluster 41: Monoamines - Neurotransmitter signalling"	"Cluster 64: Connective tissue cells - ECM organization"	"Cluster 50: Renal epithelial cells - Ion transport and pH regulation"		"Endoplasmic reticulum, Vesicles"		"HPA018412: , HPA018430: "						"unprognostic (2.43e-2)"		"unprognostic (1.30e-1)"		"unprognostic (5.75e-2)"	"unprognostic (1.32e-1)"		"potential prognostic unfavorable (1.13e-4)"	"unprognostic (3.65e-1)"	"unprognostic (2.91e-1)"							"unprognostic (1.24e-2)"	"unprognostic (2.53e-1)"								"unprognostic (3.21e-2)"
PCDH12		ENSG00000113555	"Protocadherin 12"	Q9NPG4	5	141943581-141969741	"Disease related genes, Human disease related genes, Plasma proteins, Predicted membrane proteins, Predicted secreted proteins"	"Cell adhesion"		"Disease variant, Epilepsy, Intellectual disability, Primary microcephaly"	"Evidence at protein level"	"Evidence at transcript level"	"Evidence at protein level"	"Evidence at protein level"	"Tissue enhanced"	"Detected in many"		"placenta: 28.4"	"Cell type enhanced"	"Detected in some"		"Cardiomyocytes: 119.0;Early spermatids: 16.4;Epicardial cells: 84.1;Hofbauer cells: 83.5;Kupffer cells: 27.7;Lymphatic endothelial cells: 40.2;Vascular endothelial cells: 32.8"	"Group enriched"	"Detected in many"	4	"Barrier epithelial cells: 84.1;Endothelial cells: 40.2;Mononuclear phagocytes: 83.5;Myocytes: 119.0"	"Group enriched"	"Detected in many"	5	"central nervous system macrophage: 10.8;endothelial cell: 18.2"	"Cancer enhanced"	"Detected in all"		"Kidney Renal Clear Cell Carcinoma (TCGA): 20.7"	"Low region specificity"	"Detected in all"			"Immune cell enriched"	"Detected in single"	8	"non-classical monocyte: 4.7"	"Lineage enriched"	"Detected in single"	41	"monocytes: 4.7"	"Cancer enhanced"	"Detected in some"		"Myeloma: 3.4"	"Adipose visceral - Endothelial cells, Adrenal gland - Endothelial cells, Breast - Endothelial cells, Kidney - Endothelial cells, Liver - Vascular endothelial cells, Minor Salivary Gland - Endothelial cells, Prostate - Endothelial cells"	"Not detected"	"Not detected"			"Low region specificity"	"Detected in all"			"Cell type enhanced"	"Detected in some"		"Alveolar cell types: 60842.8;Capillaries: 75545.3;Glomeruli: 86023.7;Macrophages: 53955.6"	"Tissue enhanced"	"Detected in many"		"lymphoid tissue: 441393.4"	HPA051242	Uncertain				"Secreted to blood"	"Cell adhesion"	NA	NA		15000000	"Cluster 40: Monocytes - Innate immune response"	"Cluster 14: Adipose tissue - Angiogenesis"	"Cluster 48: Non-specific - Mixed function"	"Cluster 51: Myeloma - Immunoglobulins"	"Cluster 32: Endothelial cells - Angiogenesis & vascular immunity"				"HPA051242: "	"unprognostic (2.08e-1)"	"unprognostic (2.20e-2)"	"unprognostic (3.58e-1)"	"unprognostic (7.48e-2)"	"unprognostic (2.99e-2)"	"unprognostic (1.19e-1)"	"unprognostic (2.25e-1)"	"unprognostic (4.47e-1)"	"unprognostic (1.59e-1)"	"unprognostic (1.17e-1)"	"validated prognostic favorable (2.30e-7)"	"validated prognostic favorable (2.81e-4)"	"unprognostic (1.43e-3)"	"unprognostic (1.62e-1)"	"unprognostic (2.39e-3)"	"unprognostic (2.18e-1)"	"unprognostic (3.18e-3)"	"potential prognostic unfavorable (9.57e-4)"	"unprognostic (3.49e-1)"	"unprognostic (1.33e-1)"	"unprognostic (1.78e-2)"	"unprognostic (5.75e-2)"	"unprognostic (7.18e-2)"	"unprognostic (1.70e-1)"	"unprognostic (4.01e-2)"	"unprognostic (2.23e-1)"	"unprognostic (2.17e-2)"	"unprognostic (8.08e-3)"	"unprognostic (1.77e-1)"	"unprognostic (4.56e-1)"	"unprognostic (3.28e-1)"
PCSK5	"PC5, PC6, SPC6"	ENSG00000099139	"Proprotein convertase subtilisin/kexin type 5"	Q92824	9	75890644-76362975	"Enzymes, Plasma proteins, Predicted intracellular proteins, Predicted membrane proteins, Predicted secreted proteins"	Pregnancy	"Hydrolase, Protease, Serine protease"		"Evidence at protein level"	"Evidence at protein level"	"Evidence at protein level"	"Evidence at protein level"	"Tissue enhanced"	"Detected in all"		"intestine: 24.4"	"Cell type enhanced"	"Detected in many"		"Adipocytes: 551.0;Bergmann glia: 701.0;Colonocytes: 577.8;Enterocytes: 1868.4;Esophageal apical cells: 792.8;Ocular epithelial cells: 658.6;Retinal horizontal cells: 675.1;Sertoli cells: 532.0"	"Cell type enhanced"	"Detected in all"		"Enterocytes: 1868.4"	"Low cell type specificity"	"Detected in all"			"Cancer enhanced"	"Detected in all"		"Stomach Adenocarcinoma (TCGA): 31.1"	"Low region specificity"	"Detected in all"			"Immune cell enhanced"	"Detected in many"		"naive CD8 T-cell: 4.9"	"Low lineage specificity"	"Detected in many"			"Low cancer specificity"	"Detected in many"			"Prostate - Fibroblasts"	"Low region specificity"	"Detected in many"			"Low region specificity"	"Detected in all"			"Cell type enriched"	"Detected in some"		"Smooth muscle cells: 320355.9"	"Tissue enriched"	"Detected in single"	304	"blood vessel: 30354.7"	HPA031072	Approved		Supported	"Golgi apparatus"	"Secreted to blood"	Enzyme	NA	NA		5000	"Cluster 33: Non-specific - ATP binding"	"Cluster 77: Intestine - Digestion"	"Cluster 51: Neurons - Mixed function"	"Cluster 15: Kidney cancer - Membrane components"	"Cluster 1: Enterocytes - Absorption and Digestion"	17	"Golgi apparatus"		"HPA031072: "	"unprognostic (1.74e-1)"	"unprognostic (1.46e-1)"	"unprognostic (4.87e-2)"	"unprognostic (2.81e-1)"	"unprognostic (3.81e-2)"	"unprognostic (2.97e-1)"	"unprognostic (1.15e-1)"	"unprognostic (4.11e-3)"	"unprognostic (2.14e-1)"	"unprognostic (2.17e-2)"	"unprognostic (4.09e-3)"	"potential prognostic favorable (6.52e-4)"	"potential prognostic unfavorable (4.18e-9)"	"unprognostic (5.60e-2)"	"unprognostic (2.65e-2)"	"unprognostic (1.00e-1)"	"unprognostic (1.88e-1)"	"unprognostic (1.56e-1)"	"unprognostic (1.99e-1)"	"unprognostic (1.90e-1)"	"unprognostic (2.30e-2)"	"unprognostic (4.26e-2)"	"unprognostic (2.18e-1)"	"unprognostic (1.50e-1)"	"unprognostic (4.55e-1)"	"unprognostic (1.36e-1)"	"unprognostic (6.18e-2)"	"unprognostic (1.31e-1)"	"unprognostic (2.57e-2)"	"unprognostic (3.48e-1)"	"unprognostic (9.68e-3)"
PDCD1LG2	"B7-DC, bA574F11.2, Btdc, CD273, PD-L2, PDL2"	ENSG00000197646	"Programmed cell death 1 ligand 2"	Q9BQ51	9	5510531-5571282	"Cancer-related genes, CD markers, Predicted membrane proteins, Predicted secreted proteins"	"Adaptive immunity, Immunity"	Receptor	"Cancer-related genes"	"Evidence at protein level"	"Evidence at transcript level"	"Evidence at protein level"	"Evidence at protein level"	"Tissue enhanced"	"Detected in many"		"lymphoid tissue: 14.3"	"Cell type enhanced"	"Detected in many"		"Adipocytes: 46.3;cDC: 21.1;Epicardial cells: 18.2;Extravillous trophoblasts: 54.8;Fibro-adipogenic progenitors: 30.6;Mast cells: 41.9;Microglia: 30.6"	"Cell type enhanced"	"Detected in many"		"Adipocytes: 46.3;Mast cells: 41.9;Trophoblast cells: 54.8"	"Cell type enhanced"	"Detected in all"		"central nervous system macrophage: 36.7"	"Low cancer specificity"	"Detected in many"			"Low region specificity"	"Detected in all"			"Low immune cell specificity"	"Detected in some"			"Low lineage specificity"	"Detected in many"			"Low cancer specificity"	"Detected in many"			"Adrenal gland - Fibroblasts, Breast - Fibroblasts, Kidney - Endothelial cells, Prostate - Fibroblasts, Skeletal muscle - Fibroblasts"	"Not detected"	"Not detected"			"Low region specificity"	"Detected in all"			"Cell type enriched"	"Detected in single"	155	"Macrophages: 15500.1"	"Tissue enriched"	"Detected in single"	8105	"lymphoid tissue: 810461.1"	HPA013411	Approved		Uncertain	Cytosol	"Secreted - unknown location"	Receptor	NA	NA		2000000	"Cluster 42: Non-specific - Vesicular transport"	"Cluster 66: Lymphoid tissue - Immune response"	"Cluster 30: White matter - Myelination"	"Cluster 64: Connective tissue cells - ECM organization"	"Cluster 89: Adipocytes - Lipid metabolism"	21	Cytosol		"HPA013411: "	"unprognostic (1.99e-1)"	"unprognostic (9.52e-2)"	"unprognostic (3.44e-1)"	"unprognostic (2.05e-1)"	"unprognostic (1.65e-1)"	"unprognostic (1.72e-1)"	"unprognostic (1.96e-1)"	"unprognostic (8.40e-2)"	"unprognostic (8.52e-2)"		"potential prognostic favorable (3.72e-4)"	"unprognostic (1.11e-1)"			"unprognostic (1.48e-3)"	"unprognostic (1.68e-1)"	"unprognostic (8.98e-2)"	"unprognostic (9.24e-2)"	"unprognostic (2.37e-1)"	"unprognostic (2.11e-2)"	"unprognostic (6.39e-2)"	"unprognostic (1.22e-1)"	"unprognostic (1.61e-1)"		"unprognostic (8.62e-2)"	"unprognostic (1.96e-2)"	"unprognostic (1.52e-1)"	"unprognostic (7.38e-2)"	"unprognostic (2.73e-2)"	"unprognostic (1.37e-1)"	
PGRMC1	HPR6.6	ENSG00000101856	"Progesterone receptor membrane component 1"	O00264	X	119236245-119244466	"Predicted membrane proteins, Predicted secreted proteins"		Receptor		"Evidence at protein level"	"Evidence at protein level"	"Evidence at protein level"	"Evidence at protein level"	"Tissue enhanced"	"Detected in all"		"liver: 633.3"	"Cell type enhanced"	"Detected in many"		"Hepatocytes: 523.0;Platelets: 1900.3"	"Cell type enhanced"	"Detected in all"		"Platelets: 1900.3"	"Low cell type specificity"	"Detected in all"			"Low cancer specificity"	"Detected in all"			"Low region specificity"	"Detected in all"			"Low immune cell specificity"	"Detected in all"			"Low lineage specificity"	"Detected in all"			"Low cancer specificity"	"Detected in all"			"Adipose subcutaneous - Adipocytes (Subcutaneous), Adipose visceral - Adipocytes (Visceral), Adrenal gland - Adrenal cortex cells, Colon - Colon enteroendocrine cells, Liver - Hepatocytes, Liver - Hepatocytes, Skeletal muscle - Endothelial cells, Testis - Leydig cells, Thyroid gland - Thyroid glandular cells"	"Low region specificity"	"Detected in all"			"Low region specificity"	"Detected in all"			"Cell type enhanced"	"Detected in all"		"Hepatocytes: 372862967.6"	"Tissue enhanced"	"Detected in all"		"liver: 506021021.1"	"HPA002877, HPA064724"	Enhanced		Approved	"Nucleoli,Endoplasmic reticulum,Mid piece,Principal piece"	"Secreted - unknown location"	Receptor	NA	NA		530000	"Cluster 29: Non-specific - Unknown function"	"Cluster 45: Liver - Metabolism & Coagulation"	"Cluster 27: Non-specific - Mixed function"	"Cluster 36: Non-specific - mRNA processing"	"Cluster 47: Platelets - Hemostasis"	178	"Endoplasmic reticulum"	"Nucleoli, Mid piece, Principal piece"	"HPA002877: , HPA064724: "	"unprognostic (2.68e-2)"	"unprognostic (1.71e-2)"	"unprognostic (1.04e-1)"	"unprognostic (2.11e-2)"	"unprognostic (3.25e-1)"	"unprognostic (3.14e-2)"	"unprognostic (1.25e-2)"	"unprognostic (2.27e-1)"	"unprognostic (1.15e-3)"	"unprognostic (4.75e-2)"	"potential prognostic favorable (8.25e-6)"	"unprognostic (1.77e-1)"	"unprognostic (4.75e-3)"	"unprognostic (6.99e-3)"	"unprognostic (2.63e-3)"	"unprognostic (9.35e-2)"	"unprognostic (5.21e-2)"	"unprognostic (1.74e-2)"	"unprognostic (3.95e-2)"	"unprognostic (6.71e-2)"	"unprognostic (1.49e-1)"	"unprognostic (7.78e-2)"	"unprognostic (3.68e-1)"	"unprognostic (1.88e-1)"	"unprognostic (6.58e-2)"	"unprognostic (3.63e-1)"	"unprognostic (3.54e-2)"	"unprognostic (1.25e-1)"	"unprognostic (1.73e-1)"	"unprognostic (1.43e-1)"	"unprognostic (1.19e-1)"
PGRMC2	"DG6, PMBP"	ENSG00000164040	"Progesterone receptor membrane component 2"	O15173	4	128269237-128288829	"Predicted intracellular proteins, Predicted membrane proteins, Predicted secreted proteins, Transporters"		Receptor		"Evidence at protein level"	"Evidence at transcript level"	"Evidence at protein level"	"Evidence at protein level"	"Low tissue specificity"	"Detected in all"			"Cell type enhanced"	"Detected in many"		"Syncytiotrophoblasts: 371.3"	"Cell type enhanced"	"Detected in all"		"Trophoblast cells: 371.3"	"Low cell type specificity"	"Detected in all"			"Low cancer specificity"	"Detected in all"			"Low region specificity"	"Detected in all"			"Low immune cell specificity"	"Detected in many"			"Low lineage specificity"	"Detected in all"			"Low cancer specificity"	"Detected in all"			"Adrenal gland - Adrenal cortex cells, Thyroid gland - Thyroid glandular cells"	"Low region specificity"	"Detected in all"			"Low region specificity"	"Detected in all"			"Low cell type specificity"	"Detected in all"			"Low tissue specificity"	"Detected in all"			"HPA041172, HPA058652"	Approved		Approved	"Nuclear bodies,Plasma membrane,Cytosol"	"Secreted - unknown location"	Receptor	NA	NA		87000	"Cluster 41: Basophils - Unknown function"	"Cluster 26: Kidney & Intestine - Metabolism"	"Cluster 21: Non-specific - Metabolism"	"Cluster 15: Kidney cancer - Membrane components"	"Cluster 13: Syncytiotrophoblasts - Placental remodeling & endocrine func."	124	"Nuclear bodies, Plasma membrane, Cytosol"		"HPA041172: , HPA058652: "	"unprognostic (6.95e-2)"	"unprognostic (5.92e-3)"	"unprognostic (2.32e-1)"	"unprognostic (4.74e-2)"	"unprognostic (1.97e-2)"	"unprognostic (2.52e-1)"	"unprognostic (3.02e-1)"	"unprognostic (6.04e-2)"	"unprognostic (5.46e-3)"	"unprognostic (2.20e-3)"	"validated prognostic favorable (1.05e-6)"	"validated prognostic favorable (6.67e-4)"	"unprognostic (5.01e-2)"	"unprognostic (1.70e-2)"	"unprognostic (1.75e-1)"	"unprognostic (1.74e-2)"	"unprognostic (3.61e-2)"	"unprognostic (9.60e-2)"	"unprognostic (2.23e-2)"	"unprognostic (2.71e-1)"	"unprognostic (1.70e-2)"	"unprognostic (9.13e-2)"	"unprognostic (1.76e-1)"	"unprognostic (3.74e-2)"	"unprognostic (6.10e-2)"	"unprognostic (7.57e-2)"	"unprognostic (2.12e-1)"	"unprognostic (4.93e-2)"	"unprognostic (6.67e-2)"	"unprognostic (1.02e-1)"	"unprognostic (2.45e-2)"
PI16	"CD364, dJ90K10.5, MGC45378, MSMBBP"	ENSG00000164530	"Peptidase inhibitor 16"	Q6UXB8	6	36948263-36964837	"CD markers, Plasma proteins, Predicted membrane proteins, Predicted secreted proteins"		"Protease inhibitor"		"Evidence at protein level"	"Evidence at transcript level"	"Evidence at protein level"	"Evidence at protein level"	"Tissue enhanced"	"Detected in many"		"cervix: 131.9;heart muscle: 140.6;vagina: 143.1"	"Group enriched"	"Detected in some"	4	"Fibro-adipogenic progenitors: 130.2;Fibroblasts: 226.1;Hepatic stellate cells: 161.4;Leydig cells: 335.5;Peritubular myoid cells: 198.5"	"Group enriched"	"Detected in many"	4	"Fibro-adipogenic progenitors: 130.2;Fibroblasts: 226.1;Leydig cells: 335.5;Stellate cells: 161.4;Stromal cells: 198.5"	"Cell type enhanced"	"Detected in many"		"ependymal cell: 28.7;fibroblast: 33.8;oligodendrocyte: 82.0"	"Cancer enhanced"	"Detected in many"		"Glioblastoma Multiforme (TCGA): 23.0"	"Low region specificity"	"Detected in all"			"Immune cell enhanced"	"Detected in many"		"T-reg: 66.3"	"Lineage enriched"	"Detected in many"	5	"T-cells: 66.3"	"Cancer enriched"	"Detected in some"	12	"Kidney cancer: 17.7"	"Adipose subcutaneous - Adipose progenitor cells, Colon - Fibroblasts, Minor Salivary Gland - Fibroblasts, Pancreas - Fibroblasts, Prostate - Fibroblasts, Skin - Fibroblasts_1, Stomach - Fibroblasts, Thyroid gland - Fibroblasts"	"Low region specificity"	"Detected in many"			"Region enriched"	"Detected in all"	6	"spinal cord: 45.1"	"Not detected"	"Not detected"			"Tissue enriched"	"Detected in many"		"skin: 64077831.9"	HPA076574	Approved				"Secreted to blood"	"Enzyme inhibitor"	NA	NA		900000000	"Cluster 9: T-regs - Cell cycle regulation"	"Cluster 35: Non-specific - Mixed function"	"Cluster 13: Oligodendrocytes - Mixed function"	"Cluster 64: Connective tissue cells - ECM organization"	"Cluster 108: Fibroblasts - ECM organization"	6			"HPA076574: "	"unprognostic (6.63e-2)"	"unprognostic (6.11e-2)"	"potential prognostic favorable (3.77e-4)"	"unprognostic (7.74e-3)"	"unprognostic (4.72e-2)"	"unprognostic (1.26e-1)"	"unprognostic (1.80e-1)"	"unprognostic (2.02e-1)"	"unprognostic (1.86e-1)"								"unprognostic (2.28e-1)"		"unprognostic (1.45e-2)"	"unprognostic (8.02e-2)"		"unprognostic (2.72e-2)"	"unprognostic (8.33e-2)"	"unprognostic (1.79e-2)"	"unprognostic (5.16e-2)"	"unprognostic (6.05e-2)"	"unprognostic (1.70e-1)"	"unprognostic (3.61e-2)"	"unprognostic (1.17e-1)"	"unprognostic (9.99e-2)"	
PIGR		ENSG00000162896	"Polymeric immunoglobulin receptor"	P01833	1	206928522-206946466	"Cancer-related genes, Plasma proteins, Predicted membrane proteins, Predicted secreted proteins, Transporters"			"Cancer-related genes"	"Evidence at protein level"	"Evidence at protein level"	"Evidence at protein level"	"Evidence at protein level"	"Tissue enhanced"	"Detected in many"		"intestine: 2479.3;salivary gland: 1544.3"	"Cell type enhanced"	"Detected in many"		"Breast lactating cells: 1662.6;Colonocytes: 8431.4;Conjunctival goblet cells: 1998.0;Endometrial secretory cells: 1554.4;Enteric stem cells: 3464.7;Enteric transient amplifying cells: 4471.2;Goblet cells: 1754.4;Lacrimal acinar cells: 5520.1;Mucous neck cells: 1810.3;Paneth cells: 1945.3;Prostatic club cells: 2770.1;Salivary acinar cells: 2959.2;Submucosal glandular cells: 1761.7"	"Cell type enhanced"	"Detected in many"		"Acinar cells: 5520.1;Enterocytes: 8431.4;Glandular cells: 2770.1;Proliferating cells: 4471.2;Stem cells: 3464.7"	"Cell type enhanced"	"Detected in single"		"leukocyte: 1.2"	"Cancer enhanced"	"Detected in many"		"Colon Adenocarcinoma (TCGA): 838.6;Kidney Renal Papillary Cell Carcinoma (TCGA): 881.6"	"Low region specificity"	"Detected in all"			"Not detected in immune cells"	"Not detected"			"Not detected"	"Not detected"			"Group enriched"	"Detected in many"	4	"Bile duct cancer: 29.7;colorectal cancer: 30.9;Gastric cancer: 55.5"	"Colon - Colon enterocytes, Lung - Alveolar cells type 2, Minor Salivary Gland - Minor salivary glandular cells, Stomach - Mitotic cells (Stomach)"	"Not detected"	"Not detected"			"Low region specificity"	"Detected in some"			"Cell type enhanced"	"Detected in many"		"Alveolar cell types: 26814204.3;Large ducts: 36367385.0"	"Tissue enhanced"	"Detected in all"		"intestine: 326752017.3"	"HPA006154, CAB009454, HPA012012"	Enhanced				"Secreted to digestive system"	"No annotated function"	NA	NA		200000000		"Cluster 77: Intestine - Digestion"	"Cluster 48: Non-specific - Mixed function"	"Cluster 57: Stomach & Colon cancer - Digestion"	"Cluster 54: Intestinal epithelial cells - Intestinal epi homeostasis & respiration"	23			"CAB009454: , HPA006154: , HPA012012: "	"unprognostic (2.24e-1)"	"potential prognostic favorable (5.99e-5)"	"unprognostic (2.94e-1)"	"unprognostic (2.27e-1)"	"unprognostic (1.47e-2)"	"unprognostic (1.44e-3)"			"unprognostic (2.17e-2)"	"unprognostic (2.33e-2)"	"unprognostic (4.12e-3)"	"unprognostic (3.55e-2)"	"potential prognostic favorable (5.37e-4)"	"unprognostic (1.19e-1)"	"unprognostic (2.64e-3)"	"unprognostic (1.97e-2)"	"unprognostic (1.46e-1)"	"unprognostic (9.29e-2)"	"unprognostic (4.94e-1)"	"unprognostic (9.71e-2)"	"potential prognostic unfavorable (2.06e-4)"	"unprognostic (2.23e-2)"	"unprognostic (1.25e-3)"	"unprognostic (3.33e-1)"	"unprognostic (1.70e-2)"	"potential prognostic unfavorable (7.52e-4)"		"unprognostic (3.67e-1)"	"unprognostic (1.65e-1)"	"potential prognostic favorable (1.91e-4)"	"unprognostic (1.11e-1)"
PILRA	FDF03	ENSG00000085514	"Paired immunoglobin like type 2 receptor alpha"	Q9UKJ1	7	100367530-100400096	"Predicted membrane proteins, Predicted secreted proteins"	"Host-virus interaction"	Receptor		"Evidence at protein level"	"Evidence at transcript level"	"Evidence at protein level"	"Evidence at protein level"	"Low tissue specificity"	"Detected in all"			"Cell type enriched"	"Detected in many"	6	"Neutrophils: 1383.0"	"Cell type enriched"	"Detected in many"	6	"Neutrophils: 1383.0"	"Cell type enhanced"	"Detected in all"		"central nervous system macrophage: 204.2"	"Low cancer specificity"	"Detected in all"			"Low region specificity"	"Detected in all"			"Immune cell enhanced"	"Detected in many"		"neutrophil: 1664.4;non-classical monocyte: 1150.6"	"Group enriched"	"Detected in all"	5	"granulocytes: 1664.4;monocytes: 1150.6"	"Cancer enhanced"	"Detected in some"		"Leukemia: 6.8"	"Adipose subcutaneous - Macrophages, Adipose visceral - Macrophages, Adrenal gland - Macrophages"									"Group enriched"	"Detected in some"		"Alveolar cell types: 1219654.6;Macrophages: 543154.4"	"Not detected"	"Not detected"			HPA056132	Approved				"Secreted to blood"	Receptor	NA	NA		890000	"Cluster 37: Monocytes & Neutrophils - Innate immune response"	"Cluster 5: Spleen - Immune response"	"Cluster 25: Non-specific - Transcription"	"Cluster 14: Myeloid leukemia - Innate immune response"	"Cluster 31: Neutrophils - Chemotaxis & Apoptosis"	4			"HPA056132: "	"unprognostic (2.66e-2)"	"unprognostic (2.03e-1)"	"unprognostic (4.99e-2)"	"unprognostic (1.84e-2)"	"unprognostic (2.10e-1)"	"unprognostic (1.53e-1)"	"unprognostic (5.62e-2)"	"unprognostic (1.13e-1)"	"unprognostic (2.20e-1)"	"unprognostic (2.02e-1)"	"unprognostic (4.29e-2)"	"unprognostic (3.17e-1)"	"unprognostic (1.81e-1)"	"unprognostic (7.75e-2)"	"unprognostic (6.17e-2)"	"unprognostic (1.13e-1)"	"unprognostic (9.92e-3)"	"unprognostic (2.19e-1)"	"unprognostic (2.47e-1)"	"unprognostic (7.38e-2)"	"unprognostic (2.97e-1)"	"unprognostic (4.48e-2)"	"unprognostic (7.81e-2)"	"unprognostic (6.33e-2)"	"unprognostic (4.61e-2)"	"unprognostic (9.89e-2)"	"unprognostic (1.95e-3)"	"unprognostic (5.81e-3)"	"unprognostic (9.50e-3)"	"unprognostic (1.63e-1)"	"unprognostic (1.50e-1)"
PKD1	"PBP, Pc-1, TRPP1"	ENSG00000008710	"Polycystin 1, transient receptor potential channel interacting"	P98161	16	2088708-2135898	"Disease related genes, Human disease related genes, Plasma proteins, Potential drug targets, Predicted intracellular proteins, Predicted membrane proteins, Predicted secreted proteins, Transporters"	"Wnt signaling pathway"		"Ciliopathy, Disease variant"	"Evidence at protein level"	"Evidence at protein level"	"Evidence at protein level"	"Evidence at protein level"	"Tissue enhanced"	"Detected in all"		"brain: 199.9"	"Cell type enhanced"	"Detected in many"		"Brain excitatory neurons: 154.3;Lactotrophs: 121.7;Somatotrophs: 127.4"	"Cell type enhanced"	"Detected in all"		"Neuronal cells: 154.3"	"Low cell type specificity"	"Detected in all"			"Low cancer specificity"	"Detected in all"			"Low region specificity"	"Detected in all"			"Not detected in immune cells"	"Not detected"			"Not detected"	"Not detected"			"Low cancer specificity"	"Detected in all"				"Low region specificity"	"Detected in all"			"Low region specificity"	"Detected in all"			"Cell type enriched"	"Detected in single"	1762	"Smooth muscle cells: 176241.0"	"Tissue enriched"	"Detected in single"	347	"blood vessel: 34687.5"	CAB046448	Approved				"Secreted - unknown location"	Other	NA	NA		1400000		"Cluster 64: Non-specific - Transcription"	"Cluster 37: Neurons - Mixed function"	"Cluster 64: Connective tissue cells - ECM organization"	"Cluster 35: Neurons - Synaptic function & neurogenesis"	12			"CAB046448: "	"unprognostic (8.48e-2)"	"unprognostic (2.51e-2)"	"unprognostic (3.23e-2)"	"unprognostic (9.63e-2)"	"unprognostic (2.25e-2)"	"unprognostic (1.63e-1)"	"unprognostic (2.48e-1)"	"unprognostic (1.24e-1)"	"potential prognostic favorable (4.25e-4)"	"unprognostic (2.94e-1)"	"unprognostic (1.07e-2)"	"unprognostic (3.41e-2)"	"unprognostic (2.39e-1)"	"unprognostic (4.04e-3)"	"unprognostic (2.63e-1)"	"unprognostic (9.14e-3)"	"unprognostic (3.45e-1)"	"unprognostic (1.02e-1)"	"unprognostic (2.87e-2)"	"unprognostic (1.27e-2)"	"unprognostic (5.04e-2)"	"unprognostic (1.94e-2)"	"unprognostic (1.09e-1)"	"unprognostic (2.67e-1)"	"unprognostic (3.22e-2)"	"unprognostic (3.35e-3)"	"unprognostic (3.05e-1)"	"unprognostic (3.68e-2)"	"unprognostic (1.23e-1)"	"unprognostic (1.62e-2)"	"unprognostic (3.66e-2)"
PKD2	"Pc-2, PC2, PKD4, TRPP2"	ENSG00000118762	"Polycystin 2, transient receptor potential cation channel"	Q13563	4	88007635-88077777	"Disease related genes, Human disease related genes, Plasma proteins, Potential drug targets, Predicted membrane proteins, Predicted secreted proteins, Transporters, Voltage-gated ion channels"	"Calcium transport, Ion transport, Potassium transport, Transport"	"Calcium channel, Ion channel, Potassium channel, Voltage-gated channel"	"Ciliopathy, Disease variant"	"Evidence at protein level"	"Evidence at protein level"	"Evidence at protein level"	"Evidence at protein level"	"Tissue enhanced"	"Detected in all"		"blood vessel: 106.7"	"Cell type enhanced"	"Detected in many"		"Mesothelial cells: 364.2;Renal collecting duct principal cells: 325.2"	"Low cell type specificity"	"Detected in all"			"Low cell type specificity"	"Detected in all"			"Low cancer specificity"	"Detected in all"			"Low region specificity"	"Detected in all"			"Immune cell enhanced"	"Detected in single"		"basophil: 1.4"	"Low lineage specificity"	"Detected in single"			"Low cancer specificity"	"Detected in all"			"Adipose visceral - Mesothelial cells"	"Low region specificity"	"Detected in all"			"Low region specificity"	"Detected in all"			"Cell type enhanced"	"Detected in many"		"Smooth muscle cells: 43829101.2"	"Tissue enhanced"	"Detected in some"		"fallopian tube: 6795826.4;ovary: 11439967.9"	"CAB004544, HPA015794, HPA055297"	Approved		Supported	"Endoplasmic reticulum,Plasma membrane,Cytosol"	"Secreted - unknown location"	Transport	NA	NA				"Cluster 12: Smooth muscle tissue - ECM organization"	"Cluster 11: White matter - Signal transduction"	"Cluster 64: Connective tissue cells - ECM organization"	"Cluster 64: Renal epithelial cells - Ion transport & homeostasis"	25	"Endoplasmic reticulum, Plasma membrane"	Cytosol	"CAB004544: , HPA015794: , HPA055297: "	"unprognostic (6.97e-2)"	"unprognostic (1.91e-1)"	"unprognostic (1.67e-1)"	"unprognostic (1.43e-1)"	"unprognostic (3.41e-2)"	"unprognostic (1.46e-1)"	"unprognostic (3.29e-1)"	"unprognostic (1.09e-3)"	"unprognostic (1.57e-1)"	"unprognostic (9.98e-3)"	"validated prognostic favorable (1.63e-7)"	"validated prognostic favorable (4.33e-4)"	"unprognostic (3.04e-3)"	"unprognostic (3.83e-2)"	"unprognostic (1.01e-1)"	"unprognostic (1.49e-1)"	"unprognostic (1.07e-2)"	"unprognostic (1.15e-1)"	"unprognostic (1.69e-1)"	"unprognostic (1.13e-1)"	"unprognostic (1.56e-2)"	"unprognostic (2.18e-1)"	"unprognostic (3.11e-1)"	"unprognostic (2.07e-1)"	"unprognostic (2.24e-2)"	"unprognostic (8.06e-3)"	"unprognostic (1.42e-1)"	"unprognostic (1.00e-2)"	"unprognostic (2.72e-1)"	"unprognostic (3.37e-2)"	"unprognostic (3.27e-1)"
PLA2R1	"CLEC13C, PLA2-R, PLA2G1R, PLA2IR"	ENSG00000153246	"Phospholipase A2 receptor 1"	Q13018	2	159932006-160062615	"Predicted membrane proteins, Predicted secreted proteins"	Endocytosis	Receptor		"Evidence at protein level"	"Evidence at transcript level"	"Evidence at protein level"	"Evidence at protein level"	"Tissue enhanced"	"Detected in many"		"salivary gland: 36.8;thyroid gland: 39.3"	"Cell type enriched"	"Detected in many"	8	"Podocytes: 6773.3"	"Cell type enriched"	"Detected in many"	8	"Renal nephron cells: 6773.3"	"Cell type enhanced"	"Detected in many"		"fibroblast: 249.4;pericyte: 230.1"	"Low cancer specificity"	"Detected in many"			"Low region specificity"	"Detected in all"			"Not detected in immune cells"	"Not detected"			"Not detected"	"Not detected"			"Low cancer specificity"	"Detected in many"			"Adrenal gland - Fibroblasts, Kidney - Podocytes, Liver - Hepatic stellate cells, Minor Salivary Gland - Minor salivary glandular cells, Prostate - Fibroblasts, Skeletal muscle - Fibroblasts, Skin - Eccrine sweat gland cells"	"Not detected"	"Not detected"			"Low region specificity"	"Detected in all"			"Cell type enriched"	"Detected in some"		"Glomeruli: 14806985.8"	"Tissue enriched"	"Detected in single"	15723	"salivary gland: 1572276.0"	"CAB068217, CAB068218"	Approved		Approved	Cytosol	"Secreted to blood"	Receptor	NA	NA		2600000		"Cluster 33: Thyroid gland - Tissue development"	"Cluster 2: Neurons - Nucleosome"	"Cluster 53: Squamous epithelial cells - Keratinization"	"Cluster 57: Podocytes - Glomerular filtration"		Cytosol		"CAB068217: , CAB068218: "	"unprognostic (1.60e-2)"	"unprognostic (3.34e-1)"	"unprognostic (1.38e-1)"	"unprognostic (3.98e-2)"	"unprognostic (3.03e-1)"	"unprognostic (1.20e-1)"		"unprognostic (3.86e-2)"	"unprognostic (5.26e-2)"		"unprognostic (1.78e-3)"	"unprognostic (2.83e-1)"	"unprognostic (1.67e-1)"			"unprognostic (1.41e-1)"	"unprognostic (3.18e-2)"	"unprognostic (9.23e-2)"	"unprognostic (4.88e-2)"	"unprognostic (4.20e-3)"	"unprognostic (1.76e-3)"	"unprognostic (1.54e-2)"	"unprognostic (1.10e-3)"	"unprognostic (4.22e-1)"	"unprognostic (1.35e-1)"	"unprognostic (2.57e-1)"		"potential prognostic unfavorable (1.50e-4)"	"unprognostic (1.70e-1)"	"unprognostic (3.87e-2)"	"unprognostic (3.08e-1)"
PRSS8	CAP1	ENSG00000052344	"Serine protease 8"	Q16651	16	31131433-31135727	"Enzymes, Predicted membrane proteins, Predicted secreted proteins"		"Hydrolase, Protease, Serine protease"		"Evidence at protein level"	"Evidence at transcript level"	"Evidence at protein level"	"Evidence at protein level"	"Tissue enhanced"	"Detected in many"		"salivary gland: 231.3"	"Cell type enhanced"	"Detected in many"		"Breast lactating cells: 223.0;Colonocytes: 293.6;Enterocytes: 335.8;Epididymal principal cells: 320.9;Esophageal apical cells: 887.1;Extravillous trophoblasts: 1023.7;Foveolar cells: 272.4;Migrating cytotrophoblasts: 313.1;Syncytiotrophoblasts: 689.0"	"Cell type enhanced"	"Detected in many"		"Apical squamous epithelial cells: 887.1;Trophoblast cells: 1023.7"	"Cell type enhanced"	"Detected in single"		"choroid plexus epithelial cell: 1.6"	"Low cancer specificity"	"Detected in many"			"Group enriched"	"Detected in all"	5	"cerebellum: 5.0;choroid plexus: 14.8"	"Not detected in immune cells"	"Not detected"			"Not detected"	"Not detected"			"Low cancer specificity"	"Detected in many"			"Colon - Colon enterocytes, Lung - Alveolar cells type 2, Prostate - Prostate glandular cells, Stomach - Gastric mucous cells, Thyroid gland - Thyroid glandular cells"	"Region enriched"	"Detected in single"	8	"hippocampal formation: 1.4"	"Low region specificity"	"Detected in some"			"Cell type enriched"	"Detected in some"		"Large ducts: 569684.0"	"Tissue enhanced"	"Detected in many"		"skin: 12956233.4"	HPA030436	Uncertain				"Secreted - unknown location"	Enzyme	NA	NA		810000		"Cluster 60: Stomach - Digestion"	"Cluster 5: Non-specific - Mixed function"	"Cluster 53: Squamous epithelial cells - Keratinization"	"Cluster 13: Syncytiotrophoblasts - Placental remodeling & endocrine func."	32			"HPA030436: "	"unprognostic (6.75e-2)"	"unprognostic (5.71e-2)"	"unprognostic (6.56e-2)"	"unprognostic (3.39e-3)"	"unprognostic (2.30e-1)"	"unprognostic (1.63e-2)"			"unprognostic (4.09e-3)"	"unprognostic (3.45e-1)"	"potential prognostic favorable (2.24e-6)"	"unprognostic (2.72e-3)"	"potential prognostic favorable (2.39e-4)"	"unprognostic (5.38e-2)"	"potential prognostic favorable (8.24e-4)"	"unprognostic (2.97e-1)"	"unprognostic (1.89e-1)"	"unprognostic (4.67e-2)"	"unprognostic (3.25e-2)"	"unprognostic (5.80e-2)"	"unprognostic (1.04e-1)"	"unprognostic (6.57e-3)"	"unprognostic (1.57e-1)"	"unprognostic (1.10e-1)"	"unprognostic (1.00e-1)"	"unprognostic (1.83e-2)"	"unprognostic (2.25e-1)"	"unprognostic (2.10e-2)"	"unprognostic (3.36e-1)"	"unprognostic (2.73e-2)"	"unprognostic (9.42e-2)"
PRXL2A	"Adrx, C10orf58, FAM213A, MGC4248, PAMM"	ENSG00000122378	"Peroxiredoxin like 2A"	Q9BRX8	10	80407829-80437115	"Predicted intracellular proteins, Predicted membrane proteins, Predicted secreted proteins"		Antioxidant		"Evidence at protein level"	"Evidence at protein level"	"Evidence at protein level"	"Evidence at protein level"	"Tissue enhanced"	"Detected in all"		"adipose tissue: 380.6"	"Cell type enhanced"	"Detected in many"		"Endometrial luminal cells: 359.7;Epididymal principal cells: 639.9;Esophageal basal cells: 605.5;Esophageal suprabasal cells: 375.9;Retinal pigment epithelial cells: 763.1"	"Cell type enhanced"	"Detected in all"		"Basal cells: 605.5;Pigment cells: 763.1;Reproductive supporting cells: 639.9"	"Low cell type specificity"	"Detected in all"			"Low cancer specificity"	"Detected in all"			"Low region specificity"	"Detected in all"			"Immune cell enriched"	"Detected in many"	10	"plasmacytoid DC: 166.4"	"Lineage enriched"	"Detected in all"	10	"dendritic cells: 166.4"	"Low cancer specificity"	"Detected in all"			"Adipose subcutaneous - Adipocytes (Subcutaneous), Adipose visceral - Adipocytes (Visceral), Breast - Adipocytes (Breast), Liver - Hepatocytes, Skin - Sebaceous gland cells"	"Low region specificity"	"Detected in all"			"Low region specificity"	"Detected in all"			"Low cell type specificity"	"Detected in all"			"Group enriched"	"Detected in all"		"cerebral cortex: 20300068.1;intestine: 12048230.2;liver: 31415725.4;pancreas: 22541723.9"	"HPA009025, HPA024565"	Enhanced				"Secreted in other tissues"	Other	NA	NA			"Cluster 13: Non-specific - Mitochondria"	"Cluster 36: Brain & Liver - Signaling"	"Cluster 39: Astrocytes - Mixed function"	"Cluster 44: Connective tissue cells - ECM organization"	"Cluster 52: Glandular & Luminal cells - Estrogen-regulated epithelial secretion"	5			"HPA009025: , HPA024565: "	"potential prognostic favorable (1.49e-4)"	"unprognostic (2.73e-3)"		"unprognostic (1.27e-1)"	"unprognostic (9.64e-3)"	"unprognostic (2.44e-1)"	"unprognostic (2.92e-2)"	"unprognostic (1.77e-3)"	"unprognostic (3.42e-2)"	"unprognostic (5.00e-1)"	"potential prognostic favorable (2.02e-7)"	"unprognostic (6.91e-3)"	"unprognostic (4.35e-1)"	"unprognostic (1.49e-1)"		"unprognostic (1.47e-1)"	"unprognostic (2.24e-1)"	"unprognostic (1.75e-1)"	"unprognostic (2.77e-1)"	"unprognostic (1.75e-1)"	"unprognostic (1.71e-1)"	"unprognostic (7.63e-2)"	"unprognostic (2.62e-2)"	"unprognostic (1.49e-2)"	"unprognostic (4.64e-2)"	"unprognostic (2.67e-1)"	"unprognostic (6.68e-2)"	"unprognostic (1.12e-1)"	"unprognostic (3.01e-2)"	"unprognostic (1.41e-1)"	"unprognostic (1.08e-1)"
PSG9	"PSG11, PSGII"	ENSG00000183668	"Pregnancy specific beta-1-glycoprotein 9"	Q00887	19	43211791-43269530	"Plasma proteins, Predicted membrane proteins, Predicted secreted proteins"				"Evidence at protein level"	"Evidence at protein level"	"Evidence at protein level"	"Evidence at protein level"	"Tissue enriched"	"Detected in single"	137	"placenta: 100.4"	"Cell type enriched"	"Detected in some"	24	"Syncytiotrophoblasts: 329.1"	"Cell type enriched"	"Detected in some"	24	"Trophoblast cells: 329.1"	"Low cell type specificity"	"Detected in many"			"Cancer enriched"	"Detected in some"	7	"Kidney Chromophobe (TCGA): 7.3"	"Low region specificity"	"Detected in some"			"Not detected in immune cells"	"Not detected"			"Not detected"	"Not detected"			"Group enriched"	"Detected in some"	7	"Bladder cancer: 6.6;breast cancer: 22.3;liver cancer: 7.5;Rhabdoid: 26.1;testis cancer: 9.8"										"Not detected"	"Not detected"			"Not detected"	"Not detected"			HPA046327	Supported				"Secreted in female reproductive system"	"No annotated function"	NA	NA		50000000		"Cluster 43: Placenta - Pregnancy hormone signaling"	"Cluster 15: Non-specific - Transcription"	"Cluster 72: Neuronal - Signal transduction"	"Cluster 13: Syncytiotrophoblasts - Placental remodeling & endocrine func."				"HPA046327: "						"unprognostic (6.37e-2)"				"unprognostic (2.08e-2)"					"unprognostic (1.59e-1)"											"unprognostic (1.72e-2)"					"unprognostic (2.13e-2)"
PTK7	CCK4	ENSG00000112655	"Protein tyrosine kinase 7 (inactive)"	Q13308	6	43076307-43161719	"Enzymes, Plasma proteins, Predicted intracellular proteins, Predicted membrane proteins, Predicted secreted proteins"	"Cell adhesion, Wnt signaling pathway"	Receptor		"Evidence at protein level"	"Evidence at transcript level"	"Evidence at protein level"	"Evidence at protein level"	"Low tissue specificity"	"Detected in many"			"Cell type enhanced"	"Detected in many"		"Cone photoreceptor cells: 184.2;Early spermatids: 424.1;Endometrial stromal cells: 165.1;Retinal ganglion cells: 139.1"	"Cell type enhanced"	"Detected in all"		"Neuronal cells: 184.2;Spermatogenic cell types: 424.1"	"Cell type enhanced"	"Detected in all"		"choroid plexus epithelial cell: 104.3;fibroblast: 99.5"	"Low cancer specificity"	"Detected in all"			"Region enriched"	"Detected in all"	4	"choroid plexus: 68.9"	"Immune cell enriched"	"Detected in some"	10	"plasmacytoid DC: 13.5"	"Lineage enriched"	"Detected in many"	10	"dendritic cells: 13.5"	"Low cancer specificity"	"Detected in many"			"Adipose subcutaneous - Adipose progenitor cells, Heart muscle - Fibroblasts, Skeletal muscle - Fibroblasts, Testis - Late spermatids"	"Low region specificity"	"Detected in all"			"Low region specificity"	"Detected in all"			"Cell type enhanced"	"Detected in many"		"Granulosa cells: 17111794.5;Oocytes: 18171306.7"	"Tissue enhanced"	"Detected in many"		"ovary: 162307920.6"	HPA003222	Approved		Approved	"Vesicles,Plasma membrane,Cytosol"	"Secreted to blood"	Receptor	NA	NA		5600000	"Cluster 8: Plasmacytoid DCs - Unknown function"	"Cluster 75: Ovary - Mixed function"	"Cluster 36: Choroid plexus - Mixed function"	"Cluster 32: Non-specific - Cell proliferation"	"Cluster 33: Early spermatids - Spermiogenesis: Cap phase"	22	"Plasma membrane, Cytosol"	Vesicles	"HPA003222: "	"unprognostic (2.72e-1)"	"unprognostic (1.79e-1)"	"unprognostic (4.56e-1)"	"potential prognostic unfavorable (2.16e-4)"	"unprognostic (2.54e-1)"	"unprognostic (2.23e-1)"	"unprognostic (1.39e-1)"	"unprognostic (8.45e-2)"	"unprognostic (1.47e-2)"	"unprognostic (9.87e-3)"	"unprognostic (1.83e-1)"	"unprognostic (2.81e-2)"	"unprognostic (1.53e-1)"	"unprognostic (1.57e-2)"	"unprognostic (3.60e-1)"	"unprognostic (4.86e-2)"	"unprognostic (1.77e-1)"	"unprognostic (1.12e-1)"	"unprognostic (8.48e-2)"	"unprognostic (1.01e-1)"	"unprognostic (1.69e-1)"	"unprognostic (2.23e-2)"	"unprognostic (1.25e-2)"	"unprognostic (8.50e-2)"	"unprognostic (2.00e-1)"	"unprognostic (4.57e-3)"	"unprognostic (1.83e-3)"	"unprognostic (1.10e-1)"	"unprognostic (3.81e-1)"	"unprognostic (2.25e-1)"	"unprognostic (1.58e-1)"
PTPRJ	"CD148, DEP1, HPTPeta"	ENSG00000149177	"Protein tyrosine phosphatase receptor type J"	Q12913	11	47980425-48170839	"CD markers, Enzymes, Plasma proteins, Predicted membrane proteins, Predicted secreted proteins"	Angiogenesis	"Hydrolase, Protein phosphatase"		"Evidence at protein level"	"Evidence at transcript level"	"Evidence at protein level"	"Evidence at protein level"	"Low tissue specificity"	"Detected in all"			"Cell type enhanced"	"Detected in many"		"Microglia: 975.6;Neutrophil progenitors: 1712.9;Neutrophils: 3323.0;Proximal tubule cells: 833.2;Renal collecting duct intercalated cells: 1339.7;Tuft cells: 1095.2"	"Cell type enhanced"	"Detected in many"		"Ductal cells: 1339.7;Neutrophils: 3323.0"	"Cell type enhanced"	"Detected in all"		"central nervous system macrophage: 1249.8"	"Low cancer specificity"	"Detected in all"			"Low region specificity"	"Detected in all"			"Immune cell enhanced"	"Detected in many"		"neutrophil: 9.5"	"Group enriched"	"Detected in many"	4	"granulocytes: 9.5;monocytes: 4.8"	"Low cancer specificity"	"Detected in all"			"Adipose visceral - Macrophages, Adrenal gland - Macrophages, Lung - Neutrophils_2, Prostate - Prostate glandular cells, Testis - Spermatogonia, Thyroid gland - Thyroid glandular cells"	"Low region specificity"	"Detected in all"			"Low region specificity"	"Detected in all"			"Cell type enriched"	"Detected in many"		"Neutrophils: 65162321.3"	"Low tissue specificity"	"Detected in many"			HPA006026	Approved		Approved	"Nucleoplasm,Nucleoli,Nuclear bodies,Cell Junctions"	"Secreted to blood"	Enzyme	NA	NA		90000000	"Cluster 38: Monocytes & Neutrophils - Degranulation"	"Cluster 66: Lymphoid tissue - Immune response"	"Cluster 12: Non-specific - Vasculature"	"Cluster 15: Kidney cancer - Membrane components"	"Cluster 24: Neutrophils - Innate immunity signal integration"	21	"Nucleoplasm, Cell Junctions"	"Nucleoli, Nuclear bodies"	"HPA006026: "	"unprognostic (2.18e-1)"	"unprognostic (1.40e-1)"	"unprognostic (6.25e-2)"	"unprognostic (2.64e-1)"	"unprognostic (1.02e-1)"	"unprognostic (1.44e-3)"	"unprognostic (8.84e-2)"	"unprognostic (1.30e-1)"	"unprognostic (5.98e-2)"	"unprognostic (1.61e-1)"	"potential prognostic favorable (2.50e-4)"	"unprognostic (1.91e-2)"	"unprognostic (2.12e-1)"	"unprognostic (6.02e-2)"	"unprognostic (2.39e-1)"	"unprognostic (2.70e-1)"	"unprognostic (1.94e-2)"	"unprognostic (1.54e-1)"	"unprognostic (1.51e-1)"	"unprognostic (1.04e-2)"	"unprognostic (2.07e-2)"	"unprognostic (1.19e-1)"	"unprognostic (4.01e-1)"	"unprognostic (1.37e-1)"	"unprognostic (5.64e-2)"	"unprognostic (3.10e-1)"	"unprognostic (3.31e-2)"	"unprognostic (4.55e-2)"	"unprognostic (3.22e-2)"	"unprognostic (4.98e-2)"	"unprognostic (3.13e-1)"
PTPRR	"EC-PTP, PCPTP1, PTP-SL, PTPBR7, PTPRQ"	ENSG00000153233	"Protein tyrosine phosphatase receptor type R"	Q15256	12	70638073-70920738	"Enzymes, Plasma proteins, Predicted intracellular proteins, Predicted membrane proteins, Predicted secreted proteins"		"Hydrolase, Protein phosphatase, Receptor"		"Evidence at protein level"	"Evidence at protein level"	"Evidence at protein level"	"Evidence at protein level"	"Tissue enhanced"	"Detected in some"		"brain: 12.1;endometrium 1: 5.2;intestine: 7.2"	"Cell type enhanced"	"Detected in many"		"Adrenal medulla cells: 159.6;Brain excitatory neurons: 377.5;Brain inhibitory neurons: 212.4;Colonocytes: 137.3;Enterocytes: 122.3;Foveolar cells: 163.5;Other brain neurons: 154.8;Retinal amacrine cells: 249.4;Retinal bipolar cells: 269.9;Retinal horizontal cells: 272.5"	"Cell type enhanced"	"Detected in many"		"Adrenal endocrine cells: 159.6;Enterocytes: 137.3;Gastric glandular cells: 163.5;Neuronal cells: 377.5"	"Low cell type specificity"	"Detected in all"			"Low cancer specificity"	"Detected in many"			"Low region specificity"	"Detected in all"			"Not detected in immune cells"	"Not detected"			"Not detected"	"Not detected"			"Cancer enhanced"	"Detected in many"		"Neuroblastoma: 12.2;ovarian cancer: 10.4"	"Adrenal gland - Adrenal medulla cells, Colon - Colon enteroendocrine cells, Stomach - Gastric mucous cells"	"Region enriched"	"Detected in all"	5	"cerebellum: 89.6"	"Low region specificity"	"Detected in all"			"Cell type enhanced"	"Detected in some"		"Astrocytes and Neuropil: 225374.7;Microglia and Neuropil: 843189.9"	"Tissue enriched"	"Detected in single"	6206	"cerebral cortex: 620649.6"	"CAB011461, HPA011851, HPA071067"	Uncertain		Supported	"Plasma membrane,Cell Junctions,Cytosol"	"Secreted - unknown location"	Receptor	NA	NA				"Cluster 27: Cerebellum - Synaptic function"	"Cluster 35: Non-specific - DNA binding"	"Cluster 15: Kidney cancer - Membrane components"	"Cluster 86: Retinal bipolar cells - Synaptic signal transduction"	19	"Plasma membrane, Cell Junctions, Cytosol"		"CAB011461: , HPA011851: , HPA071067: "	"unprognostic (7.24e-2)"		"unprognostic (3.85e-2)"		"unprognostic (6.65e-2)"	"unprognostic (2.29e-1)"		"unprognostic (1.61e-1)"												"unprognostic (4.07e-2)"	"unprognostic (1.90e-2)"	"potential prognostic unfavorable (8.04e-4)"	"unprognostic (4.19e-1)"	"unprognostic (4.83e-1)"	"unprognostic (1.58e-1)"	"unprognostic (2.95e-1)"		"unprognostic (7.70e-2)"			
PTPRS		ENSG00000105426	"Protein tyrosine phosphatase receptor type S"	Q13332	19	5158495-5340812	"Enzymes, Plasma proteins, Predicted membrane proteins, Predicted secreted proteins"	"Cell adhesion"	"Heparin-binding, Hydrolase, Protein phosphatase, Receptor"		"Evidence at protein level"	"Evidence at transcript level"	"Evidence at protein level"	"Evidence at protein level"	"Low tissue specificity"	"Detected in all"			"Cell type enhanced"	"Detected in many"		"Adipocytes: 476.7;Hepatic stellate cells: 296.9;pDCs: 589.9;Retinal amacrine cells: 356.9"	"Cell type enhanced"	"Detected in many"		"Adipocytes: 476.7;dendritic cells: 589.9"	"Low cell type specificity"	"Detected in all"			"Low cancer specificity"	"Detected in all"			"Low region specificity"	"Detected in all"			"Immune cell enriched"	"Detected in single"	197	"plasmacytoid DC: 153.7"	"Lineage enriched"	"Detected in single"	197	"dendritic cells: 153.7"	"Low cancer specificity"	"Detected in all"			"Adipose subcutaneous - Adipocytes (Subcutaneous)"	"Low region specificity"	"Detected in all"			"Low region specificity"	"Detected in all"			"Group enriched"	"Detected in many"		"Astrocytes and Neuropil: 17899559.5;Microglia and Neuropil: 21316040.4;Neurons: 9917297.0"	"Tissue enhanced"	"Detected in many"		"liver: 11812813.7"	HPA054747			Approved	"Plasma membrane,Cytosol"	"Secreted - unknown location"	Receptor	NA	NA		41000000	"Cluster 44: Plasmacytoid DCs - Plasma membrane proteins"	"Cluster 64: Non-specific - Transcription"	"Cluster 32: Cerebral cortex - Mixed function"	"Cluster 23: Non-specific - Transcription"	"Cluster 108: Fibroblasts - ECM organization"	9	"Plasma membrane, Cytosol"		"HPA054747: "	"unprognostic (9.17e-2)"	"unprognostic (1.03e-1)"	"unprognostic (3.81e-3)"	"unprognostic (2.85e-1)"	"unprognostic (2.44e-1)"	"unprognostic (1.84e-1)"	"unprognostic (2.03e-1)"	"unprognostic (2.97e-3)"	"unprognostic (4.25e-2)"	"unprognostic (5.69e-2)"	"unprognostic (3.19e-2)"	"potential prognostic favorable (5.70e-4)"	"unprognostic (9.04e-2)"	"unprognostic (1.89e-2)"	"unprognostic (1.20e-2)"	"unprognostic (1.81e-1)"	"unprognostic (3.42e-2)"	"unprognostic (1.46e-1)"	"unprognostic (1.14e-3)"	"unprognostic (6.01e-2)"	"unprognostic (1.47e-1)"	"unprognostic (4.95e-3)"	"unprognostic (1.22e-1)"	"unprognostic (1.49e-1)"	"unprognostic (1.38e-1)"	"unprognostic (2.96e-2)"	"unprognostic (5.48e-2)"	"unprognostic (4.30e-1)"	"unprognostic (1.89e-1)"	"unprognostic (2.15e-2)"	"unprognostic (2.99e-1)"
PTPRZ1	"phosphacan, PTP18, PTPRZ, PTPZ, RPTPB"	ENSG00000106278	"Protein tyrosine phosphatase receptor type Z1"	P23471	7	121873089-122062036	"Enzymes, Plasma proteins, Predicted membrane proteins, Predicted secreted proteins"		"Hydrolase, Protein phosphatase"		"Evidence at protein level"	"Evidence at protein level"	"Evidence at protein level"	"Evidence at protein level"	"Tissue enriched"	"Detected in many"	5	"brain: 150.5"	"Cell type enhanced"	"Detected in many"		"Astrocytes: 981.3;Bergmann glia: 1581.8;Ependymal cells: 517.8;Oligodendrocyte progenitor cells: 3945.7;Respiratory basal cells: 456.9"	"Cell type enriched"	"Detected in many"	7	"Glial cells: 3945.7"	"Cell type enhanced"	"Detected in all"		"Bergmann glia: 1831.5;oligodendrocyte precursor cell: 4812.8"	"Cancer enriched"	"Detected in many"	17	"Glioblastoma Multiforme (TCGA): 591.3"	"Low region specificity"	"Detected in all"			"Not detected in immune cells"	"Not detected"			"Not detected"	"Not detected"			"Cancer enhanced"	"Detected in many"		"Esophageal cancer: 21.7;skin cancer: 27.8"	"Adipose visceral - Mesothelial cells, Adrenal gland - Adrenal medulla cells, Colon - Enteric glia cells, Prostate - Urothelial cells, Skin - Keratinocyte (other), Testis - Spermatogonia"	"Low region specificity"	"Detected in all"			"Low region specificity"	"Detected in all"			"Cell type enhanced"	"Detected in many"		"Astrocytes and Neuropil: 35451325.7;Keratinocytes: 25811467.0;Microglia and Neuropil: 29587015.0"	"Tissue enhanced"	"Detected in some"		"cerebral cortex: 69281353.8;Stomach: 124605878.5"	HPA015103	Enhanced		Approved	Vesicles,Cytosol	"Secreted in brain"	Enzyme	NA	NA		7400000		"Cluster 73: Brain - Neuronal signaling"	"Cluster 21: Non-specific - Metabolism"	"Cluster 69: Skin cancer - ECM organization"	"Cluster 14: Oligodendrocyte progenitor cells - Development & myelination"	9	Cytosol	Vesicles	"HPA015103: "	"unprognostic (2.48e-2)"	"potential prognostic favorable (5.25e-6)"	"unprognostic (1.42e-1)"	"potential prognostic favorable (9.67e-4)"			"unprognostic (1.62e-1)"	"unprognostic (1.93e-2)"	"unprognostic (3.28e-2)"							"unprognostic (3.88e-3)"	"unprognostic (4.53e-2)"	"unprognostic (7.98e-2)"	"unprognostic (5.94e-2)"			"unprognostic (1.24e-3)"	"unprognostic (1.08e-1)"	"unprognostic (8.65e-2)"			"unprognostic (3.20e-1)"	"unprognostic (3.94e-1)"	"unprognostic (2.13e-1)"		
PVR	"CD155, HVED, Necl-5, NECL5, PVS, Tage4"	ENSG00000073008	"PVR cell adhesion molecule"	P15151	19	44643798-44666162	"CD markers, Plasma proteins, Predicted intracellular proteins, Predicted membrane proteins, Predicted secreted proteins"	"Cell adhesion, Host-virus interaction"	"Host cell receptor for virus entry, Receptor"		"Evidence at protein level"	"Evidence at protein level"	"Evidence at protein level"	"Evidence at protein level"	"Low tissue specificity"	"Detected in all"			"Cell type enhanced"	"Detected in many"		"Cardiomyocytes: 67.5;Epicardial cells: 29.6;Podocytes: 48.0;Salivary myoepithelial cells: 36.8;Tuft cells: 34.6"	"Cell type enhanced"	"Detected in many"		"Myocytes: 67.5;Renal nephron cells: 48.0"	"Low cell type specificity"	"Detected in many"			"Low cancer specificity"	"Detected in all"			"Low region specificity"	"Detected in all"			"Group enriched"	"Detected in some"	5	"classical monocyte: 4.4;intermediate monocyte: 4.4;myeloid DC: 3.6;neutrophil: 1.4;non-classical monocyte: 5.1"	"Group enriched"	"Detected in many"	4	"dendritic cells: 3.6;granulocytes: 1.4;monocytes: 5.1"	"Low cancer specificity"	"Detected in all"			"Adrenal gland - Adrenal cortex cells, Minor Salivary Gland - Minor salivary glandular cells, Spleen - Fibroblasts_1"	"Low region specificity"	"Detected in all"			"Low region specificity"	"Detected in all"			"Group enriched"	"Detected in some"		"Astrocytes and Neuropil: 279027.5;Glomeruli: 595210.0;Microglia and Neuropil: 175170.2"	"Tissue enhanced"	"Detected in all"		"heart muscle: 14418462.1"	"HPA012568, HPA064739"	Approved		Supported	"Nucleoplasm,Vesicles,Plasma membrane"	"Secreted - unknown location"	Receptor	NA	NA		160000000	"Cluster 38: Monocytes & Neutrophils - Degranulation"	"Cluster 70: Non-specific - Protein processing"	"Cluster 56: Hypothalamus - Neuropeptide signaling"	"Cluster 15: Kidney cancer - Membrane components"	"Cluster 60: Cardiomyocytes - Cardiac muscle contraction & structure"	58	"Nucleoplasm, Vesicles, Plasma membrane"		"HPA012568: , HPA064739: "	"unprognostic (2.97e-2)"	"unprognostic (2.42e-3)"	"unprognostic (1.30e-1)"	"potential prognostic unfavorable (1.01e-4)"	"unprognostic (6.93e-2)"	"unprognostic (3.70e-2)"	"unprognostic (1.51e-1)"	"unprognostic (1.34e-1)"	"unprognostic (1.77e-3)"	"unprognostic (4.32e-1)"	"unprognostic (4.41e-2)"	"unprognostic (9.65e-2)"	"unprognostic (4.48e-2)"	"unprognostic (1.40e-2)"	"unprognostic (4.44e-2)"	"potential prognostic unfavorable (5.78e-6)"	"unprognostic (1.01e-1)"	"unprognostic (1.39e-2)"	"unprognostic (1.09e-1)"	"unprognostic (4.05e-2)"	"unprognostic (1.29e-1)"	"unprognostic (8.75e-3)"	"unprognostic (2.53e-3)"	"unprognostic (7.85e-2)"	"unprognostic (1.38e-2)"	"unprognostic (5.42e-2)"	"unprognostic (4.78e-2)"	"unprognostic (1.60e-1)"	"unprognostic (6.76e-2)"	"unprognostic (3.53e-3)"	"unprognostic (1.74e-1)"
PXDN	"D2S448, D2S448E, KIAA0230, MG50, PRG2, PXN"	ENSG00000130508	Peroxidasin	Q92626	2	1631887-1744852	"Disease related genes, Human disease related genes, Metabolic proteins, Plasma proteins, Predicted intracellular proteins, Predicted membrane proteins, Predicted secreted proteins"	"Hydrogen peroxide"	"Oxidoreductase, Peroxidase"	"Disease variant"	"Evidence at protein level"	"Evidence at transcript level"	"Evidence at protein level"	"Evidence at protein level"	"Low tissue specificity"	"Detected in many"			"Cell type enhanced"	"Detected in many"		"Adipocytes: 292.4;Choroid plexus epithelial cells: 149.1;Endometrial stromal cells: 159.5;Hepatic stellate cells: 174.3;Myosatellite cells: 264.3;Oligodendrocyte progenitor cells: 96.1"	"Cell type enhanced"	"Detected in many"		"Adipocytes: 292.4;Stem cells: 264.3"	"Cell type enhanced"	"Detected in many"		"choroid plexus epithelial cell: 128.9;oligodendrocyte precursor cell: 103.7"	"Low cancer specificity"	"Detected in all"			"Region enhanced"	"Detected in all"		"choroid plexus: 51.7"	"Not detected in immune cells"	"Not detected"			"Not detected"	"Not detected"			"Cancer enhanced"	"Detected in many"		"Sarcoma: 181.8"	"Adipose subcutaneous - Adipocytes (Subcutaneous), Adrenal gland - Fibroblasts, Breast - Adipocytes (Breast), Lung - Endothelial cells, Prostate - Smooth muscle cells, Skeletal muscle - Endothelial cells"	"Low region specificity"	"Detected in all"			"Low region specificity"	"Detected in some"			"Cell type enhanced"	"Detected in many"		"Granulosa cells: 66550567.7"	"Low tissue specificity"	"Detected in many"			HPA012375	Approved				"Secreted to extracellular matrix"	Enzyme	NA	NA		6000000	"Cluster 8: Plasmacytoid DCs - Unknown function"	"Cluster 12: Smooth muscle tissue - ECM organization"	"Cluster 36: Choroid plexus - Mixed function"	"Cluster 64: Connective tissue cells - ECM organization"	"Cluster 89: Adipocytes - Lipid metabolism"	9			"HPA012375: "	"unprognostic (1.06e-1)"	"unprognostic (5.48e-2)"	"unprognostic (2.11e-1)"	"potential prognostic unfavorable (1.95e-4)"	"unprognostic (2.41e-2)"	"unprognostic (2.04e-2)"	"unprognostic (2.28e-2)"	"unprognostic (4.80e-2)"	"unprognostic (1.57e-1)"	"unprognostic (6.11e-3)"	"unprognostic (2.57e-1)"	"unprognostic (1.89e-2)"	"unprognostic (2.08e-1)"	"unprognostic (3.24e-2)"	"unprognostic (1.39e-1)"	"unprognostic (1.17e-2)"	"unprognostic (2.63e-3)"	"unprognostic (1.09e-1)"	"unprognostic (1.37e-1)"	"potential prognostic unfavorable (6.19e-4)"	"unprognostic (5.96e-2)"	"unprognostic (4.63e-2)"	"unprognostic (1.29e-1)"	"unprognostic (1.20e-1)"	"unprognostic (3.04e-1)"	"unprognostic (2.31e-1)"	"unprognostic (5.78e-3)"	"unprognostic (1.78e-3)"	"unprognostic (2.32e-1)"	"unprognostic (5.92e-3)"	"unprognostic (3.41e-2)"
QSOX1	QSCN6	ENSG00000116260	"Quiescin sulfhydryl oxidase 1"	O00391	1	180154869-180204030	"Enzymes, Plasma proteins, Predicted intracellular proteins, Predicted membrane proteins, Predicted secreted proteins"		Oxidoreductase		"Evidence at protein level"	"Evidence at protein level"	"Evidence at protein level"	"Evidence at protein level"	"Low tissue specificity"	"Detected in all"			"Cell type enhanced"	"Detected in many"		"Esophageal apical cells: 955.9;Extravillous trophoblasts: 2747.3;Hepatic stellate cells: 574.5"	"Cell type enhanced"	"Detected in all"		"Apical squamous epithelial cells: 955.9;Trophoblast cells: 2747.3"	"Low cell type specificity"	"Detected in all"			"Low cancer specificity"	"Detected in all"			"Low region specificity"	"Detected in all"			"Low immune cell specificity"	"Detected in all"			"Low lineage specificity"	"Detected in all"			"Low cancer specificity"	"Detected in all"			"Breast - Breast glandular cells, Prostate - Fibroblasts"	"Low region specificity"	"Detected in all"			"Low region specificity"	"Detected in all"			"Cell type enriched"	"Detected in all"		"Neutrophils: 52659493.1"	"Low tissue specificity"	"Detected in all"			HPA056243			Supported	"Golgi apparatus,Vesicles"	"Secreted to extracellular matrix"	Enzyme	NA	NA		1000000000	"Cluster 38: Monocytes & Neutrophils - Degranulation"	"Cluster 14: Adipose tissue - Angiogenesis"	"Cluster 20: Macrophages & Microglia - Immune response"	"Cluster 64: Connective tissue cells - ECM organization"	"Cluster 21: Extravillous trophoblasts - Placental invasion & endocrine regulatio"		"Golgi apparatus"	Vesicles	"HPA056243: "	"unprognostic (2.52e-1)"	"unprognostic (1.76e-1)"	"unprognostic (1.39e-1)"	"unprognostic (2.10e-3)"	"unprognostic (2.16e-1)"	"unprognostic (6.43e-3)"	"unprognostic (2.68e-3)"	"unprognostic (3.64e-2)"	"unprognostic (1.70e-1)"	"unprognostic (2.38e-2)"	"validated prognostic unfavorable (8.19e-8)"	"validated prognostic unfavorable (7.21e-8)"	"unprognostic (1.21e-3)"	"unprognostic (6.02e-2)"	"unprognostic (2.25e-2)"	"unprognostic (6.09e-2)"	"unprognostic (9.57e-2)"	"unprognostic (1.35e-2)"	"unprognostic (3.77e-3)"	"unprognostic (5.76e-2)"	"unprognostic (1.23e-1)"	"unprognostic (7.50e-3)"	"unprognostic (1.45e-1)"	"unprognostic (1.20e-2)"	"unprognostic (3.20e-1)"	"unprognostic (1.90e-1)"	"unprognostic (2.40e-2)"	"unprognostic (1.69e-1)"	"unprognostic (5.15e-2)"	"unprognostic (5.02e-3)"	"unprognostic (4.02e-2)"
RAET1G	ULBP5	ENSG00000203722	"Retinoic acid early transcript 1G"	Q6H3X3	6	149916878-149923121	"Predicted membrane proteins, Predicted secreted proteins"	"Host-virus interaction, Immunity"			"Evidence at protein level"	"Evidence at protein level"	"Evidence at protein level"	"Evidence at protein level"	"Tissue enhanced"	"Detected in some"		"adrenal gland: 7.5;esophagus: 13.8"	"Cell type enhanced"	"Detected in some"		"Esophageal apical cells: 74.4;Esophageal basal cells: 15.0;Esophageal suprabasal cells: 78.0;Mesothelial cells: 16.7;Ocular epithelial cells: 28.9;Suprabasal keratinocytes: 21.7"	"Group enriched"	"Detected in many"	4	"Apical squamous epithelial cells: 74.4;Barrier epithelial cells: 28.9;Suprabasal cells: 78.0"	"Cell type enhanced"	"Detected in single"		"endothelial cell: 1.4"	"Cancer enhanced"	"Detected in many"		"Head and Neck Squamous Cell Carcinoma (TCGA): 7.1"	"Low region specificity"	"Detected in all"			"Not detected in immune cells"	"Not detected"			"Not detected"	"Not detected"			"Cancer enhanced"	"Detected in many"		"cervical cancer: 23.7"	"Adipose visceral - Mesothelial cells, Breast - T-cells"									"Not detected"	"Not detected"			"Not detected"	"Not detected"			"HPA062673, HPA066741"			Supported	"Vesicles,Plasma membrane"	"Secreted - unknown location"	Immunity	NA	NA				"Cluster 81: Squamous epithelium - Keratinization"	"Cluster 32: Cerebral cortex - Mixed function"	"Cluster 53: Squamous epithelial cells - Keratinization"	"Cluster 85: Squamous epithelial cells - Keratinization"	1	"Vesicles, Plasma membrane"		"HPA062673: , HPA066741: "	"unprognostic (1.90e-2)"		"unprognostic (8.20e-2)"	"unprognostic (1.45e-1)"					"unprognostic (1.04e-1)"							"unprognostic (5.57e-2)"		"unprognostic (3.56e-1)"	"unprognostic (1.80e-1)"				"unprognostic (6.54e-3)"				"unprognostic (1.69e-1)"			"unprognostic (3.28e-1)"	
SCN1B		ENSG00000105711	"Sodium voltage-gated channel beta subunit 1"	Q07699	19	35030470-35040449	"Disease related genes, FDA approved drug targets, Human disease related genes, Predicted intracellular proteins, Predicted membrane proteins, Predicted secreted proteins"	"Cell adhesion, Ion transport, Sodium transport, Transport"		"Atrial fibrillation, Brugada syndrome, Disease variant, Epilepsy, FDA approved drug targets"	"Evidence at protein level"	"Evidence at transcript level"	"Evidence at protein level"	"Evidence at protein level"	"Tissue enhanced"	"Detected in all"		"brain: 271.5;skeletal muscle: 550.8;tongue: 212.7"	"Cell type enhanced"	"Detected in many"		"Brain excitatory neurons: 80.5;Hofbauer cells: 64.1;Innate lymphoid cells: 108.5;Kupffer cells: 90.2;Myonuclei: 58.4;Neutrophils: 47.4;Platelets: 260.3;Retinal bipolar cells: 48.3;Retinal ganglion cells: 50.2;Thymic myoid cells: 99.3"	"Cell type enhanced"	"Detected in many"		"Innate lymphoid cells: 108.5;Mononuclear phagocytes: 90.2;Platelets: 260.3;Stromal cells: 99.3"	"Cell type enhanced"	"Detected in all"		"cerebellar inhibitory: 205.9"	"Low cancer specificity"	"Detected in all"			"Low region specificity"	"Detected in all"			"Not detected in immune cells"	"Not detected"			"Not detected"	"Not detected"			"Cancer enhanced"	"Detected in many"		"thyroid cancer: 23.5"	"Minor Salivary Gland - Endothelial cells, Spleen - Macrophages"	"Low region specificity"	"Detected in all"			"Region enhanced"	"Detected in all"		"cerebral cortex: 536.8"	"Cell type enriched"	"Detected in some"		"Microglia and Neuropil: 1073423.4"	"Tissue enriched"	"Detected in single"	4337	"cerebral cortex: 433730.8"						"Secreted in other tissues"	Transport	NA	NA				"Cluster 19: Skeletal muscle - Striated muscle contraction"	"Cluster 52: Neurons & Synapses - Synaptic function"	"Cluster 72: Neuronal - Signal transduction"	"Cluster 109: Neurons - Neuronal signaling"	1				"unprognostic (2.34e-2)"	"unprognostic (1.81e-1)"	"unprognostic (8.87e-2)"	"unprognostic (4.12e-2)"	"unprognostic (1.08e-1)"	"unprognostic (7.72e-2)"	"unprognostic (3.28e-3)"	"unprognostic (1.84e-1)"	"unprognostic (4.04e-2)"	"unprognostic (6.10e-2)"	"unprognostic (3.26e-3)"	"unprognostic (4.37e-3)"	"potential prognostic favorable (1.85e-4)"	"unprognostic (8.76e-3)"	"unprognostic (1.06e-1)"	"unprognostic (8.55e-2)"	"unprognostic (1.23e-1)"	"unprognostic (7.77e-2)"	"unprognostic (1.11e-1)"	"unprognostic (3.24e-3)"	"unprognostic (2.22e-2)"	"potential prognostic favorable (3.80e-5)"	"unprognostic (1.91e-1)"	"unprognostic (3.29e-2)"	"unprognostic (1.91e-2)"	"unprognostic (2.67e-1)"	"unprognostic (1.24e-2)"	"unprognostic (6.25e-3)"	"unprognostic (1.95e-1)"	"unprognostic (3.72e-2)"	"unprognostic (7.88e-2)"
SDC1	"CD138, SDC, SYND1, syndecan"	ENSG00000115884	"Syndecan 1"	P18827	2	20200797-20225433	"Cancer-related genes, CD markers, Metabolic proteins, Plasma proteins, Predicted intracellular proteins, Predicted membrane proteins, Predicted secreted proteins, Transporters"			"Cancer-related genes"	"Evidence at protein level"	"Evidence at protein level"	"Evidence at protein level"	"Evidence at protein level"	"Tissue enhanced"	"Detected in many"		"esophagus: 467.3;liver: 471.7;skin 1: 422.7"	"Cell type enhanced"	"Detected in many"		"Alveolar cells type 1: 303.8;Esophageal apical cells: 1998.8;Esophageal basal cells: 407.2;Esophageal suprabasal cells: 1146.5;Hepatocytes: 682.2;Ocular epithelial cells: 869.6;Prostatic hillock cells: 483.8;Suprabasal keratinocytes: 424.4;Syncytiotrophoblasts: 467.4;Urothelial cells: 638.0"	"Cell type enhanced"	"Detected in many"		"Apical squamous epithelial cells: 1998.8;Barrier epithelial cells: 869.6;Hepatocytes: 682.2;Suprabasal cells: 1146.5"	"Cell type enhanced"	"Detected in some"		"ependymal cell: 3.8;thalamic excitatory: 2.1"	"Low cancer specificity"	"Detected in all"			"Region enriched"	"Detected in all"	6	"midbrain: 36.5"	"Not detected in immune cells"	"Not detected"			"Not detected"	"Not detected"			"Cancer enhanced"	"Detected in all"		"Gallbladder cancer: 564.7"	"Breast - Breast myoepithelial cells, Colon - Colon enterocytes, Skin - Keratinocyte (other), Spleen - Plasma cells, Stomach - Gastric mucous cells, Testis - Spermatogonia"	"Low region specificity"	"Detected in all"			"Low region specificity"	"Detected in many"			"Group enriched"	"Detected in some"		"Keratinocytes: 5557701.4;Proximal tubules: 1748044.7"	"Group enriched"	"Detected in many"		"kidney: 36997753.4;liver: 22515687.9;lung: 11085618.9;skin: 28244122.9"	"CAB002424, HPA006185, HPA067477"	Enhanced		Approved	"Focal adhesion sites"	"Secreted to blood"	"No annotated function"	NA	NA	63100000	4300000	"Cluster 17: B-cells - Immunoglobulins"	"Cluster 11: Esophagus - Basic cellular processes"	"Cluster 41: Monoamines - Neurotransmitter signalling"	"Cluster 51: Myeloma - Immunoglobulins"	"Cluster 100: Stratified epithelial cells - Barrier functions"	18	"Focal adhesion sites"		"CAB002424: , HPA006185: , HPA067477: "	"unprognostic (3.16e-1)"	"potential prognostic unfavorable (7.54e-5)"	"unprognostic (5.32e-2)"	"unprognostic (2.43e-3)"	"unprognostic (1.56e-1)"	"unprognostic (1.50e-2)"	"unprognostic (3.01e-3)"	"unprognostic (1.03e-1)"	"unprognostic (3.24e-2)"	"unprognostic (4.12e-2)"	"unprognostic (1.70e-2)"	"potential prognostic unfavorable (9.01e-4)"	"unprognostic (1.07e-1)"	"unprognostic (8.20e-2)"	"unprognostic (5.48e-2)"	"unprognostic (6.85e-2)"	"unprognostic (4.83e-2)"	"unprognostic (1.26e-2)"	"unprognostic (1.39e-1)"	"unprognostic (2.18e-2)"	"unprognostic (5.42e-2)"	"potential prognostic unfavorable (4.54e-4)"	"unprognostic (4.34e-1)"	"unprognostic (3.20e-1)"	"unprognostic (9.15e-2)"	"unprognostic (8.17e-2)"	"unprognostic (3.00e-2)"	"unprognostic (1.28e-2)"	"unprognostic (2.82e-1)"	"unprognostic (2.81e-1)"	"unprognostic (1.01e-1)"
SDC4	"amphiglycan, ryudocan, SYND4"	ENSG00000124145	"Syndecan 4"	P31431	20	45325288-45348424	"Cancer-related genes, Predicted membrane proteins, Predicted secreted proteins, Transporters"			"Cancer-related genes"	"Evidence at protein level"	"Evidence at protein level"	"Evidence at protein level"	"Evidence at protein level"	"Tissue enhanced"	"Detected in all"		"liver: 383.9"	"Cell type enhanced"	"Detected in many"		"Alveolar cells type 2: 877.5;Epididymal efferent duct ciliated cells: 541.4;Transitional alveolar cells: 573.0"	"Cell type enhanced"	"Detected in many"		"Alveolar cells: 877.5"	"Cell type enriched"	"Detected in many"	4	"astrocyte: 253.3"	"Low cancer specificity"	"Detected in all"			"Low region specificity"	"Detected in all"			"Low immune cell specificity"	"Detected in many"			"Low lineage specificity"	"Detected in many"			"Low cancer specificity"	"Detected in all"			"Lung - Alveolar cells type 2, Minor Salivary Gland - Minor salivary glandular cells, Spleen - Fibroblasts_2, Stomach - Gastric mucous cells, Testis - Sertoli cells"	"Low region specificity"	"Detected in all"			"Low region specificity"	"Detected in all"			"Cell type enhanced"	"Detected in many"		"Alveolar cell types: 1414760.9;Collecting ducts: 1495702.8;Keratinocytes: 1701382.1"	"Tissue enhanced"	"Detected in many"		"kidney: 12674874.0"	"HPA005716, CAB013240"	Enhanced		Approved	"Golgi apparatus,Plasma membrane"	"Secreted to blood"	"No annotated function"	NA	NA		6300000	"Cluster 9: T-regs - Cell cycle regulation"	"Cluster 45: Liver - Metabolism & Coagulation"	"Cluster 19: Astrocytes - Mixed function"	"Cluster 53: Squamous epithelial cells - Keratinization"	"Cluster 81: Alveolar cells - Lung function"	17	"Golgi apparatus"	"Plasma membrane"	"CAB013240: , HPA005716: "	"unprognostic (7.07e-2)"	"unprognostic (1.61e-1)"	"unprognostic (3.16e-2)"	"unprognostic (7.62e-2)"	"unprognostic (9.65e-2)"	"unprognostic (3.34e-3)"	"unprognostic (5.44e-2)"	"potential prognostic unfavorable (6.81e-4)"	"unprognostic (2.88e-2)"	"unprognostic (1.09e-1)"	"unprognostic (2.39e-2)"	"unprognostic (3.98e-2)"	"unprognostic (1.04e-2)"	"unprognostic (2.08e-1)"	"unprognostic (1.07e-1)"	"unprognostic (2.19e-1)"	"unprognostic (4.84e-3)"	"unprognostic (4.95e-3)"	"unprognostic (1.67e-2)"	"unprognostic (5.18e-3)"	"unprognostic (1.28e-1)"	"potential prognostic unfavorable (3.08e-4)"	"unprognostic (4.05e-1)"	"unprognostic (3.59e-1)"	"unprognostic (6.40e-2)"	"unprognostic (7.67e-3)"	"unprognostic (8.67e-2)"	"unprognostic (1.94e-1)"	"unprognostic (5.28e-2)"	"unprognostic (3.34e-3)"	"unprognostic (1.22e-2)"
SECTM1	K12	ENSG00000141574	"Secreted and transmembrane 1"	Q8WVN6	17	82321024-82334074	"Predicted membrane proteins, Predicted secreted proteins"				"Evidence at protein level"	"Evidence at transcript level"	"Evidence at protein level"	"Evidence at protein level"	"Tissue enhanced"	"Detected in many"		"intestine: 85.0"	"Cell type enhanced"	"Detected in many"		"cDC: 23.4;Colonocytes: 35.5;Enterocytes: 74.3;Foveolar cells: 51.7;Kupffer cells: 37.9;Macrophages: 28.2;monocytes: 80.6;Neutrophils: 134.1;Oocytes: 27.6;Salivary acinar cells: 24.5"	"Cell type enhanced"	"Detected in many"		"Enterocytes: 74.3;Gastric glandular cells: 51.7;Mononuclear phagocytes: 80.6;Neutrophils: 134.1"	"Cell type enriched"	"Detected in single"	14	"leukocyte: 8.9"	"Low cancer specificity"	"Detected in all"			"Low region specificity"	"Detected in all"			"Immune cell enhanced"	"Detected in many"		"neutrophil: 155.2"	"Group enriched"	"Detected in many"	13	"granulocytes: 155.2;monocytes: 58.3"	"Low cancer specificity"	"Detected in many"			"Adrenal gland - Macrophages, Minor Salivary Gland - Minor salivary glandular cells, Spleen - Macrophages"					"Low region specificity"	"Detected in many"			"Cell type enriched"	"Detected in single"	52	"Oocytes: 5152.8"	"Group enriched"	"Detected in some"		"kidney: 285836.5;lymphoid tissue: 388183.6"	HPA051214	Approved				"Secreted to blood"	"No annotated function"	NA	NA		14000000	"Cluster 38: Monocytes & Neutrophils - Degranulation"	"Cluster 5: Spleen - Immune response"	"Cluster 12: Non-specific - Vasculature"	"Cluster 27: Breast cancer - Unknown function"	"Cluster 40: Monocytes & Neutrophils - Inflammatory signaling"	5			"HPA051214: "	"unprognostic (1.04e-1)"	"unprognostic (8.32e-2)"	"unprognostic (2.29e-2)"	"unprognostic (4.55e-2)"	"unprognostic (4.02e-1)"	"unprognostic (7.35e-2)"	"unprognostic (2.88e-2)"	"unprognostic (4.14e-3)"	"unprognostic (2.20e-2)"	"unprognostic (1.96e-1)"	"unprognostic (8.83e-2)"	"unprognostic (1.02e-1)"	"potential prognostic favorable (2.01e-4)"	"unprognostic (2.37e-2)"	"unprognostic (8.25e-3)"	"unprognostic (3.94e-2)"	"unprognostic (1.51e-2)"	"unprognostic (1.68e-1)"	"unprognostic (2.40e-1)"	"unprognostic (5.24e-2)"	"unprognostic (3.83e-1)"	"unprognostic (2.82e-2)"	"unprognostic (4.75e-2)"	"unprognostic (1.20e-1)"	"unprognostic (1.92e-1)"	"unprognostic (2.33e-1)"	"unprognostic (3.72e-2)"	"unprognostic (1.53e-1)"	"unprognostic (9.40e-3)"	"unprognostic (2.22e-1)"	"unprognostic (6.65e-2)"
SELENOP	"SELP, SeP, SEPP, SEPP1"	ENSG00000250722	"Selenoprotein P"	P49908	5	42799880-42887392	"Plasma proteins, Predicted membrane proteins, Predicted secreted proteins"				"Evidence at protein level"	"Evidence at protein level"	"Evidence at protein level"	"Evidence at protein level"	"Group enriched"	"Detected in all"	4	"intestine: 1966.1;liver: 5860.1"	"Cell type enhanced"	"Detected in many"		"Colonocytes: 1222.9;Enterocytes: 6545.4;Hepatocytes: 3668.6;Hofbauer cells: 1839.8;Kupffer cells: 3992.0;Macrophages: 1395.9"	"Group enriched"	"Detected in all"	4	"Enterocytes: 6545.4;Hepatocytes: 3668.6;Mononuclear phagocytes: 3992.0"	"Cell type enhanced"	"Detected in many"		"oligodendrocyte: 764.7"	"Cancer enhanced"	"Detected in all"		"Liver Hepatocellular Carcinoma (TCGA): 1387.0"	"Low region specificity"	"Detected in all"			"Not detected in immune cells"	"Not detected"			"Not detected"	"Not detected"			"Cancer enhanced"	"Detected in many"		"liver cancer: 182.2"	"Liver - Hepatocytes, Spleen - Macrophages, Thyroid gland - Fibroblasts"	"Low region specificity"	"Detected in all"							"Cell type enhanced"	"Detected in many"		"Smooth muscle cells: 3464874.5"	"Low tissue specificity"	"Detected in many"			HPA036287	Approved		Uncertain	"Nucleoplasm,Golgi apparatus,Connecting piece"	"Secreted to blood"	"No annotated function"	NA	NA	2220000000	1600000000	"Cluster 12: Non-specific - Mitochondrial translation"	"Cluster 45: Liver - Metabolism & Coagulation"	"Cluster 30: White matter - Myelination"	"Cluster 18: Liver cancer - Metabolism"	"Cluster 1: Enterocytes - Absorption and Digestion"	1	"Nucleoplasm, Golgi apparatus"	"Connecting piece"	"HPA036287: "	"unprognostic (5.10e-2)"	"unprognostic (5.37e-2)"		"unprognostic (3.63e-1)"	"unprognostic (5.54e-2)"	"unprognostic (2.30e-1)"	"unprognostic (7.03e-3)"	"unprognostic (1.12e-2)"	"unprognostic (1.07e-1)"	"unprognostic (1.98e-2)"	"validated prognostic favorable (1.06e-10)"	"validated prognostic favorable (5.94e-5)"	"unprognostic (1.46e-2)"	"unprognostic (9.78e-2)"		"potential prognostic favorable (2.48e-5)"	"unprognostic (9.32e-2)"	"unprognostic (9.16e-2)"	"unprognostic (1.74e-1)"	"unprognostic (1.31e-1)"	"unprognostic (3.49e-2)"	"unprognostic (6.27e-3)"	"unprognostic (8.80e-2)"	"unprognostic (8.87e-2)"	"unprognostic (5.34e-2)"	"unprognostic (4.28e-1)"	"unprognostic (3.34e-3)"	"unprognostic (4.05e-3)"	"unprognostic (6.59e-2)"	"unprognostic (2.46e-1)"	"unprognostic (1.57e-1)"
SIGLEC6	"CD327, CD33L, CD33L1, OB-BP1, SIGLEC-6"	ENSG00000105492	"Sialic acid binding Ig like lectin 6"	O43699	19	51517819-51531856	"CD markers, Predicted membrane proteins, Predicted secreted proteins"	"Cell adhesion"			"Evidence at protein level"	"Evidence at protein level"	"Evidence at protein level"	"Evidence at protein level"	"Tissue enriched"	"Detected in many"	24	"placenta: 100.4"	"Group enriched"	"Detected in some"	16	"Cytotrophoblasts: 204.1;Mast cells: 197.5;Migrating cytotrophoblasts: 227.7;Syncytiotrophoblasts: 427.6"	"Group enriched"	"Detected in some"	19	"Mast cells: 197.5;Trophoblast cells: 427.6"	"Not detected"	"Not detected"			"Group enriched"	"Detected in some"	4	"Bladder Urothelial Carcinoma (TCGA): 2.8;Thyroid Carcinoma (TCGA): 7.2"	"Low region specificity"	"Detected in all"			"Immune cell enhanced"	"Detected in some"		"memory B-cell: 7.2;plasmacytoid DC: 11.0"	"Group enriched"	"Detected in many"	9	"B-cells: 7.2;dendritic cells: 11.0;granulocytes: 4.9"	"Group enriched"	"Detected in some"	5	"Bladder cancer: 7.8;colorectal cancer: 11.8;Leukemia: 25.0"	"Adipose subcutaneous - Mast cells, Adipose visceral - Mast cells, Colon - Mast cells, Lung - Mast cells, Minor Salivary Gland - Mast cells, Prostate - Fibroblasts, Skin - Mast cells"					"Low region specificity"	"Detected in some"			"Not detected"	"Not detected"			"Tissue enriched"	"Detected in single"	127	"lymphoid tissue: 12689.9"	"HPA008945, HPA009084, HPA018198"	Enhanced		Approved	"Plasma membrane,Cytosol"	"Secreted to blood"	"Cell adhesion"	NA	NA		8000	"Cluster 23: B-cells - Immunoglobulins"	"Cluster 43: Placenta - Pregnancy hormone signaling"	"Cluster 48: Non-specific - Mixed function"	"Cluster 49: HMC-1 - Innate immune response"	"Cluster 63: Cytotrophoblasts - Basic cellular functions"	2	"Plasma membrane, Cytosol"		"HPA008945: , HPA009084: , HPA018198: "	"unprognostic (6.51e-2)"		"unprognostic (5.75e-2)"			"unprognostic (1.42e-1)"										"potential prognostic favorable (1.21e-4)"	"unprognostic (4.50e-2)"		"unprognostic (1.16e-1)"			"unprognostic (1.54e-1)"	"unprognostic (1.51e-1)"			"unprognostic (1.69e-2)"		"unprognostic (1.32e-2)"		"unprognostic (4.26e-2)"	
SLAMF1	"CD150, SLAM"	ENSG00000117090	"Signaling lymphocytic activation molecule family member 1"	Q13291	1	160608106-160647044	"CD markers, Predicted membrane proteins, Predicted secreted proteins"	"Adaptive immunity, Cell adhesion, Host-virus interaction, Immunity, Innate immunity, Phagocytosis"	"Host cell receptor for virus entry, Receptor"		"Evidence at protein level"	"Evidence at protein level"	"Evidence at protein level"	"Evidence at protein level"	"Tissue enriched"	"Detected in some"	8	"lymphoid tissue: 59.1"	"Cell type enhanced"	"Detected in some"		"B-cells: 43.2;cDC: 15.1;Innate lymphoid cells: 55.0;Late spermatids: 14.8;Macrophages: 17.6;Mast cells: 28.9;monocytes: 43.1;Plasma cells: 133.4;T-cells: 93.9"	"Cell type enhanced"	"Detected in some"		"B-cells: 43.2;Innate lymphoid cells: 55.0;Mononuclear phagocytes: 43.1;Plasma cells: 133.4;T-cells: 93.9"	"Cell type enriched"	"Detected in single"	120	"leukocyte: 89.2"	"Low cancer specificity"	"Detected in many"			"Not detected"	"Not detected"			"Immune cell enhanced"	"Detected in many"		"MAIT T-cell: 51.2;T-reg: 49.0"	"Group enriched"	"Detected in many"	16	"B-cells: 17.9;T-cells: 51.2"	"Cancer enhanced"	"Detected in some"		"Leukemia: 14.5;lymphoma: 35.8"	"Adipose subcutaneous - T-cells, Liver - T-cells, Prostate - T-cells, Skin - T-cells, Spleen - T-cells"	"Not detected"	"Not detected"			"Low region specificity"	"Detected in all"			"Group enriched"	"Detected in some"	8600	"B-cells: 746366.4;Macrophages: 747656.2;T-cells: 1085920.4"	"Tissue enriched"	"Detected in single"	11286	"lymphoid tissue: 1128630.2"	"CAB002438, HPA069319"	Enhanced				"Secreted to blood"	Receptor	NA	NA		61000	"Cluster 16: Non-specific - Cell proliferation"	"Cluster 80: Thymus - Adaptive immune response"		"Cluster 55: Lymphoma - Immune response"	"Cluster 78: Plasma cells - Antibody production & ER-stress response"	7			"CAB002438: , HPA069319: "	"unprognostic (6.04e-2)"	"unprognostic (1.08e-2)"	"unprognostic (8.02e-2)"	"potential prognostic favorable (7.93e-4)"	"unprognostic (1.30e-1)"	"unprognostic (2.72e-2)"			"potential prognostic favorable (3.16e-5)"		"unprognostic (7.44e-2)"	"unprognostic (1.69e-1)"			"unprognostic (6.33e-3)"	"potential prognostic favorable (6.60e-6)"	"unprognostic (2.40e-2)"	"unprognostic (2.26e-1)"	"unprognostic (1.94e-1)"			"unprognostic (1.07e-1)"	"unprognostic (4.14e-1)"		"unprognostic (1.16e-2)"	"unprognostic (4.50e-2)"	"unprognostic (9.16e-2)"	"unprognostic (3.13e-1)"	"unprognostic (4.50e-2)"		
SLIT2	"SLIL3, Slit-2"	ENSG00000145147	"Slit guidance ligand 2"	O94813	4	20251905-20620561	"Predicted intracellular proteins, Predicted membrane proteins, Predicted secreted proteins, Transporters"	"Chemotaxis, Differentiation, Neurogenesis"	"Developmental protein, Heparin-binding"		"Evidence at protein level"	"Evidence at transcript level"	"Evidence at protein level"	"Evidence at protein level"	"Low tissue specificity"	"Detected in many"			"Cell type enhanced"	"Detected in many"		"Adrenal cortex cells: 1431.1;Choroid plexus epithelial cells: 824.3;Ependymal cells: 521.9;Epididymal basal cells: 499.2;Fibro-adipogenic progenitors: 641.0;Pituicytes/FSCs: 2043.1;Pituitary stem cells: 1119.8;Renal collecting duct intercalated cells: 1450.4;Retinal amacrine cells: 668.9"	"Cell type enhanced"	"Detected in many"		"Adrenal endocrine cells: 1431.1;Ductal cells: 1450.4;Glial cells: 2043.1;Stem cells: 1119.8"	"Cell type enhanced"	"Detected in all"		"mammillary body: 1693.5;MGE interneuron: 1400.0"	"Cancer enriched"	"Detected in many"	5	"Kidney Chromophobe (TCGA): 37.5"	"Low region specificity"	"Detected in all"			"Not detected in immune cells"	"Not detected"			"Not detected"	"Not detected"			"Low cancer specificity"	"Detected in many"			"Adrenal gland - Adrenal cortex cells, Breast - Fibroblasts, Heart muscle - Fibroblasts, Lung - Fibroblasts_1, Pancreas - Fibroblasts, Prostate - Fibroblasts, Thyroid gland - Fibroblasts"	"Low region specificity"	"Detected in many"			"Low region specificity"	"Detected in many"			"Cell type enriched"	"Detected in many"		"Alveolar cell types: 2280463.4"	"Group enriched"	"Detected in some"		"fallopian tube: 761095.1;intestine: 846845.4;Stomach: 2245033.1"	"CAB007590, HPA019511, HPA023088"	Uncertain				"Secreted in other tissues"	"Developmental protein"	NA	NA		170000		"Cluster 13: Lung - Secretion"	"Cluster 23: Choroid plexus - Mixed function"	"Cluster 5: Rhabdoid - Unknown function"	"Cluster 91: Pituicytes/FSC - Homeostasis & neuron support"	4			"CAB007590: , HPA019511: , HPA023088: "	"unprognostic (2.27e-2)"	"unprognostic (2.65e-1)"	"unprognostic (2.51e-2)"	"unprognostic (6.15e-2)"	"unprognostic (2.16e-2)"	"unprognostic (6.02e-2)"	"unprognostic (2.89e-2)"	"unprognostic (8.69e-2)"	"unprognostic (1.54e-1)"	"unprognostic (8.17e-2)"	"unprognostic (9.66e-3)"	"unprognostic (1.89e-2)"	"unprognostic (1.48e-2)"		"unprognostic (1.00e-1)"	"unprognostic (1.74e-1)"	"unprognostic (6.24e-2)"	"unprognostic (1.12e-2)"	"unprognostic (2.04e-1)"	"unprognostic (1.16e-2)"	"unprognostic (2.38e-1)"	"unprognostic (1.13e-1)"	"unprognostic (4.94e-2)"	"unprognostic (4.79e-2)"	"unprognostic (9.58e-3)"	"unprognostic (7.45e-2)"	"unprognostic (2.56e-1)"	"unprognostic (2.47e-3)"	"unprognostic (1.57e-2)"	"unprognostic (2.07e-1)"	"unprognostic (1.22e-1)"
SLITRK1	"KIAA1910, LRRC12"	ENSG00000178235	"SLIT and NTRK like family member 1"	Q96PX8	13	83877205-83882474	"Disease related genes, Human disease related genes, Plasma proteins, Predicted membrane proteins, Predicted secreted proteins"				"Evidence at protein level"	"Evidence at protein level"	"Evidence at protein level"	"Evidence at protein level"	"Tissue enriched"	"Detected in some"	5	"brain: 13.8"	"Cell type enhanced"	"Detected in some"		"Brain excitatory neurons: 14.7;Brain inhibitory neurons: 10.5;Oligodendrocyte progenitor cells: 37.3;Oligodendrocytes: 29.7;Other brain neurons: 17.3;Pituicytes/FSCs: 110.6;Retinal bipolar cells: 13.0"	"Cell type enriched"	"Detected in some"	6	"Glial cells: 110.6"	"Low cell type specificity"	"Detected in many"			"Cancer enriched"	"Detected in single"	9	"Glioblastoma Multiforme (TCGA): 3.1"	"Low region specificity"	"Detected in all"			"Not detected in immune cells"	"Not detected"			"Not detected"	"Not detected"			"Cancer enhanced"	"Detected in some"		"Gallbladder cancer: 4.2"		"Low region specificity"	"Detected in all"			"Low region specificity"	"Detected in all"			"Group enriched"	"Detected in some"		"Astrocytes and Neuropil: 3150067.7;Microglia and Neuropil: 2400104.3;Neurons: 3123908.6"	"Tissue enriched"	"Detected in single"	32607	"cerebral cortex: 3260677.6"	HPA074835	Enhanced				"Secreted in brain"	"No annotated function"	NA	NA		130000		"Cluster 73: Brain - Neuronal signaling"	"Cluster 53: Neurons - Mixed function"	"Cluster 11: Neuronal - Sensory perception"	"Cluster 91: Pituicytes/FSC - Homeostasis & neuron support"	2			"HPA074835: "			"unprognostic (2.36e-1)"				"unprognostic (2.71e-1)"	"potential prognostic favorable (1.34e-4)"																							
SMIM20	"C4orf52, MITRAC7, PNX"	ENSG00000250317	"Small integral membrane protein 20"	Q8N5G0	4	25861830-25929813	"Predicted membrane proteins, Predicted secreted proteins"				"Evidence at protein level"	"Evidence at transcript level"	"Evidence at protein level"	"Evidence at protein level"	"Low tissue specificity"	"Detected in all"			"Cell type enhanced"	"Detected in many"		"Epididymal principal cells: 221.2"	"Cell type enhanced"	"Detected in all"		"Reproductive supporting cells: 221.2"	"Low cell type specificity"	"Detected in all"			"Low cancer specificity"	"Detected in all"			"Low region specificity"	"Detected in all"			"Low immune cell specificity"	"Detected in all"			"Low lineage specificity"	"Detected in all"			"Low cancer specificity"	"Detected in all"				"Low region specificity"	"Detected in all"			"Low region specificity"	"Detected in all"			"Cell type enhanced"	"Detected in many"		"Distal tubules: 2623103.4"	"Low tissue specificity"	"Detected in many"			HPA016552	Approved		Approved	Nucleoplasm,Nucleoli,Cytosol	"Secreted to blood"	"No annotated function"	NA	NA			"Cluster 5: Non-specific - Cell proliferation"	"Cluster 25: Non-specific - Basic cellular processes"	"Cluster 21: Non-specific - Metabolism"	"Cluster 46: Lymphoma - Humoral immune response"	"Cluster 44: Plasma cells - Antibody production & secretion"		"Nucleoplasm, Cytosol"	Nucleoli	"HPA016552: "	"unprognostic (1.20e-1)"	"unprognostic (4.86e-2)"		"unprognostic (4.65e-1)"	"unprognostic (2.09e-1)"	"unprognostic (5.42e-2)"	"validated prognostic unfavorable (9.98e-5)"	"validated prognostic unfavorable (9.78e-4)"	"unprognostic (6.03e-2)"	"unprognostic (1.81e-1)"	"unprognostic (1.33e-3)"	"unprognostic (2.72e-2)"	"unprognostic (1.42e-2)"	"potential prognostic unfavorable (3.12e-4)"		"unprognostic (1.03e-3)"	"unprognostic (1.31e-1)"	"unprognostic (6.04e-2)"	"unprognostic (3.23e-1)"	"unprognostic (2.76e-1)"	"unprognostic (2.29e-1)"	"unprognostic (1.92e-1)"	"unprognostic (4.13e-1)"	"unprognostic (1.59e-1)"	"unprognostic (9.48e-2)"	"unprognostic (2.98e-2)"	"unprognostic (5.44e-1)"	"unprognostic (8.19e-2)"	"unprognostic (7.40e-2)"	"unprognostic (2.88e-1)"	"unprognostic (5.70e-3)"
SORL1	"C11orf32, gp250, LR11, LRP9, SorLA, SorLA-1"	ENSG00000137642	"Sortilin related receptor 1"	Q92673	11	121452314-121633763	"Disease related genes, Plasma proteins, Potential drug targets, Predicted membrane proteins, Predicted secreted proteins, Transporters"	"Endocytosis, Transport"	Receptor	"Alzheimer disease, Amyloidosis, Disease variant, Neurodegeneration"	"Evidence at protein level"	"Evidence at transcript level"	"Evidence at protein level"	"Evidence at protein level"	"Low tissue specificity"	"Detected in all"			"Cell type enhanced"	"Detected in many"		"Microglia: 2068.7;Neutrophil progenitors: 1032.7;Neutrophils: 4912.5;Pituitary stem cells: 551.2"	"Group enriched"	"Detected in many"	6	"Glial cells: 2068.7;Neutrophils: 4912.5"	"Cell type enriched"	"Detected in all"	5	"central nervous system macrophage: 2426.7"	"Low cancer specificity"	"Detected in all"			"Low region specificity"	"Detected in all"			"Immune cell enhanced"	"Detected in all"		"neutrophil: 126.1"	"Lineage enriched"	"Detected in all"	4	"granulocytes: 126.1"	"Low cancer specificity"	"Detected in all"			"Adipose visceral - Neutrophils, Liver - Hepatocytes, Lung - Neutrophils_2, Minor Salivary Gland - Smooth muscle cells, Pituitary gland - Lactotropes, Prostate - Prostate basal glandular cells, Spleen - Neutrophils_2"	"Low region specificity"	"Detected in all"			"Low region specificity"	"Detected in all"			"Cell type enhanced"	"Detected in many"		"Pancreatic islets: 59212325.7"	"Tissue enhanced"	"Detected in many"		"cerebral cortex: 37781028.7"	"CAB011500, HPA031321"	Uncertain				"Secreted to blood"	Receptor	NA	NA		8500	"Cluster 21: Neutrophils - Unknown function"	"Cluster 45: Liver - Metabolism & Coagulation"	"Cluster 28: Oligodendrocytes - Mixed function"	"Cluster 46: Lymphoma - Humoral immune response"	"Cluster 24: Neutrophils - Innate immunity signal integration"	67			"CAB011500: , HPA031321: "	"unprognostic (1.77e-2)"	"unprognostic (1.48e-1)"	"unprognostic (4.43e-2)"	"unprognostic (2.36e-1)"	"unprognostic (1.24e-1)"	"unprognostic (2.25e-1)"	"unprognostic (3.86e-1)"	"unprognostic (7.38e-2)"	"unprognostic (4.04e-2)"	"unprognostic (4.88e-2)"	"validated prognostic favorable (1.40e-9)"	"validated prognostic favorable (1.72e-4)"	"unprognostic (4.30e-2)"	"unprognostic (2.20e-2)"	"unprognostic (3.15e-3)"	"unprognostic (1.78e-2)"	"unprognostic (2.30e-1)"	"unprognostic (6.53e-3)"	"unprognostic (2.22e-3)"	"unprognostic (2.61e-2)"	"unprognostic (1.02e-2)"	"unprognostic (2.06e-1)"	"unprognostic (2.24e-1)"	"unprognostic (1.44e-1)"	"unprognostic (1.34e-2)"	"unprognostic (2.36e-1)"	"unprognostic (2.12e-1)"	"unprognostic (4.61e-1)"	"unprognostic (1.70e-1)"	"unprognostic (4.96e-2)"	"unprognostic (1.22e-2)"
SPACA3	"ALLP17, CT54, LYC3, LYZL3, SLLP1"	ENSG00000141316	"Sperm acrosome associated 3"	Q8IXA5	17	32970376-32997877	"Predicted intracellular proteins, Predicted membrane proteins, Predicted secreted proteins"				"Evidence at protein level"	"Evidence at protein level"	"Evidence at protein level"	"Evidence at protein level"	"Tissue enriched"	"Detected in some"	6	"testis: 117.7"	"Group enriched"	"Detected in some"	56	"Early spermatids: 1520.6;Late primary spermatocytes: 614.4;Late spermatids: 1392.8"	"Cell type enriched"	"Detected in some"	72	"Spermatogenic cell types: 1520.6"	"Not detected"	"Not detected"			"Cancer enhanced"	"Detected in some"		"Rectum Adenocarcinoma (TCGA): 2.3"	"Low region specificity"	"Detected in all"			"Immune cell enriched"	"Detected in single"	5	"memory B-cell: 1.2"	"Lineage enriched"	"Detected in single"	5	"B-cells: 1.2"	"Cancer enriched"	"Detected in single"	11	"Myeloma: 8.3"	"Testis - Late spermatids"	"Not detected"	"Not detected"			"Not detected"	"Not detected"			"Not detected"	"Not detected"			"Not detected"	"Not detected"			HPA023633	Enhanced		Approved	Acrosome	"Secreted in male reproductive system"	"No annotated function"	NA	NA				"Cluster 21: Testis - Mixed function"	"Cluster 10: Cerebellum - Nucleic acid binding"	"Cluster 51: Myeloma - Immunoglobulins"	"Cluster 42: Early spermatids - Spermiogenesis: Acrosomal phase"	1	Acrosome		"HPA023633: "					"unprognostic (4.38e-1)"	"unprognostic (7.48e-2)"																			"unprognostic (1.88e-3)"	"unprognostic (1.01e-2)"	"unprognostic (1.02e-1)"				
SPINT1	"HAI, HAI-1, MANSC2"	ENSG00000166145	"Serine peptidase inhibitor, Kunitz type 1"	O43278	15	40844018-40858207	"Cancer-related genes, Essential proteins, Plasma proteins, Predicted intracellular proteins, Predicted membrane proteins, Predicted secreted proteins, Transporters"		"Protease inhibitor, Serine protease inhibitor"	"Cancer-related genes"	"Evidence at protein level"	"Evidence at protein level"	"Evidence at protein level"	"Evidence at protein level"	"Tissue enhanced"	"Detected in many"		"esophagus: 223.2"	"Cell type enhanced"	"Detected in many"		"Cytotrophoblasts: 1470.5;Enterocytes: 488.4;Esophageal apical cells: 2822.0;Migrating cytotrophoblasts: 977.6;Syncytiotrophoblasts: 2062.9"	"Group enriched"	"Detected in many"	5	"Apical squamous epithelial cells: 2822.0;Trophoblast cells: 2062.9"	"Cell type enhanced"	"Detected in some"		"central nervous system macrophage: 6.8;leukocyte: 5.3;upper rhombic lip: 6.0"	"Low cancer specificity"	"Detected in all"			"Low region specificity"	"Detected in all"			"Low immune cell specificity"	"Detected in many"			"Low lineage specificity"	"Detected in all"			"Low cancer specificity"	"Detected in many"			"Adipose visceral - Mesothelial cells, Breast - Breast glandular cells, Colon - Colon enterocytes, Liver - Cholangiocytes, Lung - Alveolar cells type 2, Minor Salivary Gland - Minor salivary glandular cells, Stomach - Gastric mucous cells, Testis - Spermatogonia, Thyroid gland - Thyroid glandular cells"	"Low region specificity"	"Detected in many"			"Not detected"	"Not detected"			"Cell type enhanced"	"Detected in many"		"Collecting ducts: 4599796.6;Keratinocytes: 6567843.3"	"Tissue enhanced"	"Detected in many"		"intestine: 2491553.4"	"HPA006903, HPA031178"	Uncertain		Supported	"Nucleoplasm,Plasma membrane,Cytosol"	"Secreted to blood"	"Enzyme inhibitor"	NA	NA		10000000	"Cluster 7: Non-specific - Innate immune response"	"Cluster 11: Esophagus - Basic cellular processes"	"Cluster 50: Non-specific - Nucleic acid binding"	"Cluster 53: Squamous epithelial cells - Keratinization"	"Cluster 84: Apical squamous epithelium - Cornification"	17	"Plasma membrane, Cytosol"	Nucleoplasm	"HPA006903: , HPA031178: "	"unprognostic (6.42e-2)"	"unprognostic (2.17e-3)"	"unprognostic (1.32e-1)"	"potential prognostic unfavorable (6.56e-4)"	"unprognostic (4.43e-1)"	"unprognostic (5.38e-2)"	"unprognostic (4.18e-2)"	"unprognostic (3.45e-3)"	"unprognostic (1.06e-1)"	"unprognostic (1.21e-1)"	"potential prognostic favorable (3.32e-7)"	"unprognostic (7.89e-2)"	"unprognostic (2.84e-2)"	"unprognostic (2.36e-2)"	"unprognostic (2.03e-1)"	"unprognostic (2.24e-2)"	"potential prognostic unfavorable (6.63e-5)"	"unprognostic (3.79e-1)"	"unprognostic (3.09e-2)"	"unprognostic (8.23e-2)"	"unprognostic (2.53e-2)"	"unprognostic (2.72e-3)"	"unprognostic (1.86e-2)"	"unprognostic (2.43e-1)"	"unprognostic (1.82e-1)"	"unprognostic (1.14e-2)"	"unprognostic (2.55e-3)"	"unprognostic (3.09e-2)"	"unprognostic (4.79e-1)"	"unprognostic (1.60e-2)"	"unprognostic (5.32e-2)"
TECTA	"DFNA12, DFNA8, DFNB21"	ENSG00000109927	"Tectorin alpha"	O75443	11	121101243-121191490	"Disease related genes, Human disease related genes, Potential drug targets, Predicted membrane proteins, Predicted secreted proteins, Transporters"	Hearing		"Deafness, Disease variant, Non-syndromic deafness"	"Evidence at protein level"	"Evidence at transcript level"	"Evidence at protein level"	"Evidence at protein level"	"Low tissue specificity"	"Detected in some"			"Cell type enhanced"	"Detected in many"		"Brain excitatory neurons: 12.8;Brain inhibitory neurons: 15.8;Choroid plexus epithelial cells: 13.3;Other brain neurons: 16.3;Retinal ganglion cells: 11.6;Thymic myoid cells: 25.8"	"Cell type enhanced"	"Detected in many"		"Neuronal cells: 16.3;Stromal cells: 25.8"	"Low cell type specificity"	"Detected in all"			"Cancer enhanced"	"Detected in single"		"Glioblastoma Multiforme (TCGA): 1.0"	"Low region specificity"	"Detected in all"			"Not detected in immune cells"	"Not detected"			"Not detected"	"Not detected"			"Cancer enriched"	"Detected in single"	4	"Sarcoma: 3.3"	"Heart muscle - Cardiomyocytes"	"Not detected"	"Not detected"			"Low region specificity"	"Detected in all"			"Cell type enriched"	"Detected in single"	317	"Astrocytes and Neuropil: 31682.4"	"Group enriched"	"Detected in some"	7534	"cerebral cortex: 817857.2;heart muscle: 651588.6;lymphoid tissue: 790736.1"	HPA018870	Approved				"Secreted in other tissues"	Other	NA	NA				"Cluster 48: Ciliated tissues - Cilium organization"	"Cluster 1: Neurons - Mixed function"	"Cluster 54: Non-specific - Transcription"	"Cluster 71: Non-specific - Cardiac endocrine signaling & maintenanc"				"HPA018870: "			"unprognostic (7.67e-2)"				"unprognostic (1.40e-1)"	"unprognostic (1.38e-2)"																							
TEK	"CD202b, TIE-2, TIE2, VMCM, VMCM1"	ENSG00000120156	"TEK receptor tyrosine kinase"	Q02763	9	27109141-27230174	"Cancer-related genes, CD markers, Disease related genes, Enzymes, FDA approved drug targets, Human disease related genes, Plasma proteins, Predicted membrane proteins, Predicted secreted proteins, RAS pathway related proteins"	Angiogenesis	"Kinase, Receptor, Transferase, Tyrosine-protein kinase"	"Cancer-related genes, Disease variant, FDA approved drug targets, Glaucoma"	"Evidence at protein level"	"Evidence at protein level"	"Evidence at protein level"	"Evidence at protein level"	"Tissue enhanced"	"Detected in many"		"placenta: 43.5"	"Group enriched"	"Detected in many"	6	"Lymphatic endothelial cells: 124.0;Oligodendrocyte progenitor cells: 141.9;Vascular endothelial cells: 321.2"	"Group enriched"	"Detected in many"	8	"Endothelial cells: 321.2;Glial cells: 141.9"	"Group enriched"	"Detected in all"	8	"endothelial cell: 417.7;oligodendrocyte precursor cell: 143.8"	"Cancer enhanced"	"Detected in all"		"Kidney Renal Clear Cell Carcinoma (TCGA): 13.4"	"Low region specificity"	"Detected in all"			"Not detected in immune cells"	"Not detected"			"Not detected"	"Not detected"			"Group enriched"	"Detected in some"	6	"Rhabdoid: 17.5;testis cancer: 16.9"	"Adipose subcutaneous - Endothelial cells, Adipose visceral - Endothelial cells, Adrenal gland - Endothelial cells, Breast - Endothelial cells, Colon - Endothelial cells, Heart muscle - Endothelial cells, Kidney - Endothelial cells, Lung - Endothelial cells, Minor Salivary Gland - Endothelial cells, Pituitary gland - Endothelial cells, Prostate - Endothelial cells, Skeletal muscle - Endothelial cells, Spleen - Endothelial cells, Stomach - Endothelial cells, Testis - Endothelial cells, Thyroid gland - Endothelial cells"	"Low region specificity"	"Detected in all"			"Low region specificity"	"Detected in all"			"Cell type enhanced"	"Detected in some"		"Alveolar cell types: 540869.1;Glomeruli: 1521486.2"	"Group enriched"	"Detected in some"		"liver: 47187.6;lung: 114240.3;lymphoid tissue: 64758.3"	"CAB010359, HPA073265"	Approved		Supported	"Plasma membrane,Centrosome,Basal body"	"Secreted to blood"	Receptor	NA	NA	7750000	3100000		"Cluster 14: Adipose tissue - Angiogenesis"	"Cluster 47: Endothelial cells - Vasculature"	"Cluster 48: Adipocytes & Endothelial cells - Angiogenesis"	"Cluster 12: Endothelial cells - Angiogenesis & vascular homeostasis"	14	"Plasma membrane"	"Centrosome, Basal body"	"CAB010359: , HPA073265: "	"unprognostic (2.08e-1)"	"unprognostic (3.02e-1)"	"unprognostic (7.64e-3)"	"unprognostic (4.21e-2)"	"unprognostic (3.16e-2)"	"unprognostic (5.78e-2)"	"unprognostic (2.56e-1)"	"unprognostic (8.83e-3)"	"unprognostic (4.71e-3)"	"unprognostic (3.04e-1)"	"validated prognostic favorable (3.45e-13)"	"validated prognostic favorable (5.48e-5)"	"unprognostic (4.39e-3)"	"validated prognostic favorable (1.01e-4)"	"validated prognostic favorable (8.49e-4)"	"unprognostic (2.27e-2)"	"unprognostic (3.43e-2)"	"unprognostic (6.68e-2)"	"unprognostic (1.65e-1)"	"unprognostic (1.82e-1)"		"unprognostic (7.71e-2)"	"unprognostic (1.10e-2)"	"unprognostic (1.11e-1)"	"unprognostic (1.48e-1)"	"unprognostic (6.37e-2)"	"unprognostic (1.74e-2)"	"unprognostic (3.60e-3)"	"unprognostic (3.71e-2)"	"unprognostic (5.25e-2)"	"unprognostic (6.63e-2)"
TEX101	"CT131, MGC4766, SGRG, SPATA44, TES101RP"	ENSG00000131126	"Testis expressed 101"	Q9BY14	19	43401496-43418597	"Predicted membrane proteins, Predicted secreted proteins"				"Evidence at protein level"	"Evidence at protein level"	"Evidence at protein level"	"Evidence at protein level"	"Tissue enriched"	"Detected in some"	73	"testis: 111.4"	"Cell type enriched"	"Detected in some"	13	"Early primary spermatocytes: 1013.1"	"Cell type enriched"	"Detected in some"	20	"Spermatogenic cell types: 1013.1"	"Low cell type specificity"	"Detected in some"			"Low cancer specificity"	"Detected in some"			"Region enriched"	"Detected in many"	5	"cerebral cortex: 45.4"	"Immune cell enriched"	"Detected in single"	557	"basophil: 55.7"	"Lineage enriched"	"Detected in single"	557	"granulocytes: 55.7"	"Not detected"	"Not detected"			"Testis - Spermatocytes"	"Not detected"	"Not detected"			"Low region specificity"	"Detected in all"			"Not detected"	"Not detected"			"Not detected"	"Not detected"			"HPA041915, HPA042513"	Enhanced				"Secreted in male reproductive system"	"No annotated function"	NA	NA			"Cluster 46: Basophils - Proteolysis"	"Cluster 6: Testis - Spermatogenesis"	"Cluster 4: Non-specific - mRNA splicing & Cell cycle"	"Cluster 10: Ciliated cells - Ion channel activity"	"Cluster 3: Early primary spermatocytes - Early meiosis"	1			"HPA041915: , HPA042513: "						"unprognostic (1.81e-1)"	"unprognostic (1.37e-1)"								"unprognostic (6.78e-1)"			"unprognostic (1.86e-2)"		"unprognostic (2.72e-2)"											
TFRC	"CD71, p90, TFR1"	ENSG00000072274	"Transferrin receptor"	P02786	3	196012511-196082153	"Cancer-related genes, CD markers, Disease related genes, Enzymes, Essential proteins, FDA approved drug targets, Human disease related genes, Metabolic proteins, Plasma proteins, Predicted intracellular proteins, Predicted membrane proteins, Predicted secreted proteins, Transporters"	"Endocytosis, Host-virus interaction"	"Host cell receptor for virus entry, Receptor, Transducer"	"Cancer-related genes, Disease variant, FDA approved drug targets"	"Evidence at protein level"	"Evidence at protein level"	"Evidence at protein level"	"Evidence at protein level"	"Low tissue specificity"	"Detected in all"			"Cell type enhanced"	"Detected in all"		"Erythrocyte progenitors: 1607.6;Macrophages: 398.1;monocytes: 409.6;Syncytiotrophoblasts: 710.3"	"Cell type enhanced"	"Detected in all"		"Erythrocytes: 1607.6;Trophoblast cells: 710.3"	"Cell type enriched"	"Detected in all"	6	"endothelial cell: 425.2"	"Low cancer specificity"	"Detected in all"			"Low region specificity"	"Detected in all"			"Immune cell enhanced"	"Detected in many"		"non-classical monocyte: 9.2"	"Low lineage specificity"	"Detected in many"			"Low cancer specificity"	"Detected in all"			"Adrenal gland - Adrenal cortex cells"	"Low region specificity"	"Detected in all"			"Low region specificity"	"Detected in all"			"Cell type enriched"	"Detected in all"		"Alveolar cell types: 252066141.9"	"Tissue enriched"	"Detected in all"		"bone marrow: 260198939.3"	"CAB000153, HPA028598"	Enhanced		Supported	Endosomes,Lysosomes	"Secreted to blood"	Receptor	NA	NA	1310000000	140000000	"Cluster 13: Non-specific - Mitochondria"	"Cluster 63: Non-specific - Basic cellular processes"	"Cluster 52: Neurons & Synapses - Synaptic function"	"Cluster 51: Myeloma - Immunoglobulins"	"Cluster 66: Erythroid cells - Erythroid differentiation and maturation"	139	"Endosomes, Lysosomes"		"CAB000153: , HPA028598: "	"unprognostic (1.60e-2)"	"unprognostic (3.39e-2)"	"unprognostic (5.13e-2)"	"potential prognostic unfavorable (1.85e-4)"	"unprognostic (2.38e-1)"	"unprognostic (1.11e-1)"	"unprognostic (8.70e-2)"	"potential prognostic unfavorable (1.03e-4)"	"unprognostic (5.60e-2)"	"potential prognostic unfavorable (5.77e-4)"	"unprognostic (3.95e-3)"	"unprognostic (1.14e-1)"	"unprognostic (1.88e-2)"	"validated prognostic unfavorable (9.59e-6)"	"validated prognostic unfavorable (4.51e-6)"	"unprognostic (2.55e-2)"	"unprognostic (8.36e-3)"	"unprognostic (1.66e-2)"	"potential prognostic favorable (9.13e-4)"	"unprognostic (1.15e-2)"	"unprognostic (9.70e-3)"	"unprognostic (9.81e-3)"	"unprognostic (6.19e-2)"	"unprognostic (1.12e-2)"	"unprognostic (2.82e-2)"	"unprognostic (1.80e-2)"	"unprognostic (9.43e-3)"	"unprognostic (3.05e-2)"	"unprognostic (5.45e-2)"	"unprognostic (2.02e-3)"	"unprognostic (7.72e-2)"
TGFA		ENSG00000163235	"Transforming growth factor alpha"	P01135	2	70447284-70554193	"Cancer-related genes, Human disease related genes, Plasma proteins, Predicted membrane proteins, Predicted secreted proteins, RAS pathway related proteins"		"Growth factor, Mitogen"	"Cancer-related genes"	"Evidence at protein level"	"Evidence at transcript level"	"Evidence at protein level"	"Evidence at protein level"	"Tissue enhanced"	"Detected in many"		"brain: 24.5;esophagus: 24.0"	"Cell type enhanced"	"Detected in many"		"Early spermatids: 145.7;Endometrial glandular cells: 116.4;Esophageal apical cells: 305.9;Neutrophils: 146.0;Pancreatic duct cells: 150.7;Urothelial cells: 180.9"	"Cell type enhanced"	"Detected in many"		"Apical squamous epithelial cells: 305.9;Barrier epithelial cells: 180.9"	"Cell type enhanced"	"Detected in many"		"oligodendrocyte: 56.1;oligodendrocyte precursor cell: 137.0"	"Cancer enhanced"	"Detected in all"		"Kidney Renal Clear Cell Carcinoma (TCGA): 62.6"	"Low region specificity"	"Detected in all"			"Group enriched"	"Detected in many"	4	"basophil: 11.4;eosinophil: 23.9;neutrophil: 24.0"	"Lineage enriched"	"Detected in many"	5	"granulocytes: 24.0"	"Cancer enhanced"	"Detected in many"		"Kidney cancer: 179.0"	"Spleen - Macrophages, Stomach - Gastric mucous cells, Testis - Early spermatids, Testis - Late spermatids"	"Low region specificity"	"Detected in all"			"Low region specificity"	"Detected in all"			"Not detected"	"Not detected"			"Not detected"	"Not detected"			HPA042297	Approved		Approved	Vesicles	"Secreted to blood"	"Growth factor"	No	No	57900		"Cluster 21: Neutrophils - Unknown function"	"Cluster 3: Oligodendrocytes - Myelination"	"Cluster 30: White matter - Myelination"	"Cluster 15: Kidney cancer - Membrane components"	"Cluster 24: Neutrophils - Innate immunity signal integration"	10	Vesicles		"HPA042297: "	"unprognostic (7.92e-2)"	"unprognostic (1.04e-1)"	"unprognostic (1.63e-1)"	"unprognostic (1.77e-3)"	"unprognostic (5.90e-2)"	"unprognostic (3.55e-2)"	"unprognostic (1.69e-1)"	"unprognostic (1.11e-1)"	"unprognostic (1.05e-2)"	"unprognostic (9.47e-2)"	"validated prognostic favorable (5.79e-10)"	"validated prognostic favorable (6.64e-5)"	"unprognostic (1.54e-1)"	"unprognostic (1.31e-1)"	"unprognostic (1.79e-1)"	"unprognostic (8.19e-3)"	"unprognostic (1.58e-2)"	"unprognostic (1.48e-2)"	"unprognostic (1.15e-2)"	"unprognostic (6.84e-2)"	"unprognostic (5.11e-2)"	"potential prognostic unfavorable (2.31e-5)"	"unprognostic (1.11e-2)"	"unprognostic (1.90e-1)"	"unprognostic (9.22e-2)"	"unprognostic (7.00e-2)"	"unprognostic (2.36e-2)"	"unprognostic (7.47e-2)"	"unprognostic (1.91e-1)"	"unprognostic (1.00e-3)"	"unprognostic (3.05e-1)"
TGFBR2	"MFS2, TBR-ii, TBRII"	ENSG00000163513	"Transforming growth factor beta receptor 2"	P37173	3	30606601-30694142	"Cancer-related genes, Disease related genes, Enzymes, FDA approved drug targets, Human disease related genes, Plasma proteins, Predicted membrane proteins, Predicted secreted proteins"	"Apoptosis, Differentiation, Growth regulation"	"Kinase, Receptor, Serine/threonine-protein kinase, Transferase"	"Aortic aneurysm, Cancer-related genes, Craniosynostosis, Disease variant, FDA approved drug targets, Hereditary nonpolyposis colorectal cancer"	"Evidence at protein level"	"Evidence at protein level"	"Evidence at protein level"	"Evidence at protein level"	"Low tissue specificity"	"Detected in all"			"Cell type enhanced"	"Detected in many"		"Alveolar cells type 1: 446.4;Choroid plexus epithelial cells: 582.0;Lymphatic endothelial cells: 890.2;Microglia: 559.4;Neutrophils: 767.3;pDCs: 462.8;Vascular endothelial cells: 805.9"	"Cell type enhanced"	"Detected in all"		"Endothelial cells: 890.2;Neutrophils: 767.3"	"Group enriched"	"Detected in many"	9	"central nervous system macrophage: 646.8;choroid plexus epithelial cell: 610.3;endothelial cell: 572.4;fibroblast: 371.1;leukocyte: 407.5;pericyte: 296.7;vascular associated smooth muscle cell: 163.8"	"Low cancer specificity"	"Detected in all"			"Low region specificity"	"Detected in all"			"Low immune cell specificity"	"Detected in many"			"Low lineage specificity"	"Detected in all"			"Low cancer specificity"	"Detected in all"			"Heart muscle - Macrophages, Kidney - Endothelial cells, Pancreas - Endothelial cells, Pituitary gland - Endothelial cells, Stomach - Endothelial cells, Testis - Endothelial cells, Thyroid gland - Endothelial cells"	"Low region specificity"	"Detected in all"			"Low region specificity"	"Detected in all"			"Cell type enhanced"	"Detected in some"		"Alveolar cell types: 1668045.3;Glomeruli: 2396242.7"	"Tissue enhanced"	"Detected in many"		"intestine: 1230588.4"	"CAB073537, HPA074821"			Enhanced	"Plasma membrane"	"Secreted to blood"	Receptor	NA	NA		550000	"Cluster 20: Non-specific - DNA binding"	"Cluster 14: Adipose tissue - Angiogenesis"	"Cluster 42: Choroid plexus - Mitochondria"	"Cluster 44: Connective tissue cells - ECM organization"	"Cluster 12: Endothelial cells - Angiogenesis & vascular homeostasis"	94	"Plasma membrane"		"CAB073537: , HPA074821: "	"unprognostic (1.13e-1)"	"unprognostic (4.37e-1)"	"unprognostic (4.60e-2)"	"unprognostic (4.96e-3)"	"unprognostic (6.38e-2)"	"unprognostic (1.72e-1)"	"unprognostic (1.67e-1)"	"unprognostic (2.78e-2)"	"unprognostic (2.10e-1)"	"unprognostic (2.92e-3)"	"validated prognostic favorable (2.35e-7)"	"validated prognostic favorable (3.61e-4)"	"unprognostic (2.97e-1)"	"unprognostic (2.96e-1)"	"unprognostic (3.33e-2)"	"unprognostic (8.78e-2)"	"unprognostic (2.21e-1)"	"unprognostic (4.04e-2)"	"unprognostic (5.62e-2)"	"unprognostic (5.82e-3)"	"unprognostic (1.32e-3)"	"unprognostic (3.90e-2)"	"unprognostic (6.15e-2)"	"unprognostic (1.91e-1)"	"unprognostic (2.00e-1)"	"unprognostic (2.75e-3)"	"unprognostic (2.56e-1)"	"unprognostic (4.84e-2)"	"unprognostic (1.94e-2)"	"unprognostic (3.62e-2)"	"unprognostic (1.88e-1)"
TGFBR3	"betaglycan, BGCAN"	ENSG00000069702	"Transforming growth factor beta receptor 3"	Q03167	1	91680343-91906335	"Cancer-related genes, Plasma proteins, Predicted membrane proteins, Predicted secreted proteins"		Receptor	"Cancer-related genes"	"Evidence at protein level"	"Evidence at protein level"	"Evidence at protein level"	"Evidence at protein level"	"Low tissue specificity"	"Detected in all"			"Cell type enhanced"	"Detected in many"		"Adipocytes: 526.0;Adrenal cortex cells: 625.7;Breast lactating cells: 826.4;Fibro-adipogenic progenitors: 553.4;Fibroblasts: 598.2;Leydig cells: 407.7;Myosatellite cells: 575.1;Podocytes: 1800.2;Vascular endothelial cells: 412.3"	"Cell type enhanced"	"Detected in many"		"Renal nephron cells: 1800.2;Secretory cells: 826.4"	"Cell type enhanced"	"Detected in all"		"fibroblast: 801.1;leukocyte: 297.7"	"Low cancer specificity"	"Detected in all"			"Low region specificity"	"Detected in all"			"Group enriched"	"Detected in many"	4	"gdT-cell: 35.3;MAIT T-cell: 19.5;memory CD4 T-cell: 8.9;memory CD8 T-cell: 19.2;naive CD8 T-cell: 12.8;NK-cell: 16.7"	"Group enriched"	"Detected in many"	18	"NK-cells: 16.7;T-cells: 35.3"	"Cancer enriched"	"Detected in many"	6	"Gallbladder cancer: 73.8"	"Spleen - Endothelial cells"	"Low region specificity"	"Detected in all"			"Low region specificity"	"Detected in all"			"Cell type enhanced"	"Detected in many"		"Glomeruli: 3493457.3;Granulosa cells: 1808374.9"	"Low tissue specificity"	"Detected in many"			"HPA008257, CAB018971"	Supported		Approved	Cytosol	"Secreted to blood"	Receptor	NA	NA		11000000	"Cluster 15: NK-cells - Unknown function"	"Cluster 75: Ovary - Mixed function"	"Cluster 39: Astrocytes - Mixed function"	"Cluster 44: Connective tissue cells - ECM organization"	"Cluster 12: Endothelial cells - Angiogenesis & vascular homeostasis"	1	Cytosol		"CAB018971: , HPA008257: "	"unprognostic (1.35e-3)"	"unprognostic (1.35e-1)"	"unprognostic (2.25e-3)"	"unprognostic (1.70e-1)"	"unprognostic (2.12e-1)"	"unprognostic (2.96e-3)"	"unprognostic (4.46e-2)"	"unprognostic (3.39e-1)"	"unprognostic (2.85e-3)"	"unprognostic (8.88e-3)"	"validated prognostic favorable (2.36e-9)"	"validated prognostic favorable (9.43e-6)"	"unprognostic (1.22e-2)"	"unprognostic (8.07e-2)"	"unprognostic (4.37e-2)"	"unprognostic (6.86e-2)"	"unprognostic (1.56e-2)"	"unprognostic (2.26e-1)"	"potential prognostic favorable (8.87e-4)"	"unprognostic (3.95e-2)"	"unprognostic (2.16e-2)"	"unprognostic (2.60e-1)"	"unprognostic (4.82e-2)"	"unprognostic (8.58e-2)"	"unprognostic (2.63e-1)"	"unprognostic (8.96e-2)"	"unprognostic (3.83e-1)"	"unprognostic (3.05e-1)"	"unprognostic (3.30e-1)"	"potential prognostic unfavorable (2.52e-4)"	"unprognostic (3.30e-1)"
THPO	"MGDF, MPLLG, TPO"	ENSG00000090534	Thrombopoietin	P40225	3	184371935-184381968	"Cancer-related genes, Disease related genes, Human disease related genes, Predicted membrane proteins, Predicted secreted proteins"		"Cytokine, Hormone"	"Cancer-related genes, Disease variant"	"Evidence at protein level"	"Evidence at transcript level"	"Evidence at protein level"	"Evidence at protein level"	"Tissue enriched"	"Detected in many"	5	"liver: 33.7"	"Cell type enhanced"	"Detected in some"		"Adipocytes: 3.7;Brain excitatory neurons: 2.4;Decidual stromal cells: 2.7;Early spermatids: 2.2;Endometrial stromal cells: 2.5;Epicardial cells: 2.3;Fibroblasts: 3.2;Hepatocytes: 15.1;Kupffer cells: 3.1;Late primary spermatocytes: 2.7;Late spermatids: 8.5;Myosatellite cells: 3.6;Pericytes: 4.5;Vascular smooth muscle cells: 2.8"	"Cell type enhanced"	"Detected in some"		"Hepatocytes: 15.1;Mural cells: 4.5;Spermatogenic cell types: 8.5"	"Cell type enhanced"	"Detected in many"		"upper-layer intratelencephalic: 5.6"	"Cancer enriched"	"Detected in many"	4	"Liver Hepatocellular Carcinoma (TCGA): 12.8"	"Low region specificity"	"Detected in many"			"Not detected in immune cells"	"Not detected"			"Not detected"	"Not detected"			"Cancer enhanced"	"Detected in some"		"liver cancer: 4.1;lymphoma: 3.1"	"Kidney - Proximal tubular cells, Prostate - Fibroblasts, Testis - Early spermatids, Testis - Late spermatids"	"Low region specificity"	"Detected in many"			"Low region specificity"	"Detected in all"			"Not detected"	"Not detected"			"Not detected"	"Not detected"								"Secreted to blood"	Cytokine	NA	NA	1070000			"Cluster 31: Liver - Metabolism & Coagulation"	"Cluster 34: Non-specific - Mixed function"	"Cluster 10: Ciliated cells - Ion channel activity"	"Cluster 71: Non-specific - Cardiac endocrine signaling & maintenanc"						"unprognostic (3.77e-2)"	"unprognostic (3.69e-2)"				"unprognostic (3.72e-2)"	"unprognostic (4.03e-1)"			"unprognostic (1.01e-1)"	"unprognostic (9.92e-2)"	"unprognostic (2.08e-2)"	"unprognostic (8.11e-3)"	"unprognostic (1.87e-3)"	"unprognostic (3.19e-1)"	"unprognostic (1.41e-1)"											"unprognostic (2.81e-3)"	"unprognostic (3.91e-1)"		"unprognostic (5.92e-2)"
THSD7A	KIAA0960	ENSG00000005108	"Thrombospondin type 1 domain containing 7A"	Q9UPZ6	7	11370365-11832198	"Disease related genes, Predicted membrane proteins, Predicted secreted proteins"	"Angiogenesis, Differentiation"			"Evidence at protein level"	"Evidence at protein level"	"Evidence at protein level"	"Evidence at protein level"	"Tissue enhanced"	"Detected in many"		"kidney: 7.0"	"Cell type enhanced"	"Detected in many"		"Lactotrophs: 970.3;Loop of henle epithelial cells: 637.5;Podocytes: 2271.3;Renal collecting duct intercalated cells: 1363.5;Renal collecting duct principal cells: 1063.7;Renal connecting tubule cells: 792.9;Retinal bipolar cells: 620.0;Retinal horizontal cells: 500.8;Somatotrophs: 650.4"	"Cell type enhanced"	"Detected in many"		"Ductal cells: 1363.5;Pituitary endocrine cells: 970.3;Renal nephron cells: 2271.3"	"Cell type enhanced"	"Detected in all"		"LAMP5-LHX6 and Chandelier: 1126.7"	"Cancer enriched"	"Detected in many"	6	"Kidney Chromophobe (TCGA): 22.7"	"Low region specificity"	"Detected in all"			"Immune cell enriched"	"Detected in single"	53	"basophil: 5.3"	"Lineage enriched"	"Detected in single"	53	"granulocytes: 5.3"	"Cancer enriched"	"Detected in many"	6	"Neuroblastoma: 11.5"	"Adipose subcutaneous - Endothelial cells, Adipose visceral - Endothelial cells, Breast - Endothelial cells, Minor Salivary Gland - Endothelial cells, Pancreas - Endothelial cells, Pituitary gland - Lactotropes, Skeletal muscle - Endothelial cells, Skin - Endothelial cells, Spleen - Endothelial cells"	"Low region specificity"	"Detected in all"			"Low region specificity"	"Detected in all"			"Group enriched"	"Detected in many"		"Collecting ducts: 4541749.4;Glomeruli: 12272582.0"	"Group enriched"	"Detected in some"	22241	"cerebral cortex: 2438185.8;fallopian tube: 2257203.7;kidney: 2225247.5;ovary: 1975609.2"	HPA000923	Supported				"Secreted to blood"	"Developmental protein"	NA	NA		3800000	"Cluster 46: Basophils - Proteolysis"	"Cluster 72: Kidney - Transmembrane transport"	"Cluster 19: Astrocytes - Mixed function"	"Cluster 17: Neuroblastoma - Neuronal signaling"	"Cluster 57: Podocytes - Glomerular filtration"	13			"HPA000923: "			"unprognostic (4.33e-2)"			"unprognostic (4.49e-2)"	"unprognostic (5.01e-1)"	"unprognostic (1.82e-1)"		"unprognostic (4.64e-2)"	"validated prognostic favorable (9.03e-6)"	"validated prognostic favorable (2.30e-4)"	"unprognostic (6.43e-2)"		"unprognostic (3.13e-2)"	"unprognostic (1.04e-1)"	"unprognostic (5.05e-2)"		"unprognostic (1.67e-1)"			"unprognostic (1.75e-1)"	"potential prognostic unfavorable (7.07e-4)"	"unprognostic (7.76e-2)"		"unprognostic (8.25e-2)"				"unprognostic (1.78e-2)"	"unprognostic (1.16e-1)"
TMEFF2	"CT120.2, HPP1, TENB2, TPEF, TR"	ENSG00000144339	"Transmembrane protein with EGF like and two follistatin like domains 2"	Q9UIK5	2	191949043-192194933	"Predicted membrane proteins, Predicted secreted proteins"				"Evidence at protein level"	"Evidence at transcript level"	"Evidence at protein level"	"Evidence at protein level"	"Tissue enhanced"	"Detected in some"		"brain: 23.3;prostate: 34.3;seminal vesicle: 12.5"	"Cell type enhanced"	"Detected in many"		"Brain excitatory neurons: 418.7;Brain inhibitory neurons: 420.4;Cardiomyocytes: 1038.7;Epicardial cells: 1669.2;Mesothelial cells: 325.1;Oligodendrocyte progenitor cells: 247.5;Oligodendrocytes: 1438.5;Oocytes: 294.7;Other brain neurons: 335.7;Prostatic glandular cells: 655.7;Retinal horizontal cells: 376.6"	"Cell type enhanced"	"Detected in many"		"Barrier epithelial cells: 1669.2;Glandular cells: 655.7;Glial cells: 1438.5;Myocytes: 1038.7"	"Low cell type specificity"	"Detected in all"			"Cancer enriched"	"Detected in some"	17	"Prostate Adenocarcinoma (TCGA): 192.1"	"Low region specificity"	"Detected in all"			"Not detected in immune cells"	"Not detected"			"Not detected"	"Not detected"			"Group enriched"	"Detected in many"	6	"Bone cancer: 17.2;prostate cancer: 27.6"	"Adrenal gland - Adrenal medulla cells, Skeletal muscle - Fibroblasts"	"Low region specificity"	"Detected in all"			"Low region specificity"	"Detected in all"			"Not detected"	"Not detected"			"Not detected"	"Not detected"			HPA015587	Approved				"Secreted in male reproductive system"	"No annotated function"	NA	NA				"Cluster 65: Brain - Transcription"	"Cluster 34: Non-specific - Mixed function"	"Cluster 60: Prostate cancer - Unknown function"	"Cluster 109: Neurons - Neuronal signaling"	5			"HPA015587: "							"unprognostic (8.51e-2)"	"potential prognostic favorable (2.12e-4)"																"unprognostic (2.23e-2)"					"unprognostic (3.11e-1)"		
TMPRSS11E	"DESC1, TMPRSS11E2"	ENSG00000087128	"Transmembrane serine protease 11E"	Q9UL52	4	68447463-68497604	"Enzymes, Predicted membrane proteins, Predicted secreted proteins"		"Hydrolase, Protease, Serine protease"		"Evidence at protein level"	"Evidence at protein level"	"Evidence at protein level"	"Evidence at protein level"	"Tissue enhanced"	"Detected in some"		"cervix: 115.7;esophagus: 210.0;vagina: 156.3"	"Group enriched"	"Detected in some"	7	"Esophageal apical cells: 676.3;Salivary ionocytes: 330.8"	"Group enriched"	"Detected in some"	20	"Apical squamous epithelial cells: 676.3;Ionocytes: 330.8"	"Not detected"	"Not detected"			"Cancer enhanced"	"Detected in many"		"Cervical Squamous Cell Carcinoma and Endocervical Adenocarcinoma (TCGA): 26.4;Head and Neck Squamous Cell Carcinoma (TCGA): 30.0;Kidney Chromophobe (TCGA): 26.6"	"Not detected"	"Not detected"			"Not detected in immune cells"	"Not detected"			"Not detected"	"Not detected"			"Cancer enhanced"	"Detected in some"		"Bladder cancer: 8.2"	"Minor Salivary Gland - Minor salivary gland basal cells, Skin - Outer root sheath cells, Testis - Early spermatids, Testis - Late spermatids"	"Not detected"	"Not detected"			"Not detected"	"Not detected"			"Cell type enriched"	"Detected in single"	10524	"Large ducts: 1052403.5"	"Not detected"	"Not detected"			"HPA043816, HPA051062"	Uncertain		Approved	"Golgi apparatus"	"Secreted in other tissues"	Enzyme	NA	NA				"Cluster 81: Squamous epithelium - Keratinization"		"Cluster 53: Squamous epithelial cells - Keratinization"	"Cluster 49: Apical squamous epithelium - Epithelial barrier & keratinization"	2	"Golgi apparatus"		"HPA043816: , HPA051062: "	"unprognostic (1.01e-1)"	"unprognostic (1.92e-2)"		"unprognostic (7.90e-2)"					"unprognostic (1.29e-1)"	"unprognostic (1.97e-1)"	"unprognostic (1.98e-2)"					"potential prognostic unfavorable (4.65e-5)"	"unprognostic (5.55e-3)"	"unprognostic (1.64e-1)"	"unprognostic (2.77e-1)"				"potential prognostic unfavorable (2.00e-8)"	"unprognostic (6.28e-2)"				"unprognostic (9.24e-2)"	"unprognostic (9.52e-2)"	"unprognostic (2.96e-1)"	
TMPRSS2	PRSS10	ENSG00000184012	"Transmembrane serine protease 2"	O15393	21	41464300-41531116	"Cancer-related genes, Enzymes, Predicted intracellular proteins, Predicted membrane proteins, Predicted secreted proteins, Transporters"	"Host-virus interaction"	"Hydrolase, Protease, Serine protease"	"Cancer-related genes"	"Evidence at protein level"	"Evidence at protein level"	"Evidence at protein level"	"Evidence at protein level"	"Tissue enhanced"	"Detected in many"		"prostate: 263.4;stomach 1: 138.0"	"Cell type enhanced"	"Detected in many"		"Alveolar cells type 2: 262.1;Colonocytes: 465.3;Distal convoluted tubule cells: 339.8;Enterocytes: 321.4;Esophageal apical cells: 423.6;Foveolar cells: 465.0;Mucous neck cells: 293.7;Parietal cells: 422.5;Prostatic club cells: 497.6;Prostatic glandular cells: 1305.2;Renal collecting duct intercalated cells: 537.1;Renal connecting tubule cells: 265.9;Urothelial cells: 452.0"	"Cell type enhanced"	"Detected in many"		"Barrier epithelial cells: 452.0;Ductal cells: 537.1;Enterocytes: 465.3;Gastric glandular cells: 465.0;Glandular cells: 1305.2"	"Cell type enriched"	"Detected in single"	9	"choroid plexus epithelial cell: 6.5"	"Cancer enriched"	"Detected in many"	5	"Prostate Adenocarcinoma (TCGA): 644.6"	"Low region specificity"	"Detected in all"			"Not detected in immune cells"	"Not detected"			"Not detected"	"Not detected"			"Cancer enriched"	"Detected in many"	6	"prostate cancer: 267.6"	"Colon - Colon enterocytes, Kidney - Intercalated cells, Lung - Alveolar cells type 2, Prostate - Prostate glandular cells, Skin - Eccrine sweat gland cells, Stomach - Gastric mucous cells"	"Not detected"	"Not detected"			"Low region specificity"	"Detected in some"			"Cell type enriched"	"Detected in single"	29	"Collecting ducts: 2945.7"	"Not detected"	"Not detected"			"HPA034493, HPA035787"	Enhanced		Supported	"Plasma membrane"	"Secreted in other tissues"	Enzyme	NA	NA				"Cluster 60: Stomach - Digestion"	"Cluster 23: Choroid plexus - Mixed function"	"Cluster 60: Prostate cancer - Unknown function"	"Cluster 16: Prostatic glandular cells - Androgen response & seminal fluid"	71	"Plasma membrane"		"HPA034493: , HPA035787: "	"unprognostic (3.93e-3)"	"unprognostic (2.10e-3)"	"unprognostic (7.93e-2)"	"unprognostic (1.09e-1)"	"unprognostic (6.55e-2)"	"unprognostic (1.88e-2)"			"unprognostic (1.95e-2)"	"unprognostic (8.31e-2)"	"unprognostic (4.58e-1)"		"unprognostic (7.00e-3)"	"unprognostic (4.06e-2)"	"potential prognostic favorable (9.91e-5)"	"potential prognostic favorable (6.80e-4)"	"unprognostic (2.58e-1)"	"unprognostic (2.22e-1)"	"unprognostic (1.10e-1)"	"unprognostic (6.10e-2)"	"unprognostic (2.12e-3)"	"unprognostic (3.63e-2)"	"unprognostic (2.67e-3)"	"unprognostic (1.28e-1)"	"unprognostic (1.14e-1)"	"unprognostic (1.41e-2)"		"unprognostic (4.11e-2)"	"unprognostic (1.66e-1)"	"unprognostic (2.22e-1)"	"unprognostic (4.21e-2)"
TMPRSS4	"CAP2, MT-SP2, TMPRSS3"	ENSG00000137648	"Transmembrane serine protease 4"	Q9NRS4	11	118077012-118121890	"Enzymes, Plasma proteins, Predicted intracellular proteins, Predicted membrane proteins, Predicted secreted proteins"	"Host-virus interaction"	"Hydrolase, Protease, Serine protease"		"Evidence at protein level"	"Evidence at transcript level"	"Evidence at protein level"	"Evidence at protein level"	"Tissue enhanced"	"Detected in many"		"esophagus: 81.7;intestine: 40.8;urinary bladder: 69.6"	"Cell type enhanced"	"Detected in many"		"Colonocytes: 293.1;Conjunctival goblet cells: 363.1;Esophageal apical cells: 549.4;Esophageal basal cells: 272.7;Esophageal suprabasal cells: 414.1;Ocular epithelial cells: 542.5;Paneth cells: 228.2;Papillary tip epithelial cells: 333.6;Prostatic hillock cells: 800.2;Respiratory basal cells: 445.5;Respiratory deuterosomal cells: 266.4;Respiratory secretory cells: 390.8;Salivary duct cells: 442.9;Urothelial cells: 535.1"	"Cell type enhanced"	"Detected in many"		"Apical squamous epithelial cells: 549.4;Barrier epithelial cells: 800.2;Basal cells: 445.5;Ductal cells: 442.9;Suprabasal cells: 414.1"	"Cell type enriched"	"Detected in single"	6	"central nervous system macrophage: 6.5"	"Low cancer specificity"	"Detected in many"			"Low region specificity"	"Detected in all"			"Immune cell enriched"	"Detected in single"	7	"basophil: 2.0"	"Lineage enriched"	"Detected in single"	9	"granulocytes: 2.0"	"Cancer enhanced"	"Detected in many"		"Gallbladder cancer: 70.1"	"Colon - Colon enterocytes, Lung - Respiratory ciliated cells, Minor Salivary Gland - Minor salivary gland basal cells, Prostate - Urothelial cells, Testis - Late spermatids"	"Not detected"	"Not detected"			"Low region specificity"	"Detected in all"			"Not detected"	"Not detected"			"Not detected"	"Not detected"			HPA006238	Uncertain				"Secreted in other tissues"	Enzyme	NA	NA				"Cluster 11: Esophagus - Basic cellular processes"	"Cluster 10: Cerebellum - Nucleic acid binding"	"Cluster 53: Squamous epithelial cells - Keratinization"	"Cluster 100: Stratified epithelial cells - Barrier functions"	69			"HPA006238: "	"unprognostic (8.54e-3)"	"unprognostic (1.19e-1)"	"unprognostic (8.73e-2)"	"potential prognostic favorable (7.26e-4)"	"unprognostic (1.88e-1)"	"unprognostic (2.92e-1)"			"unprognostic (2.96e-2)"	"unprognostic (9.21e-3)"			"unprognostic (9.02e-2)"		"unprognostic (2.69e-1)"	"unprognostic (2.07e-3)"	"unprognostic (1.36e-1)"	"unprognostic (4.85e-3)"	"unprognostic (6.52e-2)"	"unprognostic (2.13e-1)"	"unprognostic (4.11e-2)"	"potential prognostic unfavorable (1.37e-4)"	"unprognostic (1.49e-3)"	"unprognostic (9.41e-2)"	"unprognostic (4.79e-1)"	"unprognostic (2.17e-1)"	"unprognostic (1.14e-1)"	"unprognostic (2.33e-1)"	"unprognostic (2.84e-1)"	"unprognostic (6.98e-3)"	"unprognostic (2.77e-1)"
TNFRSF18	"AITR, CD357, GITR"	ENSG00000186891	"TNF receptor superfamily member 18"	Q9Y5U5	1	1203508-1206592	"CD markers, Predicted membrane proteins, Predicted secreted proteins"	Apoptosis	Receptor		"Evidence at protein level"	"Evidence at transcript level"	"Evidence at protein level"	"Evidence at protein level"	"Tissue enhanced"	"Detected in many"		"skin 1: 36.5"	"Cell type enhanced"	"Detected in many"		"Basal keratinocytes: 123.2;Endometrial secretory cells: 96.9;Innate lymphoid cells: 224.2;NK-cells: 118.4;Plasma cells: 144.9;Suprabasal keratinocytes: 84.6;T-cells: 44.5;Thymocytes: 94.0"	"Cell type enhanced"	"Detected in many"		"Basal cells: 123.2;Innate lymphoid cells: 224.2;NK-cells: 118.4;Plasma cells: 144.9;Secretory cells: 96.9;Suprabasal cells: 84.6;T-cells: 94.0"	"Cell type enhanced"	"Detected in some"		"leukocyte: 9.0"	"Low cancer specificity"	"Detected in many"			"Low region specificity"	"Detected in many"			"Group enriched"	"Detected in many"	4	"NK-cell: 184.9;T-reg: 72.0"	"Group enriched"	"Detected in many"	11	"NK-cells: 184.9;T-cells: 72.0"	"Cancer enhanced"	"Detected in many"		"lymphoma: 36.8;Myeloma: 25.5"	"Minor Salivary Gland - Plasma cells, Skin - Keratinocyte (other), Stomach - Plasma cells"	"Not detected"	"Not detected"			"Region enriched"	"Detected in single"	8	"basal ganglia: 1.2"	"Not detected"	"Not detected"			"Not detected"	"Not detected"			HPA008025	Approved				"Secreted to blood"	Receptor	NA	NA			"Cluster 1: T-cells - Unknown function"	"Cluster 58: Skin - Keratinization"	"Cluster 37: Neurons - Mixed function"	"Cluster 59: Leukemia - T-cell receptor"	"Cluster 92: NK-cells & T-cells - Adaptive immunity: Cytotoxicity"	4			"HPA008025: "	"unprognostic (9.59e-2)"	"potential prognostic favorable (5.58e-4)"	"unprognostic (2.30e-2)"	"unprognostic (3.88e-1)"	"unprognostic (1.88e-1)"	"potential prognostic favorable (4.16e-5)"	"unprognostic (1.19e-3)"		"potential prognostic favorable (9.25e-5)"		"potential prognostic unfavorable (7.90e-6)"	"unprognostic (7.15e-3)"	"unprognostic (1.19e-1)"	"unprognostic (1.91e-2)"	"unprognostic (2.30e-1)"	"unprognostic (2.22e-1)"	"unprognostic (2.87e-2)"	"unprognostic (2.68e-2)"	"unprognostic (6.13e-2)"	"unprognostic (1.15e-1)"	"unprognostic (7.62e-2)"	"unprognostic (2.60e-1)"	"unprognostic (2.22e-3)"	"unprognostic (3.38e-1)"	"unprognostic (2.21e-1)"	"unprognostic (2.90e-2)"	"unprognostic (1.30e-2)"	"unprognostic (2.68e-3)"	"unprognostic (1.75e-1)"	"unprognostic (3.49e-1)"	"unprognostic (3.61e-2)"
TNFRSF1A	"CD120a, TNF-R, TNF-R-I, TNF-R55, TNFAR, TNFR1, TNFR60"	ENSG00000067182	"TNF receptor superfamily member 1A"	P19438	12	6328757-6342114	"Cancer-related genes, Candidate cardiovascular disease genes, CD markers, Disease related genes, FDA approved drug targets, Human disease related genes, Plasma proteins, Predicted membrane proteins, Predicted secreted proteins"	"Apoptosis, Host-virus interaction"	Receptor	"Amyloidosis, Cancer-related genes, Disease variant, FDA approved drug targets"	"Evidence at protein level"	"Evidence at protein level"	"Evidence at protein level"	"Evidence at protein level"	"Low tissue specificity"	"Detected in all"			"Cell type enhanced"	"Detected in many"		"Enterocytes: 370.0;Esophageal apical cells: 290.4;Hofbauer cells: 287.7;Neutrophils: 473.5"	"Cell type enhanced"	"Detected in many"		"Neutrophils: 473.5"	"Cell type enhanced"	"Detected in many"		"central nervous system macrophage: 98.7;leukocyte: 78.7"	"Low cancer specificity"	"Detected in all"			"Low region specificity"	"Detected in all"			"Immune cell enhanced"	"Detected in many"		"neutrophil: 454.7"	"Group enriched"	"Detected in many"	4	"dendritic cells: 116.0;granulocytes: 454.7;monocytes: 152.3"	"Low cancer specificity"	"Detected in all"			"Pituitary gland - Endothelial cells"	"Low region specificity"	"Detected in all"			"Low region specificity"	"Detected in all"			"Not detected"	"Not detected"			"Not detected"	"Not detected"			"HPA004102, CAB010309"	Approved				"Secreted to blood"	Receptor	NA	NA	17700	850000	"Cluster 38: Monocytes & Neutrophils - Degranulation"	"Cluster 28: Liver & Adrenal gland - Secretion"	"Cluster 39: Astrocytes - Mixed function"	"Cluster 7: Liver cancer - Metabolism"	"Cluster 24: Neutrophils - Innate immunity signal integration"	54			"CAB010309: , HPA004102: "	"unprognostic (1.10e-1)"	"unprognostic (7.91e-2)"	"unprognostic (2.45e-1)"	"unprognostic (7.41e-3)"	"unprognostic (2.64e-2)"	"unprognostic (5.28e-2)"	"unprognostic (4.83e-3)"	"potential prognostic unfavorable (1.94e-4)"	"unprognostic (2.80e-3)"	"unprognostic (1.03e-3)"	"unprognostic (5.66e-3)"	"unprognostic (3.12e-1)"	"unprognostic (5.44e-3)"	"unprognostic (1.50e-2)"	"unprognostic (1.09e-1)"	"potential prognostic unfavorable (1.81e-4)"	"unprognostic (1.10e-2)"	"unprognostic (5.05e-2)"	"potential prognostic unfavorable (7.43e-4)"	"unprognostic (1.10e-2)"	"unprognostic (4.00e-1)"	"unprognostic (1.85e-2)"	"potential prognostic unfavorable (5.97e-4)"	"unprognostic (3.29e-2)"	"unprognostic (1.96e-1)"	"unprognostic (4.87e-3)"	"unprognostic (3.77e-1)"	"unprognostic (4.75e-2)"	"unprognostic (2.01e-1)"	"unprognostic (3.45e-2)"	"unprognostic (4.70e-2)"
TNFRSF1B	"CD120b, p75, TNF-R-II, TNF-R75, TNFBR, TNFR2, TNFR80"	ENSG00000028137	"TNF receptor superfamily member 1B"	P20333	1	12166991-12209228	"Cancer-related genes, Candidate cardiovascular disease genes, CD markers, Human disease related genes, Plasma proteins, Predicted membrane proteins, Predicted secreted proteins"	Apoptosis	Receptor	"Cancer-related genes"	"Evidence at protein level"	"Evidence at protein level"	"Evidence at protein level"	"Evidence at protein level"	"Tissue enhanced"	"Detected in many"		"lymphoid tissue: 64.5"	"Cell type enhanced"	"Detected in many"		"cDC: 285.4;Hofbauer cells: 137.6;Kupffer cells: 224.5;Macrophages: 321.3;monocytes: 897.7;Neutrophils: 1140.2;NK-cells: 219.0;T-cells: 186.6"	"Cell type enhanced"	"Detected in many"		"dendritic cells: 285.4;Mononuclear phagocytes: 897.7;Neutrophils: 1140.2"	"Cell type enhanced"	"Detected in some"		"central nervous system macrophage: 150.7;endothelial cell: 76.7;leukocyte: 246.6"	"Low cancer specificity"	"Detected in all"			"Low region specificity"	"Detected in all"			"Immune cell enhanced"	"Detected in many"		"non-classical monocyte: 387.7"	"Low lineage specificity"	"Detected in all"			"Cancer enhanced"	"Detected in many"		"Leukemia: 29.3"	"Adrenal gland - Macrophages, Breast - Endothelial cells, Colon - Endothelial cells, Heart muscle - Endothelial cells, Liver - Neutrophils, Skeletal muscle - Endothelial cells, Testis - Endothelial cells"	"Low region specificity"	"Detected in many"			"Low region specificity"	"Detected in all"			"Group enriched"	"Detected in some"	364	"Macrophages: 56828.3;T-cells: 15984.3"	"Tissue enriched"	"Detected in some"		"lymphoid tissue: 282485.8"	HPA004796	Approved				"Secreted to blood"	Receptor	NA	NA	3230000	4100000	"Cluster 37: Monocytes & Neutrophils - Innate immune response"	"Cluster 66: Lymphoid tissue - Immune response"	"Cluster 12: Non-specific - Vasculature"	"Cluster 55: Lymphoma - Immune response"	"Cluster 40: Monocytes & Neutrophils - Inflammatory signaling"	21			"HPA004796: "	"unprognostic (1.97e-2)"	"unprognostic (2.79e-2)"	"unprognostic (3.84e-3)"	"unprognostic (1.94e-2)"	"unprognostic (2.34e-3)"	"unprognostic (3.25e-2)"	"unprognostic (1.78e-1)"	"unprognostic (2.90e-1)"	"unprognostic (2.25e-3)"	"unprognostic (2.81e-1)"	"potential prognostic favorable (1.36e-5)"	"unprognostic (5.14e-2)"	"unprognostic (2.38e-1)"	"unprognostic (7.70e-2)"	"unprognostic (9.59e-2)"	"unprognostic (4.79e-2)"	"unprognostic (5.96e-2)"	"unprognostic (7.85e-3)"	"unprognostic (1.86e-1)"	"unprognostic (1.36e-3)"	"unprognostic (1.78e-1)"	"unprognostic (3.27e-1)"	"unprognostic (1.75e-2)"	"unprognostic (1.66e-1)"	"unprognostic (3.46e-2)"	"unprognostic (2.72e-2)"	"unprognostic (8.84e-3)"	"unprognostic (2.45e-1)"	"unprognostic (1.22e-3)"	"unprognostic (2.64e-1)"	"unprognostic (9.56e-2)"
TNFRSF25	"APO-3, DDR3, DR3, LARD, TNFRSF12, TR3, TRAMP, WSL-1, WSL-LR"	ENSG00000215788	"TNF receptor superfamily member 25"	Q93038	1	6460786-6466175	"Predicted membrane proteins, Predicted secreted proteins"	Apoptosis	Receptor		"Evidence at protein level"	"Evidence at transcript level"	"Evidence at protein level"	"Evidence at protein level"	"Tissue enhanced"	"Detected in many"		"brain: 42.2;lymphoid tissue: 39.8;pituitary gland: 26.7"	"Cell type enhanced"	"Detected in many"		"Adipocytes: 36.7;Brain excitatory neurons: 59.1;Corticotrophs: 74.1;Innate lymphoid cells: 131.8;Thyrotrophs: 34.7"	"Cell type enhanced"	"Detected in many"		"Innate lymphoid cells: 131.8;Neuronal cells: 59.1;Pituitary endocrine cells: 74.1"	"Low cell type specificity"	"Detected in all"			"Low cancer specificity"	"Detected in many"			"Low region specificity"	"Detected in all"			"Group enriched"	"Detected in many"	5	"MAIT T-cell: 5.6;memory CD4 T-cell: 4.4;memory CD8 T-cell: 2.2;naive CD4 T-cell: 4.4;T-reg: 7.9"	"Lineage enriched"	"Detected in many"	7	"T-cells: 7.9"	"Low cancer specificity"	"Detected in many"			"Breast - T-cells, Pituitary gland - Corticotropes, Skeletal muscle - Fibroblasts"	"Group enriched"	"Detected in some"	6	"amygdala: 1.2;cerebral cortex: 1.4;hippocampal formation: 2.0"	"Low region specificity"	"Detected in many"			"Not detected"	"Not detected"			"Not detected"	"Not detected"			HPA069834			Approved	"Nucleoplasm,Plasma membrane,Actin filaments,Focal adhesion sites"	"Secreted - unknown location"	Receptor	NA	NA			"Cluster 9: T-regs - Cell cycle regulation"	"Cluster 64: Non-specific - Transcription"	"Cluster 35: Non-specific - DNA binding"	"Cluster 24: Non-specific - Unknown function"	"Cluster 92: NK-cells & T-cells - Adaptive immunity: Cytotoxicity"	3	"Plasma membrane, Actin filaments, Focal adhesion sites"	Nucleoplasm	"HPA069834: "	"unprognostic (2.60e-2)"	"unprognostic (2.51e-1)"	"unprognostic (1.12e-1)"	"unprognostic (4.06e-2)"	"unprognostic (2.94e-2)"	"unprognostic (2.43e-1)"	"unprognostic (1.43e-2)"	"unprognostic (3.42e-1)"	"unprognostic (5.92e-2)"			"unprognostic (2.30e-1)"	"unprognostic (2.08e-1)"	"unprognostic (1.31e-1)"	"unprognostic (1.67e-1)"	"unprognostic (1.00e-1)"	"unprognostic (9.46e-2)"	"unprognostic (1.42e-1)"	"unprognostic (5.44e-2)"	"unprognostic (1.40e-1)"	"unprognostic (6.51e-3)"	"unprognostic (2.71e-1)"	"potential prognostic unfavorable (8.83e-4)"		"unprognostic (8.79e-2)"	"unprognostic (5.86e-2)"		"unprognostic (3.87e-2)"	"unprognostic (5.49e-2)"	"unprognostic (1.61e-1)"	"unprognostic (1.43e-1)"
TNFSF10	"Apo-2L, CD253, TL2, TRAIL"	ENSG00000121858	"TNF superfamily member 10"	P50591	3	172505508-172523475	"Cancer-related genes, CD markers, Predicted intracellular proteins, Predicted membrane proteins, Predicted secreted proteins, Transporters"	Apoptosis	Cytokine	"Cancer-related genes"	"Evidence at protein level"	"Evidence at transcript level"	"Evidence at protein level"	"Evidence at protein level"	"Low tissue specificity"	"Detected in all"			"Cell type enhanced"	"Detected in many"		"Enterocytes: 326.4;Esophageal apical cells: 805.4;Extravillous trophoblasts: 371.8;Neutrophils: 396.7;Prostatic club cells: 398.7;Prostatic hillock cells: 437.5;Respiratory deuterosomal cells: 322.4;Respiratory secretory cells: 400.1"	"Cell type enhanced"	"Detected in many"		"Apical squamous epithelial cells: 805.4"	"Cell type enriched"	"Detected in some"	5	"endothelial cell: 285.4"	"Low cancer specificity"	"Detected in all"			"Low region specificity"	"Detected in all"			"Group enriched"	"Detected in all"	4	"basophil: 266.3;classical monocyte: 133.5;intermediate monocyte: 203.5;neutrophil: 257.9;non-classical monocyte: 214.1"	"Group enriched"	"Detected in all"	5	"granulocytes: 266.3;monocytes: 214.1"	"Group enriched"	"Detected in many"	4	"head and neck cancer: 121.7;Kidney cancer: 166.1"	"Adrenal gland - Adrenal cortex cells, Liver - Hepatocytes, Minor Salivary Gland - Minor salivary glandular cells"	"Low region specificity"	"Detected in all"							"Cell type enhanced"	"Detected in many"		"Fallopian tube cells: 1315582.5;Large ducts: 2065342.6"	"Tissue enriched"	"Detected in some"		"salivary gland: 102980.7"	HPA054938	Uncertain				"Secreted to blood"	Cytokine	NA	NA	67400	12000	"Cluster 28: Neutrophils - Unknown function"	"Cluster 14: Adipose tissue - Angiogenesis"	"Cluster 8: Immune cells - Immune response"	"Cluster 15: Kidney cancer - Membrane components"	"Cluster 32: Endothelial cells - Angiogenesis & vascular immunity"	8			"HPA054938: "	"unprognostic (8.83e-2)"	"unprognostic (4.02e-2)"	"unprognostic (3.71e-1)"	"unprognostic (1.56e-1)"	"unprognostic (2.15e-1)"	"unprognostic (1.03e-1)"	"unprognostic (2.43e-1)"	"unprognostic (1.09e-1)"	"unprognostic (2.32e-1)"	"unprognostic (4.68e-3)"	"unprognostic (1.31e-3)"	"unprognostic (6.75e-2)"	"unprognostic (1.93e-2)"	"unprognostic (1.61e-1)"	"unprognostic (5.34e-2)"	"unprognostic (1.04e-1)"	"unprognostic (4.36e-2)"	"unprognostic (3.29e-2)"	"unprognostic (2.58e-1)"	"unprognostic (5.74e-2)"	"unprognostic (1.29e-2)"	"potential prognostic unfavorable (1.02e-4)"	"unprognostic (2.45e-1)"	"unprognostic (5.51e-2)"	"unprognostic (2.06e-1)"	"unprognostic (2.70e-2)"	"unprognostic (9.49e-2)"	"unprognostic (1.23e-1)"	"unprognostic (4.01e-2)"	"unprognostic (2.35e-2)"	"unprognostic (1.95e-2)"
TNFSF11	"CD254, ODF, OPGL, RANKL, TRANCE"	ENSG00000120659	"TNF superfamily member 11"	O14788	13	42562736-42608013	"Cancer-related genes, CD markers, Disease related genes, FDA approved drug targets, Human disease related genes, Predicted intracellular proteins, Predicted membrane proteins, Predicted secreted proteins"	Differentiation	"Cytokine, Developmental protein, Receptor"	"Cancer-related genes, Disease variant, FDA approved drug targets, Osteopetrosis"	"Evidence at protein level"	"Evidence at protein level"	"Evidence at protein level"	"Evidence at protein level"	"Tissue enhanced"	"Detected in some"		"liver: 3.9;lymphoid tissue: 11.5"	"Cell type enriched"	"Detected in some"	4	"Innate lymphoid cells: 146.8"	"Cell type enriched"	"Detected in some"	4	"Innate lymphoid cells: 146.8"	"Not detected"	"Not detected"			"Cancer enhanced"	"Detected in many"		"Pancreatic Adenocarcinoma (TCGA): 5.2"	"Low region specificity"	"Detected in single"			"Immune cell enriched"	"Detected in some"	8	"NK-cell: 9.9"	"Lineage enriched"	"Detected in many"	8	"NK-cells: 9.9"	"Cancer enhanced"	"Detected in some"		"Rhabdoid: 1.5;thyroid cancer: 1.7"	"Testis - Early spermatids, Testis - Late spermatids"	"Not detected"	"Not detected"			"Not detected"	"Not detected"			"Not detected"	"Not detected"			"Tissue enriched"	"Detected in single"	4790	"lymphoid tissue: 479024.9"	"CAB009193, HPA045142"	Enhanced				"Secreted to blood"	Cytokine	NA	NA	17200		"Cluster 15: NK-cells - Unknown function"	"Cluster 18: Lymphoid tissue - Immune response"	"Cluster 44: Non-specific - Mixed function"	"Cluster 55: Lymphoma - Immune response"	"Cluster 92: NK-cells & T-cells - Adaptive immunity: Cytotoxicity"	4			"CAB009193: , HPA045142: "	"unprognostic (4.49e-2)"	"potential prognostic favorable (2.24e-4)"	"unprognostic (1.22e-1)"	"unprognostic (1.89e-1)"	"unprognostic (2.71e-2)"	"unprognostic (3.25e-2)"			"unprognostic (1.53e-1)"						"unprognostic (5.15e-2)"	"unprognostic (4.62e-3)"	"unprognostic (6.84e-2)"	"unprognostic (8.06e-2)"	"unprognostic (3.41e-2)"			"unprognostic (6.47e-3)"	"unprognostic (6.85e-2)"		"unprognostic (9.64e-2)"	"unprognostic (1.93e-1)"		"unprognostic (8.95e-2)"			
TNFSF13B	"BAFF, BLYS, CD257, TALL-1, TALL1, THANK, TNFSF20"	ENSG00000102524	"TNF superfamily member 13b"	Q9Y275	13	108251240-108308484	"Cancer-related genes, CD markers, FDA approved drug targets, Plasma proteins, Predicted intracellular proteins, Predicted membrane proteins, Predicted secreted proteins"	Immunity	Cytokine	"Cancer-related genes, FDA approved drug targets"	"Evidence at protein level"	"Evidence at protein level"	"Evidence at protein level"	"Evidence at protein level"	"Tissue enhanced"	"Detected in many"		"lymphoid tissue: 24.4"	"Cell type enhanced"	"Detected in many"		"Adrenal cortex cells: 86.2;cDC: 218.9;Choroid plexus epithelial cells: 144.1;Kupffer cells: 188.6;Macrophages: 100.6;Monocyte progenitors: 201.8;monocytes: 257.5;Neutrophil progenitors: 133.3;Neutrophils: 419.5;pDCs: 101.0;Platelets: 93.0"	"Cell type enhanced"	"Detected in many"		"Ciliated cells: 144.1;dendritic cells: 218.9;Mononuclear phagocytes: 257.5;Neutrophils: 419.5"	"Low cell type specificity"	"Detected in all"			"Low cancer specificity"	"Detected in all"			"Low region specificity"	"Detected in all"			"Immune cell enhanced"	"Detected in all"		"neutrophil: 509.3"	"Group enriched"	"Detected in all"	11	"dendritic cells: 207.0;granulocytes: 509.3;monocytes: 352.4"	"Cancer enriched"	"Detected in some"	10	"Leukemia: 21.6"	"Breast - T-cells"	"Low region specificity"	"Detected in many"			"Low region specificity"	"Detected in many"			"Cell type enriched"	"Detected in some"		"T-cells: 107355.3"	"Tissue enriched"	"Detected in some"		"lymphoid tissue: 412929.9"	"CAB009188, HPA030526"	Enhanced		Supported	"Vesicles,Plasma membrane,Focal adhesion sites"	"Secreted to blood"	Cytokine	NA	NA	393000	480000	"Cluster 38: Monocytes & Neutrophils - Degranulation"	"Cluster 66: Lymphoid tissue - Immune response"	"Cluster 8: Immune cells - Immune response"	"Cluster 14: Myeloid leukemia - Innate immune response"	"Cluster 40: Monocytes & Neutrophils - Inflammatory signaling"	27	"Plasma membrane"	"Vesicles, Focal adhesion sites"	"CAB009188: , HPA030526: "	"unprognostic (5.03e-3)"	"unprognostic (1.57e-1)"	"unprognostic (1.19e-1)"	"unprognostic (1.57e-1)"	"unprognostic (1.05e-1)"	"unprognostic (1.04e-1)"	"unprognostic (2.11e-2)"	"unprognostic (2.12e-1)"	"unprognostic (1.26e-1)"	"unprognostic (5.72e-2)"	"potential prognostic unfavorable (5.23e-4)"	"unprognostic (1.28e-1)"	"unprognostic (3.10e-2)"	"unprognostic (9.44e-2)"	"unprognostic (1.68e-2)"	"unprognostic (9.78e-2)"	"unprognostic (1.24e-1)"	"unprognostic (1.10e-2)"	"unprognostic (3.48e-1)"	"unprognostic (1.31e-1)"	"unprognostic (4.85e-2)"	"unprognostic (2.99e-2)"	"unprognostic (3.60e-1)"	"unprognostic (1.62e-1)"	"unprognostic (1.08e-1)"	"unprognostic (5.58e-2)"	"unprognostic (1.77e-1)"	"unprognostic (1.12e-1)"	"unprognostic (3.08e-2)"	"unprognostic (3.62e-1)"	"unprognostic (1.56e-2)"
TNFSF14	"CD258, HVEM-L, LIGHT, LTg"	ENSG00000125735	"TNF superfamily member 14"	O43557	19	6661253-6670588	"CD markers, Predicted intracellular proteins, Predicted membrane proteins, Predicted secreted proteins"		Cytokine		"Evidence at protein level"	"Evidence at transcript level"	"Evidence at protein level"	"Evidence at protein level"	"Group enriched"	"Detected in many"	9	"adipose tissue: 24.3;liver: 92.6"	"Cell type enhanced"	"Detected in some"		"Endometrial secretory cells: 20.4;Epicardial cells: 54.6;Innate lymphoid cells: 40.7;Mesothelial cells: 67.5;monocytes: 29.8;Neutrophils: 155.5;NK-cells: 53.3;T-cells: 35.9"	"Cell type enhanced"	"Detected in many"		"Barrier epithelial cells: 67.5;Neutrophils: 155.5;NK-cells: 53.3"	"Cell type enriched"	"Detected in some"	24	"leukocyte: 28.9"	"Cancer enhanced"	"Detected in many"		"Liver Hepatocellular Carcinoma (TCGA): 7.5"	"Low region specificity"	"Detected in all"			"Immune cell enhanced"	"Detected in many"		"neutrophil: 199.9"	"Group enriched"	"Detected in all"	4	"granulocytes: 199.9;T-cells: 61.2"	"Cancer enhanced"	"Detected in some"		"Leukemia: 2.6;lymphoma: 3.6"	"Adipose visceral - Mesothelial cells"	"Not detected"	"Not detected"			"Low region specificity"	"Detected in all"			"Not detected"	"Not detected"			"Not detected"	"Not detected"			HPA012700	Uncertain		Approved	Vesicles	"Secreted to blood"	Cytokine	NA	NA	41000		"Cluster 21: Neutrophils - Unknown function"	"Cluster 31: Liver - Metabolism & Coagulation"	"Cluster 12: Non-specific - Vasculature"	"Cluster 55: Lymphoma - Immune response"	"Cluster 92: NK-cells & T-cells - Adaptive immunity: Cytotoxicity"	55	Vesicles		"HPA012700: "	"unprognostic (3.58e-2)"		"unprognostic (1.31e-2)"	"unprognostic (3.93e-2)"		"unprognostic (1.53e-2)"	"potential prognostic unfavorable (5.53e-4)"	"unprognostic (7.63e-3)"			"potential prognostic unfavorable (8.76e-9)"	"unprognostic (1.28e-2)"	"unprognostic (1.71e-1)"	"unprognostic (5.92e-2)"	"potential prognostic favorable (4.00e-5)"	"unprognostic (4.20e-1)"	"unprognostic (2.66e-1)"	"unprognostic (4.29e-2)"	"unprognostic (2.76e-1)"	"unprognostic (1.53e-1)"	"unprognostic (1.13e-1)"	"unprognostic (1.22e-1)"	"unprognostic (2.60e-3)"			"unprognostic (5.76e-2)"		"unprognostic (8.89e-2)"	"unprognostic (2.41e-1)"		"unprognostic (3.17e-2)"
TREM1	"CD354, TREM-1"	ENSG00000124731	"Triggering receptor expressed on myeloid cells 1"	Q9NP99	6	41267926-41286682	"CD markers, Plasma proteins, Predicted membrane proteins, Predicted secreted proteins"	"Adaptive immunity, Immunity, Innate immunity"	Receptor		"Evidence at protein level"	"Evidence at transcript level"	"Evidence at protein level"	"Evidence at protein level"	"Tissue enhanced"	"Detected in many"		"bone marrow: 90.7;lung: 61.6;lymphoid tissue: 41.6"	"Cell type enriched"	"Detected in some"	8	"Neutrophils: 1521.3"	"Cell type enriched"	"Detected in many"	8	"Neutrophils: 1521.3"	"Cell type enriched"	"Detected in some"	4	"leukocyte: 5.3"	"Cancer enhanced"	"Detected in many"		"Lung Adenocarcinoma (TCGA): 59.5"	"Region enhanced"	"Detected in many"		"cerebral cortex: 16.3"	"Immune cell enriched"	"Detected in many"	7	"neutrophil: 616.7"	"Lineage enriched"	"Detected in many"	7	"granulocytes: 616.7"	"Cancer enhanced"	"Detected in some"		"testis cancer: 5.7"	"Adipose visceral - Neutrophils, Colon - Neutrophils, Spleen - Neutrophils_2, Stomach - Neutrophils, Thyroid gland - Neutrophils"	"Not detected"	"Not detected"			"Not detected"	"Not detected"			"Cell type enriched"	"Detected in single"	2270	"Alveolar cell types: 226955.0"	"Tissue enriched"	"Detected in single"	3124	"lung: 312439.4"	"HPA005563, HPA053612"	Approved		Approved	"Golgi apparatus"	"Secreted to blood"	Receptor	NA	NA			"Cluster 21: Neutrophils - Unknown function"	"Cluster 29: Lymphoid tissue & Bone marrow - Innate immune response"	"Cluster 12: Non-specific - Vasculature"	"Cluster 71: Lymphoma - Inflammatory response"	"Cluster 29: Neutrophils - Innate immune cellular maintenance"	4	"Golgi apparatus"		"HPA005563: , HPA053612: "	"unprognostic (1.07e-1)"	"unprognostic (5.10e-2)"	"unprognostic (2.12e-2)"	"unprognostic (3.01e-2)"	"unprognostic (3.39e-1)"	"unprognostic (1.49e-1)"	"potential prognostic unfavorable (6.48e-4)"	"unprognostic (4.71e-2)"	"unprognostic (3.69e-2)"		"potential prognostic unfavorable (1.01e-4)"	"unprognostic (8.96e-2)"	"unprognostic (2.16e-2)"	"potential prognostic unfavorable (2.51e-4)"	"unprognostic (4.42e-2)"	"unprognostic (3.55e-2)"	"unprognostic (1.33e-1)"	"potential prognostic unfavorable (7.14e-4)"	"unprognostic (1.27e-3)"	"unprognostic (3.78e-3)"	"unprognostic (2.46e-1)"	"unprognostic (1.10e-3)"	"unprognostic (5.53e-2)"		"unprognostic (1.21e-2)"	"unprognostic (1.41e-2)"	"unprognostic (2.30e-1)"	"unprognostic (6.43e-3)"	"unprognostic (1.35e-2)"	"unprognostic (1.09e-1)"	"unprognostic (4.40e-2)"
TREM2	"TREM-2, Trem2a, Trem2b, Trem2c"	ENSG00000095970	"Triggering receptor expressed on myeloid cells 2"	Q9NZC2	6	41158506-41163186	"Disease related genes, Human disease related genes, Potential drug targets, Predicted membrane proteins, Predicted secreted proteins, Transporters"		Receptor	"Alzheimer disease, Amyloidosis, Disease variant, Neurodegeneration"	"Evidence at protein level"	"Evidence at transcript level"	"Evidence at protein level"	"Evidence at protein level"	"Tissue enhanced"	"Detected in many"		"brain: 58.6;choroid plexus: 55.1"	"Cell type enriched"	"Detected in some"	6	"Hofbauer cells: 979.9"	"Cell type enriched"	"Detected in some"	6	"Mononuclear phagocytes: 979.9"	"Cell type enriched"	"Detected in some"	61	"central nervous system macrophage: 127.5"	"Cancer enhanced"	"Detected in all"		"Glioblastoma Multiforme (TCGA): 181.5"	"Low region specificity"	"Detected in all"			"Immune cell enhanced"	"Detected in single"		"plasmacytoid DC: 2.0"	"Lineage enhanced"	"Detected in single"		"dendritic cells: 2.0"	"Cancer enhanced"	"Detected in some"		"head and neck cancer: 1.4;Leukemia: 2.6;testis cancer: 1.4"	"Adipose subcutaneous - Macrophages, Adipose visceral - Macrophages, Adrenal gland - Macrophages, Kidney - Macrophages, Lung - Macrophages, Pancreas - Macrophages, Prostate - Macrophages, Testis - Macrophages"	"Low region specificity"	"Detected in all"			"Low region specificity"	"Detected in all"			"Not detected"	"Not detected"			"Not detected"	"Not detected"			"HPA010917, HPA012571"	Approved		Uncertain	Vesicles	"Secreted in brain"	Receptor	NA	NA				"Cluster 3: Oligodendrocytes - Myelination"	"Cluster 20: Macrophages & Microglia - Immune response"	"Cluster 53: Squamous epithelial cells - Keratinization"	"Cluster 72: Macrophages - Phagocytosis & lysosomal degradation"	3	Vesicles		"HPA010917: , HPA012571: "	"unprognostic (5.16e-2)"	"unprognostic (3.20e-1)"	"unprognostic (1.97e-1)"	"unprognostic (2.78e-3)"	"unprognostic (2.62e-2)"	"unprognostic (4.31e-3)"	"unprognostic (1.24e-1)"	"unprognostic (3.25e-1)"	"unprognostic (2.27e-1)"	"unprognostic (2.58e-1)"	"unprognostic (2.26e-2)"	"unprognostic (4.16e-2)"	"unprognostic (1.08e-2)"	"potential prognostic unfavorable (7.39e-4)"	"unprognostic (1.17e-1)"	"unprognostic (1.39e-2)"	"unprognostic (6.95e-3)"	"unprognostic (1.79e-1)"	"unprognostic (2.52e-3)"	"unprognostic (5.30e-2)"	"unprognostic (2.88e-2)"	"unprognostic (2.87e-2)"	"unprognostic (6.56e-2)"	"unprognostic (6.50e-2)"	"unprognostic (3.89e-3)"	"unprognostic (1.97e-2)"	"unprognostic (5.52e-2)"	"unprognostic (7.31e-2)"	"unprognostic (2.00e-1)"	"unprognostic (2.09e-3)"	"unprognostic (7.42e-2)"
ULBP2	RAET1H	ENSG00000131015	"UL16 binding protein 2"	Q9BZM5	6	149942014-149949235	"Predicted membrane proteins, Predicted secreted proteins"	"Host-virus interaction, Immunity"			"Evidence at protein level"	"Evidence at protein level"	"Evidence at protein level"	"Evidence at protein level"	"Tissue enhanced"	"Detected in many"		"esophagus: 5.9"	"Cell type enhanced"	"Detected in some"		"Early primary spermatocytes: 7.9;Early spermatids: 7.5;Epididymal basal cells: 10.2;Esophageal apical cells: 15.5;Esophageal suprabasal cells: 15.3;Late spermatids: 13.3;NK-cells: 6.5;Ocular epithelial cells: 44.2;Pancreatic acinar cells: 13.1;T-cells: 9.0"	"Cell type enhanced"	"Detected in many"		"Apical squamous epithelial cells: 15.5;Barrier epithelial cells: 44.2;Suprabasal cells: 15.3"	"Cell type enhanced"	"Detected in many"		"lower rhombic lip: 7.5"	"Cancer enhanced"	"Detected in many"		"Head and Neck Squamous Cell Carcinoma (TCGA): 22.6"	"Low region specificity"	"Detected in many"			"Immune cell enhanced"	"Detected in some"		"gdT-cell: 2.7"	"Lineage enriched"	"Detected in single"	6	"T-cells: 2.7"	"Low cancer specificity"	"Detected in many"			"Heart muscle - Endothelial cells, Kidney - Endothelial cells, Liver - Vascular endothelial cells"									"Not detected"	"Not detected"			"Not detected"	"Not detected"			"CAB018974, HPA066741"	Approved		Supported	"Vesicles,Plasma membrane"	"Secreted in other tissues"	Immunity	NA	NA			"Cluster 1: T-cells - Unknown function"	"Cluster 81: Squamous epithelium - Keratinization"	"Cluster 51: Neurons - Mixed function"	"Cluster 53: Squamous epithelial cells - Keratinization"	"Cluster 100: Stratified epithelial cells - Barrier functions"	5	"Vesicles, Plasma membrane"		"CAB018974: , HPA066741: "	"unprognostic (4.46e-2)"	"potential prognostic unfavorable (1.75e-5)"	"unprognostic (4.82e-3)"	"unprognostic (5.29e-2)"	"unprognostic (1.75e-3)"	"unprognostic (1.59e-1)"	"potential prognostic unfavorable (4.93e-4)"	"unprognostic (6.34e-2)"	"unprognostic (1.53e-3)"		"unprognostic (4.64e-2)"	"unprognostic (1.36e-2)"	"unprognostic (1.57e-1)"		"unprognostic (1.15e-1)"	"unprognostic (4.56e-2)"	"unprognostic (5.59e-2)"	"unprognostic (2.88e-1)"	"unprognostic (6.36e-2)"			"unprognostic (2.67e-1)"	"potential prognostic unfavorable (1.51e-4)"	"unprognostic (8.69e-2)"	"unprognostic (8.50e-2)"	"unprognostic (1.17e-1)"	"unprognostic (1.10e-1)"	"unprognostic (1.57e-1)"	"unprognostic (1.85e-1)"	"unprognostic (3.32e-1)"	"unprognostic (5.67e-2)"
UMOD		ENSG00000169344	Uromodulin	P07911	16	20333051-20356301	"Disease related genes, Human disease related genes, Plasma proteins, Predicted membrane proteins, Predicted secreted proteins"	"Immunity, Innate immunity"		"Ciliopathy, Disease variant, Nephronophthisis"	"Evidence at protein level"	"Evidence at protein level"	"Evidence at protein level"	"Evidence at protein level"	"Tissue enriched"	"Detected in some"	515	"kidney: 2126.7"	"Cell type enriched"	"Detected in some"	12	"Loop of henle epithelial cells: 1187.8"	"Cell type enriched"	"Detected in some"	13	"Renal nephron cells: 1187.8"	"Not detected"	"Not detected"			"Group enriched"	"Detected in some"	16	"Kidney Chromophobe (TCGA): 49.4;Kidney Renal Clear Cell Carcinoma (TCGA): 13.4"	"Not detected"	"Not detected"			"Not detected in immune cells"	"Not detected"			"Not detected"	"Not detected"			"Not detected"	"Not detected"			"Kidney - Ascending Loop of Henle cells, Prostate - Prostate glandular cells"	"Not detected"	"Not detected"			"Not detected"	"Not detected"			"Cell type enriched"	"Detected in some"		"Distal tubules: 85157865.2"	"Tissue enriched"	"Detected in single"	2161369	"kidney: 216136911.6"	"CAB009446, HPA043420, HPA054721"	Enhanced				"Secreted in other tissues"	Immunity	NA	NA		35000000		"Cluster 72: Kidney - Transmembrane transport"		"Cluster 10: Ciliated cells - Ion channel activity"	"Cluster 50: Renal epithelial cells - Ion transport and pH regulation"				"CAB009446: , HPA043420: , HPA054721: "			"unprognostic (7.04e-2)"							"unprognostic (3.39e-1)"	"potential prognostic favorable (6.29e-4)"	"unprognostic (6.28e-2)"	"unprognostic (1.15e-1)"																		
VASN	SLITL2	ENSG00000168140	Vasorin	Q6EMK4	16	4371848-4383538	"Plasma proteins, Predicted membrane proteins, Predicted secreted proteins"				"Evidence at protein level"	"Evidence at transcript level"	"Evidence at protein level"	"Evidence at protein level"	"Tissue enhanced"	"Detected in many"		"blood vessel: 118.0"	"Cell type enhanced"	"Detected in some"		"Astrocytes: 10.1;Choroid plexus epithelial cells: 7.0;Ependymal cells: 6.8;Loop of henle epithelial cells: 8.1;Papillary tip epithelial cells: 8.6;Podocytes: 96.0;Proximal tubule cells: 8.1;Renal collecting duct intercalated cells: 12.1;Renal collecting duct principal cells: 23.6;Renal connecting tubule cells: 31.1"	"Group enriched"	"Detected in some"	6	"Ductal cells: 31.1;Renal nephron cells: 96.0"	"Cell type enhanced"	"Detected in many"		"pericyte: 25.7;vascular associated smooth muscle cell: 52.1"	"Low cancer specificity"	"Detected in all"			"Low region specificity"	"Detected in all"			"Not detected in immune cells"	"Not detected"			"Not detected"	"Not detected"			"Low cancer specificity"	"Detected in many"			"Adipose subcutaneous - Adipose progenitor cells, Adrenal gland - Fibroblasts, Prostate - Fibroblasts, Skin - Fibroblasts_2, Spleen - Fibroblasts_1, Stomach - Fibroblasts"	"Low region specificity"	"Detected in all"			"Low region specificity"	"Detected in all"			"Cell type enhanced"	"Detected in many"		"Macrophages: 3770491.0"	"Tissue enriched"	"Detected in many"		"skin: 15481313.6"	"HPA011246, HPA016992"	Uncertain		Approved	Nucleoplasm,Nucleoli,Mitochondria	"Secreted - unknown location"	"No annotated function"	NA	Yes		680000000		"Cluster 74: Non-specific - Signal transduction"	"Cluster 39: Astrocytes - Mixed function"	"Cluster 64: Connective tissue cells - ECM organization"	"Cluster 57: Podocytes - Glomerular filtration"	45	Mitochondria	"Nucleoplasm, Nucleoli"	"HPA011246: , HPA016992: "	"unprognostic (7.30e-2)"	"unprognostic (1.34e-1)"	"unprognostic (4.30e-1)"	"unprognostic (2.85e-1)"	"unprognostic (3.85e-2)"	"unprognostic (2.92e-1)"	"unprognostic (1.32e-3)"	"potential prognostic unfavorable (8.56e-6)"	"unprognostic (1.16e-2)"	"unprognostic (6.55e-2)"	"potential prognostic unfavorable (7.50e-5)"	"unprognostic (2.89e-1)"	"unprognostic (1.06e-1)"	"unprognostic (1.73e-2)"	"unprognostic (1.58e-1)"	"unprognostic (1.20e-2)"	"unprognostic (3.69e-1)"	"unprognostic (1.47e-1)"	"unprognostic (2.24e-1)"	"unprognostic (3.43e-1)"	"unprognostic (1.43e-1)"	"unprognostic (3.57e-2)"	"unprognostic (1.99e-2)"	"unprognostic (2.83e-1)"	"unprognostic (2.64e-2)"	"unprognostic (1.66e-2)"	"unprognostic (1.94e-1)"	"unprognostic (2.86e-1)"	"unprognostic (1.88e-1)"	"unprognostic (2.27e-2)"	"unprognostic (4.97e-1)"
VCAM1	CD106	ENSG00000162692	"Vascular cell adhesion molecule 1"	P19320	1	100719742-100739045	"Cancer-related genes, CD markers, Plasma proteins, Predicted membrane proteins, Predicted secreted proteins"	"Cell adhesion"		"Cancer-related genes"	"Evidence at protein level"	"Evidence at protein level"	"Evidence at protein level"	"Evidence at protein level"	"Tissue enriched"	"Detected in all"	5	"lymphoid tissue: 366.8"	"Group enriched"	"Detected in many"	9	"Kupffer cells: 1797.7;Pancreatic duct cells: 641.2"	"Group enriched"	"Detected in many"	10	"Ductal cells: 641.2;Mononuclear phagocytes: 1797.7"	"Cell type enriched"	"Detected in some"	4	"endothelial cell: 135.6"	"Group enriched"	"Detected in all"	7	"Kidney Renal Clear Cell Carcinoma (TCGA): 293.6;Kidney Renal Papillary Cell Carcinoma (TCGA): 234.3"	"Low region specificity"	"Detected in all"			"Not detected in immune cells"	"Not detected"			"Not detected"	"Not detected"			"Cancer enhanced"	"Detected in many"		"Bladder cancer: 34.3;Kidney cancer: 63.3;thyroid cancer: 43.7"	"Prostate - Fibroblasts, Spleen - Macrophages, Stomach - Fibroblasts"	"Low region specificity"	"Detected in all"			"Low region specificity"	"Detected in all"			"Cell type enhanced"	"Detected in some"		"Macrophages: 3891443.8;Neutrophils: 5219604.1"	"Tissue enriched"	"Detected in many"		"bone marrow: 72771298.9"	"CAB000154, HPA034796, HPA069867"	Enhanced		Approved	"Cell Junctions"	"Secreted to blood"	"Cell adhesion"	NA	NA	624000000	440000000		"Cluster 66: Lymphoid tissue - Immune response"	"Cluster 19: Astrocytes - Mixed function"	"Cluster 15: Kidney cancer - Membrane components"	"Cluster 72: Macrophages - Phagocytosis & lysosomal degradation"	10	"Cell Junctions"		"CAB000154: , HPA034796: , HPA069867: "	"unprognostic (6.75e-3)"	"unprognostic (2.69e-1)"	"unprognostic (3.12e-1)"	"unprognostic (2.24e-3)"	"unprognostic (2.44e-1)"	"unprognostic (5.88e-2)"	"unprognostic (1.99e-1)"	"unprognostic (2.03e-1)"	"potential prognostic favorable (2.57e-4)"	"unprognostic (1.37e-1)"	"potential prognostic favorable (1.86e-4)"	"unprognostic (3.86e-3)"	"unprognostic (1.11e-1)"	"unprognostic (5.00e-3)"	"unprognostic (7.31e-2)"	"unprognostic (8.79e-2)"	"unprognostic (1.36e-2)"	"unprognostic (2.08e-1)"	"unprognostic (2.78e-1)"	"unprognostic (7.14e-3)"	"unprognostic (8.97e-2)"	"unprognostic (1.84e-2)"	"unprognostic (1.42e-1)"	"unprognostic (7.67e-2)"	"unprognostic (2.94e-1)"	"unprognostic (6.42e-3)"	"unprognostic (1.43e-1)"	"unprognostic (4.35e-2)"	"unprognostic (1.75e-3)"	"unprognostic (1.67e-2)"	"unprognostic (1.42e-1)"
VEGFA	"VEGF, VEGF-A, VPF"	ENSG00000112715	"Vascular endothelial growth factor A"	P15692	6	43770184-43786487	"Cancer-related genes, Candidate cardiovascular disease genes, Disease related genes, FDA approved drug targets, Human disease related genes, Plasma proteins, Predicted intracellular proteins, Predicted membrane proteins, Predicted secreted proteins, RAS pathway related proteins"	"Angiogenesis, Differentiation"	"Developmental protein, Growth factor, Heparin-binding, Mitogen"	"Cancer-related genes, FDA approved drug targets"	"Evidence at protein level"	"Evidence at protein level"	"Evidence at protein level"	"Evidence at protein level"	"Low tissue specificity"	"Detected in all"			"Cell type enhanced"	"Detected in many"		"Alveolar cells type 1: 342.6;Foveolar cells: 301.1;Müller glia: 301.1;Podocytes: 1272.4;Prostatic glandular cells: 358.5"	"Cell type enhanced"	"Detected in all"		"Renal nephron cells: 1272.4"	"Cell type enhanced"	"Detected in all"		"astrocyte: 127.8;oligodendrocyte precursor cell: 116.3"	"Cancer enhanced"	"Detected in all"		"Kidney Renal Clear Cell Carcinoma (TCGA): 667.8"	"Low region specificity"	"Detected in all"			"Not detected in immune cells"	"Not detected"			"Not detected"	"Not detected"			"Low cancer specificity"	"Detected in all"			"Adrenal gland - Adrenal cortex cells, Kidney - Podocytes, Prostate - Prostate glandular cells, Stomach - Gastric mucous cells"	"Low region specificity"	"Detected in all"			"Low region specificity"	"Detected in all"			"Cell type enriched"	"Detected in single"	53661	"Glomeruli: 5366094.6"	"Group enriched"	"Detected in many"		"fallopian tube: 88568.1;kidney: 236760.9"	"CAB005429, CAB039240, HPA069116, CAB069907"	Supported				"Secreted to blood"	"Growth factor"	NA	NA	562000	26000		"Cluster 48: Ciliated tissues - Cilium organization"	"Cluster 42: Choroid plexus - Mitochondria"	"Cluster 15: Kidney cancer - Membrane components"	"Cluster 40: Monocytes & Neutrophils - Inflammatory signaling"	24			"CAB005429: , CAB039240: , CAB069907: , HPA069116: "	"unprognostic (2.38e-1)"	"unprognostic (1.70e-2)"	"unprognostic (7.20e-2)"	"potential prognostic unfavorable (8.18e-4)"	"unprognostic (2.97e-3)"	"unprognostic (2.69e-1)"	"unprognostic (6.95e-3)"	"potential prognostic unfavorable (1.56e-4)"	"unprognostic (1.22e-1)"	"unprognostic (4.35e-2)"	"potential prognostic favorable (2.20e-4)"	"unprognostic (3.93e-3)"	"potential prognostic unfavorable (4.09e-5)"	"potential prognostic unfavorable (1.16e-4)"	"unprognostic (3.40e-3)"	"unprognostic (1.24e-2)"	"potential prognostic unfavorable (7.04e-4)"	"unprognostic (1.25e-1)"	"unprognostic (8.42e-2)"	"unprognostic (2.85e-1)"	"unprognostic (1.10e-1)"	"unprognostic (1.32e-2)"	"unprognostic (2.58e-3)"	"unprognostic (8.45e-3)"	"unprognostic (5.90e-3)"	"unprognostic (1.28e-1)"	"unprognostic (9.42e-2)"	"unprognostic (3.35e-1)"	"unprognostic (2.32e-1)"	"unprognostic (1.35e-1)"	"unprognostic (4.26e-2)"
VSTM1	UNQ3033	ENSG00000189068	"V-set and transmembrane domain containing 1"	Q6UX27	19	54040825-54063953	"Predicted intracellular proteins, Predicted membrane proteins, Predicted secreted proteins"	Immunity	Cytokine		"Evidence at protein level"	"Evidence at transcript level"	"Evidence at protein level"	"Evidence at protein level"	"Tissue enriched"	"Detected in some"	8	"bone marrow: 40.6"	"Cell type enhanced"	"Detected in some"		"Early spermatids: 3.7;Gonadotrophs: 17.1;Late spermatids: 28.5;monocytes: 6.9;Neutrophil progenitors: 40.2;Neutrophils: 11.6;Oocytes: 4.6"	"Group enriched"	"Detected in some"	4	"Neutrophils: 40.2;Pituitary endocrine cells: 17.1;Spermatogenic cell types: 28.5"	"Cell type enhanced"	"Detected in some"		"hippocampal CA4: 2.4;leukocyte: 2.3"	"Not detected"	"Not detected"			"Not detected"	"Not detected"			"Immune cell enriched"	"Detected in many"	16	"eosinophil: 129.6"	"Lineage enriched"	"Detected in many"	16	"granulocytes: 129.6"	"Cancer enhanced"	"Detected in single"		"Leukemia: 1.2"	"Adipose visceral - Neutrophils, Lung - Neutrophils_2, Pituitary gland - Gonadotropes, Spleen - Neutrophils_1"					"Low region specificity"	"Detected in all"			"Cell type enriched"	"Detected in single"	19319	"Neutrophils: 1931919.8"	"Tissue enriched"	"Detected in single"	310	"bone marrow: 31011.0"	HPA059365			Approved	Vesicles	"Secreted to blood"	Cytokine	NA	NA			"Cluster 19: Eosinophils - Unknown function"	"Cluster 15: Bone marrow - Innate immune response"		"Cluster 14: Myeloid leukemia - Innate immune response"	"Cluster 37: Neutrophil progenitors - Granulopoiesis"		Vesicles		"HPA059365: "								"potential prognostic unfavorable (1.27e-4)"																							
VSTM4	"C10orf72, FLJ31737"	ENSG00000165633	"V-set and transmembrane domain containing 4"	Q8IW00	10	49014236-49115522	"Predicted membrane proteins, Predicted secreted proteins"				"Evidence at protein level"	"Evidence at transcript level"	"Evidence at protein level"	"Evidence at protein level"	"Low tissue specificity"	"Detected in many"			"Cell type enhanced"	"Detected in many"		"Adrenal cortex cells: 367.2;Alveolar cells type 2: 94.9;Early spermatids: 161.8;Granulosa cells: 103.0;Late spermatids: 203.8;Myosatellite cells: 73.1;Ovarian stromal cells: 68.7;Pericytes: 90.3;Proximal tubule cells: 81.0;Sertoli cells: 78.2;Vascular smooth muscle cells: 69.3"	"Cell type enhanced"	"Detected in many"		"Adrenal endocrine cells: 367.2;Spermatogenic cell types: 203.8"	"Cell type enhanced"	"Detected in all"		"pericyte: 116.2;vascular associated smooth muscle cell: 111.2"	"Cancer enriched"	"Detected in all"	4	"Thyroid Carcinoma (TCGA): 44.2"	"Low region specificity"	"Detected in all"			"Not detected in immune cells"	"Not detected"			"Not detected"	"Not detected"			"Cancer enhanced"	"Detected in many"		"Kidney cancer: 8.2"	"Lung - Fibroblasts_1, Minor Salivary Gland - Fibroblasts, Pituitary gland - Fibroblasts, Prostate - Fibroblasts, Skeletal muscle - Fibroblasts, Stomach - Fibroblasts"	"Low region specificity"	"Detected in all"			"Low region specificity"	"Detected in all"			"Not detected"	"Not detected"			"Not detected"	"Not detected"			HPA017279	Uncertain		Approved	Nucleoplasm,Vesicles	"Secreted - unknown location"	"No annotated function"	NA	NA				"Cluster 4: Adrenal gland - Steroid metabolism"	"Cluster 30: White matter - Myelination"	"Cluster 15: Kidney cancer - Membrane components"	"Cluster 18: Adrenal cortex cells - Steroidogensis"	9	"Nucleoplasm, Vesicles"		"HPA017279: "	"unprognostic (2.09e-1)"	"unprognostic (1.89e-2)"		"unprognostic (1.13e-1)"	"unprognostic (2.28e-1)"	"unprognostic (8.04e-2)"	"unprognostic (1.27e-1)"	"unprognostic (3.49e-2)"	"unprognostic (4.85e-2)"	"unprognostic (1.20e-2)"	"potential prognostic favorable (3.07e-5)"	"unprognostic (5.58e-3)"	"unprognostic (6.17e-2)"	"unprognostic (1.51e-1)"	"unprognostic (2.26e-3)"	"unprognostic (9.34e-2)"	"unprognostic (1.11e-1)"	"unprognostic (4.02e-2)"	"unprognostic (1.41e-1)"	"unprognostic (6.32e-2)"	"unprognostic (1.40e-2)"	"unprognostic (1.49e-1)"	"unprognostic (1.94e-1)"	"unprognostic (7.73e-3)"	"unprognostic (1.62e-1)"	"unprognostic (6.95e-2)"	"unprognostic (6.92e-2)"	"unprognostic (1.23e-2)"	"unprognostic (1.29e-1)"	"unprognostic (2.02e-1)"	"unprognostic (1.04e-1)"
WNT10A		ENSG00000135925	"Wnt family member 10A"	Q9GZT5	2	218880852-218899581	"Disease related genes, Human disease related genes, Predicted intracellular proteins, Predicted membrane proteins, Predicted secreted proteins"	"Wnt signaling pathway"	"Developmental protein"	"Disease variant, Ectodermal dysplasia, Hypotrichosis, Palmoplantar keratoderma"	"Evidence at protein level"	"Evidence at transcript level"	"Evidence at protein level"	"Evidence at protein level"	"Tissue enhanced"	"Detected in many"		"esophagus: 7.9;skin 1: 8.4"	"Cell type enhanced"	"Detected in some"		"Basal keratinocytes: 27.4;Epididymal basal cells: 17.0;Esophageal basal cells: 25.7;Fallopian secretory cells: 10.8;pDCs: 51.5;Plasma cells: 28.7;Retinal bipolar cells: 11.4"	"Cell type enhanced"	"Detected in many"		"Basal cells: 27.4;dendritic cells: 51.5;Plasma cells: 28.7"	"Cell type enhanced"	"Detected in many"		"medium spiny neuron: 9.5"	"Cancer enhanced"	"Detected in many"		"Ovary Serous Cystadenocarcinoma (TCGA): 41.2"	"Low region specificity"	"Detected in many"			"Immune cell enriched"	"Detected in some"	6	"plasmacytoid DC: 6.2"	"Lineage enriched"	"Detected in many"	6	"dendritic cells: 6.2"	"Cancer enhanced"	"Detected in many"		"head and neck cancer: 38.9"	"Adipose visceral - Mesothelial cells, Stomach - Plasma cells, Testis - Early spermatids"	"Region enhanced"	"Detected in many"		"cerebral cortex: 5.2"	"Region enhanced"	"Detected in some"		"basal ganglia: 3.2"	"Not detected"	"Not detected"			"Not detected"	"Not detected"			HPA013898	Uncertain				"Secreted to extracellular matrix"	"Developmental protein"	NA	NA			"Cluster 13: Non-specific - Mitochondria"	"Cluster 58: Skin - Keratinization"	"Cluster 33: Neurons - Mixed function"	"Cluster 53: Squamous epithelial cells - Keratinization"	"Cluster 67: Plasma cells - Plasma cell differentiation"	21			"HPA013898: "	"unprognostic (1.12e-1)"	"unprognostic (2.18e-3)"	"unprognostic (2.11e-1)"	"unprognostic (3.78e-2)"	"unprognostic (9.28e-2)"	"unprognostic (1.33e-1)"	"unprognostic (2.15e-1)"		"unprognostic (9.99e-2)"		"unprognostic (4.33e-3)"	"unprognostic (9.29e-2)"	"unprognostic (4.40e-2)"		"unprognostic (4.51e-2)"	"unprognostic (2.84e-1)"	"unprognostic (3.98e-2)"	"unprognostic (1.68e-2)"	"unprognostic (8.19e-2)"	"unprognostic (7.00e-2)"	"unprognostic (1.87e-2)"	"unprognostic (2.21e-3)"	"potential prognostic unfavorable (8.80e-4)"	"unprognostic (5.82e-2)"	"unprognostic (7.76e-3)"	"unprognostic (1.67e-1)"	"unprognostic (5.24e-2)"	"unprognostic (8.22e-2)"	"unprognostic (1.33e-1)"	"unprognostic (1.36e-2)"	"unprognostic (1.14e-1)"
WNT2B	"WNT13, XWNT2"	ENSG00000134245	"Wnt family member 2B"	Q93097	1	112466541-112530165	"Disease related genes, Human disease related genes, Predicted intracellular proteins, Predicted membrane proteins, Predicted secreted proteins"	"Wnt signaling pathway"	"Developmental protein"	"Disease variant"	"Evidence at protein level"	"Evidence at protein level"	"Evidence at protein level"	"Evidence at protein level"	"Low tissue specificity"	"Detected in many"			"Cell type enhanced"	"Detected in many"		"Endometrial secretory cells: 93.0;Leydig cells: 83.2;Microglia: 150.1;Peritubular myoid cells: 194.3;Vascular endothelial cells: 97.1"	"Cell type enhanced"	"Detected in many"		"Glial cells: 150.1;Stromal cells: 194.3"	"Cell type enhanced"	"Detected in all"		"central nervous system macrophage: 182.0"	"Cancer enhanced"	"Detected in many"		"Testicular Germ Cell Tumor (TCGA): 14.7"	"Low region specificity"	"Detected in all"			"Not detected in immune cells"	"Not detected"			"Not detected"	"Not detected"			"Low cancer specificity"	"Detected in many"			"Adipose visceral - Mesothelial cells, Testis - Peritubular cells"	"Low region specificity"	"Detected in many"			"Low region specificity"	"Detected in all"			"Cell type enriched"	"Detected in single"	372	"Smooth muscle cells: 37236.2"	"Group enriched"	"Detected in many"		"intestine: 1289324.0;ovary: 2309171.6"	"HPA047274, HPA066368"			Approved	Nucleoplasm,Vesicles	"Secreted to extracellular matrix"	"Developmental protein"	NA	NA				"Cluster 58: Skin - Keratinization"	"Cluster 53: Neurons - Mixed function"	"Cluster 72: Neuronal - Signal transduction"	"Cluster 32: Endothelial cells - Angiogenesis & vascular immunity"	1	Vesicles	Nucleoplasm	"HPA047274: , HPA066368: "	"unprognostic (4.56e-3)"		"unprognostic (1.63e-2)"	"potential prognostic favorable (7.17e-4)"	"unprognostic (2.22e-1)"	"unprognostic (1.78e-1)"	"unprognostic (2.18e-1)"	"unprognostic (1.21e-1)"	"unprognostic (2.00e-1)"		"unprognostic (1.70e-1)"	"unprognostic (1.13e-1)"	"unprognostic (2.03e-1)"			"unprognostic (2.66e-2)"	"unprognostic (4.08e-1)"	"unprognostic (9.47e-3)"	"unprognostic (3.95e-2)"	"unprognostic (1.51e-1)"	"unprognostic (3.78e-1)"	"unprognostic (3.48e-2)"	"unprognostic (8.73e-2)"	"unprognostic (5.71e-2)"	"unprognostic (3.01e-3)"	"unprognostic (2.73e-1)"		"unprognostic (2.22e-1)"	"unprognostic (1.90e-2)"		"unprognostic (9.90e-2)"
WNT4	WNT-4	ENSG00000162552	"Wnt family member 4"	P56705	1	22117313-22143969	"Disease related genes, Human disease related genes, Predicted intracellular proteins, Predicted membrane proteins, Predicted secreted proteins"	"Wnt signaling pathway"	"Developmental protein"	"Disease variant"	"Evidence at protein level"	"Evidence at transcript level"	"Evidence at protein level"	"Evidence at protein level"	"Tissue enhanced"	"Detected in many"		"skin 1: 38.5"	"Cell type enhanced"	"Detected in many"		"Basal keratinocytes: 33.4;Breast hormone-responsive cells: 52.5;Endometrial stromal cells: 63.5;Neuroendocrine cells: 30.5;Ocular epithelial cells: 54.5;Pancreatic islet cells: 224.2;Respiratory basal cells: 62.2;Salivary duct cells: 30.8;Suprabasal keratinocytes: 37.8"	"Cell type enhanced"	"Detected in many"		"Pancreatic islet cells: 224.2;Stromal cells: 63.5"	"Cell type enriched"	"Detected in many"	8	"fibroblast: 77.1"	"Low cancer specificity"	"Detected in many"			"Low region specificity"	"Detected in all"			"Not detected in immune cells"	"Not detected"			"Not detected"	"Not detected"			"Cancer enhanced"	"Detected in many"		"head and neck cancer: 9.8"	"Adipose visceral - Mesothelial cells, Adrenal gland - Adrenal cortex cells, Lung - Alveolar cells type 2, Minor Salivary Gland - Minor salivary gland basal cells, Pancreas - Alpha cells, Pituitary gland - Gonadotropes, Skin - Keratinocyte (other)"	"Low region specificity"	"Detected in all"			"Low region specificity"	"Detected in all"			"Cell type enriched"	"Detected in some"		"Oocytes: 490970.5"	"Tissue enriched"	"Detected in some"		"skin: 502594.5"	HPA011397	Uncertain		Approved	Vesicles	"Secreted to extracellular matrix"	"Developmental protein"	NA	NA				"Cluster 58: Skin - Keratinization"	"Cluster 56: Hypothalamus - Neuropeptide signaling"	"Cluster 2: Mucus-secreting cells - Unknown function"	"Cluster 76: Pancreatic endocrine cells - Endocrine signaling"	2	Vesicles		"HPA011397: "	"unprognostic (2.02e-1)"	"unprognostic (3.15e-1)"	"unprognostic (2.01e-1)"	"unprognostic (9.32e-2)"	"potential prognostic favorable (4.32e-4)"	"unprognostic (2.82e-1)"		"unprognostic (4.51e-2)"	"unprognostic (1.22e-2)"					"unprognostic (9.94e-3)"	"unprognostic (2.93e-2)"	"unprognostic (1.46e-1)"	"unprognostic (6.36e-2)"	"unprognostic (2.67e-2)"	"unprognostic (1.89e-1)"	"unprognostic (9.92e-2)"	"unprognostic (4.32e-1)"	"potential prognostic favorable (2.39e-4)"	"unprognostic (8.41e-2)"	"unprognostic (1.46e-1)"	"unprognostic (7.39e-2)"	"unprognostic (3.71e-3)"	"unprognostic (2.93e-3)"	"unprognostic (2.61e-1)"	"unprognostic (2.97e-1)"	"unprognostic (3.44e-2)"	"unprognostic (7.53e-2)"
ZP1	ZPB1	ENSG00000149506	"Zona pellucida glycoprotein 1"	P60852	11	60867542-60875693	"Disease related genes, Human disease related genes, Predicted membrane proteins, Predicted secreted proteins"	Fertilization			"Evidence at protein level"	"Evidence at transcript level"	"Evidence at protein level"	"Evidence at protein level"	"Not detected"	"Not detected"			"Cell type enriched"	"Detected in some"	4	"Late spermatids: 138.5"	"Cell type enriched"	"Detected in some"	15	"Spermatogenic cell types: 138.5"	"Group enriched"	"Detected in some"	4	"fibroblast: 11.2;pericyte: 13.1"	"Not detected"	"Not detected"			"Not detected"	"Not detected"			"Immune cell enriched"	"Detected in single"	32	"plasmacytoid DC: 3.1"	"Lineage enriched"	"Detected in single"	32	"dendritic cells: 3.1"	"Not detected"	"Not detected"			"Breast - Adipocytes (Breast), Prostate - Prostate glandular cells, Skin - Sebaceous gland cells, Testis - Early spermatids, Testis - Late spermatids"	"Not detected"	"Not detected"							"Cell type enriched"	"Detected in some"		"Oocytes: 3894127.3"	"Tissue enriched"	"Detected in single"	48	"intestine: 4847.8"						"Secreted in female reproductive system"	Other	NA	NA						"Cluster 10: Ciliated cells - Ion channel activity"	"Cluster 56: Late spermatids - Spermiogenesis: Maturation"							"unprognostic (3.14e-1)"																												
ZP2	ZPA	ENSG00000103310	"Zona pellucida glycoprotein 2"	Q05996	16	21197450-21214510	"Disease related genes, Human disease related genes, Predicted membrane proteins, Predicted secreted proteins"	Fertilization	Receptor		"Evidence at protein level"	"Evidence at protein level"	"Evidence at protein level"	"Evidence at protein level"	"Tissue enriched"	"Detected in some"	20	"brain: 35.0"	"Group enriched"	"Detected in some"	10	"Brain excitatory neurons: 8.0;Enterocytes: 6.3;Oocytes: 23.0"	"Group enriched"	"Detected in some"	10	"Enterocytes: 6.3;Neuronal cells: 8.0;Oocytes: 23.0"	"Cell type enriched"	"Detected in single"	23	"upper rhombic lip: 17.1"	"Not detected"	"Not detected"			"Region enriched"	"Detected in single"	16	"cerebellum: 11.2"	"Not detected in immune cells"	"Not detected"			"Not detected"	"Not detected"			"Not detected"	"Not detected"				"Not detected"	"Not detected"			"Not detected"	"Not detected"			"Cell type enriched"	"Detected in some"		"Oocytes: 33166332.2"	"Tissue enriched"	"Detected in single"	1468	"ovary: 146836.0"	HPA011296	Enhanced				"Secreted in female reproductive system"	Receptor	NA	NA				"Cluster 71: Cerebellum - Nervous system development"	"Cluster 35: Non-specific - DNA binding"	"Cluster 27: Breast cancer - Unknown function"	"Cluster 2: Cerebellar granular cells - Neuronal signaling"				"HPA011296: "																															
ZP3	"ZP3-372, ZP3-424, ZP3A, ZP3B, ZPC"	ENSG00000188372	"Zona pellucida glycoprotein 3"	P21754	7	76397518-76442071	"Disease related genes, Human disease related genes, Predicted membrane proteins, Predicted secreted proteins"	Fertilization	Receptor	"Disease variant"	"Evidence at protein level"	"Evidence at protein level"	"Evidence at protein level"	"Evidence at protein level"	"Tissue enhanced"	"Detected in many"		"ovary: 19.1"	"Cell type enriched"	"Detected in many"	30	"Oocytes: 2910.4"	"Cell type enriched"	"Detected in many"	30	"Oocytes: 2910.4"	"Low cell type specificity"	"Detected in all"			"Low cancer specificity"	"Detected in all"			"Low region specificity"	"Detected in all"			"Low immune cell specificity"	"Detected in many"			"Low lineage specificity"	"Detected in many"			"Cancer enhanced"	"Detected in many"		"Myeloma: 42.4"		"Not detected"	"Not detected"			"Not detected"	"Not detected"			"Cell type enriched"	"Detected in some"		"Oocytes: 64172549.5"	"Tissue enriched"	"Detected in single"	92958	"ovary: 9295839.5"	"HPA054061, HPA071198"	Supported				"Secreted in female reproductive system"	Receptor	NA	NA			"Cluster 2: Dendritic cells - Unknown function"	"Cluster 75: Ovary - Mixed function"	"Cluster 33: Neurons - Mixed function"	"Cluster 51: Myeloma - Immunoglobulins"	"Cluster 41: Oocytes - Oogenesis"	4			"HPA054061: , HPA071198: "	"unprognostic (1.14e-2)"	"unprognostic (1.03e-1)"	"unprognostic (1.40e-1)"	"unprognostic (1.25e-1)"	"unprognostic (6.16e-3)"	"unprognostic (6.98e-2)"	"potential prognostic unfavorable (1.30e-4)"	"unprognostic (2.96e-2)"	"unprognostic (3.70e-3)"	"unprognostic (3.60e-3)"	"validated prognostic unfavorable (6.74e-4)"	"validated prognostic unfavorable (3.35e-4)"	"unprognostic (5.38e-2)"	"potential prognostic unfavorable (3.76e-4)"	"unprognostic (9.64e-3)"	"unprognostic (1.80e-2)"	"unprognostic (4.88e-3)"	"unprognostic (4.15e-2)"	"unprognostic (1.05e-1)"	"unprognostic (1.78e-1)"	"unprognostic (1.10e-1)"	"unprognostic (1.84e-3)"	"unprognostic (1.36e-1)"	"unprognostic (3.53e-2)"	"unprognostic (2.96e-1)"	"unprognostic (8.85e-2)"	"unprognostic (1.97e-1)"	"unprognostic (1.56e-1)"	"unprognostic (7.49e-2)"	"unprognostic (3.38e-1)"	"unprognostic (1.97e-1)"
ZP4	"ZP1B, ZPB, ZPB2"	ENSG00000116996	"Zona pellucida glycoprotein 4"	Q12836	1	237877864-237890922	"Predicted membrane proteins, Predicted secreted proteins"	Fertilization	Receptor		"Evidence at protein level"	"Evidence at protein level"	"Evidence at protein level"	"Evidence at protein level"	"Tissue enriched"	"Detected in single"	18	"ovary: 3.6"	"Cell type enriched"	"Detected in some"	53	"Oocytes: 92.1"	"Cell type enriched"	"Detected in some"	53	"Oocytes: 92.1"	"Not detected"	"Not detected"			"Not detected"	"Not detected"			"Not detected"	"Not detected"			"Not detected in immune cells"	"Not detected"			"Not detected"	"Not detected"			"Not detected"	"Not detected"								"Not detected"	"Not detected"			"Cell type enriched"	"Detected in some"		"Oocytes: 70416128.0"	"Tissue enriched"	"Detected in single"	20785	"ovary: 2078475.8"	HPA008547	Enhanced				"Secreted in female reproductive system"	Receptor	NA	NA				"Cluster 75: Ovary - Mixed function"		"Cluster 51: Myeloma - Immunoglobulins"	"Cluster 41: Oocytes - Oogenesis"	1			"HPA008547: "																															
